{
  "W": [
    [80, 13, 7],
    [79, 9, 12],
    [71, 18, 11],
    [73, 13, 14],
    [87, 5, 8],
    [83, 9, 8],
    [84, 7, 9],
    [81, 11, 8],
    [78, 13, 9],
    [83, 8, 9],
    [78, 13, 9],
    [72, 14, 14],
    [87, 9, 4],
    [80, 13, 7],
    [82, 10, 8],
    [78, 10, 12],
    [56, 33, 11],
    [10, 77, 13],
    [13, 79, 8],
    [7, 83, 10],
    [11, 81, 8],
    [12, 81, 7],
    [8, 86, 6],
    [16, 74, 10],
    [11, 74, 15],
    [7, 82, 11],
    [5, 83, 12],
    [13, 80, 7],
    [9, 80, 11],
    [11, 77, 12],
    [9, 77, 14],
    [8, 86, 6],
    [12, 73, 15],
    [7, 35, 58],
    [16, 8, 76],
    [10, 7, 83],
    [13, 6, 81],
    [7, 8, 85],
    [9, 11, 80],
    [9, 11, 80],
    [11, 5, 84],
    [10, 8, 82],
    [9, 9, 82],
    [13, 9, 78],
    [10, 13, 77],
    [11, 7, 82],
    [12, 12, 76],
    [9, 11, 80],
    [9, 16, 75],
    [8, 10, 82]
  ],
  "X": [
    [59, 35, 6],
    [55, 36, 9],
    [56, 36, 8],
    [56, 32, 12],
    [54, 44, 2],
    [53, 41, 6],
    [67, 27, 6],
    [63, 30, 7],
    [56, 37, 7],
    [59, 33, 8],
    [64, 31, 5],
    [66, 26, 8],
    [62, 34, 4],
    [62, 31, 7],
    [57, 35, 8],
    [62, 31, 7],
    [55, 30, 15],
    [49, 28, 23],
    [59, 21, 20],
    [52, 29, 19],
    [61, 22, 17],
    [62, 23, 15],
    [62, 24, 14],
    [53, 24, 23],
    [47, 26, 27],
    [47, 34, 19],
    [46, 26, 28],
    [63, 22, 15],
    [62, 16, 22],
    [53, 25, 22],
    [56, 24, 20],
    [50, 27, 23],
    [61, 21, 18],
    [38, 27, 35],
    [35, 26, 39],
    [27, 24, 49],
    [29, 28, 43],
    [30, 22, 48],
    [28, 30, 42],
    [33, 26, 41],
    [27, 28, 45],
    [29, 22, 49],
    [26, 27, 47],
    [35, 26, 39],
    [34, 30, 36],
    [26, 33, 41],
    [30, 27, 43],
    [31, 25, 44],
    [25, 39, 36],
    [33, 20, 47]
  ],
  "real_prob": [
    [0.61956678696, 0.36403197705, 0.01640123599],
    [0.56641710597, 0.24706602535, 0.18651686868],
    [0.21362322534, 0.26899825107, 0.51737852359]
  ],
  "method": "exact",
  "prob": [
    [0.63594831269, 0.35636851801, 0.0076831693003],
    [0.58463053984, 0.2313080363, 0.18406142385],
    [0.22226593807, 0.26491187512, 0.5128221868]
  ],
  "iterations": 10,
  "logLik": -265.3926610938,
  "time": 1.76542,
  "message": "Converged",
  "status": 0,
  "cond_prob": [
    [
      [0.6214450217, 0.59210643753, 0.22671636802, 0.3716070679, 0.24951736033, 0.28967269765, 0.0069479103993, 0.15837620214, 0.48361093433, 0.60391385115, 0.55279080474, 0.19297404304, 0.38706479636, 0.24980627176, 0.26446872011, 0.009021352485, 0.1974029235, 0.54255723685, 0.60391779042, 0.58722906489, 0.23197397386, 0.38974773296, 0.26705023429, 0.32009152207, 0.0063344766245, 0.14572070082, 0.44793450408, 0.63284817395, 0.55390413152, 0.18580925656, 0.35631077061, 0.21989162574, 0.22362304361, 0.010841055435, 0.22620424274, 0.59056769983, 0.55813621001, 0.61067652935, 0.29859588531, 0.43992482848, 0.33906810552, 0.50389992429, 0.0019389615073, 0.050255365131, 0.1975041904, 0.56127615747, 0.53953044369, 0.19478811709, 0.43143687373, 0.2923098828],
      [0.31999381686, 0.0072869687954, 0.16815967351, 0.48521806605, 0.71243532785, 0.66737396219, 0.27597941396, 0.28100327082, 0.18558676381, 0.23295754498, 0.006561401339, 0.14703927399, 0.49106304106, 0.67207264951, 0.61270635815, 0.22779318121, 0.31961163073, 0.20540127901, 0.2315054802, 0.0083157197538, 0.18189236284, 0.54070133858, 0.59788888693, 0.57156959539, 0.21491800879, 0.3949897544, 0.2661214203, 0.30346896592, 0.0071213586706, 0.16230898431, 0.48161302529, 0.63680577482, 0.55883040959, 0.18605304587, 0.3526821172, 0.21823985754, 0.22016282355, 0.010512107974, 0.22292973287, 0.59378413057, 0.67283983855, 0.67142254232, 0.30999994922, 0.32286204707, 0.22703350014, 0.31836942517, 0.0042981143785, 0.10154395754, 0.37163062561, 0.72015918802],
      [0.69399914978, 0.31661074041, 0.27457915463, 0.18650440057, 0.25851708993, 0.0052616573564, 0.11949644965, 0.42487216966, 0.63934069322, 0.60621597025, 0.23035398936, 0.35382929505, 0.23643439227, 0.27223544996, 0.0068300117241, 0.15734963748, 0.49741056068, 0.65884005239, 0.5978975088, 0.21716117065, 0.33246519485, 0.21265317778, 0.23404187154, 0.0086947527601, 0.18944931342, 0.54879695782, 0.61276841574, 0.536221304, 0.17384710862, 0.37628180757, 0.23214031941, 0.2279360731, 0.010949776681, 0.2316383766, 0.59821681827, 0.6693824393, 0.6478214386, 0.2758296124, 0.32492484164, 0.22165580321, 0.28660869336, 0.0056927190667, 0.13052275819, 0.43756169424, 0.62662712118, 0.54322734218, 0.18021626565, 0.36186723137, 0.22099401903, 0.2220574923]
    ],
    [
      [0.011505647452, 0.23577863879, 0.59772624205, 0.5802783244, 0.52993124274, 0.1840393127, 0.41003806645, 0.26352900358, 0.27752969691, 0.0096836091523, 0.20653975368, 0.53843099039, 0.68366412974, 0.61115500938, 0.22889007156, 0.30696885876, 0.1931017343, 0.21929597827, 0.0093670115004, 0.19574325632, 0.55181395017, 0.57978304389, 0.55270059632, 0.20673691978, 0.41255058769, 0.27676897048, 0.31403213359, 0.007666368422, 0.17053043319, 0.47923094663, 0.68111083285, 0.63513659127, 0.25771461823, 0.31152208436, 0.2044385233, 0.25171708556, 0.0073670827889, 0.16042488543, 0.49056829621, 0.6749667321, 0.6421257095, 0.26974524932, 0.31852321489, 0.21326476732, 0.27189646697, 0.0065100530129, 0.14460952318, 0.45835828371, 0.66073456978, 0.64028355214],
      [0.27495632623, 0.33341302774, 0.22737600856, 0.29639317358, 0.0058524024782, 0.13234043929, 0.42865050019, 0.63459049218, 0.55351506129, 0.18864375894, 0.35418406746, 0.21740051682, 0.22454166757, 0.011225440355, 0.22908442188, 0.58681457349, 0.59026976762, 0.51352791356, 0.16706446353, 0.39778546871, 0.24353555089, 0.24018193856, 0.011944763661, 0.24293653555, 0.59275359792, 0.51739399573, 0.50452561867, 0.18246739085, 0.47515930333, 0.32608999787, 0.3576822774, 0.0074467009424, 0.16938438346, 0.45985033176, 0.57297369607, 0.49680626419, 0.15835096599, 0.41467375664, 0.252947057, 0.24433545717, 0.012352547291, 0.25024667881, 0.59731357684, 0.68880693934, 0.65148682275, 0.27522342407, 0.30459426717, 0.20275661884, 0.25996357418, 0.0065987934958],
      [0.1457565584, 0.46481300175, 0.74899618488, 0.65576305929, 0.2543626903, 0.24144803046, 0.14876171939, 0.17509365224, 0.009555784655, 0.19547522132, 0.57054365747, 0.62554796083, 0.56711335367, 0.20427034983, 0.36500809687, 0.23288366383, 0.25440573498, 0.0094439422993, 0.2000029825, 0.54132391519, 0.65169421013, 0.60783663323, 0.2379522393, 0.34055979006, 0.22357622213, 0.26568519895, 0.0077459998133, 0.16858714464, 0.49636256176, 0.5783790437, 0.51559027723, 0.17203396805, 0.4107329584, 0.25758018841, 0.26037335487, 0.010887997897, 0.22682953435, 0.56759267708, 0.7055257775, 0.66189146706, 0.28104090497, 0.28770839421, 0.19001761013, 0.24508091532, 0.0067658282973, 0.1480909228, 0.47387817971, 0.62938424373, 0.58772798541, 0.22454880697]
    ],
    [
      [0.36262071166, 0.23856397271, 0.27779165471, 0.0079950446093, 0.17370804187, 0.49765953831, 0.67608609826, 0.62844141152, 0.25204067284, 0.3163143217, 0.20727380878, 0.25369447872, 0.0075995800389, 0.1642847797, 0.49426484844, 0.64519019246, 0.56914524165, 0.19956724559, 0.34426754911, 0.21417437382, 0.22961570954, 0.010542258437, 0.21668038452, 0.57081704487, 0.62632639931, 0.57773478577, 0.21470800116, 0.3650583061, 0.23737690221, 0.26950593342, 0.0086152945832, 0.18488831203, 0.51578606541, 0.69549434172, 0.62249145667, 0.23707774064, 0.29532924237, 0.18639236578, 0.21695948679, 0.0091764159054, 0.19111617754, 0.54596277257, 0.59607766197, 0.55848681227, 0.20614932634, 0.39564686652, 0.26122831078, 0.29457083478, 0.0082754715051, 0.18028487696],
