{
  "W": [
    [56, 18, 26],
    [78, 17, 5],
    [62, 21, 17],
    [75, 11, 14],
    [68, 12, 20],
    [74, 14, 12],
    [66, 16, 18],
    [68, 20, 12],
    [64, 18, 18],
    [65, 16, 19],
    [69, 19, 12],
    [67, 14, 19],
    [58, 20, 22],
    [69, 13, 18],
    [61, 19, 20],
    [62, 15, 23],
    [50, 27, 23],
    [20, 61, 19],
    [21, 59, 20],
    [16, 65, 19],
    [15, 66, 19],
    [12, 71, 17],
    [15, 66, 19],
    [10, 72, 18],
    [19, 64, 17],
    [11, 74, 15],
    [15, 73, 12],
    [19, 62, 19],
    [14, 72, 14],
    [16, 68, 16],
    [18, 68, 14],
    [17, 67, 16],
    [21, 65, 14],
    [18, 36, 46],
    [16, 12, 72],
    [21, 17, 62],
    [20, 17, 63],
    [16, 19, 65],
    [17, 18, 65],
    [16, 20, 64],
    [19, 18, 63],
    [14, 16, 70],
    [13, 16, 71],
    [16, 16, 68],
    [26, 16, 58],
    [22, 12, 66],
    [14, 23, 63],
    [20, 11, 69],
    [19, 17, 64],
    [9, 20, 71]
  ],
  "X": [
    [12, 30, 36, 22],
    [8, 44, 28, 20],
    [12, 32, 33, 23],
    [5, 47, 31, 17],
    [5, 34, 35, 26],
    [3, 30, 41, 26],
    [7, 42, 31, 20],
    [7, 38, 30, 25],
    [6, 34, 32, 28],
    [5, 30, 41, 24],
    [10, 39, 29, 22],
    [5, 45, 31, 19],
    [9, 34, 32, 25],
    [10, 38, 30, 22],
    [3, 33, 38, 26],
    [11, 35, 28, 26],
    [17, 34, 23, 26],
    [17, 38, 12, 33],
    [18, 43, 13, 26],
    [22, 30, 11, 37],
    [22, 29, 15, 34],
    [15, 47, 12, 26],
    [13, 34, 16, 37],
    [15, 40, 9, 36],
    [19, 38, 8, 35],
    [21, 37, 16, 26],
    [15, 46, 11, 28],
    [15, 39, 19, 27],
    [21, 44, 11, 24],
    [12, 36, 16, 36],
    [23, 35, 19, 23],
    [19, 39, 17, 25],
    [18, 40, 15, 27],
    [18, 28, 19, 35],
    [18, 14, 23, 45],
    [24, 14, 21, 41],
    [12, 18, 27, 43],
    [23, 16, 14, 47],
    [11, 19, 20, 50],
    [17, 12, 25, 46],
    [15, 19, 25, 41],
    [20, 12, 25, 43],
    [16, 15, 15, 54],
    [13, 17, 15, 55],
    [13, 20, 23, 44],
    [15, 17, 18, 50],
    [14, 14, 19, 53],
    [17, 17, 21, 45],
    [15, 23, 20, 42],
    [16, 18, 18, 48]
  ],
  "real_prob": [
    [0.018159202025, 0.44002804187, 0.41590923562, 0.12590352049],
    [0.20822645644, 0.49269539044, 0.042674437186, 0.25640371593],
    [0.19538045012, 0.014678891758, 0.19897529347, 0.59096536465]
  ],
  "method": "mvn_pdf",
  "prob": [
    [0.018930228404, 0.42874394729, 0.42730476886, 0.12502105544],
    [0.21657519673, 0.45654391645, 0.060180344615, 0.26670054221],
    [0.18319798937, 0.030890237793, 0.1826428932, 0.60326887964]
  ],
  "iterations": 22,
  "logLik": -38618.0868362729,
  "time": 0.002336,
  "message": "Converged",
  "status": 0,
  "cond_prob": [
    [
      [0.020852013703, 0.26477837404, 0.22632285405, 0.3762097073, 0.44006272113, 0.030648898775, 0.51111333097, 0.078142031338, 0.23915053787, 0.091824948021, 0.21701687348, 0.50387770931, 0.027812318943, 0.27032122314, 0.22407705241, 0.47067115389, 0.41392429448, 0.028224061233, 0.34695824787, 0.040213157458, 0.1195366145, 0.15455827929, 0.27554132492, 0.62816227186, 0.027672433425, 0.30202483009, 0.24151953506, 0.38189325512, 0.38099395862, 0.0250071894, 0.46359395863, 0.060608815397, 0.17392802835, 0.12684035283, 0.2563723959, 0.55954524719, 0.012352294146, 0.14871681267, 0.15965667151, 0.53531598375, 0.59702923625, 0.051654902478, 0.36307351907, 0.053277053688, 0.20255981403, 0.089258203038, 0.20097689738, 0.58612861198, 0.012334486193, 0.15314754623],
      [0.12016159429, 0.4084562637, 0.47071625723, 0.030061925804, 0.4470297501, 0.067608119049, 0.18935981299, 0.13217950001, 0.30852807749, 0.66041666692, 0.0096528806759, 0.12622312241, 0.082193636959, 0.3267640485, 0.39760833685, 0.021300268059, 0.50328302047, 0.080194638741, 0.18781673223, 0.16030005035, 0.39597390199, 0.70868936275, 0.01418278605, 0.17166021817, 0.17007101544, 0.49424526231, 0.55467809904, 0.044467111675, 0.39659378776, 0.05844242518, 0.20591726453, 0.094978163881, 0.21521925761, 0.57954460836, 0.0172338655, 0.18997015519, 0.14619090135, 0.42682270447, 0.43428504098, 0.027377498723, 0.39967252393, 0.05342340379, 0.14718309555, 0.1562709061, 0.32232140004, 0.67924850438, 0.013792199655, 0.16258952687, 0.12111361922, 0.40021387945],
      [0.4379957983, 0.026658698977, 0.4339825635, 0.062303492837, 0.1660367145, 0.1520113574, 0.337111182, 0.6861909673, 0.01040134535, 0.15013860713, 0.11181436029, 0.33929694109, 0.45600180356, 0.02772803368, 0.54028260757, 0.094829400577, 0.25307872979, 0.11001910598, 0.29903018873, 0.60737887625, 0.027550067675, 0.2787516226, 0.23299829392, 0.44738561676, 0.41260129096, 0.028273092874, 0.38492500062, 0.046695824389, 0.13974328656, 0.14013931495, 0.26195126206, 0.59898532665, 0.010040239885, 0.12607222724, 0.13903740433, 0.53014472681, 0.62229575747, 0.055157670826, 0.37808257796, 0.058272411944, 0.22760533477, 0.081732455351, 0.19335960335, 0.57819959007, 0.01661856136, 0.20253714368, 0.16966473377, 0.41474920006, 0.46834445979, 0.031951978234]
    ],
    [
      [0.45386550105, 0.067117754082, 0.20099689205, 0.11476673754, 0.26200064245, 0.59738639595, 0.027315157611, 0.28234974612, 0.24964131596, 0.46186716443, 0.43425929387, 0.031324313701, 0.38730989838, 0.047954277253, 0.15136441583, 0.12350777958, 0.23543668275, 0.56766995451, 0.0075634216119, 0.10907359936, 0.084073797064, 0.36729784221, 0.49809012584, 0.031215626919, 0.51495309646, 0.091139627043, 0.25119207156, 0.11018563972, 0.30169664775, 0.63351850445, 0.026254553366, 0.27002001879, 0.22963074434, 0.45157193995, 0.42509594597, 0.029471240173, 0.38761642677, 0.048029105294, 0.1458081474, 0.13455707991, 0.25685492994, 0.59508986809, 0.037231968869, 0.34465747847, 0.29977577335, 0.45269692589, 0.38430117896, 0.027326158095, 0.37681509098, 0.042016209193],
      [0.13074023579, 0.13325601427, 0.22902513337, 0.54215783276, 0.020844202455, 0.21201416584, 0.1787053168, 0.47969026528, 0.45725038807, 0.031480560148, 0.34985223868, 0.043355098953, 0.13117666288, 0.14961329358, 0.28738034714, 0.65863746018, 0.020596133882, 0.21766852314, 0.22034736027, 0.53372062981, 0.52862645136, 0.04354422506, 0.34032115111, 0.04384999785, 0.15939348371, 0.1053620852, 0.20985502765, 0.57671493097, 0.028771181032, 0.27042548997, 0.19995771867, 0.40583474055, 0.35637315539, 0.021626986106, 0.37904945049, 0.043094741114, 0.11450731169, 0.18634462793, 0.33010661353, 0.66390798354, 0.024407760952, 0.27056486857, 0.19877915803, 0.34692622836, 0.35999520232, 0.021715093171, 0.48256681866, 0.064233875607, 0.17031849893, 0.14609919203],
      [0.3052060535, 0.60918724986, 0.014224090451, 0.16655660727, 0.17050494379, 0.51568540096, 0.56953479307, 0.047430135382, 0.37509773002, 0.053380444915, 0.19726386962, 0.094992778565, 0.21052815475, 0.5848010512, 0.013104050933, 0.16400654405, 0.11818717297, 0.35816191021, 0.42263512183, 0.024931570831, 0.4855312219, 0.07343224066, 0.19105493975, 0.14320281696, 0.33992609346, 0.66582631645, 0.016343406655, 0.1712899566, 0.14270891501, 0.4849671137, 0.47879032757, 0.032563063761, 0.34469225619, 0.043980293963, 0.13186371754, 0.15399722346, 0.30593942187, 0.69286430369, 0.025704005352, 0.2318847956, 0.19052677383, 0.50850033938, 0.42892866471, 0.028820918282, 0.28501133977, 0.031408552364, 0.092386497785, 0.1807843155, 0.30777798733, 0.68826581011]
    ],
    [
      [0.017721131369, 0.23865339721, 0.19518625624, 0.34840814747, 0.4412745214, 0.029545315911, 0.54219345824, 0.087118256941, 0.25864502255, 0.091677262922, 0.23295382446, 0.5166234053, 0.015861713896, 0.17518692052, 0.16279541922, 0.50464122754, 0.52467948304, 0.039787179466, 0.35903833325, 0.048226778012, 0.16134954484, 0.12045872532, 0.25190681842, 0.63606785648, 0.013912257298, 0.18582927683, 0.16051836094, 0.39565245547, 0.49754692642, 0.035067007235, 0.4967925582, 0.080201041818, 0.25024865558, 0.093642729035, 0.23642275494, 0.55416597625, 0.022539106361, 0.2390624209, 0.23563722019, 0.50841218004, 0.50578355859, 0.040682479245, 0.36486168606, 0.046866877524, 0.16647793477, 0.10418702754, 0.20828714299, 0.55720236579, 0.012261680969, 0.15431031239],
