{
  "W": [
    [71, 19, 10],
    [70, 13, 17],
    [69, 18, 13],
    [74, 15, 11],
    [68, 16, 16],
    [65, 19, 16],
    [61, 21, 18],
    [58, 22, 20],
    [64, 19, 17],
    [67, 17, 16],
    [69, 18, 13],
    [73, 12, 15],
    [59, 23, 18],
    [72, 16, 12],
    [70, 13, 17],
    [67, 19, 14],
    [51, 32, 17],
    [13, 63, 24],
    [13, 69, 18],
    [14, 68, 18],
    [13, 68, 19],
    [18, 68, 14],
    [24, 61, 15],
    [14, 63, 23],
    [14, 68, 18],
    [19, 67, 14],
    [18, 68, 14],
    [12, 73, 15],
    [13, 71, 16],
    [20, 68, 12],
    [17, 65, 18],
    [10, 74, 16],
    [24, 62, 14],
    [19, 32, 49],
    [16, 12, 72],
    [18, 13, 69],
    [20, 16, 64],
    [15, 21, 64],
    [8, 18, 74],
    [16, 15, 69],
    [17, 19, 64],
    [20, 15, 65],
    [11, 23, 66],
    [18, 21, 61],
    [17, 15, 68],
    [16, 11, 73],
    [18, 11, 71],
    [15, 16, 69],
    [21, 12, 67],
    [18, 9, 73]
  ],
  "X": [
    [38, 32, 22, 8],
    [40, 20, 28, 12],
    [38, 16, 33, 13],
    [31, 22, 36, 11],
    [32, 21, 27, 20],
    [33, 29, 21, 17],
    [42, 21, 22, 15],
    [37, 21, 21, 21],
    [36, 17, 29, 18],
    [31, 23, 32, 14],
    [40, 27, 21, 12],
    [40, 21, 21, 18],
    [32, 24, 31, 13],
    [36, 24, 23, 17],
    [32, 15, 36, 17],
    [31, 20, 36, 13],
    [30, 28, 24, 18],
    [16, 36, 16, 32],
    [20, 32, 13, 35],
    [28, 28, 15, 29],
    [25, 40, 14, 21],
    [25, 31, 13, 31],
    [30, 31, 16, 23],
    [20, 28, 18, 34],
    [25, 27, 20, 28],
    [22, 38, 14, 26],
    [20, 35, 15, 30],
    [32, 37, 6, 25],
    [22, 36, 16, 26],
    [32, 30, 16, 22],
    [24, 28, 18, 30],
    [31, 22, 10, 37],
    [30, 30, 15, 25],
    [21, 16, 32, 31],
    [17, 5, 35, 43],
    [15, 9, 45, 31],
    [12, 11, 48, 29],
    [11, 13, 30, 46],
    [6, 17, 45, 32],
    [15, 7, 35, 43],
    [18, 6, 40, 36],
    [20, 9, 36, 35],
    [17, 12, 35, 36],
    [18, 14, 43, 25],
    [10, 12, 45, 33],
    [16, 6, 35, 43],
    [12, 12, 41, 35],
    [11, 14, 35, 40],
    [13, 6, 45, 36],
    [12, 8, 39, 41]
  ],
  "real_prob": [
    [0.46078941761, 0.21645760281, 0.2926706207, 0.030082358879],
    [0.26595097976, 0.41290381437, 0.011750407519, 0.30939479835],
    [0.038513881466, 0.0048748532914, 0.50025153969, 0.45635972555]
  ],
  "method": "mvn_pdf",
  "prob": [
    [0.45256315477, 0.20959303177, 0.29218506081, 0.045658752645],
    [0.26062696381, 0.41977654091, 0.03120765281, 0.28838884247],
    [0.032119707132, 0.011554453336, 0.49528170945, 0.46104413008]
  ],
  "iterations": 21,
  "logLik": -33344.4410871389,
  "time": 0.002303,
  "message": "Converged",
  "status": 0,
  "cond_prob": [
    [
      [0.44830728099, 0.24283360995, 0.045355889751, 0.3013530738, 0.57994112778, 0.024378797037, 0.22444544417, 0.02322641035, 0.55045746933, 0.025894201041, 0.15399885191, 0.37980784388, 0.50684175765, 0.31268504124, 0.043011814389, 0.19839175973, 0.43434563388, 0.013524407822, 0.26216487756, 0.030929736727, 0.5402071197, 0.032601605061, 0.22203958815, 0.40325665809, 0.45804249551, 0.31228598901, 0.030994807032, 0.14552627521, 0.35119929003, 0.0079302396161, 0.35809772777, 0.046447392721, 0.58566325893, 0.038333501516, 0.29006732824, 0.37541169442, 0.367791653, 0.23431358616, 0.023659184422, 0.19880429855, 0.44861412433, 0.010236671112, 0.39529859939, 0.04782525007, 0.6122654589, 0.038105449062, 0.26924703944, 0.35383868556, 0.41790400064, 0.20539405199],
      [0.022912957183, 0.21451310359, 0.37312432803, 0.0094329426092, 0.29590674744, 0.027810575267, 0.39067969988, 0.071676148324, 0.39367104471, 0.57697440032, 0.43014969392, 0.206787995, 0.032962827434, 0.30224992527, 0.51578165551, 0.018526708594, 0.21927507655, 0.020198544437, 0.40642777974, 0.048325304264, 0.25723180506, 0.54208268424, 0.5625447617, 0.34087387385, 0.052043395796, 0.19057230789, 0.4098924693, 0.014211742865, 0.21332490483, 0.02477576043, 0.48086748084, 0.03355802557, 0.22445789641, 0.4528773805, 0.5205331381, 0.27877947338, 0.038070846968, 0.2055129866, 0.3903586741, 0.012106034963, 0.22210669597, 0.022824486556, 0.39456415163, 0.051847179327, 0.30803736596, 0.55525896643, 0.4711679105, 0.27951544543, 0.030042576432, 0.16426436704],
      [0.34499532903, 0.0084351419235, 0.31301035822, 0.035448759024, 0.48263110135, 0.051557364238, 0.34004046651, 0.47889118029, 0.39928512247, 0.23400739327, 0.02714677668, 0.22175380368, 0.46081149624, 0.012072699383, 0.33769167728, 0.037697676441, 0.55452823162, 0.041269396562, 0.26748343405, 0.40625229231, 0.4951056262, 0.27146705771, 0.045651474472, 0.25717536923, 0.50059239217, 0.019016206488, 0.2137609796, 0.022443246038, 0.47798991121, 0.033958024967, 0.20549730408, 0.45734240783, 0.49880848111, 0.24630265034, 0.03231255962, 0.21791401785, 0.38096904378, 0.011334523645, 0.21957505428, 0.020820146189, 0.34363979383, 0.063702446753, 0.35190815968, 0.6127131229, 0.42736351595, 0.26704605691, 0.032687050206, 0.21480250973, 0.4764326072, 0.013178070031]
    ],
    [
      [0.32614215953, 0.038781123672, 0.60531057441, 0.031691814795, 0.21774021222, 0.34882430535, 0.44663429577, 0.21820287846, 0.027847831244, 0.2384326635, 0.4124454658, 0.011920730202, 0.25158114252, 0.023524651644, 0.37772624682, 0.063351898213, 0.3458270041, 0.58250519173, 0.40001112833, 0.24043585861, 0.021842565539, 0.15366701343, 0.32659811794, 0.006742025514, 0.38842811635, 0.044486488737, 0.51093824252, 0.057893741883, 0.38847953471, 0.46047716642, 0.38120380718, 0.25392950951, 0.024132806566, 0.17519830446, 0.41335835468, 0.0088972124114, 0.40542032395, 0.051257777104, 0.6191775622, 0.038177564409, 0.2814543587, 0.34779241882, 0.43000907236, 0.23625366108, 0.031839707849, 0.24647114891, 0.48046188031, 0.014646938429, 0.28161152523, 0.029483506163],
      [0.50573098832, 0.041908253495, 0.25380095244, 0.4477823654, 0.3696234059, 0.17700110192, 0.024069941887, 0.29813474774, 0.50635839534, 0.015601922907, 0.27675446939, 0.025093486615, 0.44148613477, 0.055487376969, 0.29154701613, 0.51884200043, 0.41769762703, 0.20656242447, 0.024795871939, 0.23573945053, 0.41270939444, 0.01128777322, 0.28140775393, 0.026279632058, 0.40819831947, 0.065155168512, 0.35444854904, 0.55571803538, 0.50218787269, 0.30077427561, 0.036174783058, 0.17670144929, 0.37465969355, 0.010311467257, 0.27651405294, 0.031289458679, 0.49158101692, 0.044596625081, 0.29327657217, 0.46193273277, 0.47152692714, 0.25443220787, 0.043764133313, 0.27787593169, 0.53210119396, 0.020803899156, 0.21823563995, 0.02235399054, 0.50376183579, 0.032361501224],
      [0.19111260763, 0.43167013174, 0.45503365933, 0.24055183245, 0.029162769956, 0.21243030049, 0.3974798449, 0.010993561191, 0.27506224437, 0.027460021673, 0.43075592275, 0.05747379581, 0.33450830098, 0.5290877461, 0.49168516038, 0.29093052151, 0.03839895223, 0.20287215, 0.42529763865, 0.012796499982, 0.26637621156, 0.029853059353, 0.51088103916, 0.039066478059, 0.25391878049, 0.43792350863, 0.40190942213, 0.21982327944, 0.023362395111, 0.20319565516, 0.39344033975, 0.0095303728612, 0.33627603608, 0.034681289912, 0.47807600803, 0.058618886632, 0.3520550909, 0.489031224, 0.39874923089, 0.27453595987, 0.024304461483, 0.15041040363, 0.36597898423, 0.0074071399109, 0.41011835215, 0.05264835962, 0.61419228916, 0.04072201333, 0.30683669628, 0.35409610944]
    ],
    [
