{
  "W": [
    [66, 18, 16],
    [60, 19, 21],
    [62, 19, 19],
    [64, 19, 17],
    [72, 13, 15],
    [70, 16, 14],
    [70, 12, 18],
    [59, 16, 25],
    [65, 17, 18],
    [66, 19, 15],
    [64, 19, 17],
    [61, 21, 18],
    [61, 14, 25],
    [71, 13, 16],
    [64, 17, 19],
    [66, 15, 19],
    [51, 41, 8],
    [20, 71, 9],
    [21, 68, 11],
    [12, 77, 11],
    [22, 62, 16],
    [22, 67, 11],
    [17, 70, 13],
    [25, 59, 16],
    [19, 67, 14],
    [13, 70, 17],
    [11, 67, 22],
    [19, 68, 13],
    [14, 67, 19],
    [19, 66, 15],
    [15, 76, 9],
    [18, 66, 16],
    [18, 68, 14],
    [11, 33, 56],
    [21, 17, 62],
    [15, 13, 72],
    [18, 11, 71],
    [15, 11, 74],
    [17, 17, 66],
    [17, 18, 65],
    [15, 12, 73],
    [16, 7, 77],
    [16, 15, 69],
    [19, 16, 65],
    [20, 15, 65],
    [16, 20, 64],
    [20, 14, 66],
    [18, 13, 69],
    [22, 19, 59],
    [14, 19, 67]
  ],
  "X": [
    [31, 16, 6, 47],
    [26, 19, 15, 40],
    [31, 22, 9, 38],
    [35, 20, 5, 40],
    [32, 18, 8, 42],
    [36, 11, 9, 44],
    [31, 17, 11, 41],
    [36, 20, 8, 36],
    [26, 20, 8, 46],
    [43, 14, 7, 36],
    [29, 23, 9, 39],
    [46, 17, 12, 25],
    [32, 20, 9, 39],
    [31, 17, 8, 44],
    [24, 21, 12, 43],
    [24, 21, 10, 45],
    [36, 21, 13, 30],
    [36, 31, 18, 15],
    [35, 38, 11, 16],
    [30, 45, 14, 11],
    [40, 25, 16, 19],
    [29, 36, 20, 15],
    [29, 32, 22, 17],
    [42, 26, 18, 14],
    [32, 33, 17, 18],
    [36, 38, 15, 11],
    [36, 29, 18, 17],
    [28, 27, 21, 24],
    [29, 31, 23, 17],
    [35, 30, 18, 17],
    [32, 39, 15, 14],
    [36, 36, 13, 15],
    [25, 29, 27, 19],
    [29, 29, 29, 13],
    [33, 26, 24, 17],
    [32, 22, 35, 11],
    [27, 29, 25, 19],
    [40, 16, 23, 21],
    [32, 28, 26, 14],
    [37, 20, 29, 14],
    [33, 20, 32, 15],
    [32, 28, 26, 14],
    [31, 26, 31, 12],
    [34, 24, 30, 12],
    [40, 25, 23, 12],
    [29, 41, 20, 10],
    [33, 23, 27, 17],
    [37, 24, 23, 16],
    [27, 25, 25, 23],
    [33, 22, 33, 12]
  ],
  "real_prob": [
    [0.31173098324, 0.072173651907, 0.0043795225917, 0.61171584226],
    [0.32010433937, 0.43395134998, 0.17532081716, 0.070623493496],
    [0.37008420491, 0.25218786764, 0.34683818513, 0.030889742312]
  ],
  "method": "mvn_pdf",
  "prob": [
    [0.31628548329, 0.097291274935, 0.01140334699, 0.57501989478],
    [0.33399855431, 0.40709688591, 0.18459894798, 0.074305611794],
    [0.33249388989, 0.25761398762, 0.34731929451, 0.06257282798]
  ],
  "iterations": 17,
  "logLik": -20904.8317294527,
  "time": 0.001824,
  "message": "Converged",
  "status": 0,
  "cond_prob": [
    [
      [0.26590283222, 0.37796723519, 0.39994847089, 0.068705640926, 0.39271689926, 0.26212160646, 0.0057367938042, 0.11680109896, 0.23708398296, 0.65965473305, 0.11251476659, 0.1008459397, 0.26338326665, 0.26958800805, 0.25174002464, 0.098257852083, 0.4051143397, 0.2386699258, 0.016744202376, 0.2489320098, 0.44916433194, 0.62161467889, 0.076365642443, 0.06042571762, 0.30257100197, 0.31082592763, 0.3284144242, 0.11436163555, 0.47417188906, 0.31564845105, 0.0097492645181, 0.14410588433, 0.29248142576, 0.57331809797, 0.070896298968, 0.063455698984, 0.32042609086, 0.37786719058, 0.41380270827, 0.093021289758, 0.44194456777, 0.30498941921, 0.0058079037546, 0.097761303867, 0.2047541334, 0.58074471562, 0.08242693779, 0.07645373911, 0.31812880421, 0.32155558761],
      [0.32882224802, 0.10906408239, 0.44566487832, 0.28700800824, 0.011199708568, 0.16420455489, 0.32475967133, 0.56160740483, 0.068574979179, 0.059410072413, 0.33728466888, 0.41957486072, 0.39858561464, 0.06060621975, 0.3021588874, 0.18141099583, 0.010504520915, 0.1896469657, 0.3486476827, 0.59160459045, 0.088619286172, 0.071355706829, 0.3153784837, 0.30504745885, 0.29296852016, 0.10552132715, 0.41210692673, 0.2494334966, 0.015395061082, 0.21702646736, 0.40403373568, 0.56370512806, 0.06581914706, 0.053564247555, 0.33647949284, 0.37770272048, 0.40289263739, 0.094900158078, 0.42870983785, 0.28831134916, 0.0073429895085, 0.11782265115, 0.24033661308, 0.56127735958, 0.075764790527, 0.068459400369, 0.23899519162, 0.29466392685, 0.31405944935, 0.094403916874],
      [0.47001064669, 0.31554211035, 0.0077682221295, 0.13781296721, 0.28237493184, 0.65883266938, 0.097512459261, 0.088023508464, 0.41825745459, 0.47832772272, 0.48237700649, 0.070098965524, 0.32125711265, 0.2046622897, 0.0079712887427, 0.13090244723, 0.25355082197, 0.50367229114, 0.069512717407, 0.059409881838, 0.28906020017, 0.2815891886, 0.29840449328, 0.12705475159, 0.50051901193, 0.33397864388, 0.010715284501, 0.15062067132, 0.30722897346, 0.57316976374, 0.067271128141, 0.060387889386, 0.50225218041, 0.43289412583, 0.4106538446, 0.095573346101, 0.3304264729, 0.1980404189, 0.015748195231, 0.19631846002, 0.35884445268, 0.38642627826, 0.040360941242, 0.032461283831, 0.29901786387, 0.33701418056, 0.35756480597, 0.099061736536, 0.45011734581, 0.30092803889]
    ],
    [
      [0.0081955419366, 0.13243717222, 0.26922582854, 0.59372485765, 0.080431301414, 0.072281326595, 0.30012176126, 0.33113329308, 0.33862690428, 0.096505452034, 0.42993011548, 0.27699556134, 0.010016875801, 0.15998579575, 0.3159789491, 0.59335591091, 0.078950795698, 0.068398585288, 0.24335472881, 0.24965797666, 0.24868684511, 0.11317784289, 0.46938264715, 0.29453198932, 0.013653185482, 0.20330384062, 0.39125118857, 0.62981424282, 0.077655535563, 0.065529977003, 0.23674553741, 0.25560841884, 0.26575465473, 0.11267796128, 0.49237433265, 0.32225524239, 0.010814876952, 0.16897667644, 0.33886348984, 0.63976162436, 0.083040572074, 0.07312661304, 0.36422676548, 0.36068812787, 0.3398550419, 0.090242010764, 0.3579101587, 0.21327177786, 0.015253916159, 0.21833357797],
      [0.3964950959, 0.53027730759, 0.063068135464, 0.050378084338, 0.37096389805, 0.36008851857, 0.34811611955, 0.098350971467, 0.38027639664, 0.23270205415, 0.014456834622, 0.2003727182, 0.37061704826, 0.51622829587, 0.059262366584, 0.048564778051, 0.34622247143, 0.34272620305, 0.36841755409, 0.11919133226, 0.47104387094, 0.32002655031, 0.0088655923064, 0.12467535464, 0.25548427191, 0.525720604, 0.061554571375, 0.056071623698, 0.3255780182, 0.28829110274, 0.31123823517, 0.14698885591, 0.51946481416, 0.35440817657, 0.01101600997, 0.13856321314, 0.28523827941, 0.51641711592, 0.053680869961, 0.049115308848, 0.34848674252, 0.4211479954, 0.41328707971, 0.068631814442, 0.32968722278, 0.20485992745, 0.0097446637726, 0.16752771229, 0.31396563335, 0.57313677927],
      [0.08163706952, 0.067887359486, 0.33449375069, 0.27850672617, 0.26964834679, 0.13437155621, 0.44717246499, 0.27377928153, 0.018759370494, 0.2237694911, 0.41508179096, 0.51237532261, 0.050551317733, 0.041490580724, 0.27431867868, 0.29612658237, 0.27929734778, 0.090762743102, 0.39012590136, 0.2328877237, 0.015275569892, 0.23549268052, 0.42527084495, 0.61964300832, 0.07825483574, 0.062544083573, 0.45993428716, 0.41775428026, 0.39965763674, 0.094235131348, 0.34105094524, 0.20654472755, 0.014986614748, 0.19450299299, 0.35592402358, 0.43084396675, 0.04669178151, 0.037873612129, 0.28942082422, 0.32790125673, 0.32879180879, 0.091672686674, 0.41377223694, 0.26246794099, 0.011004428255, 0.17751907368, 0.34008595069, 0.60790206085, 0.080807432648, 0.068654299533]
    ],
    [
