{
  "W": [
    [71, 29],
    [77, 23],
    [68, 32],
    [74, 26],
    [73, 27],
    [76, 24],
    [77, 23],
    [73, 27],
    [62, 38],
    [74, 26],
    [74, 26],
    [79, 21],
    [68, 32],
    [71, 29],
    [82, 18],
    [79, 21],
    [77, 23],
    [80, 20],
    [77, 23],
    [75, 25],
    [80, 20],
    [73, 27],
    [76, 24],
    [74, 26],
    [69, 31],
    [26, 74],
    [24, 76],
    [25, 75],
    [19, 81],
    [24, 76],
    [27, 73],
    [27, 73],
    [21, 79],
    [17, 83],
    [26, 74],
    [23, 77],
    [27, 73],
    [29, 71],
    [26, 74],
    [28, 72],
    [21, 79],
    [28, 72],
    [26, 74],
    [29, 71],
    [23, 77],
    [27, 73],
    [26, 74],
    [32, 68],
    [26, 74],
    [34, 66]
  ],
  "X": [
    [21, 16, 63],
    [25, 12, 63],
    [24, 14, 62],
    [25, 11, 64],
    [17, 16, 67],
    [23, 13, 64],
    [19, 9, 72],
    [21, 11, 68],
    [27, 14, 59],
    [20, 13, 67],
    [27, 11, 62],
    [22, 12, 66],
    [25, 16, 59],
    [27, 13, 60],
    [26, 8, 66],
    [21, 14, 65],
    [21, 16, 63],
    [28, 13, 59],
    [17, 13, 70],
    [19, 13, 68],
    [13, 17, 70],
    [16, 14, 70],
    [27, 13, 60],
    [24, 9, 67],
    [24, 13, 63],
    [25, 27, 48],
    [22, 34, 44],
    [12, 46, 42],
    [22, 40, 38],
    [18, 37, 45],
    [24, 32, 44],
    [30, 26, 44],
    [22, 29, 49],
    [24, 42, 34],
    [18, 36, 46],
    [19, 33, 48],
    [23, 32, 45],
    [28, 30, 42],
    [29, 32, 39],
    [22, 37, 41],
    [22, 36, 42],
    [21, 36, 43],
    [26, 31, 43],
    [20, 38, 42],
    [20, 38, 42],
    [19, 33, 48],
    [20, 30, 50],
    [29, 26, 45],
    [27, 30, 43],
    [21, 34, 45]
  ],
  "real_prob": [
    [0.24078301002, 0.023272443871, 0.73594454611],
    [0.19655411538, 0.42868164256, 0.37476424206]
  ],
  "method": "mvn_cdf",
  "mvnc_method": "genz",
  "mvnc_samples": 5000,
  "mvnc_error": 1e-06,
  "prob": [
    [0.21845933531, 0.024121568178, 0.75741909651],
    [0.23083313626, 0.44335866483, 0.32580819891]
  ],
  "iterations": 30,
  "logLik": -263.7991422591,
  "time": 0.015524,
  "message": "Converged",
  "status": 0,
  "cond_prob": [
    [
      [0.2113402818, 0.20606220113, 0.026991020528, 0.48489586341, 0.76166869767, 0.30904193547, 0.24728944716, 0.25658872474, 0.023106922803, 0.43699961061, 0.72960363004, 0.30641166464, 0.22921032497, 0.26141758261, 0.018911211483, 0.39309235521, 0.75187846355, 0.34549006218, 0.23975586633, 0.27663383422, 0.018278410594, 0.3762620988, 0.74196572308, 0.34710406698, 0.17208790339, 0.17256795227, 0.028240135874, 0.50799382963, 0.79967196073, 0.3194382181, 0.22569747429, 0.23214313333, 0.024599814693, 0.45734223067, 0.74970271102, 0.310514636, 0.17703970531, 0.23123501978, 0.015227088709, 0.34553568993, 0.80773320598, 0.42322929029, 0.19474881598, 0.2443447555, 0.0163125273, 0.3668468838, 0.78893865672, 0.3888083607, 0.25130300985, 0.30539025564],
      [0.016297408949, 0.35396405949, 0.7323995812, 0.34064568487, 0.19303432405, 0.21259316011, 0.021539834775, 0.43688493348, 0.78542584118, 0.35052190641, 0.26226068136, 0.30313928213, 0.017893852483, 0.36702159664, 0.71984546616, 0.32983912123, 0.2167782545, 0.22034188882, 0.025378247391, 0.46897828803, 0.75784349811, 0.31067982314, 0.24606036641, 0.25402408881, 0.02418670132, 0.44302077899, 0.72975293227, 0.3029551322, 0.2639014163, 0.28789563554, 0.019658155411, 0.39737391441, 0.71644042829, 0.31473045005, 0.2530607213, 0.2962760509, 0.017617589654, 0.36049329854, 0.72932168904, 0.34323065055, 0.21256783814, 0.18212092868, 0.033362765688, 0.54806777698, 0.75406939617, 0.26981129434, 0.2155083783, 0.17716408993, 0.03676048738, 0.57356095208]
    ],
    [
      [0.74773113432, 0.24927495799, 0.29094087387, 0.24613512042, 0.032267387125, 0.51147634218, 0.67679173901, 0.2423885374, 0.16995462275, 0.17974390526, 0.024711163984, 0.4777416113, 0.80533421327, 0.34251448344, 0.18419334152, 0.20181507129, 0.022141921969, 0.44964335498, 0.79366473651, 0.34854157373, 0.14235292383, 0.10909209781, 0.050124110809, 0.66013125227, 0.80752296536, 0.23077664992, 0.15910101524, 0.17857043559, 0.022040747051, 0.44935774607, 0.8188582377, 0.37207181833, 0.27247405451, 0.26369089169, 0.025372204828, 0.45339600341, 0.70215374066, 0.28291310491, 0.22089051904, 0.27923015022, 0.013534365332, 0.32614909009, 0.76557511563, 0.39462075969, 0.22809083548, 0.25854479178, 0.018278406922, 0.38865823526, 0.7536307576, 0.35279697296],
      [0.19942001423, 0.25557712254, 0.017291930992, 0.38407686501, 0.78328805478, 0.36034601245, 0.20279451221, 0.22161186274, 0.02286086572, 0.44183857338, 0.77434462207, 0.33654956388, 0.15007133449, 0.14245488238, 0.039053303353, 0.57664241487, 0.81087536216, 0.28090270275, 0.21833751326, 0.20313807471, 0.026558001635, 0.49301921702, 0.7551044851, 0.30384270827, 0.17499288734, 0.18321529162, 0.025723604303, 0.47871166411, 0.79928350836, 0.33807304427, 0.22726321983, 0.24215527055, 0.022773633399, 0.43350548029, 0.74996314677, 0.32433924916, 0.26610165879, 0.32509939032, 0.016606827396, 0.35539576508, 0.71729151381, 0.3195048446, 0.19825714372, 0.21885397147, 0.017004192526, 0.35652394903, 0.78473866376, 0.4246220795, 0.26083856523, 0.23396395735]
    ],
    [
      [0.03394104397, 0.50855482106, 0.70522039079, 0.25748122159, 0.17439274771, 0.18566285383, 0.025506654838, 0.4786745382, 0.80010059745, 0.33566260797, 0.16572634279, 0.19090552519, 0.020937743787, 0.42336014302, 0.81333591342, 0.38573433178, 0.21570021412, 0.23586046137, 0.022456008688, 0.42864737147, 0.7618437772, 0.33549216717, 0.27141335156, 0.28690791401, 0.022149058666, 0.4115477468, 0.70643758978, 0.30154433919, 0.29230639059, 0.2967454365, 0.023428948188, 0.41929423705, 0.68426466122, 0.28396032645, 0.23002888786, 0.22487886678, 0.030688879178, 0.48912076601, 0.73928223296, 0.28600036721, 0.2085464902, 0.22186323982, 0.024341150182, 0.44888779302, 0.76711235961, 0.32924896717, 0.20886203297, 0.21589815247, 0.027746494302, 0.49438211048],
      [0.76339147273, 0.28971973705, 0.24141730774, 0.26499536281, 0.021364867034, 0.41052302068, 0.73721782523, 0.3244816165, 0.21556644071, 0.19116080819, 0.034789960631, 0.52238272828, 0.74964359866, 0.28645646353, 0.19535250126, 0.20113180866, 0.027725345886, 0.49082890565, 0.77692215286, 0.30803928569, 0.1740877135, 0.19668871497, 0.022490660981, 0.44155133796, 0.80342162552, 0.36175994707, 0.17535091761, 0.2029233768, 0.020910973807, 0.3863424357, 0.80373810858, 0.4107341875, 0.2667071765, 0.30622558423, 0.019624495605, 0.37544773203, 0.71366832789, 0.31832668374, 0.25510542138, 0.27430661743, 0.021090749145, 0.39714969553, 0.72380382948, 0.32854368704, 0.21780220572, 0.21348568993, 0.031257641519, 0.49565585416, 0.75094015276, 0.29085845591]
    ]
  ],
  "maxiter": 3600,
  "param_threshold": 0.001,
  "ll_threshold": "-Inf",
  "initial_prob": "group_proportional"
}
