{
  "W": [
    [71, 9, 8, 12],
    [72, 8, 12, 8],
    [71, 7, 8, 14],
    [62, 10, 14, 14],
    [69, 6, 15, 10],
    [68, 8, 15, 9],
    [66, 10, 13, 11],
    [74, 4, 11, 11],
    [72, 8, 11, 9],
    [68, 13, 11, 8],
    [72, 9, 11, 8],
    [67, 12, 10, 11],
    [41, 45, 5, 9],
    [12, 66, 13, 9],
    [11, 72, 10, 7],
    [3, 77, 12, 8],
    [10, 73, 7, 10],
    [12, 72, 8, 8],
    [10, 72, 6, 12],
    [11, 73, 10, 6],
    [7, 78, 7, 8],
    [8, 73, 9, 10],
    [9, 74, 7, 10],
    [10, 68, 13, 9],
    [11, 65, 12, 12],
    [10, 14, 67, 9],
    [9, 9, 72, 10],
    [11, 6, 72, 11],
    [9, 8, 74, 9],
    [9, 6, 75, 10],
    [10, 13, 65, 12],
    [9, 7, 67, 17],
    [23, 6, 62, 9],
    [17, 9, 57, 17],
    [9, 9, 71, 11],
    [11, 15, 70, 4],
    [9, 10, 74, 7],
    [5, 8, 45, 42],
    [9, 9, 16, 66],
    [11, 10, 5, 74],
    [10, 8, 5, 77],
    [9, 7, 15, 69],
    [13, 12, 8, 67],
    [12, 22, 8, 58],
    [10, 14, 12, 64],
    [11, 4, 7, 78],
    [8, 12, 10, 70],
    [12, 5, 9, 74],
    [9, 4, 14, 73],
    [8, 11, 12, 69]
  ],
  "X": [
    [39, 33, 28],
    [36, 31, 33],
    [36, 36, 28],
    [35, 30, 35],
    [38, 30, 32],
    [30, 31, 39],
    [31, 31, 38],
    [34, 36, 30],
    [31, 33, 36],
    [39, 31, 30],
    [26, 37, 37],
    [22, 37, 41],
    [47, 24, 29],
    [50, 26, 24],
    [52, 24, 24],
    [52, 18, 30],
    [49, 30, 21],
    [52, 26, 22],
    [49, 25, 26],
    [49, 24, 27],
    [51, 22, 27],
    [49, 31, 20],
    [48, 26, 26],
    [47, 25, 28],
    [48, 28, 24],
    [25, 15, 60],
    [23, 21, 56],
    [31, 7, 62],
    [22, 22, 56],
    [25, 14, 61],
    [24, 18, 58],
    [28, 14, 58],
    [25, 17, 58],
    [17, 29, 54],
    [22, 17, 61],
    [24, 18, 58],
    [22, 15, 63],
    [19, 18, 63],
    [36, 24, 40],
    [31, 30, 39],
    [29, 15, 56],
    [28, 26, 46],
    [40, 22, 38],
    [41, 18, 41],
    [33, 24, 43],
    [25, 23, 52],
    [25, 27, 48],
    [27, 24, 49],
    [36, 18, 46],
    [36, 26, 38]
  ],
  "real_prob": [
    [0.31538167745, 0.39637928955, 0.288239033],
    [0.56647570168, 0.25096490377, 0.18255939455],
    [0.1997645127, 0.1053416992, 0.6948937881],
    [0.29891589784, 0.23792902114, 0.46315508103]
  ],
  "method": "exact",
  "prob": [
    [0.33386718333, 0.38863522488, 0.27749759179],
    [0.5884084465, 0.25343942326, 0.15815213024],
    [0.16746739277, 0.11600845326, 0.71652415397],
    [0.2974569774, 0.22351689861, 0.479026124]
  ],
  "iterations": 11,
  "logLik": -276.4262241225,
  "time": 9.725501,
  "message": "Converged",
  "status": 0,
  "cond_prob": [
    [
      [0.38440061013, 0.6417256233, 0.20989377973, 0.35440631942, 0.38280841985, 0.23378627389, 0.12416777229, 0.22693196227, 0.23279097002, 0.12448810281, 0.66593844797, 0.41866171831, 0.36445674799, 0.6235425162, 0.18215669654, 0.32311170709, 0.3641545935, 0.22781175109, 0.10813560985, 0.20759349265, 0.27138865851, 0.14864573271, 0.70970769361, 0.46929480027, 0.35777481082, 0.61433563669, 0.19997762344, 0.33555842765, 0.41621231101, 0.26137440862, 0.13818865029, 0.25098541825, 0.22601287816, 0.12428995469, 0.66183372627, 0.4134561541, 0.35451508402, 0.61327831815, 0.17707994221, 0.31486874418, 0.37281749261, 0.23572353577, 0.11058504002, 0.21284925285, 0.27266742337, 0.15099814608, 0.71233501777, 0.47228200297, 0.39609007955, 0.65371547666],
      [0.21028341349, 0.35932404489, 0.36064878776, 0.21767388438, 0.11372317941, 0.21033426472, 0.24326113269, 0.12861063897, 0.6759934071, 0.43034169039, 0.30852235417, 0.56426452766, 0.14156586309, 0.26476397207, 0.37621543591, 0.25134520348, 0.1025557902, 0.20758354192, 0.31526220992, 0.18439026885, 0.7558783467, 0.52765248601, 0.3109528596, 0.56693239034, 0.14348001975, 0.26750428239, 0.37663097483, 0.25088170711, 0.10323432509, 0.20831748762, 0.31241616557, 0.18218590254, 0.75328565516, 0.52417823, 0.34983441417, 0.6064255571, 0.19152008586, 0.32543910717, 0.41526252423, 0.26319634757, 0.13505533197, 0.24837992409, 0.2349030616, 0.13037809533, 0.67342458217, 0.42618096873, 0.31130777339, 0.56683849862, 0.14672156576, 0.27079945592],
      [0.38624444762, 0.25700482234, 0.10816753246, 0.21605759282, 0.30244777898, 0.17615667904, 0.74511090178, 0.51314295126, 0.37933347577, 0.63766215338, 0.19784129374, 0.34243267781, 0.36885563077, 0.22678461825, 0.1142684569, 0.21408300554, 0.25181089346, 0.13555322837, 0.68789024936, 0.44348431664, 0.25580968284, 0.49836437845, 0.11893617667, 0.22351568576, 0.43054510813, 0.30633936559, 0.11894401291, 0.24191422282, 0.31364520903, 0.19529625596, 0.76211981043, 0.53457009142, 0.20839955332, 0.43309672048, 0.089886069959, 0.17647350748, 0.43706356982, 0.33157207449, 0.11199513606, 0.23799314249, 0.35453687686, 0.23533120503, 0.79811879398, 0.58553335003, 0.3676590153, 0.62887125164, 0.16704757197, 0.31017068764, 0.31835606832, 0.19922501171],
      [0.085806829012, 0.17258239188, 0.31398491638, 0.17190373665, 0.74714559902, 0.51724692048, 0.35374658384, 0.61051427164, 0.19277314798, 0.32833868245, 0.4112561209, 0.25961828604, 0.13267629628, 0.24503642429, 0.23499729526, 0.12986744232, 0.67455055574, 0.42662489326, 0.35425797863, 0.61263879828, 0.17812623592, 0.31598662852, 0.37771389075, 0.23899089594, 0.11240731057, 0.21624708402, 0.26802813062, 0.14837030577, 0.70946645351, 0.46776628746, 0.34743468538, 0.60945255735, 0.14696501056, 0.28328361266, 0.30203876844, 0.19381675567, 0.075533057024, 0.15794960302, 0.35052654619, 0.19673068698, 0.77750193242, 0.55876678432, 0.31717445276, 0.56988968018, 0.1759887983, 0.29943872312, 0.45197463516, 0.29727248886, 0.14849090088, 0.27399256556]
    ],
    [
      [0.23085091209, 0.13283783096, 0.67552030082, 0.42656871133, 0.35052407777, 0.60769814622, 0.18465727276, 0.32027329464, 0.40082831409, 0.25429294332, 0.1250063642, 0.23511467483, 0.24864760814, 0.13800891047, 0.69033636304, 0.44461203052, 0.32049876629, 0.57699687754, 0.15127378655, 0.27863286957, 0.37984489565, 0.25029053139, 0.1061284858, 0.21198848902, 0.29965633805, 0.17271259107, 0.74259772765, 0.50937864141, 0.3222652892, 0.57949314703, 0.14898334832, 0.27704143379, 0.36873304168, 0.24266063175, 0.10089146195, 0.20346596738, 0.30900166912, 0.17784622122, 0.75012518973, 0.51949259883, 0.32518939779, 0.58394139438, 0.1429559725, 0.27194420581, 0.34170025056, 0.22460181918, 0.0888743081, 0.18337952413, 0.33311035165, 0.19145678644],
      [0.7681697194, 0.54467627006, 0.31873885768, 0.57052063636, 0.18879432342, 0.31029337739, 0.47521096059, 0.31133963942, 0.16665847658, 0.29705923486, 0.20605018173, 0.11813972423, 0.6445472, 0.39264738776, 0.30702413958, 0.56134213612, 0.14529290776, 0.26804143169, 0.39338727823, 0.2632896952, 0.11019290118, 0.22047267431, 0.2995885822, 0.17536816869, 0.74451419105, 0.511485894, 0.32074014886, 0.57669898987, 0.15599645092, 0.28323481539, 0.39324269084, 0.25867539035, 0.11320096876, 0.22289266151, 0.2860171603, 0.16462561978, 0.73080258032, 0.4938725231, 0.33448316705, 0.58936896759, 0.1860793969, 0.31489579219, 0.43678486631, 0.28155213885, 0.14387226079, 0.26400085963, 0.22873196664, 0.12907889356, 0.67004834232, 0.42110334817],
      [0.33939240011, 0.5999140321, 0.15792881024, 0.2917832515, 0.35428688965, 0.22722562008, 0.097336052811, 0.19493965379, 0.30632071024, 0.17286034783, 0.74473513695, 0.51327709471, 0.30443865704, 0.55655739366, 0.1715123423, 0.29021468982, 0.46625804568, 0.3094935727, 0.15516658452, 0.28462413494, 0.22930329728, 0.13394903364, 0.67332107318, 0.42516117524, 0.50847397158, 0.75498666324, 0.22683474621, 0.41316041873, 0.17994829355, 0.096900268905, 0.047369573902, 0.093505257871, 0.31157773487, 0.14811306786, 0.72579567989, 0.4933343234, 0.2922752016, 0.54166834828, 0.16880483979, 0.28273536169, 0.48667619671, 0.32745057182, 0.1660399609, 0.30148361649, 0.22104860169, 0.1308810799, 0.66515519931, 0.41578102181, 0.38232181613, 0.64298735836],
