{
  "W": [
    [66, 12, 12, 10],
    [68, 7, 12, 13],
    [69, 14, 8, 9],
    [70, 8, 7, 15],
    [68, 11, 10, 11],
    [73, 9, 10, 8],
    [59, 13, 18, 10],
    [77, 6, 7, 10],
    [69, 10, 10, 11],
    [66, 10, 15, 9],
    [79, 7, 9, 5],
    [69, 13, 8, 10],
    [44, 39, 10, 7],
    [8, 72, 11, 9],
    [8, 76, 6, 10],
    [12, 65, 14, 9],
    [11, 68, 13, 8],
    [11, 71, 10, 8],
    [10, 71, 12, 7],
    [9, 72, 8, 11],
    [7, 68, 15, 10],
    [14, 65, 10, 11],
    [17, 70, 5, 8],
    [12, 71, 8, 9],
    [14, 66, 10, 10],
    [14, 7, 69, 10],
    [14, 12, 68, 6],
    [11, 6, 74, 9],
    [13, 8, 70, 9],
    [8, 6, 76, 10],
    [10, 13, 62, 15],
    [9, 17, 66, 8],
    [8, 9, 73, 10],
    [9, 16, 66, 9],
    [10, 13, 63, 14],
    [6, 9, 78, 7],
    [12, 5, 75, 8],
    [5, 16, 47, 32],
    [5, 8, 6, 81],
    [3, 17, 7, 73],
    [11, 12, 11, 66],
    [11, 7, 12, 70],
    [8, 12, 5, 75],
    [6, 9, 5, 80],
    [15, 8, 6, 71],
    [7, 10, 9, 74],
    [15, 7, 9, 69],
    [8, 9, 13, 70],
    [8, 7, 14, 71],
    [14, 13, 8, 65]
  ],
  "X": [
    [81, 12, 7],
    [75, 17, 8],
    [74, 17, 9],
    [75, 17, 8],
    [74, 19, 7],
    [84, 9, 7],
    [57, 32, 11],
    [78, 16, 6],
    [68, 24, 8],
    [74, 20, 6],
    [75, 18, 7],
    [75, 17, 8],
    [69, 11, 20],
    [47, 12, 41],
    [39, 19, 42],
    [56, 14, 30],
    [53, 12, 35],
    [48, 13, 39],
    [49, 18, 33],
    [47, 13, 40],
    [49, 11, 40],
    [49, 20, 31],
    [49, 12, 39],
    [42, 15, 43],
    [59, 9, 32],
    [55, 30, 15],
    [65, 25, 10],
    [55, 33, 12],
    [66, 26, 8],
    [55, 27, 18],
    [61, 22, 17],
    [57, 29, 14],
    [57, 36, 7],
    [59, 31, 10],
    [59, 25, 16],
    [53, 37, 10],
    [60, 31, 9],
    [53, 28, 19],
    [68, 22, 10],
    [55, 32, 13],
    [57, 28, 15],
    [67, 24, 9],
    [55, 33, 12],
    [59, 28, 13],
    [69, 24, 7],
    [64, 25, 11],
    [59, 30, 11],
    [61, 24, 15],
    [53, 40, 7],
    [69, 16, 15]
  ],
  "real_prob": [
    [0.84500372884, 0.13812901474, 0.016867256417],
    [0.37756120101, 0.10653603903, 0.51590275995],
    [0.58569345543, 0.33462042626, 0.079686118314],
    [0.6266175812, 0.30401821729, 0.069364201501]
  ],
  "method": "exact",
  "prob": [
    [0.83975726155, 0.14379223866, 0.016450499782],
    [0.40741793115, 0.088983633063, 0.50359843579],
    [0.56325757398, 0.34569584687, 0.091046579154],
    [0.61916723332, 0.3039282814, 0.076904485273]
  ],
  "iterations": 12,
  "logLik": -269.7550210206,
  "time": 6.913118,
  "message": "Converged",
  "status": 0,
  "cond_prob": [
    [
      [0.89795834457, 0.52032245675, 0.68203972391, 0.73064030906, 0.091063651492, 0.067754567391, 0.2520652036, 0.21519617496, 0.010978003941, 0.41192297586, 0.065895072484, 0.054163515979, 0.84717161712, 0.35333701965, 0.56718675905, 0.62405613768, 0.1319755086, 0.070795444492, 0.32172516048, 0.28226118294, 0.020852874285, 0.57586753586, 0.11108808047, 0.093682679382, 0.83996789409, 0.42344383956, 0.56515808445, 0.62141520874, 0.14526489694, 0.094036558707, 0.35623231194, 0.31226131038, 0.01476720897, 0.48251960173, 0.078609603611, 0.066323480879, 0.84210800749, 0.35920640379, 0.56015810013, 0.61717876963, 0.13790665622, 0.075616268898, 0.33411052731, 0.2935220148, 0.019985336287, 0.56517732731, 0.10573137255, 0.089299215574, 0.83373644186, 0.4508082936],
      [0.55850039142, 0.61472970998, 0.15373440596, 0.10674904766, 0.37508498949, 0.32917917959, 0.012529152178, 0.44244265875, 0.06641461909, 0.056091110436, 0.91401048906, 0.46189539115, 0.70806982453, 0.75493469167, 0.071258414664, 0.046268545894, 0.20134342226, 0.17103557424, 0.014731096281, 0.49183606296, 0.090586753213, 0.074029734089, 0.71029660935, 0.29300472657, 0.38300803904, 0.43892939002, 0.26860388701, 0.1424345577, 0.52683361342, 0.4817716375, 0.021099503642, 0.56456071573, 0.090158347547, 0.079298972474, 0.8486183876, 0.38603381084, 0.57517138566, 0.63139815904, 0.13399278954, 0.07832921648, 0.33092121026, 0.28961314349, 0.017388822865, 0.53563697268, 0.093907404082, 0.078988697472, 0.78049850318, 0.35936663359, 0.47211721296, 0.53006952863],
      [0.20232202614, 0.11968226468, 0.44546296085, 0.39893890372, 0.017179470676, 0.52095110173, 0.08241982619, 0.07099156765, 0.8351968297, 0.48359251192, 0.56411840287, 0.61992311976, 0.15418344201, 0.11464515378, 0.3791530639, 0.33223837012, 0.010619728296, 0.40176233429, 0.056728533233, 0.047838510114, 0.82190833513, 0.34260185517, 0.5272349556, 0.58518278761, 0.15772160065, 0.084480969114, 0.3686096814, 0.3262279265, 0.020370064221, 0.57291717571, 0.10415536301, 0.088589285893, 0.84442958947, 0.44782892335, 0.57531732893, 0.63100436916, 0.14234887933, 0.096933467253, 0.35343446907, 0.30903164993, 0.013221531199, 0.45523760939, 0.071248202002, 0.059963980917, 0.88912833396, 0.47060787984, 0.65689712192, 0.70795353893, 0.096749262477, 0.065734919664],
      [0.26105189829, 0.22412165732, 0.014122403561, 0.46365720049, 0.082050979784, 0.06792480375, 0.85688953102, 0.38784707439, 0.58578076187, 0.64181177942, 0.123629041, 0.071883394085, 0.30952632767, 0.27006374372, 0.01948142798, 0.54026953152, 0.10469291046, 0.088124476853, 0.75205549674, 0.33554360081, 0.43153966864, 0.48930043524, 0.2284216242, 0.13095676965, 0.48022994157, 0.43385328637, 0.019522879062, 0.53349962954, 0.088230389786, 0.07684627839, 0.86479312369, 0.47781736701, 0.61215952169, 0.66601337296, 0.1223139251, 0.08674733739, 0.31620192154, 0.27409211854, 0.012892951211, 0.4354352956, 0.071638556767, 0.059894508504, 0.87202359945, 0.4404992348, 0.62017668599, 0.67393694019, 0.11223055413, 0.072793462612, 0.29188094814, 0.25263201514]
    ],
    [
      [0.015745846417, 0.48670730258, 0.087942365862, 0.073431044679, 0.8454482478, 0.39467706025, 0.56804980386, 0.62468749471, 0.13624097279, 0.08169347168, 0.33523235189, 0.29359866139, 0.01831077941, 0.52362946807, 0.096717844246, 0.081713843904, 0.80856402292, 0.43238955251, 0.51643176515, 0.57393148016, 0.17779476883, 0.12207768055, 0.41510718393, 0.36760725503, 0.013641208253, 0.44553276694, 0.068461050921, 0.058461264811, 0.84429316718, 0.38936480199, 0.56539421619, 0.62217654753, 0.1369623867, 0.081134282424, 0.33591943513, 0.29439224583, 0.018744446117, 0.52950091559, 0.098686348679, 0.083431206642, 0.87777097461, 0.39317938682, 0.62314868881, 0.67721745416, 0.10228170957, 0.058852505943, 0.26556166755, 0.22986326156, 0.01994731582, 0.54796810724],
      [0.11128964363, 0.092919284277, 0.7910399266, 0.41531988522, 0.49019343543, 0.54797401219, 0.19485311117, 0.13135684775, 0.44108554465, 0.39300053576, 0.014106962222, 0.45332326703, 0.068721019912, 0.059025452053, 0.84345246419, 0.38408231908, 0.56306976473, 0.62002461871, 0.13737410708, 0.080354033254, 0.33626166696, 0.29481868964, 0.019173428731, 0.53556364767, 0.10066856831, 0.085156691644, 0.8022191529, 0.33020478594, 0.49417724357, 0.55282360163, 0.17495964325, 0.092553274808, 0.39510318639, 0.35204180873, 0.022821203858, 0.57724193925, 0.11071957004, 0.095134589636, 0.90500689446, 0.48545197947, 0.69034764624, 0.73865963704, 0.081007934843, 0.055777337008, 0.22594566987, 0.1925127971, 0.0139851707, 0.45877068353, 0.083706683892, 0.06882756586],
      [0.81989514025, 0.30411278278, 0.51655664376, 0.57502701375, 0.15352748891, 0.073389181477, 0.3509957201, 0.3118186198, 0.026577370844, 0.62249803574, 0.13244763614, 0.11315436645, 0.87162157427, 0.49679697251, 0.6286630418, 0.68110790801, 0.11674431621, 0.085483361776, 0.30524065116, 0.26390249212, 0.011634109521, 0.41771966572, 0.066096307041, 0.054989599877, 0.81800553768, 0.35242339036, 0.52249919141, 0.58027317547, 0.16155596846, 0.089635249654, 0.37431300179, 0.33176785736, 0.020438493866, 0.55794135999, 0.1031878068, 0.087958967177, 0.8731278054, 0.51550093887, 0.6336392387, 0.68562047889, 0.11628461899, 0.088204895945, 0.30580076559, 0.26406746599, 0.010587575611, 0.39629416518, 0.060559995709, 0.050312055112, 0.83760965621, 0.27703554533],
