{
  "W": [
    [65, 22, 13],
    [70, 12, 18],
    [60, 23, 17],
    [70, 11, 19],
    [72, 13, 15],
    [65, 21, 14],
    [63, 21, 16],
    [70, 16, 14],
    [62, 22, 16],
    [70, 11, 19],
    [56, 19, 25],
    [69, 15, 16],
    [63, 20, 17],
    [70, 14, 16],
    [68, 12, 20],
    [66, 15, 19],
    [54, 34, 12],
    [18, 66, 16],
    [24, 58, 18],
    [13, 72, 15],
    [17, 61, 22],
    [23, 66, 11],
    [13, 69, 18],
    [16, 60, 24],
    [14, 64, 22],
    [20, 67, 13],
    [14, 69, 17],
    [12, 72, 16],
    [16, 72, 12],
    [11, 71, 18],
    [12, 63, 25],
    [18, 65, 17],
    [12, 76, 12],
    [22, 26, 52],
    [19, 17, 64],
    [20, 19, 61],
    [12, 18, 70],
    [16, 20, 64],
    [10, 14, 76],
    [18, 12, 70],
    [21, 14, 65],
    [15, 16, 69],
    [22, 21, 57],
    [17, 17, 66],
    [17, 16, 67],
    [21, 14, 65],
    [17, 17, 66],
    [20, 14, 66],
    [20, 20, 60],
    [14, 20, 66]
  ],
  "X": [
    [86, 14],
    [93, 7],
    [88, 12],
    [90, 10],
    [87, 13],
    [89, 11],
    [86, 14],
    [90, 10],
    [89, 11],
    [95, 5],
    [89, 11],
    [91, 9],
    [82, 18],
    [86, 14],
    [92, 8],
    [82, 18],
    [81, 19],
    [73, 27],
    [73, 27],
    [74, 26],
    [79, 21],
    [76, 24],
    [72, 28],
    [74, 26],
    [84, 16],
    [82, 18],
    [80, 20],
    [80, 20],
    [77, 23],
    [75, 25],
    [81, 19],
    [80, 20],
    [71, 29],
    [76, 24],
    [83, 17],
    [83, 17],
    [85, 15],
    [85, 15],
    [80, 20],
    [82, 18],
    [82, 18],
    [77, 23],
    [79, 21],
    [70, 30],
    [83, 17],
    [80, 20],
    [78, 22],
    [75, 25],
    [88, 12],
    [77, 23]
  ],
  "real_prob": [
    [0.97175078832, 0.028249211682],
    [0.7223869441, 0.2776130559],
    [0.76717463836, 0.23282536164]
  ],
  "method": "exact",
  "prob": [
    [0.95374266913, 0.046257330874],
    [0.71566418997, 0.28433581003],
    [0.78457308877, 0.21542691123]
  ],
  "iterations": 18,
  "logLik": -139.8946828895,
  "time": 0.093542,
  "message": "Converged",
  "status": 0,
  "cond_prob": [
    [
      [0.94613450259, 0.67134672697, 0.74858687216, 0.053865497407, 0.32865327303, 0.25141312784, 0.97183370117, 0.80012712314, 0.85389530225, 0.02816629883, 0.19987287686, 0.14610469775, 0.95920800739, 0.73267904167, 0.79975891755, 0.04079199261, 0.26732095833, 0.20024108245, 0.9573377844, 0.72240874904, 0.79157151857, 0.042662215603, 0.27759125096, 0.20842848143, 0.94027443256, 0.64592970028, 0.72687698346, 0.059725567438, 0.35407029972, 0.27312301654, 0.95955417299, 0.73406141538, 0.80097778807, 0.040445827015, 0.26593858462, 0.19902221193, 0.94759878982, 0.67787602858, 0.75411747756, 0.052401210177, 0.32212397142, 0.24588252244, 0.95899816349, 0.73077367326, 0.7984106988, 0.041001836506, 0.26922632674, 0.2015893012, 0.96178063982, 0.74563800678],
      [0.81034776137, 0.038219360177, 0.25436199322, 0.18965223863, 0.98037369486, 0.8528509017, 0.89434112849, 0.019626305143, 0.1471490983, 0.10565887151, 0.96447589643, 0.76006891986, 0.8219216129, 0.03552410357, 0.23993108014, 0.1780783871, 0.96411255577, 0.7572274059, 0.81986391019, 0.035887444225, 0.2427725941, 0.18013608981, 0.92736245246, 0.59753670322, 0.68384890769, 0.072637547543, 0.40246329678, 0.31615109231, 0.93754659175, 0.63518495118, 0.71744682879, 0.062453408246, 0.36481504882, 0.28255317121, 0.96844776939, 0.78089380476, 0.83874130123, 0.031552230612, 0.21910619524, 0.16125869877, 0.92086939538, 0.57474777668, 0.66323175024, 0.079130604616, 0.42525222332, 0.33676824976, 0.93800866718, 0.63846733101, 0.71997022649, 0.061991332822],
      [0.36153266899, 0.28002977351, 0.94474030074, 0.6678068931, 0.74496372765, 0.055259699261, 0.3321931069, 0.25503627235, 0.93926043275, 0.64488947469, 0.72523111566, 0.060739567247, 0.35511052531, 0.27476888434, 0.95107700246, 0.69589870871, 0.76875279605, 0.048922997545, 0.30410129129, 0.23124720395, 0.95985301613, 0.73780160179, 0.8034818644, 0.040146983866, 0.26219839821, 0.1965181356, 0.95041587699, 0.69263142508, 0.76606916127, 0.049584123015, 0.30736857492, 0.23393083873, 0.94532785028, 0.67045254422, 0.74719513305, 0.054672149719, 0.32954745578, 0.25280486695, 0.94731223948, 0.67893526308, 0.75445368265, 0.052687760522, 0.32106473692, 0.24554631735, 0.97227422984, 0.80515049085, 0.85720588036, 0.027725770158, 0.19484950915, 0.14279411964]
    ],
    [
      [0.96672431224, 0.77377748784, 0.83249400537, 0.033275687756, 0.22622251216, 0.16750599463, 0.96435286214, 0.76114429977, 0.82235901445, 0.035647137859, 0.23885570023, 0.17764098555, 0.96535151965, 0.7665177582, 0.82665644835, 0.034648480351, 0.2334822418, 0.17334355165, 0.95717794633, 0.72462805006, 0.79266110455, 0.04282205367, 0.27537194994, 0.20733889545, 0.95421842042, 0.71051219272, 0.78095731623, 0.045781579583, 0.28948780728, 0.21904268377, 0.96635772606, 0.77189726316, 0.83096718834, 0.033642273942, 0.22810273684, 0.16903281166, 0.96248213597, 0.7512392819, 0.81439813111, 0.037517864031, 0.2487607181, 0.18560186889, 0.9446197076, 0.66748502839, 0.74464177924, 0.055380292399, 0.33251497161, 0.25535822076, 0.94203261818, 0.65606511107],
      [0.73495364446, 0.057967381817, 0.34393488893, 0.26504635554, 0.96205301889, 0.74866573639, 0.81240117379, 0.037946981114, 0.25133426361, 0.18759882621, 0.961994913, 0.74835646922, 0.81215293156, 0.038005087002, 0.25164353078, 0.18784706844, 0.96959876669, 0.78955895491, 0.8450393373, 0.030401233307, 0.21044104509, 0.1549606627, 0.96866740428, 0.78426469845, 0.84087543067, 0.031332595723, 0.21573530155, 0.15912456933, 0.95732039346, 0.7250914259, 0.79309889609, 0.042679606537, 0.2749085741, 0.20690110391, 0.95887685734, 0.7325539341, 0.79927956227, 0.041123142658, 0.2674460659, 0.20072043773, 0.95791144712, 0.72771040406, 0.79532175313, 0.042088552879, 0.27228959594, 0.20467824687, 0.94697415958, 0.67720761081, 0.75304443237, 0.053025840424],
      [0.32279238919, 0.24695556763, 0.9501033562, 0.69092965064, 0.76470532456, 0.049896643797, 0.30907034936, 0.23529467544, 0.92319387845, 0.58511854147, 0.67210134639, 0.07680612155, 0.41488145853, 0.32789865361, 0.96266582012, 0.75188175222, 0.8149936272, 0.03733417988, 0.24811824778, 0.1850063728, 0.95210951428, 0.70006013433, 0.77238243569, 0.047890485723, 0.29993986567, 0.22761756431, 0.94901215245, 0.68614798533, 0.76064057057, 0.050987847547, 0.31385201467, 0.23935942943, 0.93706445992, 0.63598886636, 0.71749797989, 0.062935540076, 0.36401113364, 0.28250202011, 0.97478033487, 0.81962189698, 0.86853258938, 0.025219665125, 0.18037810302, 0.13146741062, 0.94839279494, 0.68349721118, 0.75837207041, 0.051607205062, 0.31650278882, 0.24162792959]
    ]
  ],
  "maxiter": 3600,
  "param_threshold": 0.001,
  "ll_threshold": "-Inf",
  "initial_prob": "random"
}
