{
  "W": [
    [65, 22, 13],
    [70, 12, 18],
    [60, 23, 17],
    [70, 11, 19],
    [72, 13, 15],
    [65, 21, 14],
    [63, 21, 16],
    [70, 16, 14],
    [62, 22, 16],
    [70, 11, 19],
    [56, 19, 25],
    [69, 15, 16],
    [63, 20, 17],
    [70, 14, 16],
    [68, 12, 20],
    [66, 15, 19],
    [54, 34, 12],
    [18, 66, 16],
    [24, 58, 18],
    [13, 72, 15],
    [17, 61, 22],
    [23, 66, 11],
    [13, 69, 18],
    [16, 60, 24],
    [14, 64, 22],
    [20, 67, 13],
    [14, 69, 17],
    [12, 72, 16],
    [16, 72, 12],
    [11, 71, 18],
    [12, 63, 25],
    [18, 65, 17],
    [12, 76, 12],
    [22, 26, 52],
    [19, 17, 64],
    [20, 19, 61],
    [12, 18, 70],
    [16, 20, 64],
    [10, 14, 76],
    [18, 12, 70],
    [21, 14, 65],
    [15, 16, 69],
    [22, 21, 57],
    [17, 17, 66],
    [17, 16, 67],
    [21, 14, 65],
    [17, 17, 66],
    [20, 14, 66],
    [20, 20, 60],
    [14, 20, 66]
  ],
  "X": [
    [86, 14],
    [93, 7],
    [88, 12],
    [90, 10],
    [87, 13],
    [89, 11],
    [86, 14],
    [90, 10],
    [89, 11],
    [95, 5],
    [89, 11],
    [91, 9],
    [82, 18],
    [86, 14],
    [92, 8],
    [82, 18],
    [81, 19],
    [73, 27],
    [73, 27],
    [74, 26],
    [79, 21],
    [76, 24],
    [72, 28],
    [74, 26],
    [84, 16],
    [82, 18],
    [80, 20],
    [80, 20],
    [77, 23],
    [75, 25],
    [81, 19],
    [80, 20],
    [71, 29],
    [76, 24],
    [83, 17],
    [83, 17],
    [85, 15],
    [85, 15],
    [80, 20],
    [82, 18],
    [82, 18],
    [77, 23],
    [79, 21],
    [70, 30],
    [83, 17],
    [80, 20],
    [78, 22],
    [75, 25],
    [88, 12],
    [77, 23]
  ],
  "real_prob": [
    [0.97175078832, 0.028249211682],
    [0.7223869441, 0.2776130559],
    [0.76717463836, 0.23282536164]
  ],
  "method": "exact",
  "prob": [
    [0.94262466679, 0.057375333208],
    [0.72131098609, 0.27868901391],
    [0.79004757901, 0.20995242099]
  ],
  "iterations": 17,
  "logLik": -140.2483461687,
  "time": 0.088825,
  "message": "Converged",
  "status": 0,
  "cond_prob": [
    [
      [0.93488908762, 0.69316377794, 0.76789278384, 0.065110912377, 0.30683622206, 0.23210721616, 0.96580997159, 0.81600470819, 0.86673586057, 0.034190028406, 0.18399529181, 0.13326413943, 0.94959301555, 0.74800838601, 0.8129544817, 0.050406984452, 0.25199161399, 0.1870455183, 0.94884088964, 0.74434058495, 0.81017848899, 0.051159110361, 0.25565941505, 0.18982151101, 0.92970240361, 0.6748398524, 0.75256725727, 0.070297596391, 0.3251601476, 0.24743274273, 0.95060003831, 0.75174119837, 0.81603088171, 0.049399961688, 0.24825880163, 0.18396911829, 0.9362845407, 0.69815580151, 0.77205013149, 0.063715459296, 0.30184419849, 0.22794986851, 0.95067823184, 0.75170208437, 0.81609217292, 0.049321768156, 0.24829791563, 0.18390782708, 0.95289495198, 0.76110883063],
      [0.82350741897, 0.047105048022, 0.23889116937, 0.17649258103, 0.97601453373, 0.86464175639, 0.9035749115, 0.023985466269, 0.13535824361, 0.096425088499, 0.95559827331, 0.77238922813, 0.8324440544, 0.044401726685, 0.22761077187, 0.1675559456, 0.95654129994, 0.77567548661, 0.83521987532, 0.043458700062, 0.22432451339, 0.16478012468, 0.91299574218, 0.62281249541, 0.70735401967, 0.087004257821, 0.37718750459, 0.29264598033, 0.92616551298, 0.66327520278, 0.74266007829, 0.073834487022, 0.33672479722, 0.25733992171, 0.96159313915, 0.797291909, 0.85220818148, 0.038406860847, 0.202708091, 0.14779181852, 0.9064570704, 0.60370590896, 0.6904339326, 0.093542929602, 0.39629409104, 0.3095660674, 0.92353289276, 0.65581016849, 0.73597317187, 0.076467107244],
      [0.34418983151, 0.26402682813, 0.9279425173, 0.67140707513, 0.74901048314, 0.072057482699, 0.32859292487, 0.25098951686, 0.92150015012, 0.65043243651, 0.73105083775, 0.078499849882, 0.34956756349, 0.26894916225, 0.93573429334, 0.69809510132, 0.7715071261, 0.064265706657, 0.30190489868, 0.2284928739, 0.94723557936, 0.74029433197, 0.80632004093, 0.052764420636, 0.25970566803, 0.19367995907, 0.93550014649, 0.69705822059, 0.77069582469, 0.064499853507, 0.30294177941, 0.22930417531, 0.92834870184, 0.67286210901, 0.75022118637, 0.071651298161, 0.32713789099, 0.24977881363, 0.93107038893, 0.68188601631, 0.75790469994, 0.068929611066, 0.31811398369, 0.24209530006, 0.96327400983, 0.8065331989, 0.85891086966, 0.036725990172, 0.1934668011, 0.14108913034]
    ],
    [
      [0.9562497342, 0.77636687608, 0.8352634322, 0.043750265804, 0.22363312392, 0.1647365678, 0.95294617685, 0.76292264705, 0.82453475752, 0.047053823153, 0.23707735295, 0.17546524248, 0.95417584882, 0.76796046971, 0.82854599968, 0.045824151184, 0.23203953029, 0.17145400032, 0.94375071699, 0.72712903921, 0.79555814206, 0.056249283009, 0.27287096079, 0.20444185794, 0.93967600329, 0.71218917153, 0.78322959916, 0.060323996709, 0.28781082847, 0.21677040084, 0.95547635041, 0.77325445667, 0.832770121, 0.044523649592, 0.22674554333, 0.167229879, 0.95068062474, 0.75377095629, 0.81721391741, 0.04931937526, 0.24622904371, 0.18278608259, 0.92739045999, 0.66974588342, 0.74755227833, 0.072609540013, 0.33025411658, 0.25244772167, 0.92476594755, 0.66070418016],
      [0.7399392398, 0.075234052451, 0.33929581984, 0.2600607602, 0.95012301231, 0.75123861019, 0.81525947489, 0.049876987695, 0.24876138981, 0.18474052511, 0.95010048239, 0.75114374699, 0.81518457638, 0.049899517612, 0.24885625301, 0.18481542362, 0.9596512767, 0.79054621186, 0.84649075523, 0.040348723298, 0.20945378814, 0.15350924477, 0.95858079392, 0.78593044372, 0.84287653786, 0.04141920608, 0.21406955628, 0.15712346214, 0.94352549974, 0.72605355376, 0.7947367796, 0.056474500264, 0.27394644624, 0.2052632204, 0.94596369551, 0.73508236693, 0.80216664397, 0.054036304488, 0.26491763307, 0.19783335603, 0.94489482965, 0.73097184764, 0.79882465708, 0.055105170355, 0.26902815236, 0.20117534292, 0.93047641064, 0.67964224716, 0.75606634617, 0.069523589359],
      [0.32035775284, 0.24393365383, 0.93498855503, 0.69499789394, 0.76904028099, 0.065011444975, 0.30500210606, 0.23095971901, 0.90054691486, 0.58916242356, 0.67689304919, 0.099453085136, 0.41083757644, 0.32310695081, 0.95081677652, 0.75401872234, 0.81748977973, 0.049183223476, 0.24598127766, 0.18251022027, 0.93746619777, 0.70371007999, 0.77632721118, 0.062533802229, 0.29628992001, 0.22367278882, 0.9332316186, 0.68899217336, 0.76397265964, 0.066768381396, 0.31100782664, 0.23602734036, 0.91829046787, 0.64027682044, 0.72227750237, 0.081709532132, 0.35972317956, 0.27772249763, 0.96669359002, 0.82153538533, 0.87059034155, 0.033306409978, 0.17846461467, 0.12940965845, 0.93223596578, 0.68566138339, 0.76114346684, 0.067764034218, 0.31433861661, 0.23885653316]
    ]
  ],
  "maxiter": 3600,
  "param_threshold": 0.001,
  "ll_threshold": "-Inf",
  "initial_prob": "random"
}
