{
  "W": [
    [65, 22, 13],
    [70, 12, 18],
    [60, 23, 17],
    [70, 11, 19],
    [72, 13, 15],
    [65, 21, 14],
    [63, 21, 16],
    [70, 16, 14],
    [62, 22, 16],
    [70, 11, 19],
    [56, 19, 25],
    [69, 15, 16],
    [63, 20, 17],
    [70, 14, 16],
    [68, 12, 20],
    [66, 15, 19],
    [54, 34, 12],
    [18, 66, 16],
    [24, 58, 18],
    [13, 72, 15],
    [17, 61, 22],
    [23, 66, 11],
    [13, 69, 18],
    [16, 60, 24],
    [14, 64, 22],
    [20, 67, 13],
    [14, 69, 17],
    [12, 72, 16],
    [16, 72, 12],
    [11, 71, 18],
    [12, 63, 25],
    [18, 65, 17],
    [12, 76, 12],
    [22, 26, 52],
    [19, 17, 64],
    [20, 19, 61],
    [12, 18, 70],
    [16, 20, 64],
    [10, 14, 76],
    [18, 12, 70],
    [21, 14, 65],
    [15, 16, 69],
    [22, 21, 57],
    [17, 17, 66],
    [17, 16, 67],
    [21, 14, 65],
    [17, 17, 66],
    [20, 14, 66],
    [20, 20, 60],
    [14, 20, 66]
  ],
  "X": [
    [86, 14],
    [93, 7],
    [88, 12],
    [90, 10],
    [87, 13],
    [89, 11],
    [86, 14],
    [90, 10],
    [89, 11],
    [95, 5],
    [89, 11],
    [91, 9],
    [82, 18],
    [86, 14],
    [92, 8],
    [82, 18],
    [81, 19],
    [73, 27],
    [73, 27],
    [74, 26],
    [79, 21],
    [76, 24],
    [72, 28],
    [74, 26],
    [84, 16],
    [82, 18],
    [80, 20],
    [80, 20],
    [77, 23],
    [75, 25],
    [81, 19],
    [80, 20],
    [71, 29],
    [76, 24],
    [83, 17],
    [83, 17],
    [85, 15],
    [85, 15],
    [80, 20],
    [82, 18],
    [82, 18],
    [77, 23],
    [79, 21],
    [70, 30],
    [83, 17],
    [80, 20],
    [78, 22],
    [75, 25],
    [88, 12],
    [77, 23]
  ],
  "real_prob": [
    [0.97175078832, 0.028249211682],
    [0.7223869441, 0.2776130559],
    [0.76717463836, 0.23282536164]
  ],
  "method": "exact",
  "prob": [
    [0.94464518929, 0.055354810707],
    [0.72186958433, 0.27813041567],
    [0.78746691019, 0.21253308981]
  ],
  "iterations": 11,
  "logLik": -140.1425669222,
  "time": 0.060697,
  "message": "Converged",
  "status": 0,
  "cond_prob": [
    [
      [0.93676403225, 0.69127121814, 0.76172085421, 0.063235967751, 0.30872878186, 0.23827914579, 0.96691469162, 0.81509233177, 0.86304797808, 0.033085308382, 0.18490766823, 0.13695202192, 0.95125213516, 0.74710719067, 0.80831802971, 0.04874786484, 0.25289280933, 0.19168197029, 0.95042264424, 0.74299945978, 0.80512741294, 0.049577355765, 0.25700054022, 0.19487258706, 0.93157829918, 0.67238847857, 0.74568748252, 0.068421700821, 0.32761152143, 0.25431251748, 0.9521140849, 0.75036947673, 0.81105896214, 0.047885915099, 0.24963052327, 0.18894103786, 0.93823229566, 0.69669123895, 0.76630308472, 0.061767704342, 0.30330876105, 0.23369691528, 0.95211415914, 0.75000499277, 0.81085206969, 0.047885840857, 0.24999500723, 0.18914793031, 0.95442052391, 0.76011055178],
      [0.81896846114, 0.045579476088, 0.23988944822, 0.18103153886, 0.97682631705, 0.86408557484, 0.90090613068, 0.023173682945, 0.13591442516, 0.09909386932, 0.95724457841, 0.77231947261, 0.82880934518, 0.042755421593, 0.22768052739, 0.17119065482, 0.95788077205, 0.77438938795, 0.83064911933, 0.042119227949, 0.22561061205, 0.16935088067, 0.91549846663, 0.62088478018, 0.70034711758, 0.084501533374, 0.37911521982, 0.29965288242, 0.92819115186, 0.6609970707, 0.73579127375, 0.071808848141, 0.3390029293, 0.26420872625, 0.96287008398, 0.79650079509, 0.84834123743, 0.037129916025, 0.20349920491, 0.15165876257, 0.90907169899, 0.60156544388, 0.68304137941, 0.090928301014, 0.39843455612, 0.31695862059, 0.92586088965, 0.65432220535, 0.72971308142, 0.074139110353],
      [0.34567779465, 0.27028691858, 0.93066073804, 0.67175436858, 0.74451989932, 0.069339261963, 0.32824563142, 0.25548010068, 0.92441744275, 0.65070592941, 0.72627985933, 0.075582557251, 0.34929407059, 0.27372014067, 0.93820037639, 0.69851210221, 0.76736824987, 0.061799623606, 0.30148789779, 0.23263175013, 0.94935169421, 0.74094754455, 0.80287368095, 0.050648305792, 0.25905245545, 0.19712631905, 0.93784558934, 0.69700005323, 0.7661407211, 0.062154410655, 0.30299994677, 0.2338592789, 0.93112253929, 0.67345216609, 0.74595597385, 0.068877460714, 0.32654783391, 0.25404402615, 0.93382164229, 0.68273296413, 0.75395316148, 0.066178357708, 0.31726703587, 0.24604683852, 0.96478037987, 0.8071106975, 0.85627227463, 0.035219620127, 0.1928893025, 0.14372772537]
    ],
    [
      [0.95792078662, 0.77652490235, 0.83187813921, 0.042079213375, 0.22347509765, 0.16812186079, 0.95480333896, 0.76336647231, 0.82120392147, 0.045196661036, 0.23663352769, 0.17879607853, 0.95598418486, 0.76838759225, 0.82526769625, 0.044015815142, 0.23161240775, 0.17473230375, 0.94587553904, 0.72732139037, 0.79157093906, 0.054124460957, 0.27267860963, 0.20842906094, 0.94205152269, 0.71279028881, 0.77940681918, 0.05794847731, 0.28720971119, 0.22059318082, 0.95732399637, 0.77405629304, 0.82986262327, 0.04267600363, 0.22594370696, 0.17013737673, 0.95260545716, 0.75415317794, 0.81371442384, 0.047394542843, 0.24584682206, 0.18628557616, 0.93011023326, 0.67003575953, 0.74299662306, 0.069889766741, 0.32996424047, 0.25700337694, 0.92823693617, 0.66322011474],
      [0.73721277733, 0.071763063832, 0.33677988526, 0.26278722267, 0.95266628467, 0.75409792344, 0.81374493583, 0.047333715332, 0.24590207656, 0.18625506417, 0.95260293607, 0.75382967818, 0.81352749825, 0.047397063931, 0.24617032182, 0.18647250175, 0.96178834091, 0.79335212389, 0.84540288113, 0.038211659086, 0.20664787611, 0.15459711887, 0.96070906878, 0.78849917354, 0.84154174107, 0.039290931217, 0.21150082646, 0.15845825893, 0.94655652588, 0.72976651973, 0.79365399296, 0.053443474122, 0.27023348027, 0.20634600704, 0.94879711611, 0.73842031508, 0.80086583041, 0.051202883886, 0.26157968492, 0.19913416959, 0.94770514143, 0.73403934683, 0.79725601807, 0.052294858568, 0.26596065317, 0.20274398193, 0.93403277081, 0.68325689428, 0.75445504535, 0.065967229187],
      [0.31674310572, 0.24554495465, 0.93811635294, 0.69773449868, 0.76682483795, 0.061883647064, 0.30226550132, 0.23317516205, 0.90537143394, 0.59286744239, 0.67469604701, 0.094628566064, 0.40713255761, 0.32530395299, 0.95336617823, 0.75702303469, 0.81612546888, 0.046633821769, 0.24297696531, 0.18387453112, 0.94062538913, 0.70693758059, 0.77461139539, 0.059374610874, 0.29306241941, 0.22538860461, 0.93660439909, 0.69236057749, 0.76223629391, 0.063395600907, 0.30763942251, 0.23776370609, 0.92233924908, 0.6438405578, 0.72029465469, 0.077660750924, 0.3561594422, 0.27970534531, 0.96838601324, 0.82361760611, 0.86933212688, 0.031613986756, 0.17638239389, 0.13066787312, 0.93565476907, 0.6890472723, 0.7593922392, 0.064345230928, 0.3109527277, 0.2406077608]
    ]
  ],
  "maxiter": 3600,
  "param_threshold": 0.001,
  "ll_threshold": "-Inf",
  "initial_prob": "random"
}
