{
  "W": [
    [65, 22, 13],
    [70, 12, 18],
    [60, 23, 17],
    [70, 11, 19],
    [72, 13, 15],
    [65, 21, 14],
    [63, 21, 16],
    [70, 16, 14],
    [62, 22, 16],
    [70, 11, 19],
    [56, 19, 25],
    [69, 15, 16],
    [63, 20, 17],
    [70, 14, 16],
    [68, 12, 20],
    [66, 15, 19],
    [54, 34, 12],
    [18, 66, 16],
    [24, 58, 18],
    [13, 72, 15],
    [17, 61, 22],
    [23, 66, 11],
    [13, 69, 18],
    [16, 60, 24],
    [14, 64, 22],
    [20, 67, 13],
    [14, 69, 17],
    [12, 72, 16],
    [16, 72, 12],
    [11, 71, 18],
    [12, 63, 25],
    [18, 65, 17],
    [12, 76, 12],
    [22, 26, 52],
    [19, 17, 64],
    [20, 19, 61],
    [12, 18, 70],
    [16, 20, 64],
    [10, 14, 76],
    [18, 12, 70],
    [21, 14, 65],
    [15, 16, 69],
    [22, 21, 57],
    [17, 17, 66],
    [17, 16, 67],
    [21, 14, 65],
    [17, 17, 66],
    [20, 14, 66],
    [20, 20, 60],
    [14, 20, 66]
  ],
  "X": [
    [86, 14],
    [93, 7],
    [88, 12],
    [90, 10],
    [87, 13],
    [89, 11],
    [86, 14],
    [90, 10],
    [89, 11],
    [95, 5],
    [89, 11],
    [91, 9],
    [82, 18],
    [86, 14],
    [92, 8],
    [82, 18],
    [81, 19],
    [73, 27],
    [73, 27],
    [74, 26],
    [79, 21],
    [76, 24],
    [72, 28],
    [74, 26],
    [84, 16],
    [82, 18],
    [80, 20],
    [80, 20],
    [77, 23],
    [75, 25],
    [81, 19],
    [80, 20],
    [71, 29],
    [76, 24],
    [83, 17],
    [83, 17],
    [85, 15],
    [85, 15],
    [80, 20],
    [82, 18],
    [82, 18],
    [77, 23],
    [79, 21],
    [70, 30],
    [83, 17],
    [80, 20],
    [78, 22],
    [75, 25],
    [88, 12],
    [77, 23]
  ],
  "real_prob": [
    [0.97175078832, 0.028249211682],
    [0.7223869441, 0.2776130559],
    [0.76717463836, 0.23282536164]
  ],
  "method": "exact",
  "prob": [
    [0.94265594314, 0.057344056864],
    [0.72101207235, 0.27898792765],
    [0.79031537707, 0.20968462293]
  ],
  "iterations": 13,
  "logLik": -140.244626195,
  "time": 0.06846,
  "message": "Converged",
  "status": 0,
  "cond_prob": [
    [
      [0.93494201631, 0.69275056005, 0.76832743218, 0.065057983685, 0.30724943995, 0.23167256782, 0.9658197804, 0.81562410324, 0.86695145184, 0.0341802196, 0.18437589676, 0.13304854816, 0.94963276746, 0.74763509634, 0.8133192198, 0.050367232539, 0.25236490366, 0.1866807802, 0.94884865553, 0.74383243427, 0.81044407033, 0.051151344475, 0.25616756573, 0.18955592967, 0.92972562257, 0.67429810409, 0.75292532146, 0.070274377431, 0.32570189591, 0.24707467854, 0.95064003101, 0.75137500353, 0.8163944936, 0.049359968993, 0.24862499647, 0.1836055064, 0.93632812523, 0.69771690068, 0.77245457477, 0.063671874771, 0.30228309932, 0.22754542523, 0.95070695697, 0.75128967847, 0.8164198683, 0.049293043025, 0.24871032153, 0.1835801317, 0.95293240539, 0.76074920633],
      [0.8238567704, 0.047067594609, 0.23925079367, 0.1761432296, 0.97601991595, 0.86433667675, 0.90373170733, 0.023980084049, 0.13566332325, 0.096268292675, 0.95561649434, 0.77196964607, 0.83272212166, 0.04438350566, 0.22803035393, 0.16727787834, 0.95656248695, 0.77527272444, 0.83550609587, 0.04343751305, 0.22472727556, 0.16449390413, 0.91304206079, 0.62228867067, 0.70779863276, 0.086957939213, 0.37771132933, 0.29220136724, 0.92619064635, 0.66272707364, 0.74302973278, 0.073809353648, 0.33727292636, 0.25697026722, 0.96160130598, 0.79687017029, 0.85243345749, 0.03839869402, 0.20312982971, 0.14756654251, 0.90648113071, 0.60309994735, 0.69082874541, 0.09351886929, 0.39690005265, 0.30917125459, 0.92362403342, 0.65546938499, 0.73652859215, 0.076375966579],
      [0.34453061501, 0.26347140785, 0.92807004307, 0.67121409987, 0.74966303959, 0.071929956934, 0.32878590013, 0.25033696041, 0.92162242006, 0.65018328717, 0.73169062569, 0.07837757994, 0.34981671283, 0.26830937431, 0.93585725801, 0.69794037578, 0.77214323929, 0.064142741992, 0.30205962422, 0.22785676071, 0.94732070477, 0.74008669091, 0.80682999425, 0.052679295229, 0.25991330909, 0.19317000575, 0.93562490616, 0.69690772584, 0.77133793207, 0.064375093843, 0.30309227416, 0.22866206793, 0.92847528364, 0.67266882605, 0.75087068419, 0.071524716359, 0.32733117395, 0.24912931581, 0.93117258173, 0.68162727763, 0.75848341809, 0.068827418268, 0.31837272237, 0.24151658191, 0.96333752678, 0.80637946169, 0.85931768531, 0.036662473223, 0.19362053831, 0.14068231469]
    ],
    [
      [0.95633635381, 0.77624397267, 0.83576359654, 0.043663646195, 0.22375602733, 0.16423640346, 0.95303499583, 0.7627783096, 0.82504745271, 0.046965004171, 0.2372216904, 0.17495254729, 0.9542656157, 0.76783136264, 0.82905965635, 0.045734384301, 0.23216863736, 0.17094034365, 0.94386450863, 0.72700323499, 0.79616124521, 0.056135491367, 0.27299676501, 0.20383875479, 0.93978691355, 0.71202050675, 0.78382710953, 0.060213086448, 0.28797949325, 0.21617289047, 0.95554791484, 0.77306159485, 0.83322178186, 0.044452085164, 0.22693840515, 0.16677821814, 0.95077038683, 0.75361022654, 0.81773343011, 0.049229613173, 0.24638977346, 0.18226656989, 0.92753660573, 0.66961151894, 0.74825710768, 0.072463394268, 0.33038848106, 0.25174289232, 0.92476911261, 0.66008587266],
      [0.74024705449, 0.075230887387, 0.33991412734, 0.25975294551, 0.95010220396, 0.75063122593, 0.81542698881, 0.049897796036, 0.24936877407, 0.18457301119, 0.95008564436, 0.75056001546, 0.81537125933, 0.049914355636, 0.24943998454, 0.18462874067, 0.95963359473, 0.79000526546, 0.84663288693, 0.040366405274, 0.20999473454, 0.15336711307, 0.95856902259, 0.78540790883, 0.84304277284, 0.041430977405, 0.21459209117, 0.15695722716, 0.943486917, 0.72535054776, 0.79487135739, 0.056513082998, 0.27464945224, 0.20512864261, 0.94592583477, 0.73439020602, 0.80229503574, 0.054074165228, 0.26560979398, 0.19770496426, 0.94486402618, 0.73030236713, 0.79897880477, 0.055135973817, 0.26969763287, 0.20102119523, 0.9304389629, 0.67890472611, 0.75624550636, 0.069561037095],
      [0.32109527389, 0.24375449364, 0.93497623495, 0.69435985514, 0.76928010304, 0.065023765055, 0.30564014486, 0.23071989696, 0.90049851869, 0.5883527243, 0.67711407378, 0.09950148131, 0.4116472757, 0.32288592622, 0.95079244797, 0.75340077555, 0.81764352203, 0.049207552025, 0.24659922445, 0.18235647797, 0.93743089465, 0.70299827879, 0.77649192784, 0.062569105353, 0.29700172121, 0.22350807216, 0.93320074717, 0.68828417402, 0.76416297485, 0.06679925283, 0.31171582598, 0.23583702515, 0.91824254748, 0.63948281369, 0.72246044938, 0.081757452521, 0.36051718631, 0.27753955062, 0.9666865709, 0.82109132126, 0.87074070261, 0.033313429103, 0.17890867874, 0.12925929739, 0.9322120305, 0.68497485831, 0.76135658192, 0.067787969503, 0.31502514169, 0.23864341808]
    ]
  ],
  "maxiter": 3600,
  "param_threshold": 0.001,
  "ll_threshold": "-Inf",
  "initial_prob": "random"
}
