{
  "W": [
    [59, 14, 13, 14],
    [58, 14, 15, 13],
    [59, 17, 10, 14],
    [61, 10, 15, 14],
    [60, 15, 13, 12],
    [64, 15, 10, 11],
    [54, 21, 17, 8],
    [74, 7, 13, 6],
    [65, 12, 14, 9],
    [55, 17, 15, 13],
    [68, 11, 7, 14],
    [67, 12, 11, 10],
    [42, 40, 11, 7],
    [10, 62, 14, 14],
    [10, 59, 11, 20],
    [15, 55, 19, 11],
    [12, 62, 13, 13],
    [13, 64, 10, 13],
    [13, 66, 10, 11],
    [9, 61, 13, 17],
    [8, 59, 15, 18],
    [18, 55, 15, 12],
    [20, 62, 11, 7],
    [17, 64, 11, 8],
    [17, 62, 12, 9],
    [15, 10, 60, 15],
    [20, 12, 52, 16],
    [13, 8, 69, 10],
    [14, 8, 65, 13],
    [9, 12, 67, 12],
    [12, 14, 62, 12],
    [10, 20, 62, 8],
    [8, 16, 60, 16],
    [11, 22, 56, 11],
    [16, 13, 62, 9],
    [8, 16, 62, 14],
    [13, 11, 66, 10],
    [10, 15, 48, 27],
    [9, 6, 13, 72],
    [7, 15, 13, 65],
    [14, 15, 12, 59],
    [11, 15, 11, 63],
    [11, 12, 8, 69],
    [7, 11, 12, 70],
    [15, 10, 10, 65],
    [11, 9, 14, 66],
    [18, 8, 12, 62],
    [10, 10, 19, 61],
    [11, 12, 11, 66],
    [19, 14, 6, 61]
  ],
  "X": [
    [34, 12, 14, 17, 23],
    [43, 10, 15, 11, 21],
    [32, 17, 15, 18, 18],
    [29, 13, 20, 16, 22],
    [35, 17, 12, 11, 25],
    [41, 6, 9, 21, 23],
    [28, 13, 14, 16, 29],
    [37, 1, 14, 24, 24],
    [33, 5, 22, 10, 30],
    [30, 7, 22, 16, 25],
    [34, 11, 11, 20, 24],
    [31, 14, 20, 15, 20],
    [25, 18, 12, 26, 19],
    [25, 17, 21, 25, 12],
    [23, 18, 16, 31, 12],
    [29, 18, 17, 19, 17],
    [21, 24, 12, 26, 17],
    [18, 21, 19, 27, 15],
    [23, 22, 12, 31, 12],
    [21, 24, 15, 21, 19],
    [25, 20, 15, 27, 13],
    [29, 20, 10, 26, 15],
    [32, 25, 7, 22, 14],
    [20, 22, 8, 37, 13],
    [22, 21, 17, 25, 15],
    [23, 15, 21, 4, 37],
    [21, 10, 17, 16, 36],
    [26, 5, 19, 12, 38],
    [24, 9, 17, 13, 37],
    [15, 5, 18, 10, 52],
    [29, 12, 13, 8, 38],
    [19, 4, 21, 23, 33],
    [26, 15, 19, 12, 28],
    [25, 7, 16, 14, 38],
    [23, 8, 14, 17, 38],
    [19, 11, 18, 9, 43],
    [27, 6, 17, 11, 39],
    [20, 16, 24, 10, 30],
    [19, 23, 20, 9, 29],
    [16, 23, 25, 15, 21],
    [16, 21, 24, 15, 24],
    [22, 27, 16, 18, 17],
    [15, 13, 24, 21, 27],
    [15, 30, 20, 11, 24],
    [18, 31, 21, 16, 14],
    [15, 28, 27, 10, 20],
    [26, 24, 21, 9, 20],
    [15, 22, 23, 13, 27],
    [20, 21, 31, 7, 21],
    [24, 21, 20, 14, 21]
  ],
  "real_prob": [
    [0.42978544559, 0.031755508362, 0.13457942498, 0.14811183054, 0.25576779052],
    [0.25384655295, 0.29410017407, 0.084976825813, 0.34659011783, 0.020486329344],
    [0.22432249695, 0.032863137913, 0.16276476375, 0.043039004961, 0.53701059642],
    [0.11716545849, 0.29124628735, 0.29639014468, 0.12165283376, 0.17354527571]
  ],
  "method": "mcmc",
  "mcmc_stepsize": 3000,
  "mcmc_samples": 1000,
  "prob": [
    [0.42423421117, 0.038505152349, 0.13301495054, 0.16476485987, 0.23948082606],
    [0.25312256193, 0.19564005579, 0.13490459355, 0.36748410694, 0.048848681792],
    [0.21015522445, 0.010142022932, 0.21732694312, 0.065365646459, 0.49701016305],
    [0.10288800245, 0.39811276893, 0.21475351279, 0.086385386726, 0.1978603291]
  ],
  "iterations": 27,
  "logLik": -1285.9570843474,
  "time": 0.786537,
  "message": "Converged",
  "status": 0,
  "cond_prob": [
    [
      [0.38682313123, 0.36559936989, 0.28028775473, 0.17252166196, 0.049933285853, 0.2129734134, 0.016399583202, 0.41850812611, 0.099981326234, 0.14134061652, 0.28070418438, 0.17665562315, 0.19318737426, 0.26730860949, 0.012106500804, 0.12158856254, 0.27007488242, 0.012777990714, 0.41050197688, 0.11072602625, 0.54594071579, 0.27873118556, 0.32469496932, 0.19713671895, 0.018614491068, 0.20626512359, 0.046563783898, 0.41032238687, 0.12255026923, 0.15946487722, 0.24077397036, 0.15753588833, 0.083404514725, 0.29797256047, 0.032053903753, 0.11616259562, 0.22949000919, 0.057566253151, 0.35591337267, 0.11884241023, 0.40832372361, 0.2418346786, 0.28741261742, 0.065970328322, 0.057548974584, 0.32298909798, 0.0011368869725, 0.57874478316, 0.11295087188, 0.14170311433],
      [0.44148352394, 0.108007884, 0.19050057569, 0.28431028294, 0.012288329518, 0.1288791378, 0.23067585424, 0.0091628261418, 0.25767864215, 0.11839786673, 0.38686323375, 0.15779118674, 0.20089959847, 0.0578526355, 0.062669587619, 0.22595127159, 0.0068648849758, 0.48676208319, 0.15387621297, 0.26522899035, 0.34516119179, 0.19884594487, 0.15853807623, 0.29389798904, 0.15040459718, 0.081009178703, 0.23805288943, 0.057130562266, 0.29666972759, 0.17553015773, 0.45392414828, 0.31860050238, 0.22412737197, 0.0059906443393, 0.066855571759, 0.32676036601, 0.0098850423598, 0.66322955447, 0.070198807887, 0.1346891667, 0.36087590292, 0.08969560736, 0.098445170945, 0.20995321376, 0.0062793415784, 0.1551966747, 0.31057630113, 0.0099967511501, 0.39883234117, 0.085887519138],
      [0.52525782133, 0.30140086544, 0.2360815262, 0.045606471918, 0.008018148807, 0.092700252529, 0.0028293403428, 0.369821935, 0.051324559688, 0.079679582394, 0.17944693753, 0.24777864262, 0.19680436356, 0.48120876635, 0.04830237639, 0.063942315755, 0.21859510662, 0.045010533293, 0.53333981954, 0.27285063471, 0.36343068439, 0.24634488267, 0.17953540873, 0.018674819824, 0.08380653288, 0.15423266958, 0.00067867569054, 0.65300295958, 0.12238436075, 0.084080632886, 0.21732903746, 0.24136969902, 0.12085317847, 0.40442682114, 0.040963574494, 0.035573044048, 0.30952524352, 0.11091499372, 0.56149330363, 0.051379477528, 0.43424258783, 0.21805672361, 0.20204090488, 0.11885327862, 0.0063199601859, 0.035854825897, 0.0011311194116, 0.044439102103, 0.10313587462, 0.1632343737],
      [0.22866919441, 0.37543418918, 0.23793793372, 0.5383585746, 0.10596010154, 0.20776692713, 0.21836364365, 0.044495502194, 0.46219867976, 0.25350650297, 0.4094204427, 0.30123214995, 0.14817974571, 0.077596553936, 0.020651066622, 0.045957410748, 0.0027940281867, 0.34078614955, 0.162376971, 0.31874520437, 0.31556334801, 0.35585195117, 0.10525898165, 0.22563744261, 0.0056933314234, 0.041201137928, 0.30229253803, 0.10842779232, 0.52776954667, 0.18456420742, 0.39636037707, 0.21724631999, 0.20876564169, 0.10580824584, 0.010035571863, 0.12093577799, 0.021303906436, 0.3132751327, 0.21876422845, 0.20103497419, 0.19318055997, 0.28097419036, 0.1210097885, 0.43792254258, 0.031659651173, 0.10960643391, 0.25383003412, 0.022860385249, 0.54509024073, 0.19033599719]
    ],
    [
      [0.42550317079, 0.27012391694, 0.16172738891, 0.068737826951, 0.042468836761, 0.19716487098, 0.015998090377, 0.41652277763, 0.084242499416, 0.12533406828, 0.16872735803, 0.19369598446, 0.20281503761, 0.32909981564, 0.16754917319, 0.10111680415, 0.24497045542, 0.07827732816, 0.4859979895, 0.21992660681, 0.3840585919, 0.15330291601, 0.3110743043, 0.00066220034224, 0.064723925831, 0.25771723851, 0.0012303873483, 0.65573558463, 0.18156387439, 0.23172037706, 0.35900666889, 0.11055025335, 0.14742206633, 0.34367662176, 0.038318536044, 0.057709819854, 0.22223154156, 0.013582846658, 0.29037010342, 0.17534214182, 0.41320047824, 0.1527665457, 0.12423550402, 0.024046791673, 0.076636187627, 0.24770061139, 0.025796481505, 0.6556420525, 0.10734311216, 0.12399985218],
      [0.12964285429, 0.15793197214, 0.20086104947, 0.38905992583, 0.16226193171, 0.030936805754, 0.2019591725, 0.086473064899, 0.55806322848, 0.13144237794, 0.65983896421, 0.26007031892, 0.15139697042, 0.011263785651, 0.010842251492, 0.14880093146, 0.0020879943214, 0.54547770099, 0.18833971646, 0.20563792344, 0.28795339118, 0.16683600755, 0.017886209513, 0.3527676151, 0.13468959505, 0.075992245569, 0.12309285832, 0.03272321108, 0.42387204903, 0.20043026024, 0.45555226944, 0.22749148931, 0.18760792456, 0.14793961331, 0.0012856605334, 0.13547819163, 0.00028146318428, 0.49954169966, 0.21366022407, 0.14572149718, 0.20447575967, 0.15082980348, 0.18485262324, 0.45095247584, 0.082630026201, 0.08181737023, 0.14464922272, 0.040356346034, 0.52500482639, 0.11987151333],
