{
  "W": [
    [79, 6, 9, 6],
    [76, 8, 6, 10],
    [83, 7, 6, 4],
    [72, 5, 10, 13],
    [77, 8, 6, 9],
    [69, 14, 5, 12],
    [74, 7, 9, 10],
    [82, 6, 6, 6],
    [79, 5, 8, 8],
    [75, 8, 8, 9],
    [77, 9, 7, 7],
    [77, 10, 6, 7],
    [42, 46, 7, 5],
    [7, 77, 4, 12],
    [9, 80, 9, 2],
    [2, 80, 8, 10],
    [8, 78, 8, 6],
    [9, 80, 6, 5],
    [8, 76, 12, 4],
    [10, 79, 3, 8],
    [6, 78, 11, 5],
    [6, 81, 9, 4],
    [6, 81, 6, 7],
    [8, 72, 12, 8],
    [10, 75, 8, 7],
    [8, 9, 77, 6],
    [9, 1, 86, 4],
    [8, 5, 79, 8],
    [6, 8, 76, 10],
    [8, 3, 82, 7],
    [10, 8, 78, 4],
    [7, 6, 75, 12],
    [18, 8, 68, 6],
    [13, 9, 73, 5],
    [8, 4, 80, 8],
    [8, 11, 73, 8],
    [8, 5, 78, 9],
    [4, 6, 43, 47],
    [5, 8, 8, 79],
    [8, 8, 5, 79],
    [8, 5, 5, 82],
    [7, 6, 3, 84],
    [11, 2, 15, 72],
    [7, 15, 15, 63],
    [6, 13, 10, 71],
    [8, 5, 2, 85],
    [4, 10, 8, 78],
    [7, 6, 7, 80],
    [8, 4, 8, 80],
    [5, 9, 7, 79]
  ],
  "X": [
    [74, 26],
    [82, 18],
    [74, 26],
    [75, 25],
    [82, 18],
    [76, 24],
    [81, 19],
    [72, 28],
    [73, 27],
    [72, 28],
    [80, 20],
    [76, 24],
    [72, 28],
    [72, 28],
    [75, 25],
    [77, 23],
    [73, 27],
    [75, 25],
    [68, 32],
    [82, 18],
    [75, 25],
    [72, 28],
    [72, 28],
    [64, 36],
    [74, 26],
    [27, 73],
    [28, 72],
    [26, 74],
    [29, 71],
    [31, 69],
    [26, 74],
    [27, 73],
    [33, 67],
    [38, 62],
    [26, 74],
    [32, 68],
    [33, 67],
    [57, 43],
    [83, 17],
    [89, 11],
    [88, 12],
    [90, 10],
    [85, 15],
    [81, 19],
    [84, 16],
    [93, 7],
    [87, 13],
    [89, 11],
    [88, 12],
    [82, 18]
  ],
  "real_prob": [
    [0.80920331201, 0.19079668799],
    [0.77637830884, 0.22362169116],
    [0.12276971399, 0.87723028601],
    [0.97011501514, 0.029884984857]
  ],
  "method": "exact",
  "prob": [
    [0.80193815352, 0.19806184648],
    [0.7668998858, 0.2331001142],
    [0.13603559128, 0.86396440872],
    [0.9511263694, 0.048873630603]
  ],
  "iterations": 9,
  "logLik": -129.7502076719,
  "time": 0.070651,
  "message": "Converged",
  "status": 0,
  "cond_prob": [
    [
      [0.79294064003, 0.75656013995, 0.1254981777, 0.94814083307, 0.20705935997, 0.24343986005, 0.8745018223, 0.051859166934, 0.8515383479, 0.82315738497, 0.17506075711, 0.96474619369, 0.1484616521, 0.17684261503, 0.82493924289, 0.035253806311, 0.7756327098, 0.73723050269, 0.11506590542, 0.94286903391, 0.2243672902, 0.26276949731, 0.88493409458, 0.057130966093, 0.79915021591, 0.76350985307, 0.12934547379, 0.95001388084, 0.20084978409, 0.23649014693, 0.87065452621, 0.049986119164, 0.85272234394, 0.82452397876, 0.17643928666, 0.96506132958, 0.14727765606, 0.17547602124, 0.82356071334, 0.034938670424, 0.77860834524, 0.74052374743, 0.11659271347, 0.9438106789, 0.22139165476, 0.25947625257, 0.88340728653, 0.056189321098, 0.86204316359, 0.83528656641],
      [0.18737975755, 0.96753821116, 0.13795683641, 0.16471343359, 0.81262024245, 0.032461788843, 0.7503046641, 0.7091848219, 0.10178873598, 0.93486269943, 0.2496953359, 0.2908151781, 0.89821126402, 0.065137300572, 0.7710070705, 0.7320670922, 0.11230589194, 0.94145735426, 0.2289929295, 0.2679329078, 0.88769410806, 0.058542645736, 0.75942096044, 0.71922574001, 0.10616503186, 0.93781131019, 0.24057903956, 0.28077425999, 0.89383496814, 0.062188689806, 0.84163312996, 0.81178447358, 0.16482962591, 0.96205447847, 0.15836687004, 0.18821552642, 0.83517037409, 0.03794552153, 0.79281031284, 0.7564176429, 0.12545734098, 0.94809791952, 0.20718968716, 0.2435823571, 0.87454265902, 0.051902080476, 0.77552633925, 0.73712750604, 0.11513433756, 0.94281762213],
      [0.22447366075, 0.26287249396, 0.88486566244, 0.057182377873, 0.75555885085, 0.71499703918, 0.1044888482, 0.93653005286, 0.24444114915, 0.28500296082, 0.8955111518, 0.063469947143, 0.83310404016, 0.80207139925, 0.15744809031, 0.95965944286, 0.16689595984, 0.19792860075, 0.84255190969, 0.040340557143, 0.83614745436, 0.8055316403, 0.15999699813, 0.96051978819, 0.16385254564, 0.1944683597, 0.84000300187, 0.039480211811, 0.80213141713, 0.76693156082, 0.13217049896, 0.95082048791, 0.19786858287, 0.23306843918, 0.86782950104, 0.04917951209, 0.81048629841, 0.77636530972, 0.13835662703, 0.95325175493, 0.18951370159, 0.22363469028, 0.86164337297, 0.046748245068, 0.78166174905, 0.74397649721, 0.11881092577, 0.94469027764, 0.21833825095, 0.25602350279],
      [0.88118907423, 0.055309722359, 0.85347728002, 0.82542983179, 0.17814082871, 0.96523100025, 0.14652271998, 0.17457016821, 0.82185917129, 0.034768999751, 0.84159955621, 0.8117853882, 0.16555486138, 0.96200778154, 0.15840044379, 0.1882146118, 0.83444513862, 0.037992218457, 0.80281757936, 0.76771023022, 0.13272248845, 0.95101586995, 0.19718242064, 0.23228976978, 0.86727751155, 0.048984130053, 0.77893586825, 0.74093893178, 0.11722781215, 0.94385206335, 0.22106413175, 0.25906106822, 0.88277218785, 0.056147936647, 0.73171975723, 0.68881663774, 0.093478090216, 0.92871336776, 0.26828024277, 0.31118336226, 0.90652190978, 0.071286632245, 0.80941391276, 0.77514406901, 0.13742519489, 0.95295059108, 0.19058608724, 0.22485593099, 0.86257480511, 0.047049408918]
    ],
    [
      [0.77250399873, 0.73353680684, 0.11123754938, 0.94214090774, 0.22749600127, 0.26646319316, 0.88876245062, 0.057859092257, 0.85591607932, 0.82827663295, 0.1814544409, 0.96584918401, 0.14408392068, 0.17172336705, 0.8185455591, 0.034150815992, 0.77001373715, 0.73073155891, 0.10955627012, 0.94141087113, 0.22998626285, 0.26926844109, 0.89044372988, 0.058589128869, 0.78263135912, 0.74483729475, 0.11701598793, 0.94522984047, 0.21736864088, 0.25516270525, 0.88298401207, 0.054770159534, 0.85628670866, 0.82869820296, 0.18173094213, 0.96595349534, 0.14371329134, 0.17130179704, 0.81826905787, 0.034046504661, 0.77181243619, 0.73277425421, 0.11092312421, 0.94191947898, 0.22818756381, 0.26722574579, 0.88907687579, 0.058080521016, 0.72742004813, 0.68365863395],
      [0.088953224371, 0.9278846693, 0.27257995187, 0.31634136605, 0.91104677563, 0.072115330701, 0.77230574948, 0.73334751401, 0.11146238491, 0.94204570389, 0.22769425052, 0.26665248599, 0.88853761509, 0.057954296106, 0.86719214726, 0.84133156296, 0.19603325019, 0.96881815098, 0.13280785274, 0.15866843704, 0.80396674981, 0.031181849022, 0.78015032032, 0.74205398801, 0.1154333617, 0.94448906864, 0.21984967968, 0.25794601199, 0.8845666383, 0.055510931362, 0.80246746733, 0.76718026473, 0.1305871365, 0.95105204811, 0.19753253267, 0.23281973527, 0.8694128635, 0.048947951892, 0.84845486096, 0.81965246525, 0.17229800955, 0.96387267121, 0.15154513904, 0.18034753475, 0.82770199045, 0.03612732879, 0.78279232265, 0.74482576904, 0.11538846194, 0.9454930262],
      [0.21720767735, 0.25517423096, 0.88461153806, 0.054506973797, 0.72431769569, 0.68013762463, 0.087389176593, 0.92706578622, 0.27568230431, 0.31986237537, 0.91261082341, 0.072934213775, 0.81744876049, 0.78371231914, 0.13660592047, 0.95579344001, 0.18255123951, 0.21628768086, 0.86339407953, 0.044206559992, 0.780189321, 0.74169955523, 0.11253453055, 0.94496725613, 0.219810679, 0.25830044477, 0.88746546945, 0.055032743865, 0.78936818407, 0.75195401611, 0.1175933624, 0.94773712533, 0.21063181593, 0.24804598389, 0.8824066376, 0.052262874671, 0.88992013293, 0.86756788594, 0.21910391599, 0.97484977814, 0.11007986707, 0.13243211406, 0.78089608401, 0.02515022186, 0.84013533733, 0.80980798973, 0.15821437352, 0.96188439984, 0.15986466267, 0.19019201027],
