{
  "W": [
    [35, 22, 22, 21],
    [41, 22, 17, 20],
    [35, 26, 22, 17],
    [40, 22, 17, 21],
    [42, 21, 22, 15],
    [34, 20, 20, 26],
    [44, 19, 19, 18],
    [37, 21, 25, 17],
    [31, 28, 24, 17],
    [39, 15, 24, 22],
    [48, 24, 15, 13],
    [39, 17, 17, 27],
    [28, 35, 21, 16],
    [19, 38, 24, 19],
    [26, 32, 18, 24],
    [20, 42, 17, 21],
    [24, 48, 13, 15],
    [19, 37, 23, 21],
    [24, 45, 18, 13],
    [20, 35, 24, 21],
    [22, 33, 24, 21],
    [15, 45, 21, 19],
    [22, 31, 18, 29],
    [22, 30, 18, 30],
    [17, 40, 28, 15],
    [17, 16, 41, 26],
    [21, 24, 37, 18],
    [17, 23, 44, 16],
    [15, 17, 48, 20],
    [20, 25, 33, 22],
    [23, 16, 42, 19],
    [21, 17, 36, 26],
    [16, 17, 47, 20],
    [14, 21, 45, 20],
    [18, 21, 40, 21],
    [20, 13, 43, 24],
    [18, 28, 40, 14],
    [26, 22, 27, 25],
    [20, 17, 20, 43],
    [23, 15, 20, 42],
    [15, 19, 18, 48],
    [21, 23, 17, 39],
    [22, 23, 16, 39],
    [22, 27, 21, 30],
    [21, 17, 17, 45],
    [20, 25, 12, 43],
    [21, 26, 23, 30],
    [28, 17, 17, 38],
    [20, 14, 23, 43],
    [28, 19, 12, 41]
  ],
  "X": [
    [27, 22, 51],
    [25, 18, 57],
    [21, 23, 56],
    [27, 19, 54],
    [22, 19, 59],
    [26, 21, 53],
    [26, 19, 55],
    [27, 14, 59],
    [26, 25, 49],
    [26, 19, 55],
    [18, 21, 61],
    [24, 18, 58],
    [24, 24, 52],
    [28, 27, 45],
    [23, 26, 51],
    [23, 27, 50],
    [29, 30, 41],
    [35, 26, 39],
    [27, 23, 50],
    [28, 31, 41],
    [28, 21, 51],
    [28, 22, 50],
    [29, 28, 43],
    [26, 24, 50],
    [20, 35, 45],
    [36, 25, 39],
    [35, 21, 44],
    [41, 23, 36],
    [43, 26, 31],
    [44, 14, 42],
    [33, 28, 39],
    [32, 22, 46],
    [42, 25, 33],
    [39, 27, 34],
    [32, 21, 47],
    [40, 24, 36],
    [35, 24, 41],
    [32, 22, 46],
    [29, 23, 48],
    [28, 22, 50],
    [26, 29, 45],
    [27, 22, 51],
    [24, 27, 49],
    [30, 23, 47],
    [34, 20, 46],
    [25, 23, 52],
    [30, 22, 48],
    [24, 23, 53],
    [28, 25, 47],
    [20, 21, 59]
  ],
  "real_prob": [
    [0.041755141627, 0.10506681874, 0.85317803964],
    [0.14195600826, 0.38950399922, 0.46853999252],
    [0.73662261685, 0.1553829479, 0.10799443524],
    [0.22810507847, 0.26946709302, 0.50242782851]
  ],
  "method": "exact",
  "prob": [
    [0.050792197302, 0.041164071006, 0.90804373169],
    [0.18789914237, 0.38945179019, 0.42264906744],
    [0.66179997991, 0.24439417383, 0.093805846259],
    [0.26110868042, 0.25618996497, 0.48270135461]
  ],
  "iterations": 75,
  "logLik": -255.6338389181,
  "time": 389.553608,
  "message": "Converged",
  "status": 0,
  "cond_prob": [
    [
      [0.056752379519, 0.19754008444, 0.67376921258, 0.27832677059, 0.046654260996, 0.41691010994, 0.24581036784, 0.27558335019, 0.89659335949, 0.38554980562, 0.080420419589, 0.44608987921, 0.057681863945, 0.21476315318, 0.70707007137, 0.29450314975, 0.038577037006, 0.36900129334, 0.20930631561, 0.2371052832, 0.90374109905, 0.41623555349, 0.08362361302, 0.46839156705, 0.03454871025, 0.13784131729, 0.58539077124, 0.19578376027, 0.039513801883, 0.40430981683, 0.29635603912, 0.26971346094, 0.92593748787, 0.45784886589, 0.11825318964, 0.53450277879, 0.068291864521, 0.23514874937, 0.72339693562, 0.32368119179, 0.04374775486, 0.38704702841, 0.20545948448, 0.24963066401, 0.88796038062, 0.37780422222, 0.0711435799, 0.4266881442, 0.038775559743, 0.1569764434],
      [0.62658668442, 0.21933427481, 0.036550121522, 0.38003064705, 0.26126463114, 0.24909529486, 0.92467431873, 0.46299290954, 0.11214868444, 0.53157043034, 0.052327022853, 0.19161244649, 0.67122180266, 0.26785370154, 0.042322157148, 0.39791638824, 0.24087439569, 0.26097042225, 0.90535082, 0.41047116527, 0.087903801651, 0.47117587621, 0.065576644246, 0.22094516743, 0.70313737093, 0.30872552357, 0.047380101027, 0.41053388695, 0.22519271847, 0.26869278067, 0.88704325473, 0.36852094562, 0.071669910606, 0.42258169576, 0.040030729558, 0.18557156342, 0.69828771497, 0.24498042943, 0.023126217562, 0.27529541935, 0.17859325277, 0.17048793085, 0.93684305288, 0.53913301723, 0.12311903225, 0.58453163972, 0.04946037911, 0.17471205962, 0.63908006569, 0.24922758834],
      [0.047591475327, 0.43103943316, 0.27279219491, 0.2887380858, 0.90294814556, 0.39424850722, 0.088127739402, 0.46203432587, 0.047933466409, 0.18150484296, 0.65956584942, 0.25356553543, 0.040261485075, 0.39189345346, 0.24592179564, 0.25678532658, 0.91180504852, 0.42660170358, 0.094512354932, 0.48964913799, 0.043636421457, 0.1573696968, 0.61227622512, 0.22649505155, 0.047258777794, 0.43788502829, 0.2922339978, 0.29529446306, 0.90910480075, 0.40474527491, 0.09548977708, 0.47821048539, 0.049947069939, 0.19311729397, 0.68122176438, 0.26623334372, 0.037187803739, 0.36954089969, 0.2246787557, 0.23881264861, 0.91286512632, 0.43734180634, 0.094099479921, 0.49495400767, 0.041826580786, 0.16483010566, 0.63681280402, 0.23042082222, 0.038168054148, 0.38523717396],
      [0.25716315178, 0.25297295049, 0.92000536507, 0.44993272038, 0.1060240442, 0.51660622729, 0.047316767807, 0.17745835425, 0.65122870855, 0.24884604973, 0.041502014827, 0.39839730774, 0.25345575713, 0.26260136068, 0.91118121737, 0.424144338, 0.09531553432, 0.48855258959, 0.043145198409, 0.16136142122, 0.62316809732, 0.22906806711, 0.043252724614, 0.41443267687, 0.27671376785, 0.27636398662, 0.91360207698, 0.42420590191, 0.10011813483, 0.49456794627, 0.040935346028, 0.16079153217, 0.62901293751, 0.22546803766, 0.038749340109, 0.38944196973, 0.26345060924, 0.25665667199, 0.92031531386, 0.4497664981, 0.10753645325, 0.51787529035, 0.087603765385, 0.25269233315, 0.72542573478, 0.35584953917, 0.060070801159, 0.4435137354, 0.22087795677, 0.29321520234]
    ],
    [
      [0.85232543346, 0.30379393146, 0.053696308444, 0.35093525849, 0.078625790199, 0.25188121073, 0.73418216382, 0.34763406768, 0.049080269229, 0.40264694397, 0.20385215475, 0.26099706661, 0.87229394057, 0.3454718453, 0.061965681434, 0.39136886571, 0.053060174257, 0.20815230479, 0.70464652231, 0.28277420773, 0.034607497922, 0.34730909737, 0.20331714226, 0.22160016211, 0.91233232782, 0.44453859783, 0.092036335428, 0.49562563016, 0.05506289209, 0.17828194127, 0.63456722878, 0.25853622491, 0.056183312469, 0.46582764822, 0.28770922297, 0.31749260532, 0.88875379544, 0.35589041051, 0.077723548255, 0.42397116977, 0.041675813277, 0.17820801151, 0.67212550571, 0.24148836148, 0.029938550617, 0.32786174499, 0.21406748433, 0.20877593704, 0.92838563611, 0.49393024349],
      [0.11380700997, 0.54973570148, 0.041896321263, 0.18401866225, 0.68606571908, 0.24649133049, 0.027256321287, 0.30615361422, 0.19766485324, 0.19280424329, 0.93084735745, 0.50982772353, 0.11626942768, 0.56070442622, 0.066458762607, 0.21108059977, 0.68263003359, 0.300243725, 0.054455204088, 0.44322471514, 0.24863938937, 0.29608656317, 0.8790860333, 0.34569468508, 0.06873057704, 0.40366971183, 0.047204012963, 0.1818990402, 0.66259458609, 0.25259459864, 0.038493482041, 0.38004734151, 0.23967975031, 0.24791625481, 0.914302505, 0.43805361829, 0.097725663608, 0.49948914655, 0.02585126076, 0.098679048822, 0.47962045156, 0.14559959803, 0.047289740088, 0.46178558346, 0.38973460831, 0.32080546984, 0.92685899915, 0.43953536772, 0.13064494013, 0.53359493213],
      [0.045649696057, 0.17124034614, 0.63937942991, 0.24113665395, 0.042149582241, 0.40553251259, 0.26370895879, 0.2685719073, 0.9122007217, 0.42322714127, 0.0969116113, 0.49029143875, 0.045132515163, 0.18557242935, 0.67693255597, 0.25288746146, 0.032677001321, 0.34446098887, 0.21824757068, 0.22064217357, 0.92219048352, 0.46996658177, 0.10481987336, 0.52647036497, 0.056521240403, 0.20892024775, 0.69610637367, 0.28783079834, 0.040005629495, 0.37913193436, 0.21980585392, 0.24552576473, 0.9034731301, 0.41194781788, 0.08408777241, 0.46664343693, 0.063558847567, 0.20783303425, 0.67960231474, 0.29462722985, 0.05211757269, 0.43718397346, 0.24913815417, 0.29137387303, 0.88432357974, 0.35498299229, 0.071259531092, 0.41399889712, 0.074442024161, 0.29925049286],
