{
  "W": [
    [40, 16, 15, 29],
    [48, 18, 18, 16],
    [35, 25, 17, 23],
    [42, 18, 19, 21],
    [36, 24, 26, 14],
    [41, 13, 26, 20],
    [38, 21, 25, 16],
    [49, 20, 10, 21],
    [39, 18, 26, 17],
    [35, 13, 21, 31],
    [49, 17, 15, 19],
    [37, 13, 29, 21],
    [20, 39, 24, 17],
    [23, 40, 19, 18],
    [19, 40, 18, 23],
    [18, 39, 27, 16],
    [22, 35, 17, 26],
    [16, 44, 14, 26],
    [23, 43, 17, 17],
    [21, 42, 18, 19],
    [17, 42, 20, 21],
    [23, 40, 17, 20],
    [17, 42, 24, 17],
    [19, 43, 11, 27],
    [20, 34, 25, 21],
    [19, 25, 41, 15],
    [20, 16, 44, 20],
    [18, 14, 46, 22],
    [19, 20, 41, 20],
    [25, 20, 36, 19],
    [17, 20, 40, 23],
    [14, 15, 47, 24],
    [22, 19, 41, 18],
    [19, 18, 42, 21],
    [16, 25, 43, 16],
    [22, 17, 40, 21],
    [24, 18, 39, 19],
    [24, 22, 28, 26],
    [15, 25, 18, 42],
    [28, 21, 11, 40],
    [21, 22, 23, 34],
    [23, 22, 15, 40],
    [13, 28, 24, 35],
    [25, 14, 24, 37],
    [16, 24, 17, 43],
    [19, 25, 15, 41],
    [20, 22, 14, 44],
    [20, 20, 24, 36],
    [24, 18, 17, 41],
    [20, 21, 22, 37]
  ],
  "X": [
    [52, 16, 32],
    [53, 19, 28],
    [47, 21, 32],
    [51, 23, 26],
    [64, 24, 12],
    [61, 17, 22],
    [60, 21, 19],
    [53, 25, 22],
    [50, 30, 20],
    [53, 17, 30],
    [54, 25, 21],
    [56, 17, 27],
    [68, 21, 11],
    [62, 20, 18],
    [57, 18, 25],
    [58, 22, 20],
    [56, 24, 20],
    [57, 24, 19],
    [58, 23, 19],
    [64, 20, 16],
    [66, 15, 19],
    [63, 22, 15],
    [74, 11, 15],
    [49, 22, 29],
    [45, 28, 27],
    [59, 26, 15],
    [61, 15, 24],
    [62, 14, 24],
    [58, 21, 21],
    [67, 12, 21],
    [52, 23, 25],
    [63, 14, 23],
    [60, 18, 22],
    [62, 15, 23],
    [62, 18, 20],
    [67, 13, 20],
    [58, 23, 19],
    [55, 20, 25],
    [52, 16, 32],
    [50, 16, 34],
    [54, 17, 29],
    [42, 20, 38],
    [50, 19, 31],
    [55, 13, 32],
    [36, 20, 44],
    [48, 18, 34],
    [48, 16, 36],
    [56, 12, 32],
    [58, 17, 25],
    [54, 18, 28]
  ],
  "real_prob": [
    [0.56121985415, 0.31558706202, 0.12319308383],
    [0.70028754464, 0.27173320701, 0.02797924835],
    [0.77253347125, 0.13520801127, 0.092258517471],
    [0.2481813269, 0.020768012918, 0.73105066018]
  ],
  "method": "exact",
  "prob": [
    [0.53298330259, 0.29486999302, 0.17214670439],
    [0.67204381729, 0.29568684197, 0.032269340745],
    [0.78886183272, 0.1258623606, 0.085275806679],
    [0.2621110474, 0.050780804418, 0.68710814818]
  ],
  "iterations": 60,
  "logLik": -274.815353892,
  "time": 209.70052,
  "message": "Converged",
  "status": 0,
  "cond_prob": [
    [
      [0.54956877936, 0.71290388045, 0.79893988885, 0.22850649674, 0.23910337842, 0.24595988393, 0.099074944468, 0.034978708727, 0.21132784221, 0.041136235613, 0.10198516668, 0.73651479453, 0.50026576307, 0.68247366769, 0.76422898783, 0.18416222333, 0.24548850588, 0.26558507064, 0.10700856849, 0.031866638329, 0.25424573104, 0.051941261672, 0.12876244368, 0.78397113834, 0.44331883641, 0.6243796427, 0.7213842151, 0.15699208701, 0.28498853456, 0.3184054442, 0.13220938527, 0.035552418938, 0.27169262902, 0.057214913093, 0.14640639963, 0.80745549405, 0.48881088405, 0.63470313017, 0.75953715206, 0.2197181256, 0.31822191215, 0.32770600117, 0.14098079853, 0.05034935699, 0.1929672038, 0.037590868657, 0.099482049417, 0.72993251741, 0.57834415639, 0.67609957263],
      [0.82282470998, 0.39712701197, 0.33248838598, 0.30821916977, 0.13499429909, 0.080236160991, 0.089167457629, 0.015681257605, 0.042180990933, 0.52263682704, 0.5904479424, 0.72560095323, 0.82617477234, 0.29391389444, 0.25168801164, 0.24525236171, 0.10043423049, 0.04406104138, 0.15786404596, 0.029146685064, 0.073390997166, 0.66202506418, 0.55312729018, 0.68444680633, 0.80415325376, 0.2814967935, 0.29230634437, 0.28684655264, 0.12124472681, 0.052341446126, 0.15456636544, 0.028706641023, 0.07460201943, 0.66616176037, 0.53063497228, 0.65477229017, 0.79042981883, 0.28567344603, 0.3255134791, 0.31853946057, 0.13836765001, 0.061684467266, 0.14385154862, 0.026688249259, 0.071202531167, 0.6526420867, 0.43857186738, 0.5561327718, 0.72426715922, 0.23849183177],
      [0.41325614035, 0.41565144901, 0.19453077846, 0.079028482597, 0.14817199227, 0.028215779184, 0.081202062317, 0.68247968564, 0.54861636085, 0.69172139463, 0.80027287994, 0.25807479876, 0.27488822374, 0.27483644203, 0.11419354814, 0.045418513284, 0.17649541541, 0.033442163345, 0.085533571922, 0.69650668796, 0.52577468648, 0.64958311851, 0.78729280444, 0.28340712008, 0.3303850051, 0.32370271139, 0.14115090524, 0.062680267253, 0.14384030842, 0.0267141701, 0.071556290319, 0.65391261267, 0.52947499842, 0.69106108031, 0.7861670802, 0.22032312803, 0.25835446272, 0.26742019576, 0.10932081669, 0.037815173828, 0.21217053886, 0.04151872393, 0.10451210311, 0.74186169814, 0.61916953353, 0.71039624239, 0.84643038592, 0.44687215378, 0.30367732569, 0.27628057457],
      [0.11847462328, 0.076948242294, 0.07715314078, 0.01332318304, 0.035094990793, 0.47617960393, 0.57187157773, 0.70399756405, 0.81553551377, 0.28843757713, 0.27402556651, 0.26757176213, 0.11155218469, 0.048613887538, 0.15410285575, 0.028430673815, 0.072912301535, 0.66294853533, 0.53044703533, 0.69546147165, 0.78651738753, 0.21503193423, 0.25173623615, 0.26185439535, 0.10650568552, 0.035901450413, 0.21781672852, 0.042684132995, 0.10697692695, 0.74906661536, 0.49302290609, 0.64593668685, 0.76193636216, 0.21011094531, 0.30199937351, 0.3139454418, 0.13317661189, 0.045273157845, 0.20497772039, 0.040117871354, 0.10488702595, 0.74461589685, 0.53122552416, 0.64192570579, 0.79234034878, 0.32214818602, 0.35134471499, 0.33672634893, 0.149421519, 0.074801085949]
    ],
    [
      [0.11742976085, 0.021347945282, 0.058238132218, 0.60305072803, 0.54009408106, 0.64968220989, 0.79814999658, 0.33070682752, 0.34546942199, 0.32961420261, 0.14561870132, 0.07426163518, 0.11443649695, 0.020703587494, 0.0562313021, 0.5950315373, 0.52225964805, 0.6631610597, 0.78328170721, 0.24448902973, 0.30106908745, 0.30327223042, 0.12890533744, 0.049606726124, 0.1766712645, 0.033566709886, 0.087812955355, 0.70590424414, 0.59773088887, 0.7138318383, 0.83210590747, 0.3415161995, 0.27874565017, 0.26402090334, 0.1107712893, 0.055977905199, 0.12352346096, 0.022147258357, 0.057122803236, 0.6025058953, 0.62594122577, 0.7613720511, 0.84590710176, 0.30777290384, 0.21781877298, 0.21014567983, 0.084021137332, 0.037644740944, 0.15624000125, 0.02848226907],
      [0.070071760909, 0.65458235522, 0.59047447432, 0.69512836193, 0.82910112229, 0.37596167672, 0.30712450093, 0.28674171025, 0.12308473958, 0.06870137479, 0.10240102475, 0.018129927819, 0.047814138135, 0.55533694849, 0.70162337853, 0.82492423763, 0.88460423629, 0.36441664197, 0.16199383923, 0.15104065357, 0.05831861227, 0.029573564026, 0.13638278223, 0.024035108795, 0.057077151443, 0.606009794, 0.4652036889, 0.63155987335, 0.74003928651, 0.18013419278, 0.29733007917, 0.32029453116, 0.13491774938, 0.040517348615, 0.23746623193, 0.048145595484, 0.1250429641, 0.77934845861, 0.37470446577, 0.52458962292, 0.66421815889, 0.14592426348, 0.38203487168, 0.42453729626, 0.19304462877, 0.052329465449, 0.24326066255, 0.050873080818, 0.14273721235, 0.80174627107],
      [0.47732628881, 0.58719765156, 0.75520181152, 0.28583899676, 0.39979116098, 0.39011353307, 0.1802633583, 0.084022128284, 0.12288255022, 0.02268881537, 0.064534830177, 0.63013887496, 0.53393027063, 0.6931645951, 0.78944580894, 0.22475727362, 0.25882010454, 0.2665474076, 0.10895819839, 0.038233932936, 0.20724962483, 0.040287997302, 0.10159599268, 0.73700879344, 0.55148653095, 0.70372855573, 0.80137883297, 0.24352801574, 0.25642740956, 0.25953866367, 0.10603010139, 0.039699121485, 0.1920860595, 0.036732780605, 0.092591065642, 0.71677286277, 0.49148238239, 0.62197595604, 0.76322438593, 0.24650578953, 0.34579503596, 0.34713821916, 0.15292998726, 0.060850022794, 0.16272258165, 0.030885824801, 0.083845626805, 0.69264418768, 0.62656545851, 0.77542786639],
