{
  "W": [
    [67, 18, 15],
    [65, 16, 19],
    [66, 12, 22],
    [61, 24, 15],
    [66, 21, 13],
    [67, 21, 12],
    [64, 17, 19],
    [65, 16, 19],
    [60, 19, 21],
    [67, 18, 15],
    [68, 15, 17],
    [68, 20, 12],
    [76, 12, 12],
    [66, 18, 16],
    [77, 14, 9],
    [61, 17, 22],
    [51, 30, 19],
    [19, 69, 12],
    [19, 65, 16],
    [18, 60, 22],
    [16, 65, 19],
    [15, 65, 20],
    [16, 68, 16],
    [15, 71, 14],
    [15, 67, 18],
    [19, 67, 14],
    [12, 73, 15],
    [14, 67, 19],
    [15, 73, 12],
    [13, 74, 13],
    [20, 59, 21],
    [14, 70, 16],
    [27, 51, 22],
    [24, 31, 45],
    [15, 16, 69],
    [23, 14, 63],
    [15, 16, 69],
    [11, 16, 73],
    [14, 21, 65],
    [18, 12, 70],
    [16, 9, 75],
    [13, 23, 64],
    [18, 19, 63],
    [25, 19, 56],
    [20, 19, 61],
    [14, 13, 73],
    [17, 16, 67],
    [14, 16, 70],
    [12, 17, 71],
    [16, 18, 66]
  ],
  "X": [
    [37, 9, 54],
    [36, 5, 59],
    [44, 11, 45],
    [34, 9, 57],
    [29, 15, 56],
    [24, 15, 61],
    [40, 8, 52],
    [34, 10, 56],
    [37, 10, 53],
    [34, 11, 55],
    [38, 9, 53],
    [28, 13, 59],
    [36, 12, 52],
    [40, 9, 51],
    [21, 10, 69],
    [44, 6, 50],
    [40, 11, 49],
    [39, 3, 58],
    [46, 4, 50],
    [46, 7, 47],
    [46, 1, 53],
    [43, 7, 50],
    [40, 3, 57],
    [40, 0, 60],
    [40, 2, 58],
    [42, 7, 51],
    [44, 2, 54],
    [45, 3, 52],
    [46, 4, 50],
    [38, 6, 56],
    [45, 6, 49],
    [39, 1, 60],
    [38, 11, 51],
    [53, 5, 42],
    [77, 1, 22],
    [71, 7, 22],
    [76, 4, 20],
    [74, 2, 24],
    [72, 6, 22],
    [74, 4, 22],
    [73, 7, 20],
    [68, 4, 28],
    [73, 7, 20],
    [62, 6, 32],
    [63, 3, 34],
    [74, 1, 25],
    [63, 4, 33],
    [75, 1, 24],
    [74, 3, 23],
    [70, 5, 25]
  ],
  "real_prob": [
    [0.19698427907, 0.14671388461, 0.65630183633],
    [0.330041583, 0.015579861726, 0.65437855527],
    [0.93211781116, 0.019233615668, 0.048648573173]
  ],
  "method": "mcmc",
  "mcmc_stepsize": 3000,
  "mcmc_samples": 100,
  "prob": [
    [0.24462306664, 0.11401866708, 0.64135826628],
    [0.36460426425, 0.029796814796, 0.60559892096],
    [0.86999882318, 0.042172624074, 0.087828552746]
  ],
  "iterations": 12,
  "logLik": -463.618938317,
  "time": 0.050915,
  "message": "Converged",
  "status": 0,
  "cond_prob": [
    [
      [0.26852722153, 0.39671328833, 0.79118913116, 0.10358779452, 0.055464614313, 0.070750313956, 0.62788498395, 0.54782209736, 0.13806055488, 0.23292690569, 0.3272040044, 0.82234142421, 0.050796316711, 0.045836552819, 0.050781819405, 0.7162767776, 0.62695944278, 0.12687675638, 0.30738389006, 0.42498673178, 0.84603738522, 0.13757542851, 0.026137299973, 0.073017005384, 0.55504068143, 0.54887596825, 0.080945609399, 0.23481602131, 0.30290271814, 0.82710383098, 0.11671891584, 0.037460975412, 0.065405514912, 0.64846506285, 0.65963630645, 0.1074906541, 0.18250680655, 0.35419190184, 0.7320400638, 0.17999297959, 0.078122126911, 0.11383836014, 0.63750021386, 0.56768597125, 0.15412157606, 0.16280386191, 0.2070483114, 0.72867722604, 0.20323324734, 0.0096578087149],
      [0.098379870453, 0.63396289075, 0.78329387988, 0.17294290351, 0.26667453177, 0.41795549144, 0.83303087434, 0.091644028743, 0.062030281274, 0.05685617783, 0.64168143949, 0.52001422728, 0.11011294783, 0.19273214293, 0.36155255568, 0.82566156939, 0.12176036386, 0.069525237167, 0.051219608141, 0.68550749321, 0.56892220715, 0.12311882247, 0.21068866324, 0.39778067859, 0.80004034822, 0.11703410628, 0.060720098338, 0.086870083553, 0.67227723048, 0.54149922307, 0.11308956823, 0.22319686873, 0.40063959279, 0.78895314167, 0.13092678179, 0.066473720337, 0.068758576941, 0.64587634948, 0.53288668687, 0.14228828139, 0.2555855684, 0.43698345491, 0.82737820737, 0.10876197437, 0.044797012883, 0.054837091139, 0.63565245723, 0.51821953221, 0.11778470149, 0.17741884768],
      [0.36981820297, 0.71159619155, 0.15207450293, 0.068608237479, 0.10723075426, 0.67050664939, 0.56157355956, 0.18117305419, 0.27097525396, 0.4611618368, 0.8226615548, 0.1323096486, 0.079868987234, 0.082169904949, 0.59671509744, 0.45896917597, 0.09516854025, 0.29186587405, 0.42970804839, 0.81263171512, 0.10722265756, 0.05205520953, 0.061644426824, 0.60091146839, 0.51823674208, 0.12572385805, 0.17135272913, 0.16314555823, 0.61353356018, 0.11591424616, 0.034843004573, 0.065200109045, 0.71273302471, 0.8020114372, 0.32126633077, 0.31145191167, 0.36045728792, 0.85789361333, 0.064982938368, 0.057106451067, 0.048419595065, 0.62356514996, 0.58243626101, 0.093686791608, 0.24888557729, 0.38876381241, 0.82336427294, 0.16585338047, 0.050270737359, 0.054387130272]
    ],
    [
      [0.58526104224, 0.56096545023, 0.12224859679, 0.27604728491, 0.33605875939, 0.88058726574, 0.046699711033, 0.02331157682, 0.042017224148, 0.67725300406, 0.64062966379, 0.077395510114, 0.26874569524, 0.41165614273, 0.88351140706, 0.070850593429, 0.029853987842, 0.044583094695, 0.66040371133, 0.55848986943, 0.071905498245, 0.30210918576, 0.37098450943, 0.8319529132, 0.18105586844, 0.034204709392, 0.076759627478, 0.51683494579, 0.59481078118, 0.091287459327, 0.27134643128, 0.38269769268, 0.88332142501, 0.013585282793, 0.0031538315886, 0.030401916951, 0.71506828593, 0.61414847573, 0.086276658043, 0.22191711967, 0.3600946502, 0.81325454711, 0.1856409764, 0.038223485116, 0.086542941075, 0.59244190393, 0.60168186469, 0.10020251182, 0.28142800827, 0.32143623225],
      [0.85246800467, 0.056358431579, 0.019663324981, 0.047572437252, 0.66221356015, 0.65890044277, 0.099959558077, 0.23191565896, 0.33629796471, 0.90315068723, 0, 0, 0, 0.76808434104, 0.66370203529, 0.096849312766, 0.18993765661, 0.32582121202, 0.85116188586, 0.027990184869, 0.0097552141978, 0.051474881984, 0.78207215852, 0.66442357378, 0.097363232156, 0.27208391763, 0.38123792986, 0.80624744746, 0.17558244857, 0.03504135831, 0.094011605029, 0.5523336338, 0.58372071183, 0.099740947515, 0.22901218905, 0.38434464663, 0.87964630185, 0.039974379425, 0.010795424596, 0.04881609676, 0.73101343153, 0.60485992878, 0.071537601394, 0.27076922247, 0.36479397227, 0.88252814439, 0.068621617056, 0.018455514767, 0.04225146694, 0.66060916048],
      [0.61675051296, 0.075220388669, 0.28427504243, 0.42261868304, 0.90705920845, 0.065865616915, 0.034989289414, 0.038149801587, 0.64985934066, 0.54239202754, 0.054790989965, 0.20819316652, 0.3426438121, 0.76444974921, 0.1437643203, 0.038787749444, 0.096982336714, 0.64804251318, 0.61856843845, 0.13856791408, 0.25282888276, 0.38883651272, 0.80962229019, 0.089575523034, 0.041776162725, 0.083033139932, 0.6575955942, 0.56938732455, 0.10734456988, 0.23327541911, 0.31761283176, 0.84382786935, 0.01665941609, 0.0028773097755, 0.035334780653, 0.7500651648, 0.67950985847, 0.12083735, 0.19556518718, 0.31324047286, 0.76111253773, 0.21063747275, 0.047644163888, 0.13104253988, 0.59379734006, 0.63911536325, 0.10784492239, 0.28906042277, 0.23939168182, 0.85869794927]
    ],
    [
      [0.071798404439, 0.041861781711, 0.043980512454, 0.63914117279, 0.71874653647, 0.09732153828, 0.3445255946, 0.45044590312, 0.93659393668, 0.012755773867, 0.0034670982385, 0.010915794495, 0.64271863153, 0.54608699865, 0.052490268821, 0.29374123321, 0.46162743046, 0.91716139063, 0.20194711629, 0.022497891921, 0.032384854579, 0.5043116505, 0.51587467762, 0.050453754791, 0.35934997188, 0.44827273878, 0.91938241451, 0.088096356325, 0.055622119149, 0.025921749982, 0.5525536718, 0.49610514207, 0.054695835505, 0.28090839067, 0.36080597592, 0.89228920668, 0.032787527393, 0.0050997337841, 0.021338924084, 0.68630408194, 0.6340942903, 0.086371869231, 0.32677750119, 0.39476502488, 0.90976999171, 0.15211640152, 0.054370497994, 0.041978306475, 0.52110609729, 0.55086447713],
