{
  "W": [
    [70, 14, 16],
    [63, 19, 18],
    [70, 15, 15],
    [66, 15, 19],
    [73, 12, 15],
    [67, 17, 16],
    [64, 17, 19],
    [69, 9, 22],
    [73, 18, 9],
    [65, 24, 11],
    [67, 13, 20],
    [67, 17, 16],
    [64, 19, 17],
    [64, 18, 18],
    [58, 24, 18],
    [72, 11, 17],
    [49, 35, 16],
    [21, 56, 23],
    [14, 64, 22],
    [18, 65, 17],
    [11, 75, 14],
    [18, 70, 12],
    [16, 70, 14],
    [12, 68, 20],
    [12, 68, 20],
    [21, 60, 19],
    [17, 60, 23],
    [14, 71, 15],
    [16, 67, 17],
    [13, 72, 15],
    [17, 65, 18],
    [15, 67, 18],
    [13, 73, 14],
    [15, 36, 49],
    [18, 19, 63],
    [10, 19, 71],
    [13, 19, 68],
    [20, 11, 69],
    [25, 12, 63],
    [17, 16, 67],
    [21, 13, 66],
    [10, 25, 65],
    [17, 14, 69],
    [14, 22, 64],
    [18, 18, 64],
    [19, 9, 72],
    [27, 16, 57],
    [24, 17, 59],
    [12, 17, 71],
    [18, 16, 66]
  ],
  "X": [
    [67, 21, 12],
    [53, 24, 23],
    [57, 29, 14],
    [60, 23, 17],
    [59, 28, 13],
    [55, 31, 14],
    [52, 33, 15],
    [62, 25, 13],
    [60, 22, 18],
    [55, 28, 17],
    [59, 29, 12],
    [59, 26, 15],
    [60, 28, 12],
    [58, 27, 15],
    [52, 25, 23],
    [62, 27, 11],
    [52, 30, 18],
    [47, 45, 8],
    [42, 53, 5],
    [46, 46, 8],
    [32, 60, 8],
    [42, 49, 9],
    [38, 56, 6],
    [38, 56, 6],
    [31, 59, 10],
    [38, 46, 16],
    [40, 55, 5],
    [37, 57, 6],
    [47, 48, 5],
    [40, 48, 12],
    [46, 44, 10],
    [45, 45, 10],
    [42, 49, 9],
    [26, 55, 19],
    [31, 47, 22],
    [18, 65, 17],
    [18, 67, 15],
    [31, 50, 19],
    [23, 54, 23],
    [31, 56, 13],
    [28, 59, 13],
    [23, 61, 16],
    [21, 60, 19],
    [20, 60, 20],
    [30, 59, 11],
    [27, 58, 15],
    [26, 63, 11],
    [40, 43, 17],
    [24, 62, 14],
    [26, 58, 16]
  ],
  "real_prob": [
    [0.75624761465, 0.063068379038, 0.18068400631],
    [0.42470133732, 0.53802824777, 0.037270414908],
    [0.088461635352, 0.70020495401, 0.21133341064]
  ],
  "method": "mcmc",
  "mcmc_stepsize": 3000,
  "mcmc_samples": 100,
  "prob": [
    [0.78269771084, 0.042502696515, 0.17479959264],
    [0.3506105355, 0.58973864623, 0.05965081827],
    [0.11210993599, 0.71731913664, 0.17057092737]
  ],
  "iterations": 19,
  "logLik": -510.2093521187,
  "time": 0.057937,
  "message": "Converged",
  "status": 0,
  "cond_prob": [
    [
      [0.84946352095, 0.38206551135, 0.13678977341, 0.018466128855, 0.56221802115, 0.73976991775, 0.1320703502, 0.055716467496, 0.12344030884, 0.74646019844, 0.22466071399, 0.094691885147, 0.021133138883, 0.64496343149, 0.578572614, 0.23240666268, 0.13037585451, 0.32673550085, 0.76063915665, 0.1663877036, 0.083962898696, 0.070176458418, 0.7965968637, 0.80924633035, 0.16918438493, 0.037015432699, 0.10679077095, 0.79764067489, 0.35116262573, 0.10990926689, 0.023448424116, 0.5675031931, 0.68104505852, 0.17891090099, 0.081334181171, 0.20904567458, 0.76538251339, 0.16779386444, 0.074236676608, 0.084631224171, 0.81264569442, 0.8046781535, 0.14998626244, 0.019560441138, 0.1210851699, 0.75854467188, 0.17690152712, 0.073136313942, 0.071932435481, 0.7709042534],
      [0.81719715719, 0.16952289264, 0.052194219483, 0.10966652887, 0.74826278071, 0.16711491366, 0.066854131706, 0.063074370284, 0.77316689162, 0.83260016549, 0.18866284901, 0.05971819472, 0.10054570281, 0.83892109482, 0.21933858533, 0.097290781349, 0.030723404605, 0.7351638223, 0.73925503098, 0.13035550058, 0.045497592369, 0.16345418767, 0.7455604228, 0.30443576429, 0.010471708682, 0.040257951919, 0.65054889814, 0.81680992705, 0.21418162528, 0.045015337567, 0.17271836427, 0.75691999172, 0.23396100309, 0.016830587635, 0.043972079342, 0.6939127979, 0.77162797211, 0.19910792894, 0.07212619901, 0.21154144025, 0.81908944875, 0.2039608472, 0.073475796013, 0.040945672393, 0.7520199837, 0.82401900808, 0.13996487886, 0.044019169098, 0.10250519591, 0.79451740767],
      [0.29057455936, 0.05172288606, 0.035990952685, 0.63455605064, 0.80007208182, 0.16949163964, 0.074869389995, 0.14820503212, 0.83234181273, 0.29834153837, 0.062449103313, 0.027986461631, 0.65162858652, 0.81340725364, 0.13967172564, 0.050029875117, 0.12414364305, 0.79857207855, 0.32280005384, 0.060054777995, 0.031247579522, 0.58537035408, 0.80352714096, 0.17018034193, 0.091829592078, 0.13641808105, 0.73945490413, 0.29618181398, 0.11129177917, 0.0095087260532, 0.56801263803, 0.60089947645, 0.25103636982, 0.13580554799, 0.28780874438, 0.81910177282, 0.17893647343, 0.062139479382, 0.057271268651, 0.81307014458, 0.81957041569, 0.12362695853, 0.0079933819865, 0.11829010493, 0.69416754516, 0.47574024688, 0.083430102911, 0.088483504536, 0.44146044639, 0.63832454087]
    ],
    [
      [0.21734895031, 0.08279930673, 0.27824535622, 0.90903838468, 0.44448135643, 0.13127121572, 0.0050042486136, 0.51940111724, 0.68732383537, 0.085957366711, 0.036117526323, 0.18140494891, 0.88745465606, 0.39991005134, 0.18097234225, 0.030297138282, 0.57442239281, 0.71876395109, 0.082248205658, 0.025667555848, 0.10026370666, 0.91405734542, 0.41424587535, 0.15417564027, 0.016606492509, 0.51718783963, 0.71081609169, 0.069336162069, 0.068566285016, 0.13500826804, 0.74742180381, 0.29998273919, 0.091403908487, 0.036108503183, 0.64936679555, 0.77859262847, 0.21646969301, 0.050650465258, 0.13000346304, 0.83973207497, 0.36438131654, 0.11484420776, 0.023223245096, 0.56146114909, 0.77330842936, 0.13704467994, 0.074157534379, 0.11184736289, 0.87694982133, 0.30895252024],
      [0.16729474586, 0.027945275581, 0.64738314975, 0.73114679344, 0.09510490309, 0.043664330012, 0.1015584607, 0.86844813775, 0.35891078209, 0.15863445824, 0.037850222563, 0.59155196727, 0.76601317775, 0.093701639684, 0.049537250642, 0.075352364006, 0.78942757045, 0.29043727511, 0.088856722364, 0.01129285561, 0.655062253, 0.71601262643, 0.19927957394, 0.05450047189, 0.19513065121, 0.67393728811, 0.37162725697, 0.081562185869, 0.0040111997183, 0.55840616404, 0.65323131388, 0.32205151217, 0.069966578996, 0.26520650025, 0.91915034647, 0.35282264046, 0.1393515514, 0.0094930486687, 0.61232437785, 0.78691980442, 0.071356604856, 0.034852981688, 0.073728644181, 0.87779135613, 0.31353933151, 0.16330856513, 0.033661000687, 0.63642365466, 0.75617776729, 0.088547643182],
      [0.050037013829, 0.080513667573, 0.89569543111, 0.43650371699, 0.20136023905, 0.0082980563357, 0.53250305843, 0.71703095198, 0.096006512552, 0.030993224578, 0.081608808966, 0.76693736795, 0.3887411, 0.13603033444, 0.017237319069, 0.53556493919, 0.61434928204, 0.21582531298, 0.075693960814, 0.24962038351, 0.90194977614, 0.44316550557, 0.10339421909, 0.0062242386087, 0.49200755659, 0.66187204251, 0.091825985251, 0.064826937841, 0.23473373839, 0.89058315172, 0.43956191053, 0.12170026215, 0.0074727420831, 0.49823622869, 0.6392267526, 0.1019441062, 0.062201860783, 0.23907298525, 0.84647184481, 0.39654846154, 0.14627345179, 0.035863009642, 0.53366569611, 0.68401321847, 0.11766514555, 0.069785842349, 0.16971332974, 0.73764162749, 0.27775184694, 0.100741002]
    ],
    [
      [0.029321937225, 0.60238733032, 0.67090259286, 0.23303643528, 0.11986082274, 0.22835640514, 0.75197894284, 0.45753452474, 0.13922576284, 0.022883843984, 0.46708254266, 0.59862734123, 0.22513721317, 0.075382932595, 0.26214689593, 0.76289270466, 0.22605437864, 0.085578024779, 0.041528946903, 0.65039728266, 0.73559383325, 0.19557834844, 0.12354833871, 0.17882814197, 0.65471372475, 0.22384524559, 0.076995028117, 0.055809983827, 0.69276225074, 0.78105863891, 0.28947629142, 0.083392503666, 0.14194633297, 0.72139718769, 0.56492167353, 0.15011475127, 0.025835016484, 0.39801868429, 0.65369701657, 0.25276779582, 0.037059642183, 0.19618823217, 0.62556141194, 0.24689278925, 0.069813511595, 0.053912613285, 0.71973532151, 0.69865652079, 0.32052597477, 0.03337188924],
