{
  "W": [
    [82, 7, 9, 2],
    [74, 9, 9, 8],
    [84, 3, 4, 9],
    [82, 6, 6, 6],
    [77, 6, 6, 11],
    [82, 7, 5, 6],
    [87, 7, 5, 1],
    [81, 5, 8, 6],
    [78, 7, 8, 7],
    [83, 6, 7, 4],
    [82, 5, 4, 9],
    [80, 4, 9, 7],
    [44, 42, 7, 7],
    [8, 81, 6, 5],
    [4, 78, 11, 7],
    [8, 80, 7, 5],
    [7, 79, 8, 6],
    [7, 85, 3, 5],
    [7, 83, 4, 6],
    [4, 78, 13, 5],
    [4, 80, 10, 6],
    [5, 81, 10, 4],
    [9, 80, 8, 3],
    [5, 83, 5, 7],
    [10, 79, 7, 4],
    [8, 6, 80, 6],
    [6, 7, 82, 5],
    [7, 8, 78, 7],
    [5, 3, 85, 7],
    [9, 8, 78, 5],
    [7, 8, 79, 6],
    [9, 5, 84, 2],
    [2, 9, 84, 5],
    [5, 7, 81, 7],
    [3, 9, 81, 7],
    [13, 2, 76, 9],
    [7, 6, 78, 9],
    [8, 6, 40, 46],
    [7, 6, 4, 83],
    [4, 9, 8, 79],
    [9, 9, 6, 76],
    [5, 7, 2, 86],
    [6, 3, 7, 84],
    [3, 8, 8, 81],
    [7, 7, 7, 79],
    [3, 8, 7, 82],
    [3, 9, 6, 82],
    [9, 7, 3, 81],
    [5, 8, 5, 82],
    [6, 4, 2, 88]
  ],
  "X": [
    [92, 8],
    [88, 12],
    [93, 7],
    [92, 8],
    [87, 13],
    [87, 13],
    [89, 11],
    [80, 20],
    [92, 8],
    [91, 9],
    [90, 10],
    [83, 17],
    [77, 23],
    [64, 36],
    [59, 41],
    [57, 43],
    [52, 48],
    [51, 49],
    [67, 33],
    [57, 43],
    [55, 45],
    [58, 42],
    [59, 41],
    [54, 46],
    [67, 33],
    [69, 31],
    [67, 33],
    [68, 32],
    [66, 34],
    [71, 29],
    [54, 46],
    [64, 36],
    [54, 46],
    [61, 39],
    [59, 41],
    [72, 28],
    [64, 36],
    [67, 33],
    [60, 40],
    [74, 26],
    [64, 36],
    [60, 40],
    [62, 38],
    [62, 38],
    [55, 45],
    [61, 39],
    [65, 35],
    [73, 27],
    [70, 30],
    [73, 27]
  ],
  "real_prob": [
    [0.94076238539, 0.059237614612],
    [0.53642707041, 0.46357292959],
    [0.63243053013, 0.36756946987],
    [0.64881242043, 0.35118757957]
  ],
  "method": "exact",
  "prob": [
    [0.95072237701, 0.049277622987],
    [0.54958290879, 0.45041709121],
    [0.6232470119, 0.3767529881],
    [0.6412477023, 0.3587522977]
  ],
  "iterations": 8,
  "logLik": -151.8295182818,
  "time": 0.045734,
  "message": "Converged",
  "status": 0,
  "cond_prob": [
    [
      [0.96878479015, 0.65482900154, 0.72221964509, 0.73793369578, 0.031215209855, 0.34517099846, 0.27778035491, 0.26206630422, 0.96032880035, 0.59879762479, 0.67109069189, 0.68833424053, 0.039671199654, 0.40120237521, 0.32890930811, 0.31166575947, 0.96951079623, 0.65926973824, 0.72636869467, 0.74197879149, 0.030489203772, 0.34073026176, 0.27363130533, 0.25802120851, 0.968155635, 0.65004784406, 0.71797832429, 0.73384681998, 0.031844365, 0.34995215594, 0.28202167571, 0.26615318002, 0.94980646418, 0.53759184181, 0.61380001192, 0.63241373958, 0.050193535815, 0.46240815819, 0.38619998808, 0.36758626042, 0.94087566647, 0.49316049712, 0.57091838523, 0.59024665731, 0.059124333534, 0.50683950288, 0.42908161477, 0.40975334269, 0.94269649563, 0.49989979],
      [0.57779980052, 0.59710734755, 0.05730350437, 0.50010021, 0.42220019948, 0.40289265245, 0.89375395251, 0.34068636036, 0.41336689905, 0.43259380874, 0.10624604749, 0.65931363964, 0.58663310095, 0.56740619126, 0.97259192842, 0.68555232936, 0.74909295898, 0.76374565794, 0.027408071577, 0.31444767064, 0.25090704102, 0.23625434206, 0.96185540513, 0.60608647906, 0.67826203006, 0.69541207231, 0.038144594868, 0.39391352094, 0.32173796994, 0.30458792769, 0.95714878031, 0.57707078654, 0.65136331077, 0.66922142651, 0.042851219687, 0.42292921346, 0.34863668923, 0.33077857349, 0.91834888834, 0.40827487628, 0.48504536257, 0.50479730923, 0.081651111661, 0.59172512372, 0.51495463743, 0.49520269077, 0.95997660207, 0.60076531576, 0.67211793915, 0.68915152469],
      [0.040023397931, 0.39923468424, 0.32788206085, 0.31084847531, 0.95999218073, 0.60278663052, 0.67361822154, 0.69052723061, 0.040007819266, 0.39721336948, 0.32638177846, 0.30947276939, 0.95263676755, 0.55974204952, 0.63356708895, 0.65147644123, 0.04736323245, 0.44025795048, 0.36643291105, 0.34852355877, 0.94626609187, 0.52643028765, 0.60189612847, 0.62043507077, 0.053733908126, 0.47356971235, 0.39810387153, 0.37956492923, 0.93510268278, 0.47597439884, 0.55264817923, 0.57185304641, 0.064897317218, 0.52402560116, 0.44735182077, 0.42814695359, 0.93376004788, 0.47046983016, 0.54718306551, 0.56643898099, 0.066239952116, 0.52953016984, 0.45281693449, 0.43356101901, 0.96554133568, 0.63947628506, 0.70693477704, 0.72282331361, 0.034458664316, 0.36052371494],
      [0.29306522296, 0.27717668639, 0.94877683071, 0.53922095903, 0.61411700259, 0.63242736788, 0.05122316929, 0.46077904097, 0.38588299741, 0.36757263212, 0.94487189032, 0.51976730134, 0.59545504461, 0.61409631422, 0.055128109676, 0.48023269866, 0.40454495539, 0.38590368578, 0.95060760509, 0.54876193294, 0.62319428037, 0.64132565076, 0.049392394912, 0.45123806706, 0.37680571963, 0.35867434924, 0.94987988575, 0.54478230875, 0.61944148204, 0.63765482394, 0.050120114254, 0.45521769125, 0.38055851796, 0.36234517606, 0.94235369302, 0.50782781167, 0.58389795853, 0.60271905343, 0.057646306975, 0.49217218833, 0.41610204147, 0.39728094657, 0.96391669763, 0.62823909624, 0.69682419087, 0.71304377114, 0.036083302366, 0.37176090376, 0.30317580913, 0.28695622886]
    ],
    [
      [0.9594152657, 0.59891045578, 0.67010585609, 0.68712444203, 0.040584734303, 0.40108954422, 0.32989414391, 0.31287555797, 0.95691084629, 0.58382950184, 0.6561471816, 0.67353190371, 0.043089153714, 0.41617049816, 0.3438528184, 0.32646809629, 0.95831676848, 0.59221914231, 0.66392637695, 0.68111029713, 0.041683231523, 0.40778085769, 0.33607362305, 0.31888970287, 0.95493983121, 0.57239298742, 0.64548475909, 0.66313105126, 0.045060168793, 0.42760701258, 0.35451524091, 0.33686894874, 0.96285165027, 0.62085944447, 0.69018402433, 0.70662113887, 0.037148349733, 0.37914055553, 0.30981597567, 0.29337886113, 0.9257242517, 0.43971625061, 0.51629955174, 0.535755941, 0.0742757483, 0.56028374939, 0.48370044826, 0.464244059, 0.94864393552, 0.53818879521],
      [0.6131927382, 0.63153529792, 0.051356064483, 0.46181120479, 0.3868072618, 0.36846470208, 0.93143431411, 0.46136272685, 0.53807022489, 0.55739358795, 0.068565685886, 0.53863727315, 0.46192977511, 0.44260641205, 0.94513860182, 0.52088841994, 0.59656452801, 0.61519446893, 0.054861398176, 0.47911158006, 0.40343547199, 0.38480553107, 0.94255935592, 0.50874568719, 0.58479483867, 0.60360411642, 0.057440644079, 0.49125431281, 0.41520516133, 0.39639588358, 0.96179477283, 0.6137636978, 0.68375762136, 0.70039570385, 0.038205227174, 0.3862363022, 0.31624237864, 0.29960429615, 0.94995551143, 0.54505929421, 0.61972463085, 0.63793716091, 0.050044488573, 0.45494070579, 0.38027536915, 0.36206283909, 0.95415424056, 0.56779174577, 0.64120202921, 0.65895509636],
      [0.045845759438, 0.43220825423, 0.35879797079, 0.34104490364, 0.9374851923, 0.48591488574, 0.56248687486, 0.58159237157, 0.0625148077, 0.51408511426, 0.43751312514, 0.41840762843, 0.96825369455, 0.65853261107, 0.72402528547, 0.73934163846, 0.03174630545, 0.34146738893, 0.27597471453, 0.26065836154, 0.94626320636, 0.52616628762, 0.60168436793, 0.62023721509, 0.053736793638, 0.47383371238, 0.39831563207, 0.37976278491, 0.93936060483, 0.49414403579, 0.57056345609, 0.5895704862, 0.060639395169, 0.50585596421, 0.42943654391, 0.4104295138, 0.94264147912, 0.50894799617, 0.58502178656, 0.60383517418, 0.057358520878, 0.49105200383, 0.41497821344, 0.39616482582, 0.94600585747, 0.52512826841, 0.60064622282, 0.61920724071, 0.053994142526, 0.47487173159],
