{
  "W": [
    [52, 15, 14, 19],
    [74, 13, 8, 5],
    [56, 14, 16, 14],
    [70, 10, 12, 8],
    [65, 11, 11, 13],
    [69, 14, 7, 10],
    [58, 14, 12, 16],
    [67, 11, 16, 6],
    [57, 17, 11, 15],
    [61, 12, 13, 14],
    [66, 11, 13, 10],
    [61, 12, 15, 12],
    [32, 33, 22, 13],
    [14, 63, 12, 11],
    [13, 58, 14, 15],
    [16, 51, 15, 18],
    [13, 60, 9, 18],
    [16, 54, 17, 13],
    [16, 58, 11, 15],
    [11, 64, 11, 14],
    [10, 62, 14, 14],
    [7, 66, 12, 15],
    [9, 61, 13, 17],
    [9, 68, 10, 13],
    [14, 61, 11, 14],
    [8, 15, 63, 14],
    [9, 17, 68, 6],
    [16, 13, 53, 18],
    [11, 14, 64, 11],
    [15, 9, 64, 12],
    [13, 10, 66, 11],
    [14, 14, 58, 14],
    [13, 14, 63, 10],
    [12, 12, 66, 10],
    [12, 12, 64, 12],
    [17, 16, 57, 10],
    [15, 11, 59, 15],
    [10, 14, 42, 34],
    [13, 13, 12, 62],
    [11, 14, 14, 61],
    [14, 16, 13, 57],
    [9, 15, 12, 64],
    [10, 12, 14, 64],
    [14, 12, 8, 66],
    [18, 16, 15, 51],
    [17, 10, 13, 60],
    [9, 19, 13, 59],
    [13, 14, 6, 67],
    [15, 12, 12, 61],
    [6, 13, 12, 69]
  ],
  "X": [
    [18, 21, 32, 18, 11],
    [15, 33, 30, 12, 10],
    [10, 29, 42, 11, 8],
    [8, 29, 41, 15, 7],
    [9, 30, 36, 16, 9],
    [16, 33, 30, 14, 7],
    [12, 30, 32, 14, 12],
    [15, 35, 31, 10, 9],
    [18, 21, 38, 14, 9],
    [8, 34, 34, 15, 9],
    [12, 40, 27, 12, 9],
    [10, 25, 37, 21, 7],
    [24, 22, 29, 15, 10],
    [44, 17, 21, 13, 5],
    [43, 13, 22, 16, 6],
    [33, 13, 42, 7, 5],
    [44, 17, 24, 11, 4],
    [35, 22, 30, 10, 3],
    [47, 17, 24, 10, 2],
    [48, 12, 25, 10, 5],
    [43, 13, 31, 8, 5],
    [46, 10, 27, 16, 1],
    [41, 18, 23, 11, 7],
    [48, 10, 31, 9, 2],
    [42, 17, 29, 9, 3],
    [21, 20, 34, 12, 13],
    [9, 21, 30, 26, 14],
    [19, 25, 32, 12, 12],
    [17, 18, 31, 18, 16],
    [13, 30, 28, 12, 17],
    [11, 27, 37, 16, 9],
    [14, 23, 32, 15, 16],
    [14, 18, 32, 14, 22],
    [10, 20, 42, 17, 11],
    [15, 28, 30, 12, 15],
    [16, 23, 36, 8, 17],
    [16, 23, 35, 17, 9],
    [15, 26, 27, 20, 12],
    [23, 28, 17, 26, 6],
    [21, 29, 24, 22, 4],
    [22, 26, 29, 19, 4],
    [35, 26, 18, 16, 5],
    [24, 30, 19, 25, 2],
    [25, 23, 10, 34, 8],
    [25, 28, 28, 15, 4],
    [23, 33, 24, 15, 5],
    [34, 15, 22, 22, 7],
    [23, 32, 14, 28, 3],
    [25, 28, 18, 25, 4],
    [28, 23, 25, 22, 2]
  ],
  "real_prob": [
    [0.016650208267, 0.40346258223, 0.38134800105, 0.11544118705, 0.083098021401],
    [0.5811958291, 0.050339835489, 0.30246024857, 0.061391738552, 0.0046123482902],
    [0.069890531188, 0.20757794864, 0.33860959845, 0.16158662115, 0.22233530058],
    [0.28512332623, 0.25933987529, 0.10585341765, 0.33135620447, 0.01832717635]
  ],
  "method": "mult",
  "prob": [
    [0.023823363646, 0.37208516126, 0.38159520621, 0.12575141131, 0.096744857569],
    [0.62847788156, 0.049527178454, 0.25902524744, 0.056659096487, 0.00631059606],
    [0.042562204457, 0.22312544561, 0.38228327653, 0.14738324038, 0.20464583304],
    [0.25688832914, 0.30226055322, 0.1283130225, 0.2979873781, 0.014550717026]
  ],
  "iterations": 23,
  "logLik": -7387.0271629704,
  "time": 0.000127,
  "message": "Converged",
  "status": 0,
  "cond_prob": [
    [
      [0.028014478257, 0.65775361525, 0.045371149215, 0.28346232813, 0.28062630473, 0.033008578695, 0.15373335227, 0.21610884519, 0.40270258219, 0.23978344228, 0.37051935351, 0.12799894757, 0.15502928683, 0.061540573707, 0.16713411844, 0.35331505026, 0.13362734799, 0.0079137900594, 0.26324202657, 0.01911482885, 0.032247717036, 0.71881953114, 0.0562443275, 0.31624358109, 0.40140395998, 0.044177749964, 0.23680324453, 0.2979274134, 0.33338315827, 0.18565028318, 0.33018198657, 0.10219833494, 0.12190575256, 0.045198668249, 0.14150766402, 0.26831059238, 0.11105941215, 0.0061537674677, 0.23526277738, 0.015320078194, 0.015915781496, 0.51240461672, 0.028610256011, 0.20250631979, 0.34934181225, 0.056090749697, 0.21240056649, 0.3377114878, 0.46207019008, 0.37557395788],
      [0.47181355423, 0.18442372808, 0.091070937201, 0.049329098537, 0.10896841847, 0.26069431126, 0.081601278968, 0.0066015771698, 0.1782072048, 0.01466415308, 0.018033738091, 0.54579318274, 0.032343401754, 0.20348051847, 0.33497144392, 0.04978685674, 0.20317747803, 0.2854818851, 0.4397745031, 0.33069461881, 0.44780717196, 0.15478615706, 0.13665313896, 0.068442529927, 0.16307271058, 0.34506889466, 0.070567175935, 0.0052828117866, 0.15359923767, 0.011182544709, 0.017282503549, 0.54775540721, 0.030281580878, 0.19558968029, 0.34994823351, 0.054929620007, 0.20740439479, 0.30008899557, 0.39950870041, 0.31727066522, 0.39752910749, 0.14144514434, 0.13686873315, 0.072427327653, 0.15959120808, 0.34751568274, 0.096391829388, 0.0076169799146, 0.20519370876, 0.015360497052],
      [0.029804949142, 0.69334626939, 0.053768206598, 0.29001930825, 0.40710936667, 0.047088715921, 0.24844540849, 0.30061005601, 0.34620871986, 0.202622062, 0.3547294826, 0.10555751027, 0.13363703597, 0.052098389908, 0.16046804938, 0.29239686646, 0.083239928361, 0.0048445627802, 0.18258885293, 0.011416259025, 0.019032249392, 0.58737324845, 0.032205081193, 0.22050352687, 0.36413499254, 0.056119699915, 0.20842858135, 0.32068303886, 0.36604010525, 0.28551473747, 0.35184111884, 0.13307191814, 0.1165177327, 0.060574636573, 0.13123703311, 0.30377445149, 0.13427492013, 0.010417677592, 0.2762881855, 0.021967064632, 0.034668001718, 0.73452570913, 0.062941559303, 0.34218305236, 0.43367048292, 0.045166078411, 0.26625582406, 0.32343920302, 0.34396932854, 0.18129768672],
      [0.35457215142, 0.10596035366, 0.097677601975, 0.03428501986, 0.11800441589, 0.21592824168, 0.090014584849, 0.0047255058798, 0.19822604933, 0.012489149282, 0.027249829719, 0.6377552933, 0.04539588031, 0.29372250351, 0.27591340988, 0.032368502591, 0.15548238376, 0.22639475436, 0.46023995693, 0.27333633697, 0.43558484048, 0.15589653163, 0.12641614905, 0.05003366355, 0.14020253438, 0.30719694332, 0.11018065442, 0.0065062035936, 0.22333436107, 0.016789267189, 0.01399896469, 0.50644610739, 0.02519123569, 0.16495304398, 0.39597431037, 0.071172062778, 0.24102304631, 0.35397366842, 0.3724670187, 0.33877874651, 0.38067649372, 0.13746506165, 0.12395188361, 0.07513041922, 0.14844872208, 0.32805652974, 0.093607822628, 0.0084726640998, 0.2046605022, 0.015551696209]
    ],
    [
      [0.024773654412, 0.67687833784, 0.045880650237, 0.25899142312, 0.47606356974, 0.064227402212, 0.29819695492, 0.37669423131, 0.29799630756, 0.20343049803, 0.31338882995, 0.097370412788, 0.10804492787, 0.049135524818, 0.13315646226, 0.25324457731, 0.093121540416, 0.0063282371061, 0.20937710264, 0.013699355469, 0.018899305609, 0.55314805052, 0.033096110059, 0.19331255471, 0.3058575253, 0.044401153807, 0.18115747605, 0.23719492184, 0.41709786187, 0.30644171283, 0.41482309205, 0.13356133897, 0.1852333787, 0.090676375563, 0.21588059245, 0.42541835226, 0.072911928513, 0.0053327072804, 0.15504272939, 0.010512832224, 0.02221336661, 0.6187044712, 0.03792246446, 0.23354763577, 0.36206809566, 0.051083941905, 0.20884875741, 0.29109005745, 0.35404410936, 0.25368086977],
      [0.34352333246, 0.11754624026, 0.14253490213, 0.068042441307, 0.16208658417, 0.34001714178, 0.11913952624, 0.0084882758091, 0.2476188615, 0.017798924734, 0.023905979909, 0.65787222342, 0.042302311237, 0.23331921328, 0.43334311676, 0.060493429877, 0.25817097735, 0.32401078587, 0.28186883339, 0.20138424209, 0.28356291329, 0.087107865289, 0.15273196491, 0.072635773478, 0.18015446267, 0.34063776199, 0.10815010503, 0.0076143311331, 0.23580933545, 0.014924373577, 0.02656560899, 0.66082064461, 0.043782859345, 0.24984746829, 0.33429873061, 0.042218583682, 0.18562717424, 0.24088205298, 0.32456807566, 0.20944884484, 0.30410657377, 0.096616540528, 0.18428225661, 0.079213853133, 0.20240858975, 0.3953096894, 0.13028532813, 0.0082980737388, 0.26407480289, 0.017344248803],
