{
  "W": [
    [60, 11, 15, 14],
    [68, 9, 13, 10],
    [55, 13, 13, 19],
    [62, 12, 15, 11],
    [64, 9, 16, 11],
    [61, 15, 13, 11],
    [64, 13, 11, 12],
    [57, 16, 14, 13],
    [56, 6, 24, 14],
    [64, 10, 7, 19],
    [64, 10, 15, 11],
    [68, 11, 10, 11],
    [36, 32, 16, 16],
    [11, 60, 14, 15],
    [17, 65, 7, 11],
    [11, 68, 12, 9],
    [18, 59, 16, 7],
    [11, 69, 4, 16],
    [14, 63, 13, 10],
    [12, 63, 11, 14],
    [15, 65, 13, 7],
    [6, 67, 19, 8],
    [15, 61, 8, 16],
    [12, 62, 14, 12],
    [11, 58, 10, 21],
    [11, 15, 61, 13],
    [14, 10, 59, 17],
    [12, 13, 59, 16],
    [9, 10, 56, 25],
    [12, 12, 60, 16],
    [19, 8, 65, 8],
    [13, 14, 62, 11],
    [9, 12, 67, 12],
    [9, 8, 68, 15],
    [13, 13, 65, 9],
    [12, 11, 65, 12],
    [9, 18, 63, 10],
    [17, 12, 30, 41],
    [13, 13, 10, 64],
    [15, 13, 7, 65],
    [10, 11, 11, 68],
    [8, 20, 12, 60],
    [11, 15, 13, 61],
    [12, 17, 18, 53],
    [10, 13, 14, 63],
    [15, 12, 15, 58],
    [14, 12, 18, 56],
    [16, 16, 13, 55],
    [14, 12, 6, 68],
    [21, 13, 10, 56]
  ],
  "X": [
    [17, 6, 24, 23, 30],
    [23, 2, 24, 22, 29],
    [18, 4, 24, 14, 40],
    [11, 6, 33, 21, 29],
    [16, 2, 35, 14, 33],
    [14, 5, 28, 29, 24],
    [13, 10, 27, 16, 34],
    [10, 11, 24, 20, 35],
    [8, 6, 26, 26, 34],
    [15, 8, 27, 25, 25],
    [11, 6, 24, 18, 41],
    [13, 5, 22, 19, 41],
    [22, 10, 13, 23, 32],
    [15, 16, 3, 30, 36],
    [30, 19, 11, 21, 19],
    [25, 15, 8, 22, 30],
    [19, 19, 8, 26, 28],
    [28, 18, 7, 22, 25],
    [31, 15, 8, 22, 24],
    [28, 11, 11, 18, 32],
    [22, 16, 8, 18, 36],
    [33, 18, 4, 26, 19],
    [26, 14, 11, 19, 30],
    [26, 17, 11, 27, 19],
    [20, 18, 6, 25, 31],
    [24, 11, 11, 27, 27],
    [13, 15, 11, 39, 22],
    [20, 10, 9, 28, 33],
    [15, 15, 12, 31, 27],
    [20, 12, 13, 33, 22],
    [16, 9, 16, 33, 26],
    [19, 13, 9, 29, 30],
    [21, 9, 9, 38, 23],
    [16, 17, 6, 33, 28],
    [25, 7, 14, 33, 21],
    [16, 10, 16, 36, 22],
    [12, 11, 5, 33, 39],
    [10, 8, 18, 29, 35],
    [7, 10, 23, 33, 27],
    [7, 6, 20, 30, 37],
    [7, 11, 20, 27, 35],
    [10, 10, 15, 35, 30],
    [11, 8, 19, 38, 24],
    [12, 10, 19, 28, 31],
    [7, 9, 25, 29, 30],
    [10, 7, 18, 30, 35],
    [8, 9, 18, 28, 37],
    [8, 5, 18, 36, 33],
    [10, 6, 9, 40, 35],
    [6, 7, 14, 29, 44]
  ],
  "real_prob": [
    [0.11553702162, 0.011167020674, 0.35313472046, 0.16352204835, 0.35663918889],
    [0.3336508168, 0.19759035511, 0.021850110123, 0.20033606384, 0.24657265413],
    [0.16948117127, 0.14323162677, 0.050633343656, 0.35860892403, 0.27804493427],
    [0.0063455626208, 0.057323114427, 0.228015689, 0.36725212374, 0.34106351021]
  ],
  "method": "mult",
  "prob": [
    [0.1190244176, 0.018204146333, 0.36329326968, 0.1376754626, 0.36180270379],
    [0.33332290884, 0.21855990177, 0.013720652118, 0.1887351222, 0.24566141507],
    [0.19249792683, 0.12495676016, 0.060456968256, 0.38403260845, 0.2380557363],
    [0.015311332848, 0.056146726374, 0.19829215133, 0.36990003171, 0.36034975774]
  ],
  "iterations": 17,
  "logLik": -7498.4285809914,
  "time": 9.2e-05,
  "message": "Converged",
  "status": 0,
  "cond_prob": [
    [
      [0.147788639, 0.3856593619, 0.22492666648, 0.019975130667, 0.018362781167, 0.20319503934, 0.11663173485, 0.05516014126, 0.34760943156, 0.012626375065, 0.05401405576, 0.18705538666, 0.15136227316, 0.19037242324, 0.39854427767, 0.4065875304, 0.33487687511, 0.20814680046, 0.20588326523, 0.33122181102, 0.20097500499, 0.52188350941, 0.30500153883, 0.028581359694, 0.0069358994187, 0.07672136844, 0.044033756337, 0.021942987671, 0.32037004915, 0.011589141932, 0.049678571709, 0.1814949402, 0.15491085622, 0.19388098889, 0.40706864268, 0.43824855767, 0.31680819022, 0.19592499132, 0.19421749044, 0.32973215477, 0.14920367424, 0.43949481317, 0.27530064575, 0.023116077981, 0.010818302583, 0.13483295139, 0.083212780285, 0.037242126516, 0.33815200941, 0.013853856262],
      [0.063668095153, 0.20855726261, 0.08334957907, 0.11828990079, 0.26593285765, 0.25657413635, 0.4184764347, 0.29352847838, 0.31188562116, 0.47451039655, 0.087519605649, 0.28641360785, 0.15506667203, 0.012131392942, 0.017199115282, 0.23870062976, 0.12716761785, 0.052965828878, 0.45136650129, 0.020574315484, 0.081671780414, 0.24903708613, 0.13538543318, 0.21368097499, 0.41523009464, 0.37299135597, 0.3085293446, 0.24063047192, 0.22086383506, 0.31287433608, 0.12716930993, 0.45423037819, 0.26385841096, 0.020517643925, 0.0059701922027, 0.090634973324, 0.051758699704, 0.021417572559, 0.44618410157, 0.022192702262, 0.094555073853, 0.28667917831, 0.086189075728, 0.14837962742, 0.30947685515, 0.27645484713, 0.33448732057, 0.2845623188, 0.28035096033, 0.39493075808],
      [0.11248534342, 0.33326003511, 0.16916412592, 0.014148030184, 0.014102117184, 0.17693656499, 0.088428540544, 0.03938333605, 0.40719550166, 0.016807938333, 0.062535913168, 0.20378841489, 0.19861873623, 0.28395624823, 0.51724902736, 0.49650286713, 0.26759830149, 0.18903921334, 0.16262239301, 0.24617735175, 0.10933737361, 0.28169877069, 0.17629165662, 0.015111472064, 0.030838989332, 0.33723500883, 0.20759789207, 0.094720371724, 0.37516124834, 0.013465223059, 0.061789924931, 0.20644288378, 0.11146111651, 0.1384836383, 0.3112058561, 0.30633608333, 0.37320127222, 0.22911735912, 0.24311467029, 0.3773891891, 0.080086056096, 0.2180303826, 0.12751757576, 0.01041173095, 0.02940853122, 0.33852042947, 0.19507963612, 0.084862744378, 0.36411774345, 0.013804379554],
      [0.059179177771, 0.18830044212, 0.13231112627, 0.17381841584, 0.36466526219, 0.34171557217, 0.39407654296, 0.25582639253, 0.25355834816, 0.37470951038, 0.069976649534, 0.22204776802, 0.11649786813, 0.0089860373121, 0.018054856527, 0.2428806953, 0.12543543714, 0.051542389068, 0.38242660614, 0.016874028705, 0.064960746565, 0.19551412774, 0.15289662677, 0.23367756058, 0.43986419897, 0.38993514414, 0.37664526103, 0.28451994739, 0.25324174919, 0.35402230174, 0.14748459912, 0.34560745959, 0.20417124656, 0.018926550384, 0.029116005628, 0.29041682266, 0.16859627141, 0.083188702902, 0.37162660037, 0.012113456878, 0.052540183885, 0.19010798217, 0.17548159744, 0.19788586626, 0.42025240519, 0.44811063074, 0.27629119744, 0.15397639461, 0.15443989296, 0.25966613381]
    ],
    [
      [0.092262064502, 0.27164236459, 0.15651154662, 0.012428586465, 0.01878882401, 0.23502169458, 0.13314431323, 0.056267392211, 0.32674998183, 0.013398355357, 0.056615542839, 0.17527242628, 0.119265427, 0.16927655722, 0.35018599639, 0.31941439843, 0.44293370265, 0.31066102826, 0.30354260092, 0.43661719662, 0.11210236142, 0.31214286349, 0.17880475714, 0.014754054007, 0.016873727035, 0.1999987029, 0.11254588652, 0.049393481187, 0.2915779029, 0.011311574179, 0.047522781568, 0.1528629976, 0.13584615765, 0.1823410748, 0.37529364388, 0.35573434731, 0.443599851, 0.29420578463, 0.2858329309, 0.42725511989, 0.1505522105, 0.37793500619, 0.22495766974, 0.020099229966, 0.018550459368, 0.19550093306, 0.11499030764, 0.054803844997, 0.28463908803, 0.0099216688236],
      [0.043244533555, 0.15057515751, 0.14469634084, 0.17569964398, 0.37419095036, 0.38290885095, 0.40156190127, 0.24094274794, 0.2426165387, 0.39161291658, 0.084182112361, 0.2085961929, 0.11162086705, 0.0092802856234, 0.021447241459, 0.22232463306, 0.11769070475, 0.052185779657, 0.14870096032, 0.005024416008, 0.019703003656, 0.064211833969, 0.19942758256, 0.23971913733, 0.45796133034, 0.4350499599, 0.54624210331, 0.32433562069, 0.29302409421, 0.43927214085, 0.14545677277, 0.38710248004, 0.23123129976, 0.020802726772, 0.022735190181, 0.25318252186, 0.14958508108, 0.07175402581, 0.43590697582, 0.015894598817, 0.069523391853, 0.24468139071, 0.13957828787, 0.18030009384, 0.38478158944, 0.3953937072, 0.25632277336, 0.16352030545, 0.16487863786, 0.2673681495],
