{
  "W": [
    [62, 11, 12, 15],
    [57, 17, 13, 13],
    [62, 12, 12, 14],
    [63, 11, 17, 9],
    [61, 16, 10, 13],
    [56, 11, 18, 15],
    [73, 5, 7, 15],
    [61, 14, 11, 14],
    [66, 15, 9, 10],
    [63, 12, 14, 11],
    [61, 12, 11, 16],
    [62, 17, 11, 10],
    [41, 37, 10, 12],
    [11, 62, 9, 18],
    [9, 73, 11, 7],
    [14, 51, 20, 15],
    [14, 67, 13, 6],
    [11, 67, 13, 9],
    [12, 57, 12, 19],
    [13, 63, 10, 14],
    [8, 67, 15, 10],
    [9, 62, 14, 15],
    [19, 57, 14, 10],
    [13, 66, 10, 11],
    [15, 61, 12, 12],
    [14, 11, 61, 14],
    [12, 12, 70, 6],
    [13, 19, 58, 10],
    [8, 14, 67, 11],
    [16, 14, 59, 11],
    [15, 10, 59, 16],
    [14, 12, 59, 15],
    [10, 14, 62, 14],
    [12, 12, 69, 7],
    [11, 19, 59, 11],
    [15, 11, 63, 11],
    [13, 17, 60, 10],
    [14, 9, 39, 38],
    [13, 9, 12, 66],
    [12, 17, 13, 58],
    [18, 11, 15, 56],
    [11, 10, 17, 62],
    [9, 10, 12, 69],
    [10, 14, 9, 67],
    [14, 14, 17, 55],
    [11, 10, 9, 70],
    [11, 9, 10, 70],
    [16, 11, 14, 59],
    [12, 13, 15, 60],
    [10, 5, 14, 71]
  ],
  "X": [
    [5, 19, 39, 22, 15],
    [4, 16, 42, 25, 13],
    [7, 15, 38, 28, 12],
    [7, 21, 43, 15, 14],
    [5, 23, 31, 29, 12],
    [4, 21, 36, 22, 17],
    [6, 26, 35, 25, 8],
    [10, 25, 29, 19, 17],
    [5, 26, 34, 20, 15],
    [6, 21, 37, 20, 16],
    [6, 26, 35, 18, 15],
    [6, 16, 39, 21, 18],
    [15, 12, 38, 21, 14],
    [13, 24, 23, 34, 6],
    [11, 20, 26, 35, 8],
    [9, 18, 32, 26, 15],
    [4, 18, 27, 41, 10],
    [14, 16, 27, 35, 8],
    [16, 13, 23, 33, 15],
    [9, 17, 30, 34, 10],
    [13, 17, 26, 31, 13],
    [19, 15, 23, 29, 14],
    [9, 17, 32, 28, 14],
    [9, 19, 28, 33, 11],
    [12, 17, 24, 32, 15],
    [6, 8, 53, 14, 19],
    [2, 14, 51, 12, 21],
    [10, 14, 40, 18, 18],
    [4, 16, 47, 14, 19],
    [6, 21, 45, 16, 12],
    [3, 16, 42, 19, 20],
    [5, 18, 44, 19, 14],
    [6, 16, 49, 21, 8],
    [6, 11, 57, 12, 14],
    [7, 12, 47, 17, 17],
    [9, 11, 45, 13, 22],
    [3, 11, 39, 27, 20],
    [7, 12, 38, 24, 19],
    [16, 16, 13, 37, 18],
    [7, 21, 18, 40, 14],
    [15, 17, 18, 33, 17],
    [12, 17, 22, 33, 16],
    [22, 14, 14, 42, 8],
    [15, 19, 10, 38, 18],
    [18, 14, 23, 33, 12],
    [25, 12, 17, 36, 10],
    [14, 18, 19, 32, 17],
    [15, 16, 17, 36, 16],
    [12, 12, 20, 36, 20],
    [15, 13, 21, 32, 19]
  ],
  "real_prob": [
    [0.023042456239, 0.27030089238, 0.45497974733, 0.12117002981, 0.13050687423],
    [0.14292888344, 0.17944365334, 0.17414372729, 0.3905591066, 0.11292462933],
    [0.017518938372, 0.10153471552, 0.63680407989, 0.05163885317, 0.19250341305],
    [0.21176387073, 0.13424422862, 0.029438867631, 0.50272336943, 0.12182966359]
  ],
  "method": "mcmc",
  "mcmc_stepsize": 3000,
  "mcmc_samples": 100,
  "prob": [
    [0.13833765825, 0.18956485177, 0.32838827336, 0.21893384125, 0.12477537538],
    [0.088251644065, 0.21154492269, 0.31485014582, 0.27561459158, 0.10973869585],
    [0.054092890958, 0.1313882604, 0.41406148599, 0.25837619796, 0.14208116469],
    [0.10651780672, 0.14510196514, 0.22750009484, 0.31107536922, 0.20980476408]
  ],
  "iterations": 2,
  "logLik": -1349.1378488356,
  "time": 0.044166,
  "message": "Converged",
  "status": 0,
  "cond_prob": [
    [
      [0.080480540303, 4.0201613659e-05, 0.00029462607386, 0.00041525137387, 0.17741572573, 0.36431361452, 0.16626668087, 0.13317167164, 0.3871400783, 0.36299957093, 0.49951145005, 0.33401216428, 0.20980923969, 0.18136474928, 0.2504786461, 0.26607140961, 0.14515441597, 0.091281863656, 0.083448596912, 0.2663295031, 0.070115598857, 6.9567367321e-06, 5.6832442284e-05, 0.00019644453088, 0.15795252551, 0.1765017996, 0.15374735074, 0.15365076099, 0.4036595371, 0.4703025482, 0.46128532752, 0.38458106215, 0.2454738561, 0.23552743111, 0.30789614645, 0.23087492076, 0.12279848243, 0.11766126435, 0.077014342838, 0.23069681157, 0.09674495553, 0.083277343708, 0.00011487260155, 7.9011531626e-05, 0.14516565482, 0.24998375856, 0.083353742635, 0.1428342419, 0.37100765951, 0.33333457165],
      [0.49986479116, 0.3570809112, 0.27418794964, 0.24996502092, 0.33322442325, 0.28586241373, 0.11289378049, 0.083439305172, 0.083442170358, 0.21414342164, 0.095138057824, 0.00022657636593, 0.058706395303, 0.00064458854783, 0.20632789023, 0.36292995027, 0.17665013763, 0.11178456921, 0.42880305402, 0.45444162461, 0.47006994505, 0.33281785113, 0.14273118543, 0.091381858542, 0.17713145486, 0.22127779351, 0.1269998125, 0.091019990205, 0.11744206716, 0.3334751976, 0.081923854972, 1.2233791897e-05, 9.7095660398e-06, 0.00018092387634, 0.2294623107, 0.31265151964, 0.20003663268, 0.1538468005, 0.29506634324, 0.374598913, 0.30043682922, 0.30792324323, 0.27880853074, 0.25008628843, 0.39953742978, 0.30737882401, 0.11473896035, 0.062651045136, 0.099979398744, 0.23067020839],
      [0.071320239653, 0.0001718842079, 9.9936857738e-06, 0.00026639778818, 0.19657196548, 0.36399377858, 0.1663112896, 0.19962901038, 0.35710805269, 0.36259626789, 0.38954165954, 0.33344268205, 0.21418880857, 0.18163272426, 0.27775421618, 0.20052605748, 0.1608109336, 0.09160534507, 0.16638284099, 0.26613585231, 0.08154405583, 0.00016035943504, 4.278041018e-05, 0.0030788442915, 0.261576006, 0.57949366164, 0.14981380546, 0.19725244104, 0.34171952595, 0.20222984859, 0.56693298295, 0.33831963214, 0.2474484868, 0.20520319592, 0.27084536576, 0.26762179491, 0.067711925422, 0.012912934414, 0.012365065421, 0.19372728761, 0.11565114147, 0.069878996817, 0.088460606378, 0.07099341035, 0.26165476538, 0.28995973282, 0.18130198514, 0.21323580112, 0.27926871686, 0.35090844801],
      [0.27772882805, 0.28549092079, 0.17955874954, 0.1452583756, 0.35944057533, 0.14710376366, 0.16386662675, 0.14399444676, 0.093068005107, 0.28317610409, 0.075598989322, 0.00019119433303, 3.4045278888e-05, 0.00072923822271, 0.25766193738, 0.33324451602, 0.22129054657, 0.20040294732, 0.33359668295, 0.33221198527, 0.44395641975, 0.30038313684, 0.19681896973, 0.20050076463, 0.22310867384, 0.19944584638, 0.13632342061, 0.13385153974, 0.11161031456, 0.29903883123, 0.079279642084, 0.082526196221, 0.00035849651278, 0.00091356753325, 0.20633117986, 0.33253961809, 0.14365615021, 0.18177037718, 0.36523320967, 0.33434665054, 0.42783422877, 0.36258807106, 0.19038154879, 0.16680597721, 0.28612750008, 0.18168233623, 0.1587744196, 0.08378155795, 0.14202362442, 0.273045648]
    ],
    [
      [0.098313266227, 3.0705886377e-05, 6.7711076644e-06, 0.00015298795676, 0.24599199988, 0.41632409052, 0.18202448632, 0.24977059823, 0.34428534147, 0.33334801014, 0.45435063531, 0.31253506627, 0.16393844881, 0.16690797734, 0.27277171056, 0.18727312991, 0.14747094362, 0.083389216114, 0.090846396697, 0.25026821763, 0.080612871916, 0.058785491314, 1.7083098924e-05, 0.00024606747945, 0.14515161789, 0.23524104791, 0.18170395075, 0.10027584181, 0.38722753709, 0.35283845268, 0.5451223017, 0.29972936863, 0.209644117, 0.17653534878, 0.18224676663, 0.29962493838, 0.1773638561, 0.17659965932, 0.090909897826, 0.3001237837, 0.19528321767, 0.1350353134, 0.099692777396, 0.083346142171, 0.12198402243, 0.13531304084, 0.099596578419, 0.083008898761, 0.3662246844, 0.40519927853],
      [0.40004865718, 0.33266067184, 0.1945257787, 0.18933681351, 0.30034498231, 0.25129426252, 0.1219822968, 0.13511555372, 0.1003170047, 0.24969002471, 0.18251589377, 0.12901480049, 0.11019385797, 0.11120348979, 0.36462765397, 0.22590326934, 0.22308907465, 0.22084952417, 0.18116743762, 0.24168481953, 0.22389634308, 0.2226462382, 0.27152272427, 0.35503270579, 0.33164543993, 0.33424518415, 0.00016629036569, 0.048364404844, 0.11117528438, 0.11105556368, 0.21521447753, 0.10679311989, 0.091423269632, 0.037359426373, 0.1529783963, 0.2122140002, 0.1767154313, 0.16967181068, 0.26008328463, 0.26450680957, 0.27463906229, 0.18988909353, 0.30800970034, 0.34855117635, 0.42253645521, 0.30511083092, 0.063714141195, 0.067934894007, 0.034685781563, 0.2979688385],
