{
  "W": [
    [66, 11, 12, 11],
    [63, 9, 13, 15],
    [62, 12, 12, 14],
    [55, 13, 22, 10],
    [64, 10, 16, 10],
    [63, 10, 19, 8],
    [58, 13, 16, 13],
    [63, 10, 11, 16],
    [58, 12, 10, 20],
    [61, 20, 7, 12],
    [65, 9, 11, 15],
    [63, 15, 13, 9],
    [40, 41, 9, 10],
    [14, 57, 17, 12],
    [15, 69, 10, 6],
    [5, 64, 12, 19],
    [13, 63, 10, 14],
    [16, 67, 9, 8],
    [12, 65, 12, 11],
    [17, 53, 12, 18],
    [8, 69, 11, 12],
    [9, 64, 13, 14],
    [12, 64, 13, 11],
    [11, 69, 9, 11],
    [11, 64, 15, 10],
    [14, 14, 62, 10],
    [10, 16, 63, 11],
    [12, 7, 65, 16],
    [11, 13, 69, 7],
    [11, 9, 71, 9],
    [13, 14, 58, 15],
    [10, 8, 72, 10],
    [26, 8, 47, 19],
    [21, 9, 56, 14],
    [10, 12, 66, 12],
    [16, 15, 57, 12],
    [12, 10, 68, 10],
    [9, 11, 37, 43],
    [13, 14, 10, 63],
    [12, 9, 13, 66],
    [11, 9, 8, 72],
    [11, 8, 22, 59],
    [13, 17, 10, 60],
    [18, 20, 9, 53],
    [18, 15, 12, 55],
    [12, 6, 13, 69],
    [8, 17, 15, 60],
    [13, 10, 12, 65],
    [10, 13, 7, 70],
    [12, 13, 14, 61]
  ],
  "X": [
    [12, 17, 45, 26],
    [16, 21, 36, 27],
    [18, 22, 37, 23],
    [11, 24, 38, 27],
    [13, 22, 37, 28],
    [11, 20, 49, 20],
    [15, 24, 42, 19],
    [16, 33, 26, 25],
    [16, 25, 29, 30],
    [11, 21, 52, 16],
    [18, 23, 32, 27],
    [21, 16, 40, 23],
    [9, 40, 39, 12],
    [9, 40, 38, 13],
    [5, 46, 41, 8],
    [11, 35, 40, 14],
    [14, 36, 44, 6],
    [6, 40, 45, 9],
    [15, 36, 37, 12],
    [16, 42, 32, 10],
    [9, 37, 49, 5],
    [4, 46, 36, 14],
    [9, 40, 41, 10],
    [10, 33, 46, 11],
    [6, 37, 47, 10],
    [9, 41, 20, 30],
    [11, 35, 18, 36],
    [10, 47, 15, 28],
    [2, 39, 24, 35],
    [9, 48, 16, 27],
    [11, 39, 18, 32],
    [12, 39, 19, 30],
    [12, 32, 34, 22],
    [6, 43, 12, 39],
    [7, 38, 17, 38],
    [11, 35, 22, 32],
    [12, 27, 23, 38],
    [15, 43, 20, 22],
    [32, 41, 10, 17],
    [36, 43, 11, 10],
    [31, 41, 16, 12],
    [34, 42, 8, 16],
    [27, 42, 17, 14],
    [29, 35, 21, 15],
    [37, 40, 14, 9],
    [33, 40, 15, 12],
    [14, 49, 19, 18],
    [41, 32, 12, 15],
    [35, 39, 16, 10],
    [27, 47, 11, 15]
  ],
  "real_prob": [
    [0.14200321294, 0.10576398835, 0.4731188187, 0.27911398001],
    [0.010109291721, 0.42460606056, 0.55385620251, 0.01142844521],
    [0.018044843372, 0.45299269616, 0.10278051082, 0.42618194964],
    [0.46893219852, 0.43891463684, 0.011672564791, 0.080480599845]
  ],
  "method": "mvn_cdf",
  "mvnc_method": "genz",
  "mvnc_samples": 5000,
  "mvnc_error": 1e-06,
  "prob": [
    [0.13589479162, 0.10278929804, 0.4925979948, 0.26871791554],
    [0.0342719456, 0.44157260704, 0.51089231104, 0.013263136323],
    [0.031815962682, 0.41906974303, 0.12027559038, 0.42883870391],
    [0.45283957705, 0.4482595744, 0.019807069108, 0.079093779448]
  ],
  "iterations": 51,
  "logLik": -417.0726389297,
  "time": 0.055443,
  "message": "Converged",
  "status": 0,
  "cond_prob": [
    [
      [0.098962853687, 0.027311987712, 0.025691878053, 0.44337611503, 0.071636284193, 0.33262022214, 0.33231800838, 0.41910494449, 0.54528355575, 0.62502981137, 0.14636772768, 0.028409627587, 0.28411730637, 0.015037978776, 0.49562238589, 0.10910931289, 0.13062037501, 0.033569935686, 0.033040364389, 0.43517604713, 0.087754332487, 0.41927260103, 0.36450696667, 0.44864940385, 0.47961451544, 0.53094494863, 0.11629451683, 0.021168217697, 0.30201077706, 0.016212514656, 0.48615815211, 0.095006331321, 0.16128903323, 0.039868168183, 0.038543571801, 0.50009356322, 0.09666164359, 0.43318949972, 0.41186720881, 0.41289616456, 0.47600514778, 0.51384050366, 0.11556394776, 0.017333048466, 0.2660441754, 0.013101828434, 0.43402527163, 0.069677223755, 0.10706095657, 0.025951560251],
      [0.026059799176, 0.40201556218, 0.091328066731, 0.41127792, 0.38786207264, 0.4824975325, 0.51699274995, 0.5493635361, 0.12118172635, 0.022828311288, 0.28461822674, 0.013406983645, 0.46489640184, 0.092658594032, 0.12357321173, 0.031190392556, 0.028509696902, 0.43640304028, 0.10440023761, 0.45070525886, 0.3887179155, 0.45673703002, 0.46977032379, 0.50350683292, 0.11023232453, 0.018443700039, 0.30225622687, 0.014597515665, 0.47254006307, 0.088416229662, 0.075138478226, 0.021503470101, 0.030395553954, 0.41843687458, 0.082959247476, 0.27650038766, 0.45604714566, 0.48749105258, 0.62978201073, 0.69324194452, 0.17756077337, 0.028802923335, 0.21212026356, 0.0087541977153, 0.33599652702, 0.065269149507, 0.13588190322, 0.034174154801, 0.031374508006, 0.42641527875],
      [0.09959836317, 0.34714960909, 0.45838074542, 0.49157135396, 0.50924405473, 0.60955774048, 0.15330650318, 0.026248203661, 0.25527567887, 0.0091184956295, 0.3569382434, 0.055765163632, 0.15051611296, 0.027634893779, 0.025254523287, 0.33412147696, 0.19321126943, 0.67183334486, 0.58407311438, 0.59569192828, 0.34773047913, 0.28792329087, 0.063291558474, 0.010686496644, 0.30854213848, 0.012608470497, 0.32738080386, 0.059500098116, 0.14128273354, 0.040880818818, 0.024455682779, 0.35456849261, 0.068720302668, 0.39770990957, 0.40469513935, 0.49425788784, 0.449335275, 0.53739821853, 0.092450216855, 0.016531972966, 0.34066168879, 0.024011053086, 0.47839896102, 0.13464164658, 0.083865433361, 0.021074382191, 0.024066637223, 0.35820563261, 0.082419840559, 0.40035623978],
      [0.46087277521, 0.52001681667, 0.62745742732, 0.56789286323, 0.16408461231, 0.028305622128, 0.20625729876, 0.0106765148, 0.35097597526, 0.093471928597, 0.15803230747, 0.041518942668, 0.03552810788, 0.47435661325, 0.11197025558, 0.48750415427, 0.43918758961, 0.44506142048, 0.44527532498, 0.45577501205, 0.086727629815, 0.012836341886, 0.28472211197, 0.015201891014, 0.43855667269, 0.067745624387, 0.2279231792, 0.063353110142, 0.065600845096, 0.65019483736, 0.065087157277, 0.34917882271, 0.33657973624, 0.2702156155, 0.46569164352, 0.57372754178, 0.13270346268, 0.015803541187, 0.24129802, 0.013740525362, 0.46511595599, 0.063786005954, 0.098052008444, 0.023330079425, 0.018283309158, 0.23285994053, 0.16771003262, 0.54311338385, 0.60857607015, 0.71047129594]
    ],
    [
      [0.56930282065, 0.4256976026, 0.10843530038, 0.016631032523, 0.16493513828, 0.0078589341263, 0.26470532031, 0.040037731005, 0.12251990404, 0.028776439913, 0.028205601732, 0.4172713759, 0.10670718023, 0.45325990594, 0.4320147757, 0.48201410114, 0.49875799456, 0.50639368475, 0.11035005311, 0.019353244755, 0.27201492118, 0.01156996939, 0.42942956945, 0.081361278199, 0.10688222114, 0.019758598609, 0.020957485632, 0.29843083752, 0.14424836628, 0.46237875163, 0.57754028077, 0.60250246063, 0.5664652996, 0.51011772454, 0.11612999045, 0.02054788624, 0.18240411298, 0.0077449252161, 0.28537224315, 0.078518815607, 0.1201632609, 0.052974731136, 0.016474986052, 0.59601830672, 0.076004997349, 0.45022814146, 0.30985713239, 0.21627597841, 0.43933035477, 0.47403162778],
      [0.16540880975, 0.029210717511, 0.36450138698, 0.022765499626, 0.50825907181, 0.15849499736, 0.16982637115, 0.04718446773, 0.077459235651, 0.53671043032, 0.11022859689, 0.43750222506, 0.36887465161, 0.4178528084, 0.50178919011, 0.5037017949, 0.16588038071, 0.015663275629, 0.21815584186, 0.011611512311, 0.38778573203, 0.029773485652, 0.090202789851, 0.019833048863, 0.021645277113, 0.35122294032, 0.11342833534, 0.43777992375, 0.45901828019, 0.54623014797, 0.54558759581, 0.52956565236, 0.12550959248, 0.022049203075, 0.250781279, 0.012821375029, 0.39382685021, 0.080497708638, 0.29769513019, 0.076617863629, 0.076217507374, 0.5958058695, 0.082257508613, 0.39629494414, 0.3279519099, 0.32424803876, 0.33088138392, 0.51076674256, 0.10196853009, 0.010635263958],
