{
  "W": [
    [52, 15, 14, 19],
    [74, 13, 8, 5],
    [56, 14, 16, 14],
    [70, 10, 12, 8],
    [65, 11, 11, 13],
    [69, 14, 7, 10],
    [58, 14, 12, 16],
    [67, 11, 16, 6],
    [57, 17, 11, 15],
    [61, 12, 13, 14],
    [66, 11, 13, 10],
    [61, 12, 15, 12],
    [32, 33, 22, 13],
    [14, 63, 12, 11],
    [13, 58, 14, 15],
    [16, 51, 15, 18],
    [13, 60, 9, 18],
    [16, 54, 17, 13],
    [16, 58, 11, 15],
    [11, 64, 11, 14],
    [10, 62, 14, 14],
    [7, 66, 12, 15],
    [9, 61, 13, 17],
    [9, 68, 10, 13],
    [14, 61, 11, 14],
    [8, 15, 63, 14],
    [9, 17, 68, 6],
    [16, 13, 53, 18],
    [11, 14, 64, 11],
    [15, 9, 64, 12],
    [13, 10, 66, 11],
    [14, 14, 58, 14],
    [13, 14, 63, 10],
    [12, 12, 66, 10],
    [12, 12, 64, 12],
    [17, 16, 57, 10],
    [15, 11, 59, 15],
    [10, 14, 42, 34],
    [13, 13, 12, 62],
    [11, 14, 14, 61],
    [14, 16, 13, 57],
    [9, 15, 12, 64],
    [10, 12, 14, 64],
    [14, 12, 8, 66],
    [18, 16, 15, 51],
    [17, 10, 13, 60],
    [9, 19, 13, 59],
    [13, 14, 6, 67],
    [15, 12, 12, 61],
    [6, 13, 12, 69]
  ],
  "X": [
    [15, 33, 27, 25],
    [6, 47, 29, 18],
    [8, 35, 31, 26],
    [8, 34, 31, 27],
    [7, 31, 38, 24],
    [3, 39, 32, 26],
    [9, 31, 33, 27],
    [9, 34, 32, 25],
    [11, 29, 34, 26],
    [7, 32, 30, 31],
    [9, 35, 26, 30],
    [14, 33, 28, 25],
    [16, 31, 19, 34],
    [30, 34, 10, 26],
    [21, 25, 16, 38],
    [15, 33, 19, 33],
    [19, 36, 9, 36],
    [20, 32, 9, 39],
    [19, 36, 14, 31],
    [18, 41, 9, 32],
    [22, 38, 9, 31],
    [11, 44, 12, 33],
    [20, 38, 9, 33],
    [20, 39, 10, 31],
    [22, 35, 12, 31],
    [32, 10, 13, 45],
    [15, 13, 24, 48],
    [15, 15, 19, 51],
    [18, 18, 16, 48],
    [16, 12, 24, 48],
    [22, 14, 23, 41],
    [15, 13, 17, 55],
    [14, 15, 20, 51],
    [19, 16, 19, 46],
    [21, 13, 24, 42],
    [16, 24, 17, 43],
    [21, 16, 19, 44],
    [17, 16, 13, 54],
    [18, 20, 15, 47],
    [18, 18, 21, 43],
    [17, 15, 28, 40],
    [17, 19, 17, 47],
    [19, 15, 18, 48],
    [19, 17, 13, 51],
    [15, 28, 15, 42],
    [26, 13, 18, 43],
    [21, 21, 21, 37],
    [20, 22, 9, 49],
    [15, 19, 21, 45],
    [24, 11, 19, 46]
  ],
  "real_prob": [
    [0.018159202025, 0.44002804187, 0.41590923562, 0.12590352049],
    [0.20822645644, 0.49269539044, 0.042674437186, 0.25640371593],
    [0.19538045012, 0.014678891758, 0.19897529347, 0.59096536465],
    [0.21982015201, 0.10489955331, 0.14433666321, 0.53094363147]
  ],
  "method": "mvn_cdf",
  "mvnc_method": "genz",
  "mvnc_samples": 5000,
  "mvnc_error": 1e-06,
  "prob": [
    [0.010944377741, 0.43602123078, 0.4086417941, 0.14439259738],
    [0.23112246061, 0.48403911529, 0.023611992098, 0.261226432],
    [0.21028493508, 0.02971907785, 0.19142954205, 0.56856644502],
    [0.21395516176, 0.084912344718, 0.16676419142, 0.5343683021]
  ],
  "iterations": 50,
  "logLik": -389.6500435463,
  "time": 0.057755,
  "message": "Converged",
  "status": 0,
  "cond_prob": [
    [
      [0.015402073224, 0.28950252096, 0.2976063221, 0.31092730367, 0.46061617342, 0.47713944054, 0.03006303483, 0.089219056223, 0.39872422829, 0.020409823552, 0.17936193181, 0.15722623436, 0.12525752506, 0.21294821495, 0.49296871126, 0.44262740575, 0.0085151573848, 0.1841209384, 0.20062592599, 0.20631161071, 0.53639162171, 0.59358248436, 0.045179893325, 0.11940976579, 0.34027122722, 0.020880319493, 0.19066165958, 0.15851850595, 0.11482199369, 0.20141625775, 0.5635325211, 0.51576011755, 0.006545957463, 0.17089297745, 0.1744436962, 0.18862763256, 0.46259081121, 0.57586036861, 0.035904345965, 0.099045622958, 0.4176267284, 0.027782142422, 0.23944108842, 0.2045279543, 0.11323650292, 0.22546451152, 0.55021086942, 0.50779879018, 0.011667235485, 0.24260709617],
      [0.198332951, 0.21888133583, 0.43723092264, 0.42296441094, 0.026660740678, 0.072752455552, 0.3812354346, 0.021214738614, 0.16355408928, 0.12707826943, 0.16986640728, 0.31321375428, 0.61145221905, 0.58128793919, 0.0084818363505, 0.19663862157, 0.1721539021, 0.17153600411, 0.39400818807, 0.50626331861, 0.03026883109, 0.080946135928, 0.48694235752, 0.03060007825, 0.27361169736, 0.22294944722, 0.11056761806, 0.26649798157, 0.52396556945, 0.52456841275, 0.0050723600247, 0.1195699463, 0.10387934833, 0.10725202813, 0.43914875728, 0.54861013504, 0.031042382038, 0.095563589542, 0.40470827118, 0.026268343276, 0.20428554599, 0.18021654336, 0.15107061151, 0.30555157538, 0.66079272365, 0.61696783897, 0.0090217868505, 0.21858751126, 0.19118988692, 0.19119680819],
      [0.38717802616, 0.46870472989, 0.027549996412, 0.079476562961, 0.46996753141, 0.029000499357, 0.22188403794, 0.19379944706, 0.13383265557, 0.28370725949, 0.55937607873, 0.53552718178, 0.012302617596, 0.25891510105, 0.23188154803, 0.23844934553, 0.42145668967, 0.46027307822, 0.027639370485, 0.075988802923, 0.41719139551, 0.021350588514, 0.17588205864, 0.16197120227, 0.14904929722, 0.25946123222, 0.56459702285, 0.52359064928, 0.010114700522, 0.25106544671, 0.21150764411, 0.228005832, 0.36325334014, 0.43396325768, 0.023692544513, 0.071294091809, 0.50123157836, 0.029798748726, 0.22871831587, 0.1993651768, 0.12540038098, 0.28517254688, 0.53608149552, 0.50133489939, 0.0084413699454, 0.17276403865, 0.16062708519, 0.1537290138, 0.40412676273, 0.46441693926],
      [0.027059125407, 0.074480121343, 0.41257521991, 0.024941895837, 0.18638264324, 0.13944443263, 0.17485664742, 0.33787712625, 0.62593114616, 0.63234643223, 0.015197525242, 0.23972884969, 0.25328163111, 0.21999368854, 0.47391603941, 0.43065622088, 0.023582353772, 0.061179198679, 0.32154937574, 0.015701276932, 0.11886869033, 0.11402986532, 0.18933705961, 0.3139136525, 0.60426732479, 0.60479724746, 0.019847468107, 0.35595445525, 0.32960711253, 0.34098305453, 0.44488490436, 0.40751954011, 0.025817449715, 0.071039544877, 0.38707188376, 0.018040713914, 0.15166501756, 0.12492319508, 0.14819574377, 0.21848529073, 0.49291042019, 0.46305420552, 0.011851589961, 0.23053582282, 0.21545053806, 0.2178573029, 0.43783411094, 0.47884678676, 0.027629243364, 0.082026565584]
    ],
    [
      [0.39300909248, 0.021640239414, 0.1706381741, 0.14779339276, 0.15730520662, 0.26897715101, 0.58628204448, 0.55232273875, 0.021679642698, 0.37110808574, 0.3598203391, 0.3572891985, 0.44759022129, 0.40568273735, 0.0263773345, 0.073767638177, 0.38804660522, 0.017177039656, 0.1501993358, 0.1269864173, 0.1426835308, 0.20603213725, 0.4636029906, 0.44195674602, 0.010776250762, 0.29481619506, 0.1818973883, 0.19354807064, 0.28286404124, 0.34038920529, 0.015031970583, 0.049127422766, 0.5398697815, 0.041108720525, 0.22479391336, 0.21454019272, 0.1664899265, 0.32368587912, 0.57827672775, 0.54278431387, 0.0070752505312, 0.18948336069, 0.1544248368, 0.15900216968, 0.31681902591, 0.48571250738, 0.027673397916, 0.081762968792, 0.56358064331, 0.03604710437],
      [0.27602288143, 0.27484387993, 0.11252508025, 0.28875702756, 0.54187888385, 0.4843909816, 0.011401032195, 0.21352240795, 0.1978922416, 0.21435282179, 0.4511368867, 0.48130350241, 0.027607780932, 0.078855340806, 0.35166538039, 0.018661970875, 0.14659837998, 0.12111490153, 0.18579670071, 0.28651211877, 0.62790159749, 0.58567693588, 0.013443606687, 0.24974872713, 0.1859239237, 0.22896240733, 0.46148824096, 0.43737771988, 0.028020186074, 0.069992231753, 0.31005662124, 0.015965032224, 0.11810346191, 0.10421746819, 0.21501153112, 0.29690852077, 0.66795242831, 0.59682789272, 0.010146700338, 0.23352373926, 0.20501569089, 0.20944263195, 0.40545241166, 0.47937199178, 0.029630796065, 0.084196098653, 0.45365508968, 0.026078891609, 0.2181238137, 0.18688562532],
