{
  "W": [
    [77, 23],
    [78, 22],
    [76, 24],
    [72, 28],
    [78, 22],
    [79, 21],
    [71, 29],
    [74, 26],
    [75, 25],
    [80, 20],
    [80, 20],
    [72, 28],
    [68, 32],
    [72, 28],
    [87, 13],
    [78, 22],
    [68, 32],
    [69, 31],
    [76, 24],
    [76, 24],
    [77, 23],
    [74, 26],
    [81, 19],
    [79, 21],
    [78, 22],
    [20, 80],
    [28, 72],
    [28, 72],
    [34, 66],
    [21, 79],
    [23, 77],
    [22, 78],
    [20, 80],
    [21, 79],
    [25, 75],
    [24, 76],
    [22, 78],
    [18, 82],
    [25, 75],
    [24, 76],
    [20, 80],
    [31, 69],
    [21, 79],
    [22, 78],
    [28, 72],
    [20, 80],
    [26, 74],
    [26, 74],
    [27, 73],
    [29, 71]
  ],
  "X": [
    [21, 15, 13, 16, 35],
    [21, 11, 25, 14, 29],
    [25, 18, 17, 17, 23],
    [29, 13, 18, 12, 28],
    [26, 18, 19, 15, 22],
    [21, 19, 15, 15, 30],
    [21, 22, 14, 20, 23],
    [26, 12, 17, 12, 33],
    [25, 15, 17, 21, 22],
    [24, 21, 15, 17, 23],
    [22, 23, 14, 11, 30],
    [24, 17, 17, 16, 26],
    [32, 14, 13, 21, 20],
    [25, 17, 17, 22, 19],
    [11, 24, 21, 17, 27],
    [22, 26, 19, 13, 20],
    [33, 12, 14, 21, 20],
    [25, 15, 13, 18, 29],
    [21, 15, 16, 15, 33],
    [21, 16, 26, 16, 21],
    [22, 19, 20, 17, 22],
    [17, 10, 19, 20, 34],
    [17, 24, 15, 16, 28],
    [21, 16, 22, 17, 24],
    [17, 15, 17, 18, 33],
    [65, 4, 6, 11, 14],
    [46, 7, 12, 25, 10],
    [58, 6, 5, 13, 18],
    [51, 7, 14, 16, 12],
    [64, 7, 6, 16, 7],
    [60, 8, 9, 14, 9],
    [62, 5, 9, 13, 11],
    [62, 6, 10, 13, 9],
    [65, 6, 7, 16, 6],
    [59, 8, 8, 10, 15],
    [55, 6, 6, 22, 11],
    [58, 5, 9, 16, 12],
    [62, 9, 6, 16, 7],
    [65, 6, 6, 11, 12],
    [54, 5, 2, 22, 17],
    [63, 5, 3, 22, 7],
    [48, 9, 8, 24, 11],
    [60, 4, 7, 17, 12],
    [55, 6, 13, 14, 12],
    [58, 4, 5, 17, 16],
    [66, 5, 3, 17, 9],
    [59, 6, 6, 21, 8],
    [64, 4, 2, 14, 16],
    [61, 9, 8, 7, 15],
    [53, 9, 7, 18, 13]
  ],
  "real_prob": [
    [0.067261178376, 0.21838816789, 0.21844134458, 0.16674633154, 0.32916297762],
    [0.74167540314, 0.011793272641, 0.028459232555, 0.17112900659, 0.046943085073]
  ],
  "method": "mvn_cdf",
  "mvnc_method": "genz",
  "mvnc_samples": 5000,
  "mvnc_error": 1e-06,
  "prob": [
    [0.058141620291, 0.22200171804, 0.21687315098, 0.16594783705, 0.33703567364],
    [0.75497790398, 0.0096781337516, 0.031591939256, 0.16274973606, 0.041002286951]
  ],
  "iterations": 50,
  "logLik": -503.9353103478,
  "time": 0.034205,
  "message": "Converged",
  "status": 0,
  "cond_prob": [
    [
      [0.048085500427, 0.70508493936, 0.18177195492, 0.010023497787, 0.14513851125, 0.030510039309, 0.16533775776, 0.19748855952, 0.45966627565, 0.056892964026, 0.054184145721, 0.75957932751, 0.15098121212, 0.0060941063266, 0.30525437972, 0.049795354471, 0.13361645831, 0.14070921484, 0.35596380413, 0.043821996853, 0.077349601905, 0.8116061153, 0.23947864581, 0.0077772152661, 0.22229273215, 0.023040207351, 0.18249594304, 0.12810357829, 0.27838307709, 0.029472883792, 0.074240191626, 0.82835796625, 0.18557685441, 0.0059987125432, 0.21492264252, 0.02832143926, 0.13145982249, 0.10388189483, 0.39380048895, 0.033439987121, 0.090748658054, 0.87063273469, 0.20556066587, 0.0059225799251, 0.25634912779, 0.020434309229, 0.15359817442, 0.081692183531, 0.29374337388, 0.021318192629],
      [0.056453264885, 0.7930253648, 0.2390979598, 0.0088762808395, 0.19384348522, 0.025367449343, 0.14520497903, 0.13173031151, 0.36540031107, 0.041000593507, 0.036886770751, 0.66058684822, 0.31947810547, 0.018504520138, 0.15696550343, 0.035455772191, 0.17446366616, 0.23692114294, 0.31220595419, 0.048531716502, 0.068709153387, 0.83356728552, 0.16022066713, 0.0047752746509, 0.20887293316, 0.021755932267, 0.14692920391, 0.097670331731, 0.41526804241, 0.042231175834, 0.072751096397, 0.76469176449, 0.20234301184, 0.0082701565768, 0.22591726534, 0.023993499254, 0.22377486711, 0.17355955875, 0.27521375932, 0.029485020929, 0.089198792591, 0.83110409303, 0.24925368605, 0.0065076141733, 0.18447656007, 0.017451763009, 0.19612628828, 0.12316487807, 0.28094467301, 0.021771651724]
    ],
    [
      [0.068662218918, 0.83256372529, 0.29400116538, 0.011536487257, 0.18681658621, 0.020341239958, 0.10759890462, 0.094549500153, 0.34292112488, 0.041009047342, 0.047998748323, 0.74017616124, 0.23466174218, 0.010748586853, 0.22251948195, 0.036485577978, 0.15872976859, 0.16825499064, 0.33609025896, 0.044334683285, 0.10352121113, 0.75332183448, 0.16828873001, 0.005521749779, 0.1880544611, 0.017710832843, 0.23783121605, 0.19972630235, 0.3023043817, 0.023719280549, 0.063554880719, 0.75167694279, 0.23940753103, 0.006353151029, 0.23504672317, 0.037201178738, 0.19527416886, 0.16931362017, 0.26671669622, 0.035455107266, 0.033639677331, 0.65539233428, 0.28342678705, 0.016315905916, 0.23681451632, 0.05279817629, 0.15231527211, 0.2257735933, 0.29380374719, 0.049719990215],
      [0.054128843951, 0.78477314, 0.32618224996, 0.015135059433, 0.23218313689, 0.035810314175, 0.12574492476, 0.13122363331, 0.26176084444, 0.033057853078, 0.090301189041, 0.84112529955, 0.19704988407, 0.003534159076, 0.20542303928, 0.013530724165, 0.26180186541, 0.12378367646, 0.2454240222, 0.018026140751, 0.043615522919, 0.72847594443, 0.19877675545, 0.0098975447246, 0.16578215607, 0.031433997376, 0.17498143182, 0.17551324213, 0.41684413375, 0.054679271342, 0.044730894975, 0.73255800519, 0.21164480288, 0.0092291520667, 0.22916883757, 0.032490671206, 0.12374083175, 0.16809129126, 0.39071463282, 0.057630880283, 0.043631405377, 0.72381356577, 0.18470064372, 0.011220412346, 0.31418870989, 0.056677144819, 0.14605688526, 0.16722086981, 0.31142235575, 0.041068007254]
    ],
    [
      [0.055291396733, 0.74117782804, 0.24191420454, 0.010849430397, 0.27645456378, 0.044887905181, 0.15965337023, 0.16444392161, 0.26668646472, 0.038640914769, 0.026655145083, 0.5939664245, 0.14029465361, 0.0088217510667, 0.22439432085, 0.054971917111, 0.16702278092, 0.26853496707, 0.44163309954, 0.073704940256, 0.041538472353, 0.72172853881, 0.29723881211, 0.015210948616, 0.17904706923, 0.032181895554, 0.14592196551, 0.18235590709, 0.33625368079, 0.04852270993, 0.056121849948, 0.75126332648, 0.20796163016, 0.0080882193122, 0.24131697929, 0.038823933479, 0.17721771126, 0.16619969909, 0.31738182934, 0.035624821643, 0.036449200439, 0.64663318108, 0.18658806054, 0.010876260497, 0.21669874337, 0.042649449433, 0.16783167874, 0.23128968908, 0.39243231691, 0.06855141991],
      [0.051350864813, 0.83629870315, 0.13483219182, 0.0071296346798, 0.19724312789, 0.015092034151, 0.10720601182, 0.082376125613, 0.50936780366, 0.059103502408, 0.042494660622, 0.60638356553, 0.16221981898, 0.011120638016, 0.32038552437, 0.069354178427, 0.19738385814, 0.28086268462, 0.2775161379, 0.032278933402, 0.060470269371, 0.75576950154, 0.1579741786, 0.011973636194, 0.14705226641, 0.024645318006, 0.1560213095, 0.14096289433, 0.47848197612, 0.066648649923, 0.044954193913, 0.7885899303, 0.17050586361, 0.0086030248505, 0.35872457705, 0.048723449684, 0.14565842851, 0.12098997944, 0.28015693692, 0.033093615732, 0.074625023118, 0.78628245444, 0.28086999142, 0.013071374082, 0.17772860886, 0.029953192945, 0.20734494147, 0.14864431966, 0.25943143513, 0.022048658867]
    ],
    [
