{
  "W": [
    [52, 48],
    [59, 41],
    [49, 51],
    [56, 44],
    [53, 47],
    [56, 44],
    [55, 45],
    [50, 50],
    [61, 39],
    [53, 47],
    [58, 42],
    [51, 49],
    [54, 46],
    [60, 40],
    [64, 36],
    [53, 47],
    [56, 44],
    [52, 48],
    [54, 46],
    [52, 48],
    [56, 44],
    [55, 45],
    [57, 43],
    [53, 47],
    [54, 46],
    [43, 57],
    [41, 59],
    [54, 46],
    [51, 49],
    [39, 61],
    [42, 58],
    [49, 51],
    [42, 58],
    [44, 56],
    [40, 60],
    [41, 59],
    [38, 62],
    [53, 47],
    [39, 61],
    [45, 55],
    [47, 53],
    [50, 50],
    [52, 48],
    [35, 65],
    [52, 48],
    [42, 58],
    [45, 55],
    [44, 56],
    [53, 47],
    [46, 54]
  ],
  "X": [
    [61, 30, 9],
    [71, 20, 9],
    [57, 34, 9],
    [73, 17, 10],
    [63, 28, 9],
    [66, 26, 8],
    [58, 24, 18],
    [64, 27, 9],
    [59, 34, 7],
    [66, 27, 7],
    [63, 29, 8],
    [72, 23, 5],
    [66, 29, 5],
    [65, 25, 10],
    [61, 29, 10],
    [66, 22, 12],
    [63, 32, 5],
    [56, 32, 12],
    [67, 26, 7],
    [67, 26, 7],
    [54, 29, 17],
    [63, 26, 11],
    [56, 34, 10],
    [63, 31, 6],
    [60, 32, 8],
    [69, 26, 5],
    [66, 30, 4],
    [63, 26, 11],
    [70, 22, 8],
    [67, 26, 7],
    [59, 32, 9],
    [70, 26, 4],
    [68, 25, 7],
    [64, 26, 10],
    [65, 29, 6],
    [63, 31, 6],
    [66, 30, 4],
    [64, 34, 2],
    [67, 24, 9],
    [65, 29, 6],
    [71, 21, 8],
    [61, 27, 12],
    [63, 27, 10],
    [65, 31, 4],
    [68, 22, 10],
    [60, 32, 8],
    [55, 38, 7],
    [70, 22, 8],
    [55, 31, 14],
    [60, 34, 6]
  ],
  "real_prob": [
    [0.5675324713, 0.29369707986, 0.13877044883],
    [0.71348451512, 0.25146668606, 0.03504879882]
  ],
  "method": "exact",
  "prob": [
    [0.61980751566, 0.2678504334, 0.11234205094],
    [0.65779248434, 0.2893495666, 0.052857949056]
  ],
  "iterations": 21,
  "logLik": -269.4070370648,
  "time": 0.512273,
  "message": "Converged",
  "status": 0,
  "cond_prob": [
    [
      [0.59172284032, 0.62980025633, 0.28851913291, 0.31243760601, 0.11975802677, 0.057762137665, 0.69217381068, 0.73565232122, 0.19354537512, 0.20928836263, 0.1142808142, 0.055059316151, 0.55166478734, 0.58761618471, 0.3260753039, 0.35337862959, 0.12225990876, 0.0590051857, 0.70736359556, 0.75880996929, 0.1634256715, 0.17836732718, 0.12921073294, 0.062822703531, 0.611542614, 0.65081364804, 0.2695159518, 0.29182243733, 0.1189414342, 0.057363914626, 0.64432899766, 0.67994491207, 0.25183685409, 0.27038945843, 0.10383414825, 0.049665629503, 0.54588743389, 0.62169313636, 0.2240009657, 0.25955437526, 0.23011160041, 0.11875248839, 0.61957177655, 0.66042822345, 0.25905231452, 0.28094768548, 0.12137590893, 0.058624091065, 0.57999295721, 0.60565204128],
      [0.33191708287, 0.35264251141, 0.088089959918, 0.041705447307, 0.64529415293, 0.67658318925, 0.26178565539, 0.27926298435, 0.092920191683, 0.0441538264, 0.61606065987, 0.64924956494, 0.28146005505, 0.30179325731, 0.10247928508, 0.04895717775, 0.70813763603, 0.73234654209, 0.22426264672, 0.23597153097, 0.067599717256, 0.031681926938, 0.65034715277, 0.67133160327, 0.28344716299, 0.29769246084, 0.066205684245, 0.030975935886, 0.63251195578, 0.67623206633, 0.24152185203, 0.26271722195, 0.12596619219, 0.061050711718, 0.59576535366, 0.63530603793, 0.28139354679, 0.30530036126, 0.12284109955, 0.059393600807, 0.63325346819, 0.69016098268, 0.20929158918, 0.23207544199, 0.15745494263, 0.077763575335, 0.62147253392, 0.64085313865, 0.31322520502, 0.32862246633]
    ],
    [
      [0.06530226106, 0.030524395015, 0.53714943027, 0.58475478387, 0.30428426079, 0.33702538415, 0.15856630894, 0.078219831978, 0.65544228079, 0.68708949646, 0.25227655424, 0.26906665371, 0.092281164963, 0.043843849826, 0.65458397445, 0.68670069435, 0.25185815418, 0.26882033297, 0.093557871369, 0.044478972683, 0.51115310186, 0.576714234, 0.27227771399, 0.31255563674, 0.21656918416, 0.11073012925, 0.60820646395, 0.65663654406, 0.24897042866, 0.27348058719, 0.14282310739, 0.069882868749, 0.54386729653, 0.58138521158, 0.32765553317, 0.35636359556, 0.1284771703, 0.062251192855, 0.6183950566, 0.64308642554, 0.30176638346, 0.31928471652, 0.079838559942, 0.037628857938, 0.58518535541, 0.61739110452, 0.30954514613, 0.33227308932, 0.10526949846, 0.050335806161],
      [0.67609805575, 0.70048743162, 0.25221813848, 0.26587052711, 0.071683805764, 0.033642041266, 0.64941890322, 0.66735296556, 0.29215310775, 0.30545292512, 0.058427989034, 0.027194109315, 0.60757643605, 0.65632331421, 0.24866873042, 0.27330192515, 0.14375483353, 0.070374760638, 0.68058003701, 0.72021261454, 0.21203351475, 0.22829164792, 0.10738644824, 0.051495737543, 0.64836096043, 0.68383479579, 0.24890232333, 0.2670952359, 0.10273671624, 0.049069968309, 0.56715477421, 0.60654309454, 0.30444590767, 0.33126330824, 0.12839931812, 0.062193597223, 0.6907264296, 0.70890990097, 0.25426682328, 0.26550834626, 0.055006747121, 0.025581752767, 0.65953622661, 0.69481859452, 0.23999791381, 0.25724289, 0.10046585958, 0.047938515479, 0.61320713074, 0.66105154013]
    ],
    [
      [0.24662931552, 0.27050553781, 0.14016355374, 0.068442922059, 0.63288581088, 0.66140945941, 0.27939188738, 0.29707207508, 0.087722301742, 0.041518465505, 0.61395033106, 0.64115315977, 0.29897416524, 0.31766202076, 0.087075503699, 0.041184819464, 0.6485670175, 0.66700731185, 0.29161900589, 0.30513673832, 0.059813976602, 0.027855949825, 0.63733248314, 0.64300805093, 0.3358192955, 0.34471441146, 0.026848221359, 0.012277537617, 0.64154217499, 0.68819434714, 0.22732414189, 0.24810423715, 0.13113368312, 0.063701415713, 0.63494042427, 0.66232147105, 0.2805411481, 0.29773906065, 0.084518427635, 0.039939468298, 0.68801084663, 0.72949981525, 0.20158305406, 0.21746408414, 0.11040609931, 0.053036100611, 0.58346327598, 0.63653672402, 0.25592691454, 0.28407308546],
      [0.16060980948, 0.079390190517, 0.60865825535, 0.65312022338, 0.25861057452, 0.28233854427, 0.13273117013, 0.064541232359, 0.63792855748, 0.65650000751, 0.30080166102, 0.31495295176, 0.061269781501, 0.02854704073, 0.6566778451, 0.70526566781, 0.21062699728, 0.23015408627, 0.13269515761, 0.064580245918, 0.57956406283, 0.61479843726, 0.305932355, 0.33018691535, 0.11450358217, 0.055014647392, 0.53534051379, 0.56199412508, 0.36628420267, 0.391222016, 0.098375283545, 0.046783858918, 0.6766569319, 0.71834098207, 0.2105549192, 0.22742113491, 0.11278814889, 0.054237883013, 0.52415971422, 0.57913904567, 0.29290873001, 0.32927313424, 0.18293155577, 0.091587820088, 0.58674101356, 0.61129469216, 0.32932896763, 0.34909013868, 0.08393001881, 0.039615169162]
    ]
  ],
  "maxiter": 3600,
  "param_threshold": 0.001,
  "ll_threshold": "-Inf",
  "initial_prob": "group_proportional"
}
