{
  "W": [
    [53, 47],
    [50, 50],
    [64, 36],
    [54, 46],
    [55, 45],
    [50, 50],
    [66, 34],
    [56, 44],
    [56, 44],
    [53, 47],
    [47, 53],
    [47, 53],
    [54, 46],
    [59, 41],
    [60, 40],
    [58, 42],
    [56, 44],
    [62, 38],
    [60, 40],
    [63, 37],
    [54, 46],
    [57, 43],
    [60, 40],
    [46, 54],
    [57, 43],
    [35, 65],
    [43, 57],
    [43, 57],
    [45, 55],
    [41, 59],
    [43, 57],
    [47, 53],
    [41, 59],
    [49, 51],
    [41, 59],
    [50, 50],
    [45, 55],
    [46, 54],
    [43, 57],
    [46, 54],
    [51, 49],
    [41, 59],
    [43, 57],
    [44, 56],
    [56, 44],
    [46, 54],
    [48, 52],
    [37, 63],
    [44, 56],
    [35, 65]
  ],
  "X": [
    [42, 39, 19],
    [47, 31, 22],
    [50, 35, 15],
    [42, 35, 23],
    [45, 31, 24],
    [40, 35, 25],
    [59, 23, 18],
    [48, 30, 22],
    [44, 32, 24],
    [45, 22, 33],
    [37, 35, 28],
    [41, 36, 23],
    [43, 35, 22],
    [51, 33, 16],
    [44, 35, 21],
    [51, 28, 21],
    [45, 32, 23],
    [56, 24, 20],
    [54, 24, 22],
    [49, 33, 18],
    [46, 27, 27],
    [46, 34, 20],
    [49, 30, 21],
    [43, 34, 23],
    [55, 26, 19],
    [29, 39, 32],
    [40, 36, 24],
    [40, 31, 29],
    [36, 35, 29],
    [37, 32, 31],
    [42, 35, 23],
    [38, 37, 25],
    [32, 33, 35],
    [42, 28, 30],
    [37, 32, 31],
    [45, 28, 27],
    [42, 32, 26],
    [36, 36, 28],
    [33, 36, 31],
    [43, 33, 24],
    [47, 26, 27],
    [31, 34, 35],
    [29, 41, 30],
    [40, 38, 22],
    [54, 24, 22],
    [41, 34, 25],
    [42, 32, 26],
    [35, 35, 30],
    [35, 37, 28],
    [28, 34, 38]
  ],
  "real_prob": [
    [0.81127248765, 0.15674025403, 0.03198725832],
    [0.039446046698, 0.49068445487, 0.46986949843]
  ],
  "method": "exact",
  "prob": [
    [0.77652876082, 0.18894665627, 0.034524582913],
    [0.073871239179, 0.45785334373, 0.46827541709]
  ],
  "iterations": 88,
  "logLik": -262.0198473621,
  "time": 8.951175,
  "message": "Converged",
  "status": 0,
  "cond_prob": [
    [
      [0.73391413625, 0.066011718693, 0.23794627284, 0.56146484126, 0.028139590904, 0.37252344004, 0.83487857263, 0.10512142737, 0.14277506374, 0.47722493626, 0.022346363639, 0.41765363636, 0.74232102468, 0.069207067233, 0.23081686059, 0.56188113673, 0.026862114731, 0.36891179603, 0.72828551455, 0.058099613352, 0.23305367556, 0.48728481565, 0.038660809888, 0.454615571, 0.76431426795, 0.065838116949, 0.19751832574, 0.44747760188, 0.038167406312, 0.48668428117, 0.73955078234, 0.06044921766, 0.22220036232, 0.47779963768, 0.038248855339, 0.46175114466, 0.84164689488, 0.10150896875, 0.13185539928, 0.42051598964, 0.026497705839, 0.47797504161, 0.79467713229, 0.079501831628, 0.17429364871, 0.45998990164, 0.031029218994, 0.46050826673, 0.73989721761, 0.058312632129],
      [0.2178542885, 0.45000363282, 0.042248493891, 0.49168373505, 0.79521893742, 0.06071055993, 0.14874761346, 0.30034843589, 0.056033449124, 0.63894100418, 0.72567479372, 0.054590277266, 0.23030965966, 0.45614049049, 0.044015546622, 0.48926923224, 0.7826945734, 0.079497265097, 0.1900488586, 0.51071138954, 0.027256567995, 0.40979134536, 0.7423412307, 0.06333855527, 0.22290457658, 0.49919897532, 0.034754192727, 0.43746246941, 0.79993020213, 0.092783367672, 0.17909045162, 0.54716252084, 0.020979346251, 0.36005411149, 0.69937378897, 0.050939316545, 0.2576012097, 0.48859818545, 0.043025001332, 0.460462498, 0.81502372303, 0.08877676343, 0.15652581923, 0.45051196392, 0.028450457737, 0.46071127265, 0.75357305979, 0.063634287545, 0.20842095247, 0.46200969686]
    ],
    [
      [0.038005987745, 0.4743560156, 0.84148898011, 0.10072850614, 0.13153133105, 0.41697519671, 0.026979688842, 0.48229629715, 0.83681299937, 0.094780500948, 0.13331614046, 0.40002578931, 0.02987086017, 0.50519370975, 0.74036624887, 0.06370071138, 0.22582517187, 0.50737876141, 0.033808579258, 0.42892052721, 0.79207226353, 0.070176038468, 0.16702836422, 0.39087974635, 0.04089937225, 0.53894421519, 0.75526072922, 0.068607870567, 0.21317374622, 0.50811852246, 0.031565524562, 0.42327360698, 0.77042820694, 0.069357689585, 0.19416587725, 0.45875118413, 0.035405915811, 0.47189112628, 0.82012270367, 0.09767325243, 0.15686640884, 0.49600268877, 0.023010887492, 0.4063240588, 0.86712390738, 0.12962644836, 0.11413285368, 0.45335877536, 0.018743238942, 0.41701477629],
      [0.72547772736, 0.055511992962, 0.23317161927, 0.47444605116, 0.041350653375, 0.47004195587, 0.80854107686, 0.091802345525, 0.16751410769, 0.5052086556, 0.02394481545, 0.40298899887, 0.81626124086, 0.085978362155, 0.15277839428, 0.42860577274, 0.030960364855, 0.48541586511, 0.73174326702, 0.055846417894, 0.22471847554, 0.45250306546, 0.043538257437, 0.49165051664, 0.79481802908, 0.074787471318, 0.1694520649, 0.42461805659, 0.035729906019, 0.50059447209, 0.83355035408, 0.1080234171, 0.14622554392, 0.50372458967, 0.020224102003, 0.38825199323, 0.73875285749, 0.061860673551, 0.22566125675, 0.49799850817, 0.035585885765, 0.44014081828, 0.71308989134, 0.046835838219, 0.23006697383, 0.39944498429, 0.056843134824, 0.5537191775, 0.78700861674, 0.067383878037]
    ],
    [
      [0.17006141825, 0.38562726481, 0.042929965009, 0.54698885715, 0.79481802908, 0.074787471318, 0.1694520649, 0.42461805659, 0.035729906019, 0.50059447209, 0.81631837861, 0.083681621388, 0.15048131661, 0.40951868339, 0.033200304782, 0.50679969522, 0.82043394967, 0.092372222996, 0.15262529067, 0.45694294399, 0.026940759654, 0.45068483301, 0.71958958583, 0.053682945401, 0.23673097103, 0.46500695061, 0.043679443138, 0.48131010399, 0.70349636335, 0.048239585543, 0.24656092402, 0.44557684679, 0.049942712627, 0.50618356767, 0.82164107761, 0.096379822777, 0.15401692886, 0.47991150504, 0.024341993528, 0.42370867218, 0.83392102557, 0.09122505502, 0.13433636565, 0.39079276228, 0.031742608781, 0.5179821827, 0.69386421942, 0.043246898369, 0.2463505147, 0.40507845589],
      [0.059785265879, 0.55167464575, 0.6263283516, 0.03627861195, 0.31682226717, 0.48029197389, 0.056849381227, 0.48342941416, 0.79604091617, 0.088824994437, 0.18124791189, 0.53616235494, 0.02271117194, 0.37501265062, 0.86854267044, 0.12185478307, 0.10894015429, 0.40680344, 0.022517175271, 0.47134177693, 0.79530104963, 0.081780587349, 0.17595054337, 0.47974583342, 0.028748406992, 0.43847357923, 0.7915948799, 0.076989341627, 0.17585247348, 0.45305925525, 0.032552646619, 0.46995140312, 0.80426691021, 0.083208322577, 0.16593468395, 0.45810185228, 0.029798405842, 0.45868982514, 0.72443569193, 0.055800527766, 0.2344854477, 0.47647571966, 0.04107886036, 0.46772375257, 0.71339746097, 0.0466321364, 0.22970016548, 0.39939221859, 0.056902373547, 0.55397564501]
    ]
  ],
  "maxiter": 3600,
  "param_threshold": 0.001,
  "ll_threshold": "-Inf",
  "initial_prob": "group_proportional"
}
