{
  "W": [
    [51, 25, 24],
    [38, 32, 30],
    [50, 24, 26],
    [40, 31, 29],
    [46, 31, 23],
    [56, 16, 28],
    [56, 17, 27],
    [54, 22, 24],
    [55, 22, 23],
    [48, 25, 27],
    [45, 27, 28],
    [49, 25, 26],
    [48, 25, 27],
    [50, 18, 32],
    [36, 33, 31],
    [50, 33, 17],
    [45, 25, 30],
    [26, 58, 16],
    [28, 44, 28],
    [31, 39, 30],
    [29, 48, 23],
    [22, 49, 29],
    [32, 45, 23],
    [34, 41, 25],
    [25, 41, 34],
    [26, 46, 28],
    [23, 49, 28],
    [18, 47, 35],
    [20, 55, 25],
    [27, 51, 22],
    [26, 46, 28],
    [20, 52, 28],
    [24, 46, 30],
    [30, 33, 37],
    [25, 31, 44],
    [23, 22, 55],
    [23, 25, 52],
    [36, 26, 38],
    [24, 22, 54],
    [27, 32, 41],
    [20, 34, 46],
    [27, 27, 46],
    [24, 29, 47],
    [28, 19, 53],
    [26, 29, 45],
    [23, 32, 45],
    [20, 35, 45],
    [30, 27, 43],
    [24, 28, 48],
    [29, 28, 43]
  ],
  "X": [
    [33, 22, 45],
    [46, 15, 39],
    [42, 17, 41],
    [36, 28, 36],
    [35, 20, 45],
    [35, 16, 49],
    [41, 15, 44],
    [34, 17, 49],
    [39, 16, 45],
    [47, 16, 37],
    [40, 17, 43],
    [36, 18, 46],
    [42, 14, 44],
    [36, 17, 47],
    [47, 21, 32],
    [41, 19, 40],
    [45, 13, 42],
    [42, 19, 39],
    [45, 28, 27],
    [48, 25, 27],
    [38, 24, 38],
    [48, 17, 35],
    [39, 24, 37],
    [42, 14, 44],
    [53, 16, 31],
    [44, 22, 34],
    [47, 25, 28],
    [52, 21, 27],
    [53, 22, 25],
    [41, 29, 30],
    [38, 34, 28],
    [43, 23, 34],
    [46, 20, 34],
    [48, 14, 38],
    [48, 20, 32],
    [49, 23, 28],
    [50, 25, 25],
    [43, 25, 32],
    [59, 17, 24],
    [49, 21, 30],
    [61, 24, 15],
    [49, 27, 24],
    [54, 13, 33],
    [49, 26, 25],
    [46, 23, 31],
    [55, 23, 22],
    [39, 33, 28],
    [52, 18, 30],
    [51, 26, 23],
    [53, 21, 26]
  ],
  "real_prob": [
    [0.21398199195, 0.028974683094, 0.75704332495],
    [0.51580278326, 0.25393892182, 0.23025829492],
    [0.6274531835, 0.34281911528, 0.029727701219]
  ],
  "method": "exact",
  "prob": [
    [0.19784022552, 0.086559097294, 0.71560067719],
    [0.44987345698, 0.2977275136, 0.25239902942],
    [0.70183750977, 0.24153314504, 0.056629345191]
  ],
  "iterations": 56,
  "logLik": -278.5703480167,
  "time": 146.967293,
  "message": "Converged",
  "status": 0,
  "cond_prob": [
    [
      [0.16536368091, 0.38013945671, 0.62762357733, 0.10493600846, 0.36646082487, 0.31194762279, 0.72970031063, 0.25339971842, 0.060428799885, 0.19758899102, 0.49286232653, 0.75733412974, 0.060186834154, 0.22786734961, 0.18070483716, 0.74222417482, 0.27927032386, 0.061961033105, 0.22580014732, 0.48852304711, 0.73020921166, 0.087272845949, 0.2868925213, 0.22118989197, 0.68692700673, 0.22458443159, 0.048600896364, 0.17687560684, 0.36968366967, 0.60223386091, 0.12978471507, 0.41180630258, 0.34629710404, 0.69333967808, 0.21851002775, 0.051469035052, 0.16118070323, 0.39942578626, 0.66102122944, 0.084571239266, 0.31820190494, 0.27154191046, 0.7542480575, 0.2823723088, 0.067436860098, 0.16483959608, 0.4161958998, 0.68249457938, 0.076839965472, 0.29494770735],
      [0.24920709343, 0.75832043845, 0.28885639284, 0.068298327195, 0.22555083845, 0.49526448568, 0.73887617742, 0.0823818807, 0.27503671892, 0.21151816516, 0.69206728085, 0.2296987954, 0.049605657428, 0.16244176965, 0.40978618316, 0.67553535038, 0.078528011267, 0.30102806933, 0.25570291109, 0.75903021908, 0.2891857475, 0.068761738524, 0.21435669086, 0.47841162991, 0.72544896281, 0.083937736929, 0.2847374657, 0.22257392277, 0.70170557221, 0.23685090439, 0.051977114426, 0.26777475999, 0.53899312167, 0.76562901774, 0.086493726195, 0.264521889, 0.19389829324, 0.64573151382, 0.19648498933, 0.040472689016, 0.17961914932, 0.44569028216, 0.71012502365, 0.072823519594, 0.27440052638, 0.22550455022, 0.74755733108, 0.27990919146, 0.064370426135, 0.16452596439],
      [0.41277465129, 0.67764851779, 0.078902216611, 0.30068065929, 0.25449134245, 0.756571819, 0.28654468941, 0.067860139755, 0.19798439848, 0.48841986644, 0.75134267452, 0.063078059894, 0.23637897269, 0.18751032622, 0.73893754163, 0.27520116087, 0.061146999266, 0.14886455966, 0.39600634729, 0.66964555518, 0.072182636359, 0.29176065806, 0.25434926053, 0.77895280398, 0.31223299464, 0.07600518429, 0.23782033411, 0.48743477157, 0.72106840355, 0.098890140282, 0.30768054619, 0.23504828792, 0.6632895256, 0.20488468224, 0.043883308524, 0.24610499798, 0.49528171595, 0.72649726321, 0.099890683578, 0.30535940924, 0.23109443036, 0.65400431844, 0.1993588748, 0.042408306435, 0.20416000391, 0.50765543009, 0.7707138024, 0.056982024515, 0.21520247125, 0.16852490385]
    ],
    [
      [0.73885797158, 0.27714209866, 0.060761293753, 0.16972477709, 0.44820006883, 0.72447198771, 0.060980082568, 0.244064449, 0.20367373821, 0.76929514034, 0.30773548217, 0.071854274076, 0.23430258818, 0.44622837723, 0.6716242476, 0.12840895904, 0.37103272838, 0.28853961064, 0.63728845278, 0.18273889439, 0.039836141754, 0.25982614989, 0.4827175213, 0.70398020075, 0.12213100701, 0.34435645291, 0.25946790397, 0.6180428431, 0.17292602579, 0.036551895275, 0.15205583956, 0.38732932772, 0.65211186619, 0.08230598285, 0.31789214041, 0.27627407642, 0.76563817759, 0.29477853187, 0.071614057394, 0.16952968761, 0.4624833937, 0.74512622694, 0.052404317061, 0.21669397495, 0.1803138018, 0.77806599533, 0.32082263136, 0.074559971253, 0.17090719934, 0.40674022069],
      [0.66207216044, 0.090840383894, 0.32790591019, 0.27553659813, 0.73825241677, 0.26535386913, 0.062391241429, 0.15220103944, 0.44520459442, 0.74287105151, 0.044964818787, 0.19947025822, 0.17171662297, 0.80283414177, 0.35532514736, 0.085412325524, 0.21415390023, 0.51873858841, 0.77581971675, 0.058796997582, 0.21600151573, 0.1668827328, 0.72704910219, 0.26525989586, 0.057297550441, 0.17585559785, 0.43342785408, 0.69607404173, 0.077274144198, 0.28878935465, 0.23952006917, 0.74687025795, 0.27778279127, 0.064405889101, 0.21455862723, 0.45886724852, 0.699309157, 0.098651862054, 0.31993604094, 0.2519336131, 0.68678951071, 0.22119671054, 0.048757229902, 0.20413342464, 0.48068680736, 0.73523766887, 0.073802000394, 0.26346217332, 0.2082526242, 0.72206457497],
      [0.25585101932, 0.056509706927, 0.25937954846, 0.52620082248, 0.75485455177, 0.08935875777, 0.27486281759, 0.20381479508, 0.65126169377, 0.19893635992, 0.041330653155, 0.2027809326, 0.41605630932, 0.65027468384, 0.12034599774, 0.37448992448, 0.3023487233, 0.67687306966, 0.2094537662, 0.047376592856, 0.18349724065, 0.36391053937, 0.58889953329, 0.14481254125, 0.43560683703, 0.36417712228, 0.6716902181, 0.2004826236, 0.046923344423, 0.15142671098, 0.40346936149, 0.67825210654, 0.07008937194, 0.28302958396, 0.24573836412, 0.77848391708, 0.31350105456, 0.076009529342, 0.1719858035, 0.4438635079, 0.71515397843, 0.066298147865, 0.25941003294, 0.21586609787, 0.76171604864, 0.29672645917, 0.068979923701, 0.16190489829, 0.46199003588, 0.7539778883]
    ],
    [
      [0.045486648073, 0.19689303416, 0.16589001164, 0.79260845364, 0.34111692996, 0.080132100058, 0.16105377136, 0.4253943098, 0.69969163891, 0.06689038726, 0.26800625095, 0.2277169668, 0.77205584138, 0.30659943925, 0.072591394294, 0.15537108085, 0.39957314544, 0.66610647165, 0.078290874509, 0.30552097483, 0.263233608, 0.76633804464, 0.29490587973, 0.070659920351, 0.19131890667, 0.42655356329, 0.67184280893, 0.099684506883, 0.33725432989, 0.27453650182, 0.70899658645, 0.23619210682, 0.053620689257, 0.20083100034, 0.41862964244, 0.65488719169, 0.11604368208, 0.36724365018, 0.2966866458, 0.68312531758, 0.21412670738, 0.048426162509, 0.24055480998, 0.53016214821, 0.7696873574, 0.072920794446, 0.24396011356, 0.18301441546, 0.68652439558, 0.22587773823],
