{
  "W": [
    [41, 31, 28],
    [49, 24, 27],
    [47, 25, 28],
    [43, 37, 20],
    [45, 27, 28],
    [44, 29, 27],
    [43, 22, 35],
    [47, 26, 27],
    [53, 25, 22],
    [42, 32, 26],
    [44, 33, 23],
    [56, 24, 20],
    [47, 36, 17],
    [51, 26, 23],
    [40, 25, 35],
    [42, 30, 28],
    [42, 37, 21],
    [27, 45, 28],
    [32, 40, 28],
    [21, 50, 29],
    [22, 38, 40],
    [30, 48, 22],
    [25, 40, 35],
    [19, 51, 30],
    [21, 52, 27],
    [33, 44, 23],
    [25, 52, 23],
    [25, 42, 33],
    [24, 46, 30],
    [19, 57, 24],
    [26, 41, 33],
    [18, 53, 29],
    [33, 41, 26],
    [28, 33, 39],
    [28, 29, 43],
    [31, 20, 49],
    [20, 34, 46],
    [27, 24, 49],
    [26, 20, 54],
    [30, 17, 53],
    [23, 33, 44],
    [25, 24, 51],
    [33, 19, 48],
    [24, 28, 48],
    [32, 28, 40],
    [31, 31, 38],
    [30, 26, 44],
    [32, 32, 36],
    [34, 23, 43],
    [37, 17, 46]
  ],
  "X": [
    [29, 41, 30],
    [36, 33, 31],
    [36, 37, 27],
    [30, 31, 39],
    [33, 32, 35],
    [26, 39, 35],
    [30, 34, 36],
    [37, 33, 30],
    [34, 29, 37],
    [28, 36, 36],
    [34, 34, 32],
    [45, 24, 31],
    [35, 31, 34],
    [35, 38, 27],
    [32, 36, 32],
    [34, 34, 32],
    [27, 36, 37],
    [26, 27, 47],
    [28, 37, 35],
    [16, 41, 43],
    [24, 41, 35],
    [25, 35, 40],
    [23, 44, 33],
    [25, 40, 35],
    [26, 35, 39],
    [31, 43, 26],
    [27, 26, 47],
    [23, 39, 38],
    [21, 33, 46],
    [20, 32, 48],
    [24, 43, 33],
    [23, 41, 36],
    [24, 40, 36],
    [26, 38, 36],
    [20, 38, 42],
    [15, 53, 32],
    [21, 46, 33],
    [23, 52, 25],
    [21, 49, 30],
    [24, 46, 30],
    [19, 42, 39],
    [20, 47, 33],
    [23, 39, 38],
    [22, 40, 38],
    [29, 41, 30],
    [25, 42, 33],
    [27, 51, 22],
    [30, 41, 29],
    [31, 34, 35],
    [30, 39, 31]
  ],
  "real_prob": [
    [0.61840807158, 0.11505068675, 0.26654124167],
    [0.11534478174, 0.32648266279, 0.55817255547],
    [0.089160122939, 0.68278523165, 0.22805464541]
  ],
  "method": "exact",
  "prob": [
    [0.59782344023, 0.1850971659, 0.21707939387],
    [0.15173622022, 0.2912769496, 0.55698683018],
    [0.062115273728, 0.67159924938, 0.2662854769]
  ],
  "iterations": 58,
  "logLik": -271.8124752974,
  "time": 205.685748,
  "message": "Converged",
  "status": 0,
  "cond_prob": [
    [
      [0.56827680837, 0.13801875133, 0.050788198774, 0.23046942918, 0.35406115957, 0.73481633775, 0.20125376245, 0.5079200891, 0.21439546348, 0.61941810955, 0.15988173996, 0.067087069371, 0.17134214242, 0.27938595575, 0.66292489199, 0.20923974803, 0.56073230429, 0.26998803864, 0.63417551713, 0.17301124107, 0.06673105958, 0.18936560365, 0.326641911, 0.71192031619, 0.17645887922, 0.50034684793, 0.22134862423, 0.56125318568, 0.12883590499, 0.054959226557, 0.18614642319, 0.26986983909, 0.65052598782, 0.25260039113, 0.60129425592, 0.29451478562, 0.60342045151, 0.14874467696, 0.065356193, 0.16369209564, 0.25507869277, 0.63381182112, 0.23288745285, 0.59617663027, 0.30083198588, 0.496760692, 0.10494860047, 0.040704449571, 0.24167542741, 0.32223011508],
      [0.7045039947, 0.26156388059, 0.57282128446, 0.25479155573, 0.57903750296, 0.13509428984, 0.06083751418, 0.16428522869, 0.24250019546, 0.61716373904, 0.25667726835, 0.6224055147, 0.32199874678, 0.64681780022, 0.17703783472, 0.073947395823, 0.16303126785, 0.28213793561, 0.66673866982, 0.19015093193, 0.54082422967, 0.25931393436, 0.55858803249, 0.12618162114, 0.056376988619, 0.17294860946, 0.24614369168, 0.62182415486, 0.26846335806, 0.62767468718, 0.32179885652, 0.54282310329, 0.12228386946, 0.049551763043, 0.20904794694, 0.2975971412, 0.6806491427, 0.24812894977, 0.58011898934, 0.26979909426, 0.61805741975, 0.16117348471, 0.064641240688, 0.18444500165, 0.30404915404, 0.68916512367, 0.19749757861, 0.53477736125, 0.24619363565, 0.68528117851],
      [0.19823567785, 0.093329886739, 0.1215656734, 0.22197405197, 0.59324725213, 0.19315314809, 0.57979027018, 0.31342286113, 0.60484326229, 0.15318582602, 0.062216290339, 0.18569751482, 0.29686890304, 0.68146684082, 0.20945922289, 0.54994527094, 0.25631686884, 0.58637528642, 0.14823590609, 0.053944644959, 0.22650618567, 0.36124794274, 0.74155382694, 0.18711852791, 0.49051615117, 0.2045015281, 0.63325041442, 0.16688377812, 0.071368256293, 0.16136169515, 0.26947821572, 0.65167362289, 0.20538789043, 0.56363800616, 0.27695812082, 0.6389579192, 0.17173255644, 0.071849667869, 0.16525555354, 0.28111291606, 0.66520997392, 0.19578652726, 0.5471545275, 0.26294035822, 0.52019814079, 0.113902302, 0.044632995847, 0.22883288075, 0.31637041819, 0.69920540646]
    ],
    [
      [0.25096897847, 0.56972727981, 0.25616159769, 0.62473877215, 0.15452040846, 0.077808384685, 0.12100405351, 0.19009700485, 0.5420901906, 0.25425717434, 0.65538258669, 0.38010142472, 0.6179452721, 0.16031756301, 0.064751741869, 0.18226689487, 0.29994530035, 0.68463026251, 0.19978783303, 0.53973713664, 0.25061799562, 0.47855228689, 0.096929232001, 0.038066909495, 0.24336544706, 0.31413833201, 0.69594513832, 0.27808226606, 0.58893243599, 0.26598795218, 0.64926923353, 0.17770427907, 0.07408285644, 0.16228567786, 0.28291812128, 0.66697066196, 0.18844508861, 0.53937759964, 0.2589464816, 0.57425860054, 0.13647882588, 0.055511742798, 0.19605379751, 0.29548575596, 0.67886680858, 0.22968760195, 0.56803541816, 0.26562144862, 0.59758344333, 0.15145348535],
      [0.057207842932, 0.20961730724, 0.33807380479, 0.7210461465, 0.19279924943, 0.51047270986, 0.22174601057, 0.66968123545, 0.19522071379, 0.077326670765, 0.16801985697, 0.31140012105, 0.69754055148, 0.16229890758, 0.49337916516, 0.22513277776, 0.66661103474, 0.18900968233, 0.080469066265, 0.15095261101, 0.27193735953, 0.65515749901, 0.18243635425, 0.53905295814, 0.26437343473, 0.64505248537, 0.18746373161, 0.063689730092, 0.2203003072, 0.40563657089, 0.77748177144, 0.13464720743, 0.4068996975, 0.15882849847, 0.64910038297, 0.1699203909, 0.084201308658, 0.11884746856, 0.19751515184, 0.55469675611, 0.23205214847, 0.63256445727, 0.36110193523, 0.59495621052, 0.14622930003, 0.060135276837, 0.18521089973, 0.28959847766, 0.67292701349, 0.21983288976],
      [0.56417222231, 0.26693770967, 0.56188611844, 0.12589990859, 0.057444578748, 0.16506396587, 0.23534507633, 0.60708637693, 0.27304991569, 0.63875501508, 0.33546904432, 0.57672579278, 0.13348685616, 0.059727463996, 0.16617281035, 0.24496756725, 0.61998188625, 0.25710139687, 0.62154557658, 0.32029064976, 0.60402968679, 0.15511515008, 0.058651726976, 0.20671850973, 0.33756914893, 0.72075708003, 0.18925180349, 0.50731570099, 0.22059119299, 0.64323295468, 0.17780463462, 0.068902109683, 0.18389102258, 0.3234674456, 0.70848920609, 0.17287602274, 0.49872791978, 0.22260868422, 0.53845516492, 0.12247258002, 0.046523222193, 0.23203157392, 0.33445088224, 0.71655661111, 0.22951326116, 0.54307653774, 0.2369201667, 0.63316878448, 0.16558090212, 0.071977032428]
    ],
    [
      [0.15682112498, 0.26082001734, 0.64107558791, 0.21001009055, 0.57359908054, 0.28694737966, 0.52390389963, 0.10978374248, 0.049929355314, 0.17765270107, 0.23689463188, 0.60827395455, 0.2984433993, 0.65332162564, 0.34179669014, 0.39528967814, 0.072688062506, 0.026372627092, 0.30965491276, 0.36146756198, 0.73819074419, 0.2950554091, 0.56584437552, 0.23543662872, 0.62321751215, 0.16315915182, 0.064961708592, 0.18408333367, 0.30774955784, 0.69249670348, 0.19269915418, 0.52909129034, 0.24254158793, 0.60714588576, 0.15956153101, 0.0566853947, 0.22420031984, 0.37573770617, 0.75365074319, 0.1686537944, 0.46470076282, 0.18966386211, 0.58313106966, 0.14117072597, 0.055836623506, 0.20137329914, 0.31127087902, 0.69516438226, 0.21549563119, 0.54755839501],
