{
  "W": [
    [77, 23],
    [72, 28],
    [74, 26],
    [68, 32],
    [74, 26],
    [73, 27],
    [71, 29],
    [73, 27],
    [70, 30],
    [81, 19],
    [74, 26],
    [78, 22],
    [81, 19],
    [71, 29],
    [84, 16],
    [69, 31],
    [76, 24],
    [83, 17],
    [77, 23],
    [70, 30],
    [77, 23],
    [73, 27],
    [76, 24],
    [80, 20],
    [75, 25],
    [28, 72],
    [26, 74],
    [19, 81],
    [24, 76],
    [20, 80],
    [27, 73],
    [18, 82],
    [34, 66],
    [30, 70],
    [22, 78],
    [31, 69],
    [22, 78],
    [20, 80],
    [27, 73],
    [21, 79],
    [20, 80],
    [19, 81],
    [30, 70],
    [38, 62],
    [33, 67],
    [18, 82],
    [25, 75],
    [23, 77],
    [23, 77],
    [25, 75]
  ],
  "X": [
    [62, 38],
    [52, 48],
    [64, 36],
    [48, 52],
    [58, 42],
    [60, 40],
    [60, 40],
    [60, 40],
    [57, 43],
    [65, 35],
    [68, 32],
    [56, 44],
    [60, 40],
    [58, 42],
    [55, 45],
    [55, 45],
    [60, 40],
    [58, 42],
    [52, 48],
    [59, 41],
    [56, 44],
    [56, 44],
    [56, 44],
    [66, 34],
    [56, 44],
    [57, 43],
    [54, 46],
    [66, 34],
    [63, 37],
    [66, 34],
    [51, 49],
    [63, 37],
    [61, 39],
    [58, 42],
    [65, 35],
    [60, 40],
    [71, 29],
    [56, 44],
    [56, 44],
    [66, 34],
    [66, 34],
    [59, 41],
    [63, 37],
    [66, 34],
    [66, 34],
    [66, 34],
    [72, 28],
    [58, 42],
    [51, 49],
    [59, 41]
  ],
  "real_prob": [
    [0.57313160176, 0.42686839824],
    [0.62895265868, 0.37104734132]
  ],
  "method": "mcmc",
  "mcmc_stepsize": 3000,
  "mcmc_samples": 1000,
  "prob": [
    [0.5707557348, 0.4292442652],
    [0.6276442652, 0.3723557348]
  ],
  "iterations": 6,
  "logLik": -152.4091614886,
  "time": 0.417611,
  "message": "Converged",
  "status": 0,
  "cond_prob": [
    [
      [0.60976112275, 0.65427798035, 0.39023887725, 0.34572201965, 0.503559718, 0.56227501085, 0.496440282, 0.43772498915, 0.62877449935, 0.67194950186, 0.37122550065, 0.32805049814, 0.45931950847, 0.52394604451, 0.54068049153, 0.47605395549, 0.56706371354, 0.61681866146, 0.43293628646, 0.38318133854, 0.58701327237, 0.6351122636, 0.41298672763, 0.3648877364, 0.58563186178, 0.63517716599, 0.41436813822, 0.36482283401, 0.5870032247, 0.63513942951, 0.4129967753, 0.36486057049, 0.55365872039, 0.60812965242, 0.44634127961, 0.39187034758, 0.64081175313, 0.68917094718, 0.35918824687, 0.31082905282, 0.66913616577, 0.71092014358, 0.33086383423, 0.28907985642, 0.55007039933, 0.59520494784, 0.44992960067, 0.40479505216, 0.59088896624, 0.63884177549],
      [0.40911103376, 0.36115822451, 0.5648220622, 0.61715977874, 0.4351779378, 0.38284022126, 0.54031025756, 0.60087114783, 0.45968974244, 0.39912885217, 0.53241170235, 0.58914814638, 0.46758829765, 0.41085185362, 0.58904046475, 0.63470519496, 0.41095953525, 0.36529480504, 0.57043254373, 0.62671169826, 0.42956745627, 0.37328830174, 0.5083930292, 0.55885811962, 0.4916069708, 0.44114188038, 0.57456217832, 0.62602158392, 0.42543782168, 0.37397841608, 0.54926302934, 0.59594551046, 0.45073697066, 0.40405448954, 0.54569516118, 0.5986760457, 0.45430483882, 0.4013239543, 0.54831304539, 0.59700868959, 0.45168695461, 0.40299131041, 0.65008579215, 0.6996568314, 0.34991420785, 0.3003431686, 0.54741062994, 0.59776811019, 0.45258937006, 0.40223188981]
    ],
    [
      [0.52568463269, 0.58723375395, 0.47431536731, 0.41276624605, 0.49682852219, 0.55516835707, 0.50317147781, 0.44483164293, 0.60843196241, 0.67209620635, 0.39156803759, 0.32790379365, 0.5805609873, 0.6456123198, 0.4194390127, 0.3543876802, 0.61284941241, 0.6717876469, 0.38715058759, 0.3282123531, 0.46700990446, 0.52590044629, 0.53299009554, 0.47409955371, 0.57855623809, 0.6412925331, 0.42144376191, 0.3587074669, 0.57272013099, 0.62920478101, 0.42727986901, 0.37079521899, 0.53619471022, 0.59877369562, 0.46380528978, 0.40122630438, 0.59948341786, 0.66424826676, 0.40051658214, 0.33575173324, 0.55803153358, 0.61885539796, 0.44196846642, 0.38114460204, 0.66553247666, 0.72254212197, 0.33446752334, 0.27745787803, 0.51061935855, 0.57234516036],
      [0.48938064145, 0.42765483964, 0.5159422485, 0.57629533275, 0.4840577515, 0.42370466725, 0.60946965423, 0.67343211723, 0.39053034577, 0.32656788277, 0.60856763764, 0.67285809059, 0.39143236236, 0.32714190941, 0.53845333932, 0.60209119201, 0.46154666068, 0.39790880799, 0.58990907036, 0.64718182699, 0.41009092964, 0.35281817301, 0.62774447281, 0.67976951667, 0.37225552719, 0.32023048333, 0.62602971024, 0.67673163526, 0.37397028976, 0.32326836474, 0.60927818056, 0.67113405793, 0.39072181944, 0.32886594207, 0.67698985026, 0.73433671658, 0.32301014974, 0.26566328342, 0.53198065964, 0.59434343933, 0.46801934036, 0.40565656067, 0.46884295574, 0.52229366257, 0.53115704426, 0.47770633743, 0.54388379784, 0.60537206739, 0.45611620216, 0.39462793261]
    ]
  ],
  "maxiter": 3600,
  "param_threshold": 0.001,
  "ll_threshold": "-Inf",
  "initial_prob": "group_proportional"
}
