{
  "W": [
    [78, 22],
    [78, 22],
    [77, 23],
    [72, 28],
    [75, 25],
    [76, 24],
    [67, 33],
    [73, 27],
    [71, 29],
    [70, 30],
    [76, 24],
    [68, 32],
    [72, 28],
    [69, 31],
    [82, 18],
    [81, 19],
    [71, 29],
    [74, 26],
    [78, 22],
    [74, 26],
    [78, 22],
    [76, 24],
    [79, 21],
    [77, 23],
    [79, 21],
    [29, 71],
    [23, 77],
    [33, 67],
    [24, 76],
    [27, 73],
    [23, 77],
    [25, 75],
    [24, 76],
    [25, 75],
    [25, 75],
    [31, 69],
    [25, 75],
    [21, 79],
    [23, 77],
    [23, 77],
    [28, 72],
    [29, 71],
    [23, 77],
    [33, 67],
    [21, 79],
    [23, 77],
    [24, 76],
    [25, 75],
    [20, 80],
    [22, 78]
  ],
  "X": [
    [96, 4],
    [96, 4],
    [95, 5],
    [97, 3],
    [93, 7],
    [92, 8],
    [97, 3],
    [97, 3],
    [93, 7],
    [94, 6],
    [97, 3],
    [96, 4],
    [97, 3],
    [96, 4],
    [95, 5],
    [96, 4],
    [97, 3],
    [94, 6],
    [99, 1],
    [96, 4],
    [95, 5],
    [99, 1],
    [95, 5],
    [94, 6],
    [99, 1],
    [95, 5],
    [97, 3],
    [98, 2],
    [96, 4],
    [96, 4],
    [93, 7],
    [94, 6],
    [95, 5],
    [99, 1],
    [98, 2],
    [96, 4],
    [97, 3],
    [97, 3],
    [96, 4],
    [94, 6],
    [97, 3],
    [96, 4],
    [97, 3],
    [96, 4],
    [97, 3],
    [95, 5],
    [98, 2],
    [97, 3],
    [97, 3],
    [95, 5]
  ],
  "real_prob": [
    [0.95302919512, 0.046970804882],
    [0.96493529527, 0.035064704733]
  ],
  "method": "mcmc",
  "mcmc_stepsize": 3000,
  "mcmc_samples": 1000,
  "prob": [
    [0.95732537521, 0.04267462479],
    [0.96307462479, 0.03692537521]
  ],
  "iterations": 1,
  "logLik": -96.3429336453,
  "time": 0.457603,
  "message": "Converged",
  "status": 0,
  "cond_prob": [
    [
      [0.95870968023, 0.96457477011, 0.041290319774, 0.035425229892, 0.95870968023, 0.96457477011, 0.041290319774, 0.035425229892, 0.94813970411, 0.9562279471, 0.051860295887, 0.043772052899, 0.96898879847, 0.97260023251, 0.031011201531, 0.027399767493, 0.92732329167, 0.938030125, 0.072676708333, 0.061969875002, 0.9171353264, 0.92907146639, 0.082864673596, 0.070928533613, 0.96882707091, 0.97238140149, 0.031172929093, 0.027618598509, 0.96904397123, 0.97258481853, 0.030956028771, 0.027415181471, 0.92690685641, 0.93757286879, 0.073093143591, 0.062427131209, 0.93715122615, 0.94664713899, 0.062848773852, 0.053352861012, 0.96914213006, 0.97271658814, 0.030857869939, 0.027283411861, 0.95844066923, 0.96331357788, 0.041559330768, 0.036686422117, 0.96898879847, 0.97260023251],
      [0.031011201531, 0.027399767493, 0.95846618362, 0.96341397839, 0.041533816377, 0.036586021611, 0.94846438255, 0.9569955906, 0.05153561745, 0.043004409396, 0.95881657659, 0.96504512084, 0.041183423408, 0.034954879157, 0.9689565709, 0.97255460228, 0.031043429102, 0.027445397715, 0.93750617758, 0.94709780227, 0.062493822421, 0.052902197726, 0.98956606693, 0.99153848999, 0.010433933073, 0.0084615100128, 0.95859507659, 0.96399862816, 0.041404923408, 0.03600137184, 0.94822384554, 0.95629727492, 0.051776154464, 0.043702725084, 0.98952474365, 0.99150497843, 0.010475256348, 0.0084950215657, 0.94824836801, 0.95658947271, 0.051751631986, 0.04341052729, 0.93782292653, 0.94728846337, 0.062177073474, 0.052711536631, 0.98958660654, 0.99155514681, 0.010413393456, 0.0084448531897]
    ],
    [
      [0.94752551091, 0.95101070681, 0.052474489093, 0.048989293187, 0.96699077377, 0.97089885978, 0.033009226225, 0.029101140218, 0.97784255584, 0.98106262175, 0.022157444158, 0.01893737825, 0.95726076915, 0.96086502027, 0.042739230852, 0.039134979731, 0.95831130892, 0.96062458437, 0.041688691085, 0.039375415626, 0.92621864335, 0.93112949614, 0.073781356651, 0.068870503858, 0.93705217638, 0.94098260787, 0.062947823624, 0.059017392125, 0.94721793357, 0.95087854729, 0.052782066431, 0.049121452706, 0.98834798351, 0.99055067216, 0.011652016493, 0.0094493278357, 0.97748428179, 0.98083857274, 0.022515718207, 0.019161427264, 0.95736350643, 0.9611845116, 0.042636493569, 0.038815488397, 0.96714048043, 0.97095317319, 0.032859519567, 0.029046826811, 0.96679247551, 0.97085263309],
      [0.033207524489, 0.029147366908, 0.95725384221, 0.9608202809, 0.042746157792, 0.039179719101, 0.93678309994, 0.94096089223, 0.063216900059, 0.059039107774, 0.96729163914, 0.97105325144, 0.032708360857, 0.028946748556, 0.95728640656, 0.96110836915, 0.042713593435, 0.03889163085, 0.96692950891, 0.97091715968, 0.033070491089, 0.029082840324, 0.95738257444, 0.96128917975, 0.042617425556, 0.038710820248, 0.96679247551, 0.97085263309, 0.033207524489, 0.029147366908, 0.94711714989, 0.95086111107, 0.052882850114, 0.049138888927, 0.97749332943, 0.98079158018, 0.022506670575, 0.019208419818, 0.96705944787, 0.97098018404, 0.032940552126, 0.029019815958, 0.96681256895, 0.97079685776, 0.033187431054, 0.029203142236, 0.94697911894, 0.95085204338, 0.053020881059, 0.049147956624]
    ]
  ],
  "maxiter": 3600,
  "param_threshold": 0.001,
  "ll_threshold": "-Inf",
  "initial_prob": "group_proportional"
}
