{
  "W": [
    [59, 18, 23],
    [66, 16, 18],
    [61, 24, 15],
    [56, 24, 20],
    [61, 21, 18],
    [61, 17, 22],
    [52, 22, 26],
    [57, 15, 28],
    [54, 21, 25],
    [64, 16, 20],
    [58, 18, 24],
    [53, 23, 24],
    [45, 33, 22],
    [53, 22, 25],
    [65, 13, 22],
    [58, 16, 26],
    [41, 43, 16],
    [24, 55, 21],
    [17, 67, 16],
    [26, 56, 18],
    [21, 56, 23],
    [23, 56, 21],
    [25, 56, 19],
    [20, 62, 18],
    [19, 61, 20],
    [19, 53, 28],
    [27, 51, 22],
    [27, 56, 17],
    [27, 58, 15],
    [17, 64, 19],
    [22, 57, 21],
    [17, 51, 32],
    [19, 59, 22],
    [19, 32, 49],
    [22, 24, 54],
    [20, 24, 56],
    [16, 30, 54],
    [16, 19, 65],
    [23, 17, 60],
    [20, 25, 55],
    [18, 19, 63],
    [25, 17, 58],
    [18, 24, 58],
    [19, 21, 60],
    [26, 18, 56],
    [16, 19, 65],
    [19, 25, 56],
    [22, 30, 48],
    [25, 24, 51],
    [29, 19, 52]
  ],
  "X": [
    [39, 38, 23],
    [31, 55, 14],
    [36, 36, 28],
    [34, 41, 25],
    [33, 46, 21],
    [37, 39, 24],
    [38, 43, 19],
    [39, 33, 28],
    [28, 45, 27],
    [41, 36, 23],
    [46, 37, 17],
    [41, 35, 24],
    [38, 30, 32],
    [45, 37, 18],
    [40, 44, 16],
    [42, 35, 23],
    [26, 41, 33],
    [26, 36, 38],
    [20, 42, 38],
    [32, 46, 22],
    [27, 41, 32],
    [22, 47, 31],
    [30, 37, 33],
    [23, 39, 38],
    [29, 33, 38],
    [32, 33, 35],
    [31, 35, 34],
    [26, 41, 33],
    [23, 39, 38],
    [24, 44, 32],
    [27, 40, 33],
    [33, 34, 33],
    [27, 42, 31],
    [53, 24, 23],
    [46, 24, 30],
    [53, 23, 24],
    [48, 30, 22],
    [53, 22, 25],
    [65, 18, 17],
    [49, 27, 24],
    [57, 22, 21],
    [52, 28, 20],
    [55, 23, 22],
    [54, 30, 16],
    [57, 24, 19],
    [59, 25, 16],
    [46, 29, 25],
    [45, 32, 23],
    [53, 27, 20],
    [43, 33, 24]
  ],
  "real_prob": [
    [0.33350448421, 0.52458453058, 0.14191098521],
    [0.079416006377, 0.43503874593, 0.48554524769],
    [0.75068004154, 0.086385434126, 0.16293452433]
  ],
  "method": "exact",
  "prob": [
    [0.33168695362, 0.49288505501, 0.17542799137],
    [0.067122558556, 0.45328313268, 0.47959430876],
    [0.77382025403, 0.098281891422, 0.12789785455]
  ],
  "iterations": 31,
  "logLik": -270.8468561445,
  "time": 56.772952,
  "message": "Converged",
  "status": 0,
  "cond_prob": [
    [
      [0.33749791439, 0.06734390373, 0.77719272973, 0.47718385532, 0.42930173545, 0.092118317299, 0.18531823029, 0.50335436082, 0.13068895297, 0.25301870663, 0.054957501504, 0.74563585213, 0.63884665181, 0.62547328803, 0.15714157623, 0.10813464156, 0.31956921047, 0.097222571637, 0.36813924948, 0.072014150925, 0.78767774398, 0.4240897263, 0.3744961454, 0.076174613745, 0.20777102423, 0.55348970367, 0.13614764228, 0.31024556835, 0.060750927066, 0.75841129613, 0.50437882241, 0.44550657639, 0.10313140559, 0.18537560924, 0.49374249655, 0.13845729828, 0.29609791931, 0.060395108311, 0.75942942488, 0.54645246417, 0.50269056044, 0.11721655093, 0.15744961653, 0.43691433125, 0.12335402419, 0.31630844646, 0.060945282838, 0.75768704352, 0.48644803732, 0.42226029682],
      [0.097647485348, 0.19724351622, 0.51679442034, 0.14466547113, 0.31281360562, 0.066713549999, 0.77946132338, 0.5471453705, 0.52663706708, 0.11393943302, 0.14004102388, 0.40664938292, 0.1065992436, 0.30977465359, 0.054754391626, 0.73291174538, 0.44308784668, 0.35226323519, 0.087858721835, 0.24713749972, 0.59298237319, 0.17922953278, 0.20565455646, 0.036184279661, 0.64539136314, 0.58335321702, 0.46121052157, 0.15254021311, 0.21099222652, 0.50260519877, 0.20206842375, 0.37266347682, 0.075596384636, 0.79699976648, 0.43778662493, 0.40051499176, 0.078670806815, 0.18954989825, 0.5238886236, 0.12432942671, 0.41462812982, 0.097558516036, 0.84147979925, 0.45543399753, 0.48450276241, 0.077657434169, 0.12993787265, 0.41793872155, 0.080862766586, 0.37615495887],
      [0.077851665425, 0.80304995314, 0.44418177016, 0.41522348612, 0.079509416709, 0.17966327098, 0.50692484845, 0.11744063015, 0.39646939076, 0.077475078201, 0.8000999925, 0.38514072735, 0.34049346828, 0.065108309802, 0.21838988188, 0.58203145351, 0.13479169769, 0.41222792887, 0.096927710621, 0.84078040546, 0.45857100289, 0.48787982838, 0.078495224909, 0.12920106825, 0.415192461, 0.080724369633, 0.33183784473, 0.072744359606, 0.79476651898, 0.53482183309, 0.52873406498, 0.10741081838, 0.13334032218, 0.39852157541, 0.097822662634, 0.35327181328, 0.070249182477, 0.78408645809, 0.45346921274, 0.40647175624, 0.084432213882, 0.19325897398, 0.52327906128, 0.13148132803, 0.2898339369, 0.054247035972, 0.73651162751, 0.50754236876, 0.42966836219, 0.10718895668]
    ],
    [
      [0.20262369434, 0.51608460184, 0.15629941581, 0.30346051089, 0.056185513577, 0.74413069009, 0.48353455931, 0.40612726128, 0.098008152678, 0.2130049298, 0.53768722515, 0.15786115723, 0.27715927298, 0.052611677949, 0.73520687105, 0.53602247662, 0.46305260883, 0.11644331913, 0.1868182504, 0.48433571322, 0.14834980982, 0.41341034716, 0.10451278878, 0.8554786001, 0.49132371414, 0.56610395079, 0.084653454892, 0.095265938695, 0.32938326043, 0.059867945004, 0.29708101659, 0.059284905445, 0.75831930203, 0.53543437526, 0.48505154198, 0.11273877255, 0.16748460815, 0.45566355257, 0.12894192543, 0.22265965254, 0.042531712116, 0.69033581491, 0.61236739158, 0.52929579937, 0.15595167757, 0.16497295587, 0.42817248851, 0.15371250753, 0.39048294014, 0.083774534771],
      [0.81823960786, 0.44568338949, 0.43541707863, 0.077608361013, 0.16383367037, 0.4808083866, 0.10415203113, 0.29955784008, 0.056895094308, 0.74896374174, 0.50488335335, 0.43599786372, 0.10391474346, 0.19555880656, 0.50710704197, 0.1471215148, 0.4011746156, 0.082989286839, 0.81576679032, 0.41275112144, 0.38959906972, 0.069609271979, 0.18607426296, 0.52741164344, 0.1146239377, 0.34483226573, 0.067758609186, 0.78060645229, 0.46114221682, 0.41167997626, 0.086402112092, 0.19402551745, 0.52056141455, 0.13299143561, 0.36289062496, 0.073172165874, 0.79409875756, 0.45035616267, 0.41253363524, 0.081871282304, 0.18675321237, 0.51429419888, 0.12402996013, 0.33116061146, 0.067383230785, 0.78148250392, 0.49934368069, 0.46176727702, 0.097573712245, 0.16949570785],
      [0.47084949219, 0.12094378384, 0.30861490059, 0.0582967428, 0.75241244011, 0.48878972681, 0.41940349278, 0.098484986349, 0.2025953726, 0.52229976442, 0.14910257354, 0.30742492697, 0.063591819019, 0.77388946444, 0.5417899687, 0.51030636346, 0.11210333003, 0.15078510433, 0.42610181752, 0.11400720553, 0.32049114322, 0.064682341456, 0.7743953041, 0.50970675859, 0.46754193539, 0.1017409997, 0.16980209818, 0.46777572316, 0.1238636962, 0.31678714025, 0.061880852362, 0.76433422329, 0.49587981389, 0.43932828514, 0.098884394437, 0.18733304586, 0.4987908625, 0.13678138227, 0.31604815683, 0.065555583989, 0.77851388932, 0.53079326987, 0.5007345051, 0.10779963963, 0.15315857331, 0.43370991092, 0.11368647105, 0.44194531341, 0.10015236904, 0.8448604742]
    ],
    [
      [0.40155302515, 0.41375626029, 0.063883514143, 0.15650166144, 0.48609137067, 0.091256011657, 0.28650606958, 0.049706175393, 0.71303552333, 0.462604248, 0.36038147581, 0.095806502308, 0.25088968242, 0.5899123488, 0.19115797436, 0.35923042256, 0.071321617953, 0.78756558425, 0.44477897166, 0.39848985023, 0.081083288594, 0.19599060578, 0.53018853182, 0.13135112716, 0.30123672595, 0.061921634361, 0.7652326547, 0.54344578698, 0.50406767535, 0.11449698422, 0.15531748707, 0.43401069029, 0.12027036108, 0.29067870855, 0.053029116386, 0.72833211464, 0.48794390347, 0.39938322034, 0.10160948243, 0.22137738798, 0.54758766327, 0.17005840292, 0.4875411563, 0.11533550404, 0.86376416394, 0.35912773289, 0.38571678499, 0.053047946644, 0.15333111081, 0.49894771096],
