{
  "W": [
    [67, 18, 15],
    [72, 19, 9],
    [68, 17, 15],
    [66, 15, 19],
    [65, 20, 15],
    [69, 16, 15],
    [75, 12, 13],
    [65, 18, 17],
    [71, 16, 13],
    [77, 13, 10],
    [75, 11, 14],
    [60, 19, 21],
    [68, 13, 19],
    [75, 14, 11],
    [77, 15, 8],
    [64, 18, 18],
    [52, 33, 15],
    [18, 67, 15],
    [19, 64, 17],
    [14, 72, 14],
    [20, 68, 12],
    [19, 72, 9],
    [17, 72, 11],
    [13, 71, 16],
    [12, 77, 11],
    [23, 63, 14],
    [17, 64, 19],
    [15, 72, 13],
    [16, 73, 11],
    [13, 68, 19],
    [10, 76, 14],
    [17, 67, 16],
    [20, 64, 16],
    [10, 37, 53],
    [18, 18, 64],
    [12, 13, 75],
    [11, 11, 78],
    [15, 10, 75],
    [10, 16, 74],
    [16, 15, 69],
    [21, 16, 63],
    [15, 16, 69],
    [18, 17, 65],
    [10, 8, 82],
    [19, 14, 67],
    [12, 19, 69],
    [17, 11, 72],
    [12, 15, 73],
    [10, 14, 76],
    [12, 20, 68]
  ],
  "X": [
    [71, 29],
    [72, 28],
    [74, 26],
    [76, 24],
    [72, 28],
    [77, 23],
    [68, 32],
    [60, 40],
    [65, 35],
    [71, 29],
    [68, 32],
    [72, 28],
    [69, 31],
    [75, 25],
    [80, 20],
    [66, 34],
    [65, 35],
    [63, 37],
    [64, 36],
    [67, 33],
    [69, 31],
    [67, 33],
    [62, 38],
    [53, 47],
    [72, 28],
    [67, 33],
    [68, 32],
    [61, 39],
    [60, 40],
    [54, 46],
    [64, 36],
    [52, 48],
    [57, 43],
    [58, 42],
    [64, 36],
    [53, 47],
    [62, 38],
    [54, 46],
    [59, 41],
    [56, 44],
    [53, 47],
    [55, 45],
    [60, 40],
    [61, 39],
    [57, 43],
    [57, 43],
    [55, 45],
    [56, 44],
    [54, 46],
    [63, 37]
  ],
  "real_prob": [
    [0.77751813735, 0.22248186265],
    [0.61894387899, 0.38105612101],
    [0.52844284519, 0.47155715481]
  ],
  "method": "exact",
  "prob": [
    [0.76587904079, 0.23412095921],
    [0.61375915652, 0.38624084348],
    [0.52709671374, 0.47290328626]
  ],
  "iterations": 10,
  "logLik": -148.6681840239,
  "time": 0.073207,
  "message": "Converged",
  "status": 0,
  "cond_prob": [
    [
      [0.77263250467, 0.62248758768, 0.53525637395, 0.22736749533, 0.37751241232, 0.46474362605, 0.77015260186, 0.61914192808, 0.53170178142, 0.22984739814, 0.38085807192, 0.46829821858, 0.79780806313, 0.65690159463, 0.57211497323, 0.20219193687, 0.34309840537, 0.42788502677, 0.8201780413, 0.68880433397, 0.60716759287, 0.1798219587, 0.31119566603, 0.39283240713, 0.78407693151, 0.63796026139, 0.55171961492, 0.21592306849, 0.36203973861, 0.44828038508, 0.82258362305, 0.69227996599, 0.61101670357, 0.17741637695, 0.30772003401, 0.38898329643, 0.73210921425, 0.57005777787, 0.48085504593, 0.26789078575, 0.42994222213, 0.51914495407, 0.67561686794, 0.50265778072, 0.41394491358, 0.32438313206, 0.49734221928, 0.58605508642, 0.71006235498, 0.54302347281],
      [0.45363055627, 0.28993764502, 0.45697652719, 0.54636944373, 0.75469674842, 0.59880030833, 0.51039463637, 0.24530325158, 0.40119969167, 0.48960536363, 0.73294617719, 0.57110454619, 0.48192047875, 0.26705382281, 0.42889545381, 0.51807952125, 0.7947009846, 0.65262901445, 0.56752331665, 0.2052990154, 0.34737098555, 0.43247668335, 0.75647217726, 0.60116256037, 0.51288308746, 0.24352782274, 0.39883743963, 0.48711691254, 0.79489401476, 0.65278930488, 0.56762714768, 0.20510598524, 0.34721069512, 0.43237285232, 0.83495922056, 0.7104723853, 0.63138177966, 0.16504077944, 0.2895276147, 0.36861822034, 0.73417556314, 0.57269539485, 0.48356926953, 0.26582443686, 0.42730460515, 0.51643073047, 0.7400870739, 0.58019638348, 0.49126610016, 0.2599129261],
      [0.41980361652, 0.50873389984, 0.76745733475, 0.61582479615, 0.52836710884, 0.23254266525, 0.38417520385, 0.47163289116, 0.7754219107, 0.6264626068, 0.53961040362, 0.2245780893, 0.3735373932, 0.46038959638, 0.80145854713, 0.66229589446, 0.57816256709, 0.19854145287, 0.33770410554, 0.42183743291, 0.80886799347, 0.67275786214, 0.58959212542, 0.19113200653, 0.32724213786, 0.41040787458, 0.79309507803, 0.65058697279, 0.56543683073, 0.20690492197, 0.34941302721, 0.43456316927, 0.7580185317, 0.60340098507, 0.51534673056, 0.2419814683, 0.39659901493, 0.48465326944, 0.69233258006, 0.52213001142, 0.43302785305, 0.30766741994, 0.47786998858, 0.56697214695, 0.83696495591, 0.71384702948, 0.63547265994, 0.16303504409, 0.28615297052, 0.36452734006]
    ],
    [
      [0.79200290648, 0.64906287633, 0.56378371014, 0.20799709352, 0.35093712367, 0.43621628986, 0.80878213153, 0.67265943621, 0.58949999192, 0.19121786847, 0.32734056379, 0.41050000808, 0.75393738485, 0.5980990176, 0.50983153539, 0.24606261515, 0.4019009824, 0.49016846461, 0.74323542759, 0.58433751967, 0.49559947481, 0.25676457241, 0.41566248033, 0.50440052519, 0.70329004334, 0.53509288684, 0.44583753322, 0.29670995666, 0.46490711316, 0.55416246678, 0.78350877644, 0.63744947617, 0.55133943192, 0.21649122356, 0.36255052383, 0.44866056808, 0.67743594839, 0.50485667969, 0.41613695863, 0.32256405161, 0.49514332031, 0.58386304137, 0.71665455547, 0.55119442786, 0.46190409423, 0.28334544453, 0.44880557214, 0.53809590577, 0.76390429841, 0.61118682469],
      [0.52352914156, 0.23609570159, 0.38881317531, 0.47647085844, 0.8059818658, 0.66873698049, 0.58523532448, 0.1940181342, 0.33126301951, 0.41476467552, 0.73775813015, 0.577433155, 0.48853695231, 0.26224186985, 0.422566845, 0.51146304769, 0.80681287534, 0.66996210772, 0.58660865623, 0.19318712466, 0.33003789228, 0.41339134377, 0.74191323578, 0.58269046103, 0.49392529137, 0.25808676422, 0.41730953897, 0.50607470863, 0.78463394936, 0.63904977877, 0.55309275738, 0.21536605064, 0.36095022123, 0.44690724262, 0.75224529016, 0.595940318, 0.50760826938, 0.24775470984, 0.404059682, 0.49239173062, 0.71691794921, 0.55151780894, 0.46222917656, 0.28308205079, 0.44848219106, 0.53777082344, 0.74562347314, 0.58742167942, 0.49879566713, 0.25437652686],
      [0.41257832058, 0.50120433287, 0.77774402655, 0.62964570178, 0.54302508603, 0.22225597345, 0.37035429822, 0.45697491397, 0.80323628442, 0.66490503516, 0.58107801066, 0.19676371558, 0.33509496484, 0.41892198934, 0.75503743279, 0.59954953383, 0.51135216871, 0.24496256721, 0.40045046617, 0.48864783129, 0.76463039727, 0.61215090481, 0.52454446437, 0.23536960273, 0.38784909519, 0.47545553563, 0.74522838115, 0.5869105776, 0.49826529398, 0.25477161885, 0.4130894224, 0.50173470602, 0.75972167081, 0.60569435565, 0.51777978925, 0.24027832919, 0.39430564435, 0.48222021075, 0.74879606565, 0.59151511659, 0.50303720673, 0.25120393435, 0.40848488341, 0.49696279327, 0.8070309137, 0.67025541812, 0.58691942166, 0.1929690863, 0.32974458188, 0.41308057834]
    ]
  ],
  "maxiter": 3600,
  "param_threshold": 0.001,
  "ll_threshold": "-Inf",
  "initial_prob": "group_proportional"
}
