{
  "W": [
    [69, 17, 14],
    [70, 16, 14],
    [68, 18, 14],
    [65, 18, 17],
    [70, 14, 16],
    [64, 19, 17],
    [74, 16, 10],
    [69, 16, 15],
    [77, 14, 9],
    [64, 21, 15],
    [62, 21, 17],
    [72, 13, 15],
    [69, 14, 17],
    [73, 11, 16],
    [69, 12, 19],
    [68, 18, 14],
    [56, 33, 11],
    [14, 77, 9],
    [15, 72, 13],
    [20, 64, 16],
    [12, 74, 14],
    [17, 62, 21],
    [16, 75, 9],
    [13, 78, 9],
    [24, 57, 19],
    [11, 74, 15],
    [16, 75, 9],
    [15, 71, 14],
    [15, 66, 19],
    [11, 70, 19],
    [21, 68, 11],
    [15, 74, 11],
    [15, 68, 17],
    [12, 42, 46],
    [22, 12, 66],
    [17, 15, 68],
    [13, 15, 72],
    [13, 12, 75],
    [13, 11, 76],
    [15, 13, 72],
    [23, 13, 64],
    [11, 16, 73],
    [15, 10, 75],
    [20, 12, 68],
    [12, 14, 74],
    [17, 13, 70],
    [16, 12, 72],
    [15, 12, 73],
    [12, 18, 70],
    [12, 11, 77]
  ],
  "X": [
    [28, 72],
    [28, 72],
    [33, 67],
    [40, 60],
    [39, 61],
    [37, 63],
    [31, 69],
    [36, 64],
    [27, 73],
    [32, 68],
    [32, 68],
    [29, 71],
    [35, 65],
    [35, 65],
    [28, 72],
    [28, 72],
    [46, 54],
    [64, 36],
    [60, 40],
    [53, 47],
    [52, 48],
    [52, 48],
    [62, 38],
    [59, 41],
    [47, 53],
    [51, 49],
    [53, 47],
    [53, 47],
    [54, 46],
    [55, 45],
    [51, 49],
    [52, 48],
    [50, 50],
    [35, 65],
    [27, 73],
    [28, 72],
    [16, 84],
    [16, 84],
    [21, 79],
    [25, 75],
    [25, 75],
    [27, 73],
    [17, 83],
    [25, 75],
    [28, 72],
    [23, 77],
    [24, 76],
    [36, 64],
    [24, 76],
    [26, 74]
  ],
  "real_prob": [
    [0.2711968293, 0.7288031707],
    [0.70667622066, 0.29332377934],
    [0.15479259192, 0.84520740808]
  ],
  "method": "exact",
  "prob": [
    [0.28244877254, 0.71755122746],
    [0.67562330979, 0.32437669021],
    [0.15479822254, 0.84520177746]
  ],
  "iterations": 12,
  "logLik": -144.3720404688,
  "time": 0.085248,
  "message": "Converged",
  "status": 0,
  "cond_prob": [
    [
      [0.22946180947, 0.61579778213, 0.12132663217, 0.77053819053, 0.38420221787, 0.87867336783, 0.23333970007, 0.62093262151, 0.12366421795, 0.76666029993, 0.37906737849, 0.87633578205, 0.27634495355, 0.67240368049, 0.15037692211, 0.72365504645, 0.32759631951, 0.84962307789, 0.35527777774, 0.74724254928, 0.20332815059, 0.64472222226, 0.25275745072, 0.79667184941, 0.35976737252, 0.75085431719, 0.20652021768, 0.64023262748, 0.24914568281, 0.79347978232, 0.31854140483, 0.71511622648, 0.17800834046, 0.68145859517, 0.28488377352, 0.82199165954, 0.25896838303, 0.65263207126, 0.13942265156, 0.74103161697, 0.34736792874, 0.86057734844, 0.31757505154, 0.71417576386, 0.17736728147, 0.68242494846, 0.28582423614, 0.82263271853, 0.22569665897, 0.61069426174],
      [0.11907084387, 0.77430334103, 0.38930573826, 0.88092915613, 0.25518589566, 0.64819949606, 0.13706088403, 0.74481410434, 0.35180050394, 0.86293911597, 0.25760126777, 0.65110690645, 0.1385574331, 0.74239873223, 0.34889309355, 0.8614425669, 0.25666685669, 0.65003513559, 0.13796863702, 0.74333314331, 0.34996486441, 0.86203136298, 0.31836008416, 0.71493125283, 0.17788921491, 0.68163991584, 0.28506874717, 0.82211078509, 0.32953553473, 0.72512546426, 0.18547036611, 0.67046446527, 0.27487453574, 0.81452963389, 0.25527186807, 0.64846541911, 0.13708716177, 0.74472813193, 0.35153458089, 0.86291283823, 0.22562342411, 0.61062627038, 0.11902387811, 0.77437657589, 0.38937372962, 0.88097612189, 0.34659267484, 0.74003936071, 0.19722830048, 0.65340732516],
      [0.25996063929, 0.80277169952, 0.35092503883, 0.7439667236, 0.20017908211, 0.64907496117, 0.2560332764, 0.79982091789, 0.33429405959, 0.7296235341, 0.18866881931, 0.66570594041, 0.2703764659, 0.81133118069, 0.2971558381, 0.69430539248, 0.16383363245, 0.7028441619, 0.30569460752, 0.83616636755, 0.24699444967, 0.63765952417, 0.13209012965, 0.75300555033, 0.36234047583, 0.86790987035, 0.30204586679, 0.69931961494, 0.16701924468, 0.69795413321, 0.30068038506, 0.83298075532, 0.33694238394, 0.73192602786, 0.19049664079, 0.66305761606, 0.26807397214, 0.80950335921, 0.29227726354, 0.68915662116, 0.16068656928, 0.70772273646, 0.31084337884, 0.83931343072, 0.26822624122, 0.66320417892, 0.14525957959, 0.73177375878, 0.33679582108, 0.85474042041]
    ],
    [
      [0.23922368097, 0.62781680027, 0.12733975263, 0.76077631903, 0.37218319973, 0.87266024737, 0.24735001676, 0.638020242, 0.13232017577, 0.75264998324, 0.361979758, 0.86767982423, 0.26696111492, 0.66158696393, 0.14449348838, 0.73303888508, 0.33841303607, 0.85550651162, 0.30357657435, 0.70081378362, 0.16803377188, 0.69642342565, 0.29918621638, 0.83196622812, 0.29730708443, 0.69450067117, 0.1639250047, 0.70269291557, 0.30549932883, 0.8360749953, 0.25598947035, 0.64867898094, 0.13764094714, 0.74401052965, 0.35132101906, 0.86235905286, 0.2440158787, 0.63387544502, 0.13027080799, 0.7559841213, 0.36612455498, 0.86972919201, 0.25324024828, 0.64545141676, 0.13592352566, 0.74675975172, 0.35454858324, 0.86407647434, 0.23781262924, 0.6270089881],
      [0.12634502063, 0.76218737076, 0.3729910119, 0.87365497937, 0.31423599067, 0.71189259689, 0.17491056125, 0.68576400933, 0.28810740311, 0.82508943875, 0.31535467062, 0.71299965075, 0.1756467035, 0.68464532938, 0.28700034925, 0.8243532965, 0.16561649608, 0.51904948395, 0.084183934608, 0.83438350392, 0.48095051605, 0.91581606539, 0.1827994423, 0.54891817593, 0.093821188518, 0.8172005577, 0.45108182407, 0.90617881148, 0.25706297283, 0.65206615095, 0.13796649596, 0.74293702717, 0.34793384905, 0.86203350404, 0.29349091038, 0.69173371254, 0.1611819178, 0.70650908962, 0.30826628746, 0.8388180822, 0.27990601664, 0.67733604121, 0.1524498919, 0.72009398336, 0.32266395879, 0.8475501081, 0.30601996752, 0.70420912015, 0.16940321144, 0.69398003248],
      [0.29579087985, 0.83059678856, 0.20628689716, 0.58547060793, 0.10734653951, 0.79371310284, 0.41452939207, 0.89265346049, 0.29177561811, 0.68988371843, 0.16008651495, 0.70822438189, 0.31011628157, 0.83991348505, 0.33187551855, 0.72814893673, 0.18680281977, 0.66812448145, 0.27185106327, 0.81319718023, 0.2636025508, 0.65943139514, 0.14208783571, 0.7363974492, 0.34056860486, 0.85791216429, 0.28547397057, 0.68345659914, 0.15598524002, 0.71452602943, 0.31654340086, 0.84401475998, 0.44305939504, 0.81012830338, 0.26893930731, 0.55694060496, 0.18987169662, 0.73106069269, 0.25084498845, 0.6443541795, 0.13416407011, 0.74915501155, 0.3556458205, 0.86583592989, 0.32682503949, 0.72369018161, 0.18334425362, 0.67317496051, 0.27630981839, 0.81665574638]
    ]
  ],
  "maxiter": 3600,
  "param_threshold": 0.001,
  "ll_threshold": "-Inf",
  "initial_prob": "group_proportional"
}
