{
  "W": [
    [69, 15, 16],
    [71, 14, 15],
    [68, 16, 16],
    [63, 13, 24],
    [74, 13, 13],
    [71, 12, 17],
    [73, 11, 16],
    [70, 15, 15],
    [71, 16, 13],
    [64, 16, 20],
    [66, 17, 17],
    [68, 19, 13],
    [61, 10, 29],
    [70, 16, 14],
    [75, 13, 12],
    [74, 8, 18],
    [55, 32, 13],
    [11, 73, 16],
    [17, 71, 12],
    [13, 71, 16],
    [9, 75, 16],
    [19, 69, 12],
    [17, 76, 7],
    [13, 69, 18],
    [13, 69, 18],
    [20, 68, 12],
    [16, 68, 16],
    [11, 70, 19],
    [12, 74, 14],
    [8, 77, 15],
    [18, 67, 15],
    [15, 65, 20],
    [13, 72, 15],
    [18, 35, 47],
    [14, 17, 69],
    [13, 20, 67],
    [12, 11, 77],
    [17, 12, 71],
    [14, 13, 73],
    [16, 16, 68],
    [14, 11, 75],
    [15, 15, 70],
    [17, 18, 65],
    [16, 10, 74],
    [17, 20, 63],
    [20, 12, 68],
    [17, 15, 68],
    [17, 18, 65],
    [19, 20, 61],
    [23, 14, 63]
  ],
  "X": [
    [34, 66],
    [44, 56],
    [46, 54],
    [38, 62],
    [34, 66],
    [41, 59],
    [34, 66],
    [39, 61],
    [42, 58],
    [39, 61],
    [44, 56],
    [46, 54],
    [36, 64],
    [42, 58],
    [34, 66],
    [38, 62],
    [51, 49],
    [77, 23],
    [73, 27],
    [76, 24],
    [77, 23],
    [74, 26],
    [79, 21],
    [76, 24],
    [77, 23],
    [70, 30],
    [75, 25],
    [72, 28],
    [74, 26],
    [76, 24],
    [72, 28],
    [65, 35],
    [76, 24],
    [49, 51],
    [39, 61],
    [34, 66],
    [33, 67],
    [32, 68],
    [32, 68],
    [37, 63],
    [35, 65],
    [32, 68],
    [38, 62],
    [40, 60],
    [35, 65],
    [34, 66],
    [36, 64],
    [37, 63],
    [32, 68],
    [33, 67]
  ],
  "real_prob": [
    [0.30260762432, 0.69739237568],
    [0.92187108404, 0.07812891596],
    [0.24863008217, 0.75136991783]
  ],
  "method": "exact",
  "prob": [
    [0.32328928662, 0.67671071338],
    [0.93613005762, 0.063869942378],
    [0.22781989985, 0.77218010015]
  ],
  "iterations": 16,
  "logLik": -128.1567868627,
  "time": 0.123713,
  "message": "Converged",
  "status": 0,
  "cond_prob": [
    [
      [0.25381832684, 0.91435434979, 0.17320126258, 0.74618167316, 0.085645650215, 0.82679873742, 0.37549099811, 0.94912352776, 0.27016064968, 0.62450900189, 0.050876472235, 0.72983935032, 0.38680534107, 0.95138240289, 0.27969489758, 0.61319465893, 0.048617597112, 0.72030510242, 0.32324450697, 0.93704460821, 0.22725067308, 0.67675549303, 0.062955391785, 0.77274932692, 0.26596284284, 0.91900141301, 0.18244086619, 0.73403715716, 0.080998586986, 0.81755913381, 0.35677021298, 0.9451305603, 0.25457342088, 0.64322978702, 0.054869439705, 0.74542657912, 0.28341769286, 0.92513943922, 0.19587341186, 0.71658230714, 0.074860560783, 0.80412658814, 0.31056419587, 0.9335625222, 0.21713789709, 0.68943580413, 0.066437477796, 0.78286210291, 0.33612908839, 0.94034026202],
      [0.23764542555, 0.66387091161, 0.059659737985, 0.76235457445, 0.30871407488, 0.93307714971, 0.21565324063, 0.69128592512, 0.066922850287, 0.78434675937, 0.35745962401, 0.94535255432, 0.25509831715, 0.64254037599, 0.054647445681, 0.74490168285, 0.36245952442, 0.94646082586, 0.25923051139, 0.63754047558, 0.053539174139, 0.74076948861, 0.32694052569, 0.9379847687, 0.23023380159, 0.67305947431, 0.062015231297, 0.76976619841, 0.33728324927, 0.94062810615, 0.23858020377, 0.66271675073, 0.059371893849, 0.76141979623, 0.26502539957, 0.9186436029, 0.18172734953, 0.73497460043, 0.081356397097, 0.81827265047, 0.35076289131, 0.94372562642, 0.24965227955, 0.64923710869, 0.056274373578, 0.75034772045, 0.32695711911, 0.93831948921, 0.23008729186, 0.67304288089],
      [0.061680510786, 0.76991270814, 0.35416327009, 0.94634989061, 0.25129137589, 0.64583672991, 0.053650109386, 0.74870862411, 0.28371391852, 0.92719227482, 0.19551765606, 0.71628608148, 0.072807725176, 0.80448234394, 0.35879424368, 0.94722553267, 0.25516637578, 0.64120575632, 0.052774467328, 0.74483362422, 0.32411605511, 0.9393480923, 0.22699053635, 0.67588394489, 0.060651907701, 0.77300946365, 0.33132337279, 0.94071443873, 0.23296330372, 0.66867662721, 0.059285561269, 0.76703669628, 0.33656597875, 0.94236022181, 0.23700021479, 0.66343402125, 0.057639778189, 0.76299978521, 0.39216197362, 0.95371701322, 0.28307891281, 0.60783802638, 0.046282986777, 0.71692108719, 0.41698060559, 0.95798228657, 0.30435968635, 0.58301939441, 0.042017713434, 0.69564031365]
    ],
    [
      [0.2638086213, 0.91999082001, 0.18037098444, 0.7361913787, 0.080009179991, 0.81962901556, 0.37673380249, 0.95073267137, 0.2701523442, 0.62326619751, 0.049267328632, 0.7298476558, 0.28899780723, 0.92899041492, 0.19956289872, 0.71100219277, 0.071009585076, 0.80043710128, 0.26782302186, 0.92188677029, 0.18332162399, 0.73217697814, 0.078113229705, 0.81667837601, 0.27004204574, 0.92292700398, 0.18495228853, 0.72995795426, 0.077072996024, 0.81504771147, 0.32109348219, 0.93803005199, 0.22482025581, 0.67890651781, 0.06196994801, 0.77517974419, 0.22326619467, 0.90226701629, 0.15018255107, 0.77673380533, 0.097732983713, 0.84981744893, 0.34197999085, 0.94351117408, 0.24143037235, 0.65802000915, 0.056488825921, 0.75856962765, 0.31856613066, 0.93641487073],
      [0.22321891857, 0.68143386934, 0.063585129273, 0.77678108143, 0.361845527, 0.94648304175, 0.25860798424, 0.638154473, 0.053516958249, 0.74139201576, 0.26508993251, 0.91933364471, 0.18159937288, 0.73491006749, 0.080666355291, 0.81840062712, 0.34039954598, 0.94155161239, 0.24101477548, 0.65960045402, 0.058448387612, 0.75898522452, 0.31194106313, 0.93419162222, 0.21812256986, 0.68805893687, 0.065808377779, 0.78187743014, 0.30619576053, 0.9325979419, 0.21355460422, 0.69380423947, 0.067402058104, 0.78644539578, 0.34174105964, 0.94192555256, 0.24207844419, 0.65825894036, 0.058074447438, 0.75792155581, 0.36342205772, 0.94674085659, 0.25997255693, 0.63657794228, 0.053259143411, 0.74002744307, 0.28563187907, 0.92633595627, 0.19743546386, 0.71436812093],
      [0.073664043732, 0.80256453614, 0.33501684285, 0.94032708895, 0.23659732416, 0.66498315715, 0.059672911047, 0.76340267584, 0.43081751762, 0.95906445696, 0.31778750201, 0.56918248238, 0.040935543043, 0.68221249799, 0.27429050641, 0.9225930009, 0.18865399005, 0.72570949359, 0.077406999099, 0.81134600995, 0.33405128314, 0.93998591937, 0.23586975448, 0.66594871686, 0.060014080634, 0.76413024552, 0.33647025334, 0.94063754138, 0.23780062607, 0.66352974666, 0.059362458623, 0.76219937393, 0.32149636141, 0.93688154277, 0.22570298594, 0.67850363859, 0.063118457228, 0.77429701406, 0.23091058333, 0.90502903309, 0.15593636484, 0.76908941667, 0.094970966914, 0.84406363516, 0.298987014, 0.93043349167, 0.20789253642, 0.701012986, 0.069566508328, 0.79210746358]
    ]
  ],
  "maxiter": 3600,
  "param_threshold": 0.001,
  "ll_threshold": "-Inf",
  "initial_prob": "group_proportional"
}
