{
  "W": [
    [63, 37],
    [69, 31],
    [60, 40],
    [57, 43],
    [63, 37],
    [61, 39],
    [67, 33],
    [64, 36],
    [75, 25],
    [67, 33],
    [69, 31],
    [73, 27],
    [60, 40],
    [67, 33],
    [67, 33],
    [73, 27],
    [70, 30],
    [62, 38],
    [60, 40],
    [59, 41],
    [62, 38],
    [64, 36],
    [67, 33],
    [65, 35],
    [64, 36],
    [33, 67],
    [33, 67],
    [42, 58],
    [40, 60],
    [34, 66],
    [31, 69],
    [37, 63],
    [32, 68],
    [34, 66],
    [29, 71],
    [36, 64],
    [30, 70],
    [42, 58],
    [27, 73],
    [31, 69],
    [34, 66],
    [40, 60],
    [36, 64],
    [25, 75],
    [49, 51],
    [34, 66],
    [36, 64],
    [30, 70],
    [42, 58],
    [35, 65]
  ],
  "X": [
    [66, 34],
    [70, 30],
    [64, 36],
    [60, 40],
    [68, 32],
    [62, 38],
    [75, 25],
    [72, 28],
    [77, 23],
    [67, 33],
    [73, 27],
    [76, 24],
    [63, 37],
    [72, 28],
    [68, 32],
    [80, 20],
    [79, 21],
    [64, 36],
    [64, 36],
    [63, 37],
    [65, 35],
    [69, 31],
    [67, 33],
    [69, 31],
    [69, 31],
    [40, 60],
    [45, 55],
    [51, 49],
    [47, 53],
    [38, 62],
    [41, 59],
    [38, 62],
    [41, 59],
    [42, 58],
    [35, 65],
    [44, 56],
    [40, 60],
    [50, 50],
    [35, 65],
    [39, 61],
    [36, 64],
    [45, 55],
    [48, 52],
    [37, 63],
    [55, 45],
    [45, 55],
    [45, 55],
    [40, 60],
    [51, 49],
    [41, 59]
  ],
  "real_prob": [
    [0.98021726126, 0.019782738736],
    [0.14423146556, 0.85576853444]
  ],
  "method": "exact",
  "prob": [
    [0.97628277456, 0.023717225444],
    [0.14011722544, 0.85988277456]
  ],
  "iterations": 37,
  "logLik": -125.2952063714,
  "time": 0.058063,
  "message": "Converged",
  "status": 0,
  "cond_prob": [
    [
      [0.97521880919, 0.12327608166, 0.024781190814, 0.87672391834, 0.96964899279, 0.099813532185, 0.030351007213, 0.90018646782, 0.97716529029, 0.13425206457, 0.022834709712, 0.86574793543, 0.97121682635, 0.10792188135, 0.028783173648, 0.89207811865, 0.98192473239, 0.16591194215, 0.018075267611, 0.83408805785, 0.96297043983, 0.083559055655, 0.037029560173, 0.91644094434, 0.98958721768, 0.26356534593, 0.010412782324, 0.73643465407, 0.98838671986, 0.24286805358, 0.011613280137, 0.75713194642, 0.97943054969, 0.14170835094, 0.020569450314, 0.85829164906, 0.96110337399, 0.078971937651, 0.038896626007, 0.92102806235, 0.98247835555, 0.16803204732, 0.017521644447, 0.83196795268, 0.98182077655, 0.16026234489, 0.018179223454, 0.83973765511, 0.97322812476, 0.11515781287],
      [0.026771875244, 0.88484218713, 0.98404530217, 0.18390802286, 0.015954697825, 0.81609197714, 0.96799653681, 0.095279758594, 0.032003463188, 0.90472024141, 0.99071765766, 0.28435596263, 0.0092823423437, 0.71564403737, 0.99196097994, 0.31875771348, 0.0080390200647, 0.68124228652, 0.96979691273, 0.10191030028, 0.030203087268, 0.89808969972, 0.97716529029, 0.13425206457, 0.022834709712, 0.86574793543, 0.97657123351, 0.13127554202, 0.023428766491, 0.86872445798, 0.9745569991, 0.12045963304, 0.025443000898, 0.87954036696, 0.98245486419, 0.17008024143, 0.017545135807, 0.82991975857, 0.96110337399, 0.078971937651, 0.038896626007, 0.92102806235, 0.98011950536, 0.15120663291, 0.019880494644, 0.84879336709, 0.98245486419, 0.17008024143, 0.017545135807, 0.82991975857]
    ],
    [
      [0.97277119662, 0.11788881361, 0.027228803383, 0.88211118639, 0.98348715825, 0.18723766832, 0.016512841747, 0.81276233168, 0.98157476095, 0.16851482828, 0.01842523905, 0.83148517172, 0.97608764146, 0.13260823902, 0.023912358536, 0.86739176098, 0.96051961407, 0.080944441237, 0.039480385931, 0.91905555876, 0.97944243518, 0.15416354361, 0.020557564816, 0.84583645639, 0.93937185694, 0.051480020528, 0.060628143061, 0.94851997947, 0.97770143673, 0.14284638271, 0.022298563268, 0.85715361729, 0.9760972085, 0.13352568047, 0.023902791496, 0.86647431953, 0.96706223485, 0.097960495625, 0.032937765152, 0.90203950437, 0.97695710433, 0.13796162881, 0.023042895665, 0.86203837119, 0.9790782616, 0.15182360217, 0.020921738403, 0.84817639783, 0.97948628101, 0.15278579651],
      [0.020513718985, 0.84721420349, 0.97300478897, 0.1195735712, 0.026995211027, 0.8804264288, 0.97478877175, 0.12726881269, 0.025211228252, 0.87273118731, 0.94594970919, 0.058147119507, 0.054050290808, 0.94185288049, 0.96927922, 0.10381385333, 0.030720780002, 0.89618614667, 0.98440527794, 0.19627203116, 0.015594722064, 0.80372796884, 0.98099545825, 0.16633484725, 0.019004541749, 0.83366515275, 0.97756060902, 0.13920647368, 0.022439390977, 0.86079352632, 0.98227567737, 0.17579737833, 0.017724322631, 0.82420262167, 0.9792704897, 0.15228534955, 0.020729510303, 0.84771465045, 0.9790782616, 0.15182360217, 0.020921738403, 0.84817639783, 0.98157476095, 0.16851482828, 0.01842523905, 0.83148517172, 0.97037420315, 0.10826004446, 0.029625796854, 0.89173995554]
    ]
  ],
  "maxiter": 3600,
  "param_threshold": 0.001,
  "ll_threshold": "-Inf",
  "initial_prob": "group_proportional"
}
