{
  "W": [
    [73, 27],
    [66, 34],
    [71, 29],
    [70, 30],
    [61, 39],
    [70, 30],
    [63, 37],
    [63, 37],
    [64, 36],
    [62, 38],
    [73, 27],
    [63, 37],
    [60, 40],
    [63, 37],
    [66, 34],
    [65, 35],
    [68, 32],
    [71, 29],
    [65, 35],
    [64, 36],
    [61, 39],
    [64, 36],
    [78, 22],
    [66, 34],
    [58, 42],
    [29, 71],
    [31, 69],
    [40, 60],
    [33, 67],
    [34, 66],
    [40, 60],
    [35, 65],
    [34, 66],
    [31, 69],
    [41, 59],
    [37, 63],
    [34, 66],
    [30, 70],
    [33, 67],
    [34, 66],
    [38, 62],
    [31, 69],
    [31, 69],
    [38, 62],
    [33, 67],
    [32, 68],
    [35, 65],
    [35, 65],
    [34, 66],
    [29, 71]
  ],
  "X": [
    [94, 6],
    [98, 2],
    [99, 1],
    [99, 1],
    [93, 7],
    [96, 4],
    [97, 3],
    [98, 2],
    [96, 4],
    [96, 4],
    [95, 5],
    [97, 3],
    [93, 7],
    [92, 8],
    [96, 4],
    [98, 2],
    [93, 7],
    [93, 7],
    [94, 6],
    [92, 8],
    [98, 2],
    [97, 3],
    [96, 4],
    [96, 4],
    [95, 5],
    [93, 7],
    [90, 10],
    [91, 9],
    [93, 7],
    [91, 9],
    [94, 6],
    [92, 8],
    [95, 5],
    [95, 5],
    [95, 5],
    [96, 4],
    [90, 10],
    [90, 10],
    [95, 5],
    [93, 7],
    [91, 9],
    [90, 10],
    [97, 3],
    [95, 5],
    [95, 5],
    [87, 13],
    [89, 11],
    [98, 2],
    [92, 8],
    [92, 8]
  ],
  "real_prob": [
    [0.99835386915, 0.0016461308489],
    [0.8831642885, 0.1168357115]
  ],
  "method": "exact",
  "prob": [
    [0.97526789156, 0.02473210844],
    [0.90873210844, 0.09126789156]
  ],
  "iterations": 12,
  "logLik": -121.0376533236,
  "time": 0.004152,
  "message": "Converged",
  "status": 0,
  "cond_prob": [
    [
      [0.96404968343, 0.87497678183, 0.035950316566, 0.12502321817, 0.98960184261, 0.96136112905, 0.010398157389, 0.038638870951, 0.99445460395, 0.97909390068, 0.0055453960527, 0.020906099319, 0.99453849648, 0.97941017487, 0.0054615035178, 0.020589825125, 0.9643700408, 0.87624173106, 0.035629959201, 0.12375826894, 0.97752798478, 0.91910136884, 0.022472015218, 0.080898631157, 0.98489964939, 0.94463032672, 0.015100350611, 0.055369673285, 0.99002852164, 0.9629244091, 0.0099714783582, 0.037075590904, 0.97939157876, 0.9255260822, 0.020608421238, 0.074473917799, 0.97994782158, 0.92745355427, 0.020052178425, 0.072546445728, 0.97031432264, 0.89507609064, 0.029685677362, 0.10492390936, 0.98489964939, 0.94463032672, 0.015100350611, 0.055369673285, 0.96483893818, 0.87774159274],
      [0.035161061825, 0.12225840726, 0.95776605012, 0.8556956444, 0.042233949883, 0.1443043556, 0.97880458971, 0.92349697291, 0.021195410286, 0.076503027092, 0.98974802967, 0.96189651632, 0.010251970326, 0.038103483681, 0.96072817148, 0.86470263561, 0.039271828521, 0.13529736439, 0.95894702541, 0.8591296964, 0.041052974587, 0.1408703036, 0.968051243, 0.88790483443, 0.031948757001, 0.11209516557, 0.95718314911, 0.85389662381, 0.042816850891, 0.14610337619, 0.99029420596, 0.96389880606, 0.0097057940415, 0.036101193935, 0.98469020921, 0.94388407252, 0.015309790793, 0.05611592748, 0.97447409294, 0.90868276141, 0.025525907065, 0.091317238588, 0.97880458971, 0.92349697291, 0.021195410286, 0.076503027092, 0.97599362369, 0.91410404347, 0.024006376307, 0.085895956529]
    ],
    [
      [0.97515026004, 0.91155834449, 0.024849739964, 0.088441655508, 0.96282059205, 0.87177625574, 0.037179407948, 0.12822374426, 0.96363839396, 0.87424107069, 0.036361606039, 0.12575892931, 0.97416236171, 0.90824838901, 0.025837638285, 0.091751610994, 0.96583423315, 0.8812369102, 0.034165766853, 0.1187630898, 0.97642079658, 0.91571946895, 0.023579203418, 0.084280531055, 0.96959932847, 0.89329266929, 0.030400671532, 0.10670733071, 0.9816897878, 0.9336749578, 0.018310212201, 0.0663250422, 0.98222066855, 0.93552404746, 0.017779331447, 0.064475952538, 0.98032154592, 0.92892909521, 0.01967845408, 0.071070904792, 0.98503626474, 0.94529616198, 0.014963735259, 0.054703838022, 0.96168955289, 0.86822053336, 0.038310447113, 0.13177946664, 0.96318355428, 0.87292133388],
      [0.03681644572, 0.12707866612, 0.98187016873, 0.93430275272, 0.01812983127, 0.065697247285, 0.97390336635, 0.9073831143, 0.026096633649, 0.092616885696, 0.96439965564, 0.87665827558, 0.035600344359, 0.12334172442, 0.96282059205, 0.87177625574, 0.037179407948, 0.12822374426, 0.98951662119, 0.96123166294, 0.010483378806, 0.038768337058, 0.98093167937, 0.93104187393, 0.019068320626, 0.068958126068, 0.98187016873, 0.93430275272, 0.01812983127, 0.065697247285, 0.94982185956, 0.83243677197, 0.050178140442, 0.16756322803, 0.95703290566, 0.85390535849, 0.042967094342, 0.14609464151, 0.99279583013, 0.97310993762, 0.0072041698668, 0.026890062379, 0.96990494825, 0.8942913903, 0.030095051753, 0.1057086097, 0.97134814827, 0.89902681268, 0.028651851726, 0.10097318732]
    ]
  ],
  "maxiter": 3600,
  "param_threshold": 0.001,
  "ll_threshold": "-Inf",
  "initial_prob": "group_proportional"
}
