{
  "W": [
    [61, 39],
    [66, 34],
    [69, 31],
    [62, 38],
    [69, 31],
    [69, 31],
    [72, 28],
    [58, 42],
    [62, 38],
    [65, 35],
    [66, 34],
    [63, 37],
    [60, 40],
    [61, 39],
    [63, 37],
    [66, 34],
    [63, 37],
    [63, 37],
    [72, 28],
    [66, 34],
    [67, 33],
    [60, 40],
    [65, 35],
    [72, 28],
    [66, 34],
    [39, 61],
    [37, 63],
    [39, 61],
    [30, 70],
    [36, 64],
    [33, 67],
    [36, 64],
    [33, 67],
    [36, 64],
    [30, 70],
    [37, 63],
    [32, 68],
    [33, 67],
    [34, 66],
    [37, 63],
    [36, 64],
    [43, 57],
    [31, 69],
    [44, 56],
    [31, 69],
    [32, 68],
    [36, 64],
    [37, 63],
    [31, 69],
    [31, 69]
  ],
  "X": [
    [64, 36],
    [66, 34],
    [54, 46],
    [61, 39],
    [57, 43],
    [61, 39],
    [65, 35],
    [69, 31],
    [67, 33],
    [57, 43],
    [59, 41],
    [60, 40],
    [61, 39],
    [65, 35],
    [57, 43],
    [63, 37],
    [61, 39],
    [56, 44],
    [54, 46],
    [67, 33],
    [70, 30],
    [58, 42],
    [64, 36],
    [58, 42],
    [59, 41],
    [74, 26],
    [67, 33],
    [79, 21],
    [70, 30],
    [69, 31],
    [78, 22],
    [76, 24],
    [73, 27],
    [57, 43],
    [77, 23],
    [72, 28],
    [66, 34],
    [81, 19],
    [77, 23],
    [76, 24],
    [70, 30],
    [73, 27],
    [71, 29],
    [72, 28],
    [72, 28],
    [83, 17],
    [78, 22],
    [70, 30],
    [77, 23],
    [72, 28]
  ],
  "real_prob": [
    [0.48303329506, 0.51696670494],
    [0.87774234276, 0.12225765724]
  ],
  "method": "exact",
  "prob": [
    [0.49585220524, 0.50414779476],
    [0.84934779476, 0.15065220524]
  ],
  "iterations": 28,
  "logLik": -151.7695837307,
  "time": 0.040501,
  "message": "Converged",
  "status": 0,
  "cond_prob": [
    [
      [0.50326103932, 0.85387375901, 0.49673896068, 0.14612624099, 0.54911439047, 0.87524853614, 0.45088560953, 0.12475146386, 0.42007112495, 0.80693846383, 0.57992887505, 0.19306153617, 0.4708794572, 0.83698614878, 0.5291205428, 0.16301385122, 0.45426572142, 0.82760210394, 0.54573427858, 0.17239789606, 0.50099000811, 0.85263514324, 0.49900999189, 0.14736485676, 0.56051132934, 0.88011372456, 0.43948867066, 0.11988627544, 0.55417774912, 0.87756406073, 0.44582225088, 0.12243593927, 0.54522427263, 0.87358144991, 0.45477572737, 0.12641855009, 0.43680097333, 0.81736962096, 0.56319902667, 0.18263037904, 0.4645796898, 0.83346295509, 0.5354203102, 0.16653704491, 0.46328676658, 0.83278199204, 0.53671323342, 0.16721800796, 0.46195005437, 0.83207491845],
      [0.53804994563, 0.16792508155, 0.51575011648, 0.85998058704, 0.48424988352, 0.14001941296, 0.42790713059, 0.81194191278, 0.57209286941, 0.18805808722, 0.51239418379, 0.85829364324, 0.48760581621, 0.14170635676, 0.47529293007, 0.83936609204, 0.52470706993, 0.16063390796, 0.41633653563, 0.80461616907, 0.58366346437, 0.19538383093, 0.43305322693, 0.8150059879, 0.56694677307, 0.1849940121, 0.56150521321, 0.8806075273, 0.43849478679, 0.1193924727, 0.60282561128, 0.89729345588, 0.39717438872, 0.10270654412, 0.42609851905, 0.81085222142, 0.57390148095, 0.18914777858, 0.5203856814, 0.8621408774, 0.4796143186, 0.1378591226, 0.47850930792, 0.84097606534, 0.52149069208, 0.15902393466, 0.4645796898, 0.83346295509, 0.5354203102, 0.16653704491]
    ],
    [
      [0.53657015907, 0.87006170158, 0.46342984093, 0.12993829842, 0.42780162256, 0.81224349151, 0.57219837744, 0.18775650849, 0.61460347495, 0.90213876192, 0.38539652505, 0.09786123808, 0.43190144642, 0.81489938011, 0.56809855358, 0.18510061989, 0.44945340098, 0.82530746195, 0.55054659902, 0.17469253805, 0.56859479121, 0.88412495358, 0.43140520879, 0.11587504642, 0.5520151221, 0.87699149382, 0.4479848779, 0.12300850618, 0.49058581085, 0.84792042152, 0.50941418915, 0.15207957848, 0.30613654845, 0.7184231915, 0.69386345155, 0.2815768085, 0.53633720419, 0.8701411982, 0.46366279581, 0.1298588018, 0.49685984836, 0.85105056525, 0.50314015164, 0.14894943475, 0.38982994848, 0.78713884777, 0.61017005152, 0.21286115223, 0.61922506777, 0.90396377259],
      [0.38077493223, 0.096036227409, 0.55756770239, 0.87943481998, 0.44243229761, 0.12056518002, 0.55709058797, 0.87916901977, 0.44290941203, 0.12083098023, 0.46324153168, 0.83317663843, 0.53675846832, 0.16682336157, 0.54149146059, 0.8722081964, 0.45850853941, 0.1277918036, 0.45106355224, 0.82633376638, 0.54893644776, 0.17366623362, 0.53186516144, 0.86782023029, 0.46813483856, 0.13217976971, 0.4653123722, 0.83442487626, 0.5346876278, 0.16557512374, 0.64976331162, 0.91481726512, 0.35023668838, 0.085182734882, 0.5838769209, 0.89031923199, 0.4161230791, 0.10968076801, 0.4683994135, 0.83601939207, 0.5316005865, 0.16398060793, 0.54173431949, 0.87255414631, 0.45826568051, 0.12744585369, 0.4653123722, 0.83442487626, 0.5346876278, 0.16557512374]
    ]
  ],
  "maxiter": 3600,
  "param_threshold": 0.001,
  "ll_threshold": "-Inf",
  "initial_prob": "group_proportional"
}
