{
  "W": [
    [76, 24],
    [71, 29],
    [70, 30],
    [76, 24],
    [64, 36],
    [69, 31],
    [61, 39],
    [84, 16],
    [67, 33],
    [71, 29],
    [74, 26],
    [63, 37],
    [61, 39],
    [71, 29],
    [69, 31],
    [64, 36],
    [70, 30],
    [75, 25],
    [75, 25],
    [71, 29],
    [67, 33],
    [74, 26],
    [65, 35],
    [79, 21],
    [71, 29],
    [33, 67],
    [29, 71],
    [29, 71],
    [27, 73],
    [30, 70],
    [27, 73],
    [21, 79],
    [31, 69],
    [28, 72],
    [25, 75],
    [29, 71],
    [32, 68],
    [33, 67],
    [31, 69],
    [36, 64],
    [28, 72],
    [36, 64],
    [27, 73],
    [29, 71],
    [26, 74],
    [33, 67],
    [34, 66],
    [27, 73],
    [32, 68],
    [29, 71]
  ],
  "X": [
    [13, 26, 61],
    [13, 31, 56],
    [12, 22, 66],
    [8, 40, 52],
    [6, 30, 64],
    [16, 29, 55],
    [10, 40, 50],
    [6, 30, 64],
    [13, 25, 62],
    [16, 36, 48],
    [11, 43, 46],
    [9, 43, 48],
    [21, 34, 45],
    [7, 40, 53],
    [15, 27, 58],
    [14, 35, 51],
    [11, 34, 55],
    [13, 39, 48],
    [13, 32, 55],
    [9, 31, 60],
    [11, 43, 46],
    [13, 41, 46],
    [15, 41, 44],
    [10, 29, 61],
    [14, 32, 54],
    [22, 23, 55],
    [30, 19, 51],
    [29, 23, 48],
    [24, 21, 55],
    [24, 27, 49],
    [24, 27, 49],
    [25, 24, 51],
    [25, 31, 44],
    [24, 23, 53],
    [32, 23, 45],
    [25, 26, 49],
    [18, 26, 56],
    [19, 25, 56],
    [23, 22, 55],
    [25, 25, 50],
    [30, 26, 44],
    [24, 19, 57],
    [28, 22, 50],
    [21, 27, 52],
    [28, 18, 54],
    [24, 29, 47],
    [23, 33, 44],
    [16, 29, 55],
    [26, 20, 54],
    [26, 23, 51]
  ],
  "real_prob": [
    [0.022919156539, 0.41563779067, 0.5614430528],
    [0.34756964336, 0.15351769204, 0.49891266461]
  ],
  "method": "exact",
  "prob": [
    [0.03802440141, 0.39938893274, 0.56258666585],
    [0.32757559859, 0.18621106726, 0.48621333415]
  ],
  "iterations": 19,
  "logLik": -283.5671081748,
  "time": 0.783021,
  "message": "Converged",
  "status": 0,
  "cond_prob": [
    [
      [0.050109811256, 0.38298559769, 0.30289008179, 0.12418140767, 0.64700010696, 0.49283299464, 0.041719165638, 0.34613583585, 0.36926444767, 0.16490428329, 0.58901638669, 0.48895988086, 0.038030749427, 0.31126158467, 0.26430691813, 0.11661719104, 0.69766233245, 0.57212122429, 0.025730110054, 0.2518546515, 0.45139561631, 0.23724721502, 0.52287427364, 0.51089813348, 0.013739155544, 0.14224150125, 0.35624156835, 0.2000149896, 0.63001927611, 0.65774350914, 0.052260098759, 0.39980816728, 0.35465751057, 0.14608489583, 0.59308239067, 0.45410693689, 0.021760486262, 0.22237462405, 0.4841840424, 0.26832752343, 0.49405547134, 0.50929785252, 0.025733980764, 0.23989660099, 0.32627139917, 0.16207515438, 0.64799462007, 0.59802824463, 0.038136972982, 0.31650978213],
      [0.30568003333, 0.13695265961, 0.65618299369, 0.54653755827, 0.053911429998, 0.41973408518, 0.43303335428, 0.18119420158, 0.51305521572, 0.39907171324, 0.035098218924, 0.32318199229, 0.49506249878, 0.24482211884, 0.46983928229, 0.43199588886, 0.019862989396, 0.20942247752, 0.51104349976, 0.29200701392, 0.46909351084, 0.49857050856, 0.059378663953, 0.44558721792, 0.44273166631, 0.17931713731, 0.49788966974, 0.37509564477, 0.018756444572, 0.19545835984, 0.45815598492, 0.25761810589, 0.52308757051, 0.54692353426, 0.048311921226, 0.37633798179, 0.32923560689, 0.13815300402, 0.62245247188, 0.4855090142, 0.036728987789, 0.3235929106, 0.43134908857, 0.2053793981, 0.53192192364, 0.4710276913, 0.032238673074, 0.29144309616, 0.40180113075, 0.19579736159]
    ],
    [
      [0.56596019618, 0.51275954225, 0.045935591504, 0.38219322549, 0.45267401304, 0.20197796087, 0.50139039545, 0.41582881364, 0.047302345479, 0.37809296356, 0.3732986157, 0.16010415291, 0.57939903882, 0.46180288353, 0.02634633595, 0.24584172923, 0.36218836914, 0.18222847556, 0.61146529491, 0.57192979521, 0.028205984412, 0.27606663771, 0.50921732803, 0.26916481886, 0.46257668756, 0.45476854344, 0.043985790835, 0.37480967224, 0.477358222, 0.21828813738, 0.47865598716, 0.40690219038, 0.040072191708, 0.35415164397, 0.50185855833, 0.23940553453, 0.45806924996, 0.4064428215, 0.03932752803, 0.32824406122, 0.32811573958, 0.14661221778, 0.63255673239, 0.525143721, 0.045789248059, 0.37065390992, 0.38264023766, 0.16663941813, 0.57157051428, 0.46270667194],
      [0.036452561089, 0.31040396245, 0.35875816557, 0.16658179905, 0.60478927334, 0.5230142385, 0.053811004842, 0.40055606844, 0.32889643491, 0.13326765335, 0.61729256025, 0.46617627821, 0.049622873351, 0.38818220666, 0.38817257888, 0.16539429877, 0.56220454776, 0.44642349458, 0.037464496146, 0.31491039184, 0.34720781062, 0.15925190566, 0.61532769323, 0.5258377025, 0.037682025076, 0.32670770354, 0.42783204726, 0.20235769403, 0.53448592766, 0.47093460243, 0.035774371627, 0.31553550638, 0.43442406833, 0.20918561856, 0.52980156004, 0.47527887505, 0.035026012802, 0.30714498394, 0.407818791, 0.19538994163, 0.5571551962, 0.49746507443, 0.039335828692, 0.34464622189, 0.48458783747, 0.23156198606, 0.47607633383, 0.42379179205, 0.037519862092, 0.31874227585]
    ],
    [
      [0.37475077121, 0.17370803342, 0.58772936669, 0.50754969073, 0.05323229564, 0.40892256812, 0.40791935403, 0.17069354866, 0.53884835033, 0.42038388322, 0.039413056817, 0.33601438524, 0.41923430868, 0.19496063448, 0.5413526345, 0.46902498027, 0.027120969971, 0.25194307296, 0.39098604958, 0.19835950608, 0.58189298045, 0.54969742097, 0.029729350128, 0.26893927531, 0.37831773741, 0.18679872635, 0.59195291246, 0.54426199834, 0.037610353817, 0.316435928, 0.35110056014, 0.16109974834, 0.61128908604, 0.52246432366, 0.045175953688, 0.36521352605, 0.38960959207, 0.17146960446, 0.56521445424, 0.46331686949, 0.04995166563, 0.39724101892, 0.43923928115, 0.19029583511, 0.51080905322, 0.41246314597, 0.044567192232, 0.34993095437, 0.29988500974, 0.12818968202],
      [0.65554779803, 0.52187936361, 0.045896676989, 0.36658616057, 0.37426488812, 0.16294312357, 0.57983843489, 0.47047071586, 0.03110152541, 0.28307120793, 0.41996859069, 0.20874522352, 0.5489298839, 0.50818356855, 0.046572935654, 0.3620149145, 0.31385960601, 0.13296824654, 0.63956745833, 0.50501683896, 0.039191709721, 0.33890557581, 0.44901372618, 0.21167980651, 0.5117945641, 0.44941461768, 0.03661737266, 0.32962135348, 0.49699400935, 0.24397278306, 0.46638861799, 0.42640586346, 0.021227482232, 0.21132682164, 0.43439118346, 0.23659504174, 0.54438133431, 0.55207813662, 0.045943265627, 0.36073258088, 0.3274365109, 0.14002987722, 0.62662022347, 0.4992375419, 0.042550815695, 0.34881727246, 0.37871501251, 0.16925724841, 0.57873417179, 0.48192547913]
    ]
  ],
  "maxiter": 3600,
  "param_threshold": 0.001,
  "ll_threshold": "-Inf",
  "initial_prob": "group_proportional"
}
