{
  "W": [
    [60, 11, 15, 14],
    [68, 9, 13, 10],
    [55, 13, 13, 19],
    [62, 12, 15, 11],
    [64, 9, 16, 11],
    [61, 15, 13, 11],
    [64, 13, 11, 12],
    [57, 16, 14, 13],
    [56, 6, 24, 14],
    [64, 10, 7, 19],
    [64, 10, 15, 11],
    [68, 11, 10, 11],
    [36, 32, 16, 16],
    [11, 60, 14, 15],
    [17, 65, 7, 11],
    [11, 68, 12, 9],
    [18, 59, 16, 7],
    [11, 69, 4, 16],
    [14, 63, 13, 10],
    [12, 63, 11, 14],
    [15, 65, 13, 7],
    [6, 67, 19, 8],
    [15, 61, 8, 16],
    [12, 62, 14, 12],
    [11, 58, 10, 21],
    [11, 15, 61, 13],
    [14, 10, 59, 17],
    [12, 13, 59, 16],
    [9, 10, 56, 25],
    [12, 12, 60, 16],
    [19, 8, 65, 8],
    [13, 14, 62, 11],
    [9, 12, 67, 12],
    [9, 8, 68, 15],
    [13, 13, 65, 9],
    [12, 11, 65, 12],
    [9, 18, 63, 10],
    [17, 12, 30, 41],
    [13, 13, 10, 64],
    [15, 13, 7, 65],
    [10, 11, 11, 68],
    [8, 20, 12, 60],
    [11, 15, 13, 61],
    [12, 17, 18, 53],
    [10, 13, 14, 63],
    [15, 12, 15, 58],
    [14, 12, 18, 56],
    [16, 16, 13, 55],
    [14, 12, 6, 68],
    [21, 13, 10, 56]
  ],
  "X": [
    [17, 6, 24, 23, 30],
    [23, 2, 24, 22, 29],
    [18, 4, 24, 14, 40],
    [11, 6, 33, 21, 29],
    [16, 2, 35, 14, 33],
    [14, 5, 28, 29, 24],
    [13, 10, 27, 16, 34],
    [10, 11, 24, 20, 35],
    [8, 6, 26, 26, 34],
    [15, 8, 27, 25, 25],
    [11, 6, 24, 18, 41],
    [13, 5, 22, 19, 41],
    [22, 10, 13, 23, 32],
    [15, 16, 3, 30, 36],
    [30, 19, 11, 21, 19],
    [25, 15, 8, 22, 30],
    [19, 19, 8, 26, 28],
    [28, 18, 7, 22, 25],
    [31, 15, 8, 22, 24],
    [28, 11, 11, 18, 32],
    [22, 16, 8, 18, 36],
    [33, 18, 4, 26, 19],
    [26, 14, 11, 19, 30],
    [26, 17, 11, 27, 19],
    [20, 18, 6, 25, 31],
    [24, 11, 11, 27, 27],
    [13, 15, 11, 39, 22],
    [20, 10, 9, 28, 33],
    [15, 15, 12, 31, 27],
    [20, 12, 13, 33, 22],
    [16, 9, 16, 33, 26],
    [19, 13, 9, 29, 30],
    [21, 9, 9, 38, 23],
    [16, 17, 6, 33, 28],
    [25, 7, 14, 33, 21],
    [16, 10, 16, 36, 22],
    [12, 11, 5, 33, 39],
    [10, 8, 18, 29, 35],
    [7, 10, 23, 33, 27],
    [7, 6, 20, 30, 37],
    [7, 11, 20, 27, 35],
    [10, 10, 15, 35, 30],
    [11, 8, 19, 38, 24],
    [12, 10, 19, 28, 31],
    [7, 9, 25, 29, 30],
    [10, 7, 18, 30, 35],
    [8, 9, 18, 28, 37],
    [8, 5, 18, 36, 33],
    [10, 6, 9, 40, 35],
    [6, 7, 14, 29, 44]
  ],
  "real_prob": [
    [0.11553702162, 0.011167020674, 0.35313472046, 0.16352204835, 0.35663918889],
    [0.3336508168, 0.19759035511, 0.021850110123, 0.20033606384, 0.24657265413],
    [0.16948117127, 0.14323162677, 0.050633343656, 0.35860892403, 0.27804493427],
    [0.0063455626208, 0.057323114427, 0.228015689, 0.36725212374, 0.34106351021]
  ],
  "method": "mvn_cdf",
  "mvnc_method": "genz",
  "mvnc_samples": 5000,
  "mvnc_error": 1e-06,
  "prob": [
    [0.12812339325, 0.016604640332, 0.36984720196, 0.13345394187, 0.35197082259],
    [0.33919317726, 0.2223404171, 0.0023173417944, 0.18283535454, 0.2533137093],
    [0.19544069882, 0.12582175085, 0.058206285648, 0.38177136758, 0.2387598971],
    [0.0020764768222, 0.054376421919, 0.20179331993, 0.37961748893, 0.3621362924]
  ],
  "iterations": 52,
  "logLik": -517.6327227615,
  "time": 0.080295,
  "message": "Converged",
  "status": 0,
  "cond_prob": [
    [
      [0.15018801358, 0.40264455279, 0.22750323609, 0.0025869401632, 0.016697908722, 0.20219808933, 0.10998900226, 0.052275651998, 0.32842270053, 0.0020361853067, 0.047696329492, 0.18132883144, 0.15194681868, 0.19016522584, 0.40266461882, 0.42554770248, 0.35274455849, 0.20295594673, 0.21214681335, 0.33826087391, 0.22514070685, 0.5346989399, 0.32507047606, 0.0045110097927, 0.008434791543, 0.10159146913, 0.05584534276, 0.030188737714, 0.29818758388, 0.0017569385456, 0.041748572288, 0.18334248605, 0.14565027111, 0.18070550357, 0.40140303866, 0.44725618969, 0.32258664662, 0.18124714885, 0.17593257023, 0.33470157675, 0.18393466451, 0.50611581428, 0.29559007806, 0.0029006088007, 0.012065421404, 0.12156204425, 0.068252065111, 0.041245528419, 0.33789830677, 0.0023616594865],
      [0.062070161584, 0.1928139447, 0.074272341643, 0.099605736413, 0.2233276087, 0.27058767255, 0.39182926567, 0.27035474557, 0.35076008654, 0.49245224553, 0.078036510073, 0.29085946773, 0.14383516195, 0.0015354494332, 0.013207153009, 0.22280168331, 0.11233188763, 0.043192012997, 0.49809709608, 0.003606166738, 0.083059637878, 0.2700765322, 0.1179338453, 0.20040741829, 0.41849214359, 0.37488178484, 0.29272539554, 0.28232526394, 0.24228116895, 0.31031422053, 0.11356143081, 0.43492442346, 0.26387187583, 0.0025057245063, 0.0063693786551, 0.10583981245, 0.071925802973, 0.026629632021, 0.48059638177, 0.0038700453802, 0.091148852789, 0.30161510958, 0.084903339862, 0.13610277006, 0.28165150674, 0.29903931734, 0.3145694689, 0.31926294865, 0.29140196167, 0.37021021656],
      [0.135231301, 0.35652171885, 0.14965958999, 0.0014039846596, 0.011681623968, 0.20520292909, 0.068192376126, 0.038116765832, 0.40121111325, 0.0022768049911, 0.043370866688, 0.17359798061, 0.20027087887, 0.23410989038, 0.58928707651, 0.54925514024, 0.25160508291, 0.20188865668, 0.14949009069, 0.23762612866, 0.1185631978, 0.25184671326, 0.16718770352, 0.001942316665, 0.031959580409, 0.3831931519, 0.22732179375, 0.10022760864, 0.36641856293, 0.0019314983078, 0.055206546676, 0.20709779904, 0.11970056261, 0.13012053616, 0.31895342618, 0.32465156647, 0.36335809625, 0.23290810038, 0.23133052988, 0.36608070918, 0.089707408582, 0.21456102425, 0.12948474847, 0.001391940389, 0.028483027147, 0.36204617357, 0.2028432485, 0.088812003161, 0.36273621405, 0.002080202346],
      [0.051695654765, 0.1890691759, 0.12976760774, 0.16398965662, 0.36217354958, 0.35158012286, 0.38930574247, 0.25732294321, 0.25380279869, 0.36914675769, 0.077949128757, 0.23562932103, 0.12614079959, 0.0012223474389, 0.015015842224, 0.22846882719, 0.11776577098, 0.045685804785, 0.38847173017, 0.0027924933667, 0.063288994662, 0.19406973557, 0.1511996977, 0.23124051723, 0.4461081526, 0.39858658991, 0.36736360115, 0.30186884117, 0.24669628216, 0.36043552229, 0.17400688897, 0.34603179036, 0.19786078554, 0.0024717811846, 0.025408279091, 0.31023372895, 0.19420111218, 0.097827321516, 0.37378645124, 0.0015702269215, 0.046440114296, 0.17907583152, 0.1733323806, 0.17595928984, 0.41901351146, 0.45859435255, 0.2534660001, 0.16620496392, 0.14248447652, 0.26203071323]
    ],
    [
      [0.093640179686, 0.28404265517, 0.15378650373, 0.0013827467281, 0.013193023565, 0.25582788114, 0.12054609591, 0.048617000686, 0.31170837719, 0.002566589467, 0.052404029976, 0.19019424197, 0.10810394546, 0.15999073221, 0.35788724457, 0.34204305035, 0.4733544741, 0.29757214202, 0.31537612581, 0.41776296026, 0.12504718142, 0.31699206405, 0.16050105128, 0.0016241481507, 0.01624320603, 0.1699134074, 0.10915501506, 0.056087242384, 0.3064648472, 0.0018853380969, 0.051395721964, 0.14935465778, 0.12545366223, 0.21808943757, 0.375256301, 0.34375457517, 0.42679110312, 0.29311975289, 0.3036919107, 0.44917937651, 0.16073231935, 0.38647284571, 0.23561312368, 0.0027478279054, 0.017497520195, 0.2032549131, 0.12035746324, 0.056726991229, 0.2819866586, 0.0015602721786],
      [0.038125593774, 0.15241729572, 0.13910191725, 0.16343070196, 0.36693771879, 0.40653311696, 0.40068158461, 0.24528126705, 0.23896610052, 0.38157476818, 0.08774519933, 0.23006159081, 0.11876943319, 0.0012630422049, 0.018643459067, 0.22136914691, 0.11603121558, 0.050334224815, 0.18848032966, 0.001193865775, 0.027906527646, 0.084007390329, 0.18708623672, 0.22723125707, 0.45179951301, 0.45680126615, 0.51804477522, 0.32014413944, 0.28549331058, 0.4075940765, 0.14184461852, 0.41697129764, 0.26103407431, 0.0025598146385, 0.019426904141, 0.27715951312, 0.13048147535, 0.079073812444, 0.4407188747, 0.0021751984673, 0.073154275822, 0.2238555246, 0.12666375352, 0.15300203833, 0.36014536833, 0.34593203723, 0.27134584912, 0.15069195244, 0.17518480619, 0.34857881109],
