{
  "W": [
    [77, 23],
    [74, 26],
    [71, 29],
    [68, 32],
    [71, 29],
    [74, 26],
    [73, 27],
    [65, 35],
    [74, 26],
    [75, 25],
    [71, 29],
    [74, 26],
    [74, 26],
    [74, 26],
    [70, 30],
    [69, 31],
    [79, 21],
    [71, 29],
    [74, 26],
    [77, 23],
    [71, 29],
    [70, 30],
    [73, 27],
    [63, 37],
    [71, 29],
    [23, 77],
    [28, 72],
    [36, 64],
    [29, 71],
    [34, 66],
    [26, 74],
    [28, 72],
    [25, 75],
    [23, 77],
    [29, 71],
    [44, 56],
    [30, 70],
    [34, 66],
    [30, 70],
    [18, 82],
    [23, 77],
    [22, 78],
    [19, 81],
    [24, 76],
    [30, 70],
    [26, 74],
    [30, 70],
    [32, 68],
    [27, 73],
    [27, 73]
  ],
  "X": [
    [97, 3],
    [96, 4],
    [94, 6],
    [93, 7],
    [97, 3],
    [94, 6],
    [95, 5],
    [95, 5],
    [97, 3],
    [94, 6],
    [97, 3],
    [94, 6],
    [91, 9],
    [92, 8],
    [97, 3],
    [90, 10],
    [94, 6],
    [99, 1],
    [98, 2],
    [98, 2],
    [97, 3],
    [90, 10],
    [99, 1],
    [91, 9],
    [97, 3],
    [83, 17],
    [88, 12],
    [90, 10],
    [86, 14],
    [85, 15],
    [85, 15],
    [89, 11],
    [89, 11],
    [90, 10],
    [87, 13],
    [94, 6],
    [91, 9],
    [90, 10],
    [87, 13],
    [95, 5],
    [86, 14],
    [79, 21],
    [81, 19],
    [78, 22],
    [91, 9],
    [90, 10],
    [88, 12],
    [87, 13],
    [92, 8],
    [89, 11]
  ],
  "real_prob": [
    [0.99420779404, 0.0057922059604],
    [0.83487004453, 0.16512995547]
  ],
  "method": "exact",
  "prob": [
    [0.98645904868, 0.013540951325],
    [0.83994095132, 0.16005904868]
  ],
  "iterations": 12,
  "logLik": -137.7112467627,
  "time": 0.00581,
  "message": "Converged",
  "status": 0,
  "cond_prob": [
    [
      [0.99153736865, 0.89789663539, 0.0084626313493, 0.10210336461, 0.98947323898, 0.87611462751, 0.010526761018, 0.12388537249, 0.98482785065, 0.8302490553, 0.015172149349, 0.1697509447, 0.98333617214, 0.81666063421, 0.016663827865, 0.18333936579, 0.99293536487, 0.9138478998, 0.0070646351282, 0.086152100203, 0.9833914693, 0.81650120275, 0.016608530696, 0.18349879725, 0.98691265717, 0.85019911209, 0.013087342829, 0.14980088791, 0.98946545567, 0.87670701091, 0.010534544334, 0.12329298909, 0.99229830411, 0.90653559599, 0.007701695889, 0.093464404008, 0.98285322669, 0.81144031992, 0.017146773307, 0.18855968008, 0.99293536487, 0.9138478998, 0.0070646351282, 0.086152100203, 0.9833914693, 0.81650120275, 0.016608530696, 0.18349879725, 0.97306780825, 0.73049931499],
      [0.026932191753, 0.26950068501, 0.97668039552, 0.75867887428, 0.023319604477, 0.24132112572, 0.99312521492, 0.9160411652, 0.006874785085, 0.083958834802, 0.97369313326, 0.73597334854, 0.026306866737, 0.26402665146, 0.98032425326, 0.78830399965, 0.019675746743, 0.21169600035, 0.99775067314, 0.97102421405, 0.0022493268637, 0.028975785954, 0.99498967654, 0.93733707446, 0.0050103234582, 0.062662925542, 0.99450291543, 0.93144676137, 0.0054970845665, 0.068553238625, 0.99293536487, 0.9138478998, 0.0070646351282, 0.086152100203, 0.97290595262, 0.72988611054, 0.027094047376, 0.27011388946, 0.99762365031, 0.96938790842, 0.0023763496892, 0.030612091581, 0.98031584982, 0.79027301247, 0.019684150182, 0.20972698753, 0.99293536487, 0.9138478998, 0.0070646351282, 0.086152100203]
    ],
    [
      [0.97951262858, 0.78534038367, 0.020487371418, 0.21465961633, 0.98552482255, 0.83896256901, 0.014475177453, 0.16103743099, 0.98681398076, 0.85116713582, 0.013186019236, 0.14883286418, 0.98237950269, 0.81001400594, 0.017620497309, 0.18998599406, 0.97931969725, 0.78338076202, 0.020680302751, 0.21661923798, 0.98166124862, 0.80374064238, 0.018338751384, 0.19625935762, 0.9869118292, 0.85231206642, 0.013088170801, 0.14768793358, 0.98743643301, 0.857521189, 0.012563566991, 0.142478811, 0.98901737513, 0.87341039444, 0.010982624865, 0.12658960556, 0.9838695334, 0.82348990889, 0.0161304666, 0.17651009111, 0.99154371108, 0.89950136986, 0.0084562889164, 0.10049863014, 0.98928475594, 0.87602081888, 0.010715244063, 0.12397918112, 0.98720784249, 0.85507474781],
      [0.012792157513, 0.14492525219, 0.98363327391, 0.82130002547, 0.016366726086, 0.17869997453, 0.99513416447, 0.94009250048, 0.0048658355347, 0.059907499517, 0.98380251613, 0.82302002765, 0.016197483875, 0.17697997235, 0.9735965231, 0.73821636528, 0.026403476903, 0.26178363472, 0.9777262946, 0.77065679509, 0.022273705398, 0.22934320491, 0.97108883644, 0.71965615691, 0.028911163558, 0.28034384309, 0.98928475594, 0.87602081888, 0.010715244063, 0.12397918112, 0.9885759594, 0.86887871697, 0.011424040599, 0.13112128303, 0.9851057904, 0.83495466126, 0.014894209599, 0.16504533874, 0.98313984853, 0.81675771834, 0.016860151468, 0.18324228166, 0.99097698328, 0.89374823906, 0.009023016719, 0.10625176094, 0.98709142269, 0.8540894738, 0.012908577313, 0.1459105262]
    ]
  ],
  "maxiter": 3600,
  "param_threshold": 0.001,
  "ll_threshold": "-Inf",
  "initial_prob": "group_proportional"
}
