{
  "W": [
    [77, 23],
    [78, 22],
    [76, 24],
    [72, 28],
    [78, 22],
    [79, 21],
    [71, 29],
    [74, 26],
    [75, 25],
    [80, 20],
    [80, 20],
    [72, 28],
    [68, 32],
    [72, 28],
    [87, 13],
    [78, 22],
    [68, 32],
    [69, 31],
    [76, 24],
    [76, 24],
    [77, 23],
    [74, 26],
    [81, 19],
    [79, 21],
    [78, 22],
    [20, 80],
    [28, 72],
    [28, 72],
    [34, 66],
    [21, 79],
    [23, 77],
    [22, 78],
    [20, 80],
    [21, 79],
    [25, 75],
    [24, 76],
    [22, 78],
    [18, 82],
    [25, 75],
    [24, 76],
    [20, 80],
    [31, 69],
    [21, 79],
    [22, 78],
    [28, 72],
    [20, 80],
    [26, 74],
    [26, 74],
    [27, 73],
    [29, 71]
  ],
  "X": [
    [13, 37, 30, 20],
    [8, 43, 32, 17],
    [7, 46, 26, 21],
    [12, 44, 21, 23],
    [8, 46, 23, 23],
    [10, 42, 30, 18],
    [7, 40, 22, 31],
    [11, 38, 32, 19],
    [11, 43, 27, 19],
    [13, 44, 19, 24],
    [17, 42, 27, 14],
    [14, 39, 29, 18],
    [16, 44, 23, 17],
    [17, 41, 21, 21],
    [14, 33, 34, 19],
    [9, 52, 24, 15],
    [10, 45, 28, 17],
    [13, 44, 25, 18],
    [9, 44, 21, 26],
    [12, 44, 23, 21],
    [6, 45, 26, 23],
    [9, 49, 23, 19],
    [12, 51, 17, 20],
    [10, 45, 20, 25],
    [16, 41, 29, 14],
    [14, 69, 11, 6],
    [10, 74, 9, 7],
    [19, 69, 8, 4],
    [17, 62, 8, 13],
    [18, 68, 5, 9],
    [9, 79, 8, 4],
    [27, 60, 6, 7],
    [20, 65, 6, 9],
    [17, 68, 6, 9],
    [12, 73, 10, 5],
    [19, 62, 5, 14],
    [20, 66, 10, 4],
    [18, 64, 6, 12],
    [17, 69, 7, 7],
    [15, 62, 12, 11],
    [15, 76, 4, 5],
    [16, 65, 7, 12],
    [18, 66, 9, 7],
    [15, 69, 5, 11],
    [12, 71, 10, 7],
    [21, 66, 6, 7],
    [13, 72, 6, 9],
    [13, 68, 7, 12],
    [13, 67, 14, 6],
    [17, 65, 9, 9]
  ],
  "real_prob": [
    [0.10026455925, 0.32554578922, 0.32562505838, 0.24856459315],
    [0.16282391956, 0.79407948015, 0.012626542243, 0.030470058057]
  ],
  "method": "mvn_pdf",
  "prob": [
    [0.093009883058, 0.33042466123, 0.32142976772, 0.25513568799],
    [0.18254144123, 0.77950997053, 0.0089845985031, 0.028963989743]
  ],
  "iterations": 15,
  "logLik": -19899.7640212262,
  "time": 0.001183,
  "message": "Converged",
  "status": 0,
  "cond_prob": [
    [
      [0.098030520713, 0.22368701489, 0.26651664108, 0.73081221208, 0.38946425943, 0.013392407144, 0.24598857877, 0.032108365884, 0.064138316367, 0.13870665247, 0.31462423601, 0.8218273779, 0.41264888219, 0.013500258772, 0.20858856543, 0.025965710859, 0.059593265675, 0.12164041925, 0.33909864537, 0.83696042448, 0.3375053825, 0.010456499254, 0.26380270645, 0.03094265702, 0.09019886489, 0.1843456396, 0.3131947828, 0.7707060554, 0.28796823222, 0.0089137860291, 0.30863812009, 0.036034518976, 0.067314198919, 0.12992552627, 0.35574592892, 0.82987096011, 0.2917214255, 0.0085703858727, 0.28521844667, 0.031633127751, 0.07941861868, 0.16421328458, 0.31992757242, 0.79769189578, 0.38041073181, 0.011908270574, 0.2202430771, 0.02618654906, 0.048216672349, 0.13534696194],
      [0.23099797465, 0.78266363954, 0.28117489271, 0.011928189088, 0.43961046029, 0.070061209428, 0.076110057325, 0.19121925703, 0.25076923558, 0.75828767245, 0.43639815054, 0.01648001248, 0.23672255656, 0.034013058045, 0.084448952225, 0.17492341795, 0.31456148998, 0.78505484505, 0.35865256823, 0.011233512015, 0.24233698957, 0.028788224984, 0.10986591126, 0.19614186053, 0.35715982109, 0.76750196706, 0.24227181839, 0.0065886355415, 0.29070244926, 0.029767536874, 0.15717883589, 0.27146489598, 0.33907201362, 0.70241490447, 0.32678193117, 0.0085433174177, 0.17696721933, 0.017576882129, 0.10092284134, 0.23115921312, 0.26330538162, 0.72446085635, 0.40253277966, 0.013856083915, 0.23323899738, 0.030523846617, 0.12412527753, 0.24240611348, 0.30768746955, 0.72152459584]
    ],
    [
      [0.33269566987, 0.0097900170659, 0.23549158305, 0.02627927361, 0.13988817025, 0.27080065044, 0.29733567268, 0.6902935197, 0.28632662629, 0.0083741401793, 0.27644953078, 0.030531689685, 0.12226118604, 0.26062425961, 0.27400876415, 0.70077866268, 0.3912046429, 0.012599060974, 0.21252540691, 0.025998016733, 0.077323056016, 0.12527627028, 0.43359459743, 0.8495301816, 0.29902705609, 0.0073873271015, 0.19005529046, 0.017806221027, 0.069548244849, 0.15968402672, 0.2874874906, 0.79576849576, 0.41223821659, 0.01423231012, 0.23072604797, 0.030315167403, 0.094683080668, 0.1991603056, 0.30028233084, 0.7599083996, 0.35938419613, 0.011389978238, 0.24565039237, 0.029541316559, 0.070454845802, 0.14633777798, 0.32116084909, 0.8050959852, 0.27207491291, 0.0085892615915],
      [0.33630939219, 0.039976975231, 0.095892787308, 0.18395249352, 0.3367473346, 0.77797877112, 0.30081701054, 0.0087536023458, 0.26654286755, 0.029315133011, 0.053823545964, 0.11382613632, 0.3285652404, 0.84075457654, 0.33127201898, 0.010640202037, 0.28633919466, 0.034779085106, 0.073573684388, 0.13525554063, 0.37385780684, 0.83021328003, 0.30701920174, 0.0085757054234, 0.24554930704, 0.02595547391, 0.10447912824, 0.15872291358, 0.44504157175, 0.81580262338, 0.21753814969, 0.0050588800108, 0.23294115032, 0.020415583029, 0.081654807176, 0.15372444283, 0.35462891909, 0.80558301186, 0.25463085675, 0.0073049130186, 0.30908541698, 0.033387632297, 0.13759986666, 0.25773790953, 0.31697570555, 0.71253904996, 0.36523562164, 0.01033120385, 0.18018880616, 0.019391836665]
    ],
    [
      [0.060884247682, 0.15749391592, 0.25640884027, 0.79849936138, 0.50355304154, 0.018196177184, 0.17915387051, 0.025810545513, 0.072043629156, 0.11786391979, 0.43379227771, 0.85652816265, 0.29389868167, 0.0070889066211, 0.20026541147, 0.018519010944, 0.14477740265, 0.20526411363, 0.45626598441, 0.77779520415, 0.25557759193, 0.0053660974352, 0.14337902101, 0.011574584792, 0.10803686546, 0.19799293716, 0.34636081611, 0.76323731092, 0.22895766907, 0.006255287966, 0.31664464936, 0.032514463951, 0.11069884497, 0.19552103965, 0.36207339906, 0.76885133006, 0.22166531027, 0.0057522293365, 0.3055624457, 0.029875400953, 0.070002740023, 0.10686404885, 0.47367137175, 0.87316613797, 0.30401632146, 0.0067776772366, 0.15230956678, 0.013192135942, 0.19923805777, 0.32466269451],
      [0.33257211058, 0.64906484107, 0.24258385765, 0.0057797483573, 0.22560597399, 0.020492716063, 0.1133531472, 0.22208249782, 0.31321268498, 0.73700115203, 0.26399238159, 0.0075017564016, 0.30944178623, 0.033414593741, 0.098567956794, 0.18569981478, 0.3423671853, 0.77571465704, 0.25642554583, 0.0070445451996, 0.30263931207, 0.03154098298, 0.076810736225, 0.13500926605, 0.39609345626, 0.83939294912, 0.3626432002, 0.0092541138863, 0.16445260731, 0.016343670939, 0.094430742078, 0.21460479614, 0.26480441753, 0.72282598984, 0.18828335376, 0.0063135189591, 0.45248148664, 0.056255695059, 0.11639316828, 0.22266607772, 0.32646960773, 0.75026726406, 0.40985635121, 0.011192748756, 0.14728087277, 0.015873909464, 0.072881572216, 0.19754136873, 0.22331735748, 0.72724188494]
    ],
    [
      [0.25852677169, 0.010035410377, 0.44527429862, 0.065181335947, 0.11517708198, 0.18473923477, 0.40920720349, 0.78960869142, 0.25887919287, 0.006114853542, 0.21673652166, 0.019537220268, 0.056776475026, 0.17549930401, 0.20307087787, 0.75496790691, 0.44634956401, 0.019554885452, 0.29380308309, 0.049977903629, 0.1134123504, 0.15479154635, 0.50285065714, 0.82667492064, 0.1936017622, 0.003919716165, 0.19013523027, 0.014613816841, 0.10182422788, 0.18135406565, 0.36475367037, 0.7816318168, 0.22074599215, 0.0058561302657, 0.31267610959, 0.031157987279, 0.094166650854, 0.20022693011, 0.29804877763, 0.76174941156, 0.38500310879, 0.011678579867, 0.22278146273, 0.026345078465, 0.084634094832, 0.16443774008, 0.33792128051, 0.7902313921, 0.21017694995, 0.0060143343678],
