{
  "W": [
    [58, 42],
    [67, 33],
    [67, 33],
    [57, 43],
    [55, 45],
    [63, 37],
    [56, 44],
    [54, 46],
    [65, 35],
    [58, 42],
    [65, 35],
    [64, 36],
    [62, 38],
    [59, 41],
    [61, 39],
    [68, 32],
    [62, 38],
    [62, 38],
    [59, 41],
    [53, 47],
    [59, 41],
    [70, 30],
    [59, 41],
    [65, 35],
    [62, 38],
    [39, 61],
    [32, 68],
    [40, 60],
    [36, 64],
    [43, 57],
    [38, 62],
    [35, 65],
    [43, 57],
    [40, 60],
    [43, 57],
    [35, 65],
    [37, 63],
    [34, 66],
    [46, 54],
    [39, 61],
    [34, 66],
    [26, 74],
    [39, 61],
    [39, 61],
    [42, 58],
    [47, 53],
    [40, 60],
    [38, 62],
    [46, 54],
    [39, 61]
  ],
  "X": [
    [8, 14, 78],
    [15, 16, 69],
    [14, 9, 77],
    [16, 5, 79],
    [16, 12, 72],
    [17, 12, 71],
    [10, 17, 73],
    [20, 10, 70],
    [17, 12, 71],
    [5, 15, 80],
    [16, 9, 75],
    [12, 15, 73],
    [14, 12, 74],
    [21, 10, 69],
    [14, 7, 79],
    [11, 15, 74],
    [14, 10, 76],
    [16, 12, 72],
    [20, 9, 71],
    [16, 14, 70],
    [13, 10, 77],
    [14, 11, 75],
    [16, 13, 71],
    [13, 10, 77],
    [14, 11, 75],
    [27, 9, 64],
    [33, 8, 59],
    [19, 12, 69],
    [13, 13, 74],
    [20, 2, 78],
    [19, 7, 74],
    [13, 13, 74],
    [18, 11, 71],
    [25, 9, 66],
    [16, 12, 72],
    [16, 6, 78],
    [19, 11, 70],
    [18, 10, 72],
    [13, 12, 75],
    [15, 15, 70],
    [16, 10, 74],
    [28, 8, 64],
    [19, 11, 70],
    [25, 6, 69],
    [11, 9, 80],
    [16, 6, 78],
    [14, 11, 75],
    [23, 12, 65],
    [21, 8, 71],
    [17, 11, 72]
  ],
  "real_prob": [
    [0.05789657127, 0.12805780479, 0.81404562394],
    [0.28317238677, 0.079488512107, 0.63733910113]
  ],
  "method": "exact",
  "prob": [
    [0.087872690891, 0.13323959391, 0.7788877152],
    [0.24652730911, 0.079560406095, 0.6739122848]
  ],
  "iterations": 27,
  "logLik": -266.6616951968,
  "time": 0.474636,
  "message": "Converged",
  "status": 0,
  "cond_prob": [
    [
      [0.042603274445, 0.1316430972, 0.16321733991, 0.10793795917, 0.79417938564, 0.76041894363, 0.094036278628, 0.26362331309, 0.18438691095, 0.1104871808, 0.72157681042, 0.62588950611, 0.088301667497, 0.24496328114, 0.10396157655, 0.061653768831, 0.80773675596, 0.69338295003, 0.091935493672, 0.25022504327, 0.060943614825, 0.03549334779, 0.8471208915, 0.71428160894, 0.088337947586, 0.24758695295, 0.14635815378, 0.087784478713, 0.76530389863, 0.66462856834, 0.10389643661, 0.28255471604, 0.14198231752, 0.082570648543, 0.75412124587, 0.63487463542, 0.052467320424, 0.16049613764, 0.20045034544, 0.1312450149, 0.74708233414, 0.70825884746, 0.11345514909, 0.30159612933, 0.12474041979, 0.070956898507, 0.76180443112, 0.62744697216, 0.10643696635, 0.28804563391],
      [0.14076077598, 0.081444273185, 0.75280225767, 0.6305100929, 0.025915036114, 0.083260188224, 0.17264387175, 0.1187298914, 0.80144109214, 0.79800992038, 0.10000669716, 0.27141613385, 0.10549748597, 0.061218954618, 0.79449581687, 0.66736491153, 0.070882693778, 0.20731965551, 0.1733805101, 0.10843464871, 0.75573679612, 0.68424569579, 0.082537103318, 0.23375525248, 0.14114769556, 0.085495865132, 0.77631520112, 0.68074888239, 0.12702964647, 0.3293963624, 0.12233756107, 0.067855704808, 0.75063279247, 0.60274793279, 0.082479499053, 0.22996796302, 0.083075762451, 0.049548166422, 0.8344447385, 0.72048387056, 0.067847296185, 0.19957449561, 0.17022639586, 0.10701890879, 0.76192630795, 0.6934065956, 0.082905413914, 0.23315432467, 0.11784559857, 0.070883497064]
    ],
    [
      [0.79924898751, 0.69596217827, 0.095853512381, 0.26466005875, 0.14211455725, 0.083918353968, 0.76203193037, 0.65142158728, 0.12028239207, 0.31471558215, 0.10982687465, 0.061468643797, 0.76989073328, 0.62381577406, 0.085910432668, 0.24354780997, 0.17173966162, 0.10420846668, 0.74234990571, 0.65224372335, 0.073696554891, 0.21102203077, 0.11888087264, 0.072829963758, 0.80742257247, 0.71614800548, 0.091363494539, 0.25348517941, 0.12530357093, 0.074291667819, 0.78333293453, 0.67222315277, 0.0922908677, 0.25743509282, 0.15575353527, 0.092940034617, 0.75195559703, 0.64962487256, 0.079210709639, 0.22432296781, 0.11601813204, 0.070252040506, 0.80477115833, 0.70542499168, 0.082721342471, 0.23345465176, 0.1295079874, 0.078171178457, 0.78777067013, 0.68837416979],
      [0.13939371981, 0.35350237586, 0.12479062601, 0.067756812881, 0.73581565419, 0.57874081126, 0.16847167893, 0.40601332756, 0.11925834966, 0.061525482512, 0.71226997141, 0.53246118993, 0.091576050024, 0.25561596665, 0.15814997113, 0.094566685915, 0.75027397885, 0.64981734743, 0.057066202089, 0.17102526133, 0.16856638759, 0.10830640698, 0.77436741032, 0.72066833169, 0.10340105718, 0.27287288669, 0.026591148091, 0.015027730387, 0.87000779473, 0.71209938292, 0.091248202298, 0.25052529537, 0.093999249131, 0.055290782791, 0.81475254857, 0.69418392184, 0.056509587316, 0.16957176068, 0.16922781983, 0.10887732778, 0.77426259285, 0.72155091154, 0.088994093587, 0.24865357852, 0.14265000246, 0.085369296391, 0.76835590396, 0.66597712509, 0.1281081864, 0.33126120907]
    ],
    [
      [0.12291647363, 0.068055684249, 0.74897533997, 0.60068310669, 0.07754181322, 0.2222052988, 0.15386414866, 0.094453361538, 0.76859403812, 0.68334133966, 0.073027080531, 0.20683157202, 0.080583070868, 0.048916807994, 0.8463898486, 0.74425161998, 0.089150952172, 0.24922880587, 0.14718362665, 0.088161997045, 0.76366542117, 0.66260919709, 0.081604933283, 0.2306883677, 0.13515881517, 0.081887883097, 0.78323625155, 0.6874237492, 0.06340666027, 0.18672765977, 0.14987740728, 0.094548875283, 0.78671593245, 0.71872346495, 0.068524535289, 0.20209087088, 0.19341243821, 0.12224450672, 0.7380630265, 0.6756646224, 0.071336779462, 0.2056749924, 0.13370847713, 0.082635026933, 0.79495474341, 0.71168998067, 0.12920685448, 0.33298137545, 0.1196645832, 0.066063795091],
      [0.75112856231, 0.60095482946, 0.090950485858, 0.25332673855, 0.1458895531, 0.08705422015, 0.76315996104, 0.6596190413, 0.12808841653, 0.3279434714, 0.082824533584, 0.045407265414, 0.78908704989, 0.62664926319, 0.051092453602, 0.15265718877, 0.11372356858, 0.072820864131, 0.83518397782, 0.7745219471, 0.082305644164, 0.22889876838, 0.076369822235, 0.045483365188, 0.8413245336, 0.72561786643, 0.064912270562, 0.19005848629, 0.14166592561, 0.088889382925, 0.79342180383, 0.72105213078, 0.11241566091, 0.30206782073, 0.1628604009, 0.09373072203, 0.72472393819, 0.60420145724, 0.11087203486, 0.29444234067, 0.10429793578, 0.059301758412, 0.78483002936, 0.64625590092, 0.080013794052, 0.22753216446, 0.14441840086, 0.087994792895, 0.77556780509, 0.68447304265]
    ]
  ],
  "maxiter": 3600,
  "param_threshold": 0.001,
  "ll_threshold": "-Inf",
  "initial_prob": "group_proportional"
}
