{
  "W": [
    [100, 0, 0],
    [100, 0, 0],
    [100, 0, 0],
    [100, 0, 0],
    [100, 0, 0],
    [100, 0, 0],
    [100, 0, 0],
    [100, 0, 0],
    [100, 0, 0],
    [100, 0, 0],
    [100, 0, 0],
    [100, 0, 0],
    [100, 0, 0],
    [100, 0, 0],
    [100, 0, 0],
    [100, 0, 0],
    [67, 33, 0],
    [0, 100, 0],
    [0, 100, 0],
    [0, 100, 0],
    [0, 100, 0],
    [0, 100, 0],
    [0, 100, 0],
    [0, 100, 0],
    [0, 100, 0],
    [0, 100, 0],
    [0, 100, 0],
    [0, 100, 0],
    [0, 100, 0],
    [0, 100, 0],
    [0, 100, 0],
    [0, 100, 0],
    [0, 100, 0],
    [0, 34, 66],
    [0, 0, 100],
    [0, 0, 100],
    [0, 0, 100],
    [0, 0, 100],
    [0, 0, 100],
    [0, 0, 100],
    [0, 0, 100],
    [0, 0, 100],
    [0, 0, 100],
    [0, 0, 100],
    [0, 0, 100],
    [0, 0, 100],
    [0, 0, 100],
    [0, 0, 100],
    [0, 0, 100],
    [0, 0, 100]
  ],
  "X": [
    [54, 46],
    [60, 40],
    [56, 44],
    [58, 42],
    [48, 52],
    [54, 46],
    [54, 46],
    [55, 45],
    [64, 36],
    [52, 48],
    [45, 55],
    [65, 35],
    [63, 37],
    [60, 40],
    [57, 43],
    [66, 34],
    [44, 56],
    [13, 87],
    [14, 86],
    [13, 87],
    [7, 93],
    [13, 87],
    [12, 88],
    [19, 81],
    [11, 89],
    [10, 90],
    [17, 83],
    [13, 87],
    [10, 90],
    [14, 86],
    [10, 90],
    [7, 93],
    [16, 84],
    [35, 65],
    [51, 49],
    [51, 49],
    [47, 53],
    [45, 55],
    [47, 53],
    [52, 48],
    [53, 47],
    [52, 48],
    [50, 50],
    [49, 51],
    [60, 40],
    [46, 54],
    [47, 53],
    [54, 46],
    [57, 43],
    [55, 45]
  ],
  "real_prob": [
    [0.57579115933, 0.42420884067],
    [0.12990521252, 0.87009478748],
    [0.50870961502, 0.49129038498]
  ],
  "method": "exact",
  "prob": [
    [0.57027221315, 0.42972778685],
    [0.12420614153, 0.87579385847],
    [0.50858618413, 0.49141381587]
  ],
  "iterations": 1,
  "logLik": -143.2653450203,
  "time": 0.000305,
  "message": "Converged",
  "status": 0,
  "cond_prob": [
    [
      [0.54, 0.12462415309, 0.50839314372, 0.46, 0.87537584691, 0.49160685628, 0.6, 0.12462415309, 0.50839314372, 0.4, 0.87537584691, 0.49160685628, 0.56, 0.12462415309, 0.50839314372, 0.44, 0.87537584691, 0.49160685628, 0.58, 0.12462415309, 0.50839314372, 0.42, 0.87537584691, 0.49160685628, 0.48, 0.12462415309, 0.50839314372, 0.52, 0.87537584691, 0.49160685628, 0.54, 0.12462415309, 0.50839314372, 0.46, 0.87537584691, 0.49160685628, 0.54, 0.12462415309, 0.50839314372, 0.46, 0.87537584691, 0.49160685628, 0.55, 0.12462415309, 0.50839314372, 0.45, 0.87537584691, 0.49160685628, 0.64, 0.12462415309],
      [0.50839314372, 0.36, 0.87537584691, 0.49160685628, 0.52, 0.12462415309, 0.50839314372, 0.48, 0.87537584691, 0.49160685628, 0.45, 0.12462415309, 0.50839314372, 0.55, 0.87537584691, 0.49160685628, 0.65, 0.12462415309, 0.50839314372, 0.35, 0.87537584691, 0.49160685628, 0.63, 0.12462415309, 0.50839314372, 0.37, 0.87537584691, 0.49160685628, 0.6, 0.12462415309, 0.50839314372, 0.4, 0.87537584691, 0.49160685628, 0.57, 0.12462415309, 0.50839314372, 0.43, 0.87537584691, 0.49160685628, 0.66, 0.12462415309, 0.50839314372, 0.34, 0.87537584691, 0.49160685628, 0.59169819882, 0.13200668725, 0.50839314372, 0.40830180118],
      [0.86799331275, 0.49160685628, 0.57004712619, 0.13, 0.50839314372, 0.42995287381, 0.87, 0.49160685628, 0.57004712619, 0.14, 0.50839314372, 0.42995287381, 0.86, 0.49160685628, 0.57004712619, 0.13, 0.50839314372, 0.42995287381, 0.87, 0.49160685628, 0.57004712619, 0.07, 0.50839314372, 0.42995287381, 0.93, 0.49160685628, 0.57004712619, 0.13, 0.50839314372, 0.42995287381, 0.87, 0.49160685628, 0.57004712619, 0.12, 0.50839314372, 0.42995287381, 0.88, 0.49160685628, 0.57004712619, 0.19, 0.50839314372, 0.42995287381, 0.81, 0.49160685628, 0.57004712619, 0.11, 0.50839314372, 0.42995287381, 0.89, 0.49160685628]
    ],
    [
      [0.57004712619, 0.1, 0.50839314372, 0.42995287381, 0.9, 0.49160685628, 0.57004712619, 0.17, 0.50839314372, 0.42995287381, 0.83, 0.49160685628, 0.57004712619, 0.13, 0.50839314372, 0.42995287381, 0.87, 0.49160685628, 0.57004712619, 0.1, 0.50839314372, 0.42995287381, 0.9, 0.49160685628, 0.57004712619, 0.14, 0.50839314372, 0.42995287381, 0.86, 0.49160685628, 0.57004712619, 0.1, 0.50839314372, 0.42995287381, 0.9, 0.49160685628, 0.57004712619, 0.07, 0.50839314372, 0.42995287381, 0.93, 0.49160685628, 0.57004712619, 0.16, 0.50839314372, 0.42995287381, 0.84, 0.49160685628, 0.57004712619, 0.10868874254],
      [0.4743118599, 0.42995287381, 0.89131125746, 0.5256881401, 0.57004712619, 0.12462415309, 0.51, 0.42995287381, 0.87537584691, 0.49, 0.57004712619, 0.12462415309, 0.51, 0.42995287381, 0.87537584691, 0.49, 0.57004712619, 0.12462415309, 0.47, 0.42995287381, 0.87537584691, 0.53, 0.57004712619, 0.12462415309, 0.45, 0.42995287381, 0.87537584691, 0.55, 0.57004712619, 0.12462415309, 0.47, 0.42995287381, 0.87537584691, 0.53, 0.57004712619, 0.12462415309, 0.52, 0.42995287381, 0.87537584691, 0.48, 0.57004712619, 0.12462415309, 0.53, 0.42995287381, 0.87537584691, 0.47, 0.57004712619, 0.12462415309, 0.52, 0.42995287381],
      [0.87537584691, 0.48, 0.57004712619, 0.12462415309, 0.5, 0.42995287381, 0.87537584691, 0.5, 0.57004712619, 0.12462415309, 0.49, 0.42995287381, 0.87537584691, 0.51, 0.57004712619, 0.12462415309, 0.6, 0.42995287381, 0.87537584691, 0.4, 0.57004712619, 0.12462415309, 0.46, 0.42995287381, 0.87537584691, 0.54, 0.57004712619, 0.12462415309, 0.47, 0.42995287381, 0.87537584691, 0.53, 0.57004712619, 0.12462415309, 0.54, 0.42995287381, 0.87537584691, 0.46, 0.57004712619, 0.12462415309, 0.57, 0.42995287381, 0.87537584691, 0.43, 0.57004712619, 0.12462415309, 0.55, 0.42995287381, 0.87537584691, 0.45]
    ]
  ],
  "maxiter": 3600,
  "param_threshold": 0.001,
  "ll_threshold": "-Inf",
  "initial_prob": "group_proportional"
}
