{
  "W": [
    [100, 0, 0],
    [100, 0, 0],
    [100, 0, 0],
    [100, 0, 0],
    [100, 0, 0],
    [100, 0, 0],
    [100, 0, 0],
    [100, 0, 0],
    [100, 0, 0],
    [100, 0, 0],
    [100, 0, 0],
    [100, 0, 0],
    [100, 0, 0],
    [100, 0, 0],
    [100, 0, 0],
    [100, 0, 0],
    [67, 33, 0],
    [0, 100, 0],
    [0, 100, 0],
    [0, 100, 0],
    [0, 100, 0],
    [0, 100, 0],
    [0, 100, 0],
    [0, 100, 0],
    [0, 100, 0],
    [0, 100, 0],
    [0, 100, 0],
    [0, 100, 0],
    [0, 100, 0],
    [0, 100, 0],
    [0, 100, 0],
    [0, 100, 0],
    [0, 100, 0],
    [0, 34, 66],
    [0, 0, 100],
    [0, 0, 100],
    [0, 0, 100],
    [0, 0, 100],
    [0, 0, 100],
    [0, 0, 100],
    [0, 0, 100],
    [0, 0, 100],
    [0, 0, 100],
    [0, 0, 100],
    [0, 0, 100],
    [0, 0, 100],
    [0, 0, 100],
    [0, 0, 100],
    [0, 0, 100],
    [0, 0, 100]
  ],
  "X": [
    [79, 21],
    [87, 13],
    [85, 15],
    [80, 20],
    [84, 16],
    [84, 16],
    [77, 23],
    [85, 15],
    [83, 17],
    [82, 18],
    [87, 13],
    [75, 25],
    [80, 20],
    [86, 14],
    [76, 24],
    [83, 17],
    [78, 22],
    [69, 31],
    [70, 30],
    [70, 30],
    [78, 22],
    [65, 35],
    [63, 37],
    [68, 32],
    [77, 23],
    [73, 27],
    [71, 29],
    [62, 38],
    [77, 23],
    [74, 26],
    [72, 28],
    [68, 32],
    [61, 39],
    [84, 16],
    [99, 1],
    [99, 1],
    [99, 1],
    [99, 1],
    [96, 4],
    [98, 2],
    [98, 2],
    [100, 0],
    [98, 2],
    [100, 0],
    [95, 5],
    [97, 3],
    [100, 0],
    [99, 1],
    [98, 2],
    [98, 2]
  ],
  "real_prob": [
    [0.82174867291, 0.17825132709],
    [0.72179006987, 0.27820993013],
    [0.98220161855, 0.017798381446]
  ],
  "method": "exact",
  "prob": [
    [0.8206512835, 0.1793487165],
    [0.69633519657, 0.30366480343],
    [0.98270320391, 0.017296796087]
  ],
  "iterations": 1,
  "logLik": -124.5686243905,
  "time": 0.000256,
  "message": "Converged",
  "status": 0,
  "cond_prob": [
    [
      [0.79, 0.69671377916, 0.98242746142, 0.21, 0.30328622084, 0.017572538577, 0.87, 0.69671377916, 0.98242746142, 0.13, 0.30328622084, 0.017572538577, 0.85, 0.69671377916, 0.98242746142, 0.15, 0.30328622084, 0.017572538577, 0.8, 0.69671377916, 0.98242746142, 0.2, 0.30328622084, 0.017572538577, 0.84, 0.69671377916, 0.98242746142, 0.16, 0.30328622084, 0.017572538577, 0.84, 0.69671377916, 0.98242746142, 0.16, 0.30328622084, 0.017572538577, 0.77, 0.69671377916, 0.98242746142, 0.23, 0.30328622084, 0.017572538577, 0.85, 0.69671377916, 0.98242746142, 0.15, 0.30328622084, 0.017572538577, 0.83, 0.69671377916],
      [0.98242746142, 0.17, 0.30328622084, 0.017572538577, 0.82, 0.69671377916, 0.98242746142, 0.18, 0.30328622084, 0.017572538577, 0.87, 0.69671377916, 0.98242746142, 0.13, 0.30328622084, 0.017572538577, 0.75, 0.69671377916, 0.98242746142, 0.25, 0.30328622084, 0.017572538577, 0.8, 0.69671377916, 0.98242746142, 0.2, 0.30328622084, 0.017572538577, 0.86, 0.69671377916, 0.98242746142, 0.14, 0.30328622084, 0.017572538577, 0.76, 0.69671377916, 0.98242746142, 0.24, 0.30328622084, 0.017572538577, 0.83, 0.69671377916, 0.98242746142, 0.17, 0.30328622084, 0.017572538577, 0.82127894918, 0.69619122439, 0.98242746142, 0.17872105082],
      [0.30380877561, 0.017572538577, 0.82054827799, 0.69, 0.98242746142, 0.17945172201, 0.31, 0.017572538577, 0.82054827799, 0.7, 0.98242746142, 0.17945172201, 0.3, 0.017572538577, 0.82054827799, 0.7, 0.98242746142, 0.17945172201, 0.3, 0.017572538577, 0.82054827799, 0.78, 0.98242746142, 0.17945172201, 0.22, 0.017572538577, 0.82054827799, 0.65, 0.98242746142, 0.17945172201, 0.35, 0.017572538577, 0.82054827799, 0.63, 0.98242746142, 0.17945172201, 0.37, 0.017572538577, 0.82054827799, 0.68, 0.98242746142, 0.17945172201, 0.32, 0.017572538577, 0.82054827799, 0.77, 0.98242746142, 0.17945172201, 0.23, 0.017572538577]
    ],
    [
      [0.82054827799, 0.73, 0.98242746142, 0.17945172201, 0.27, 0.017572538577, 0.82054827799, 0.71, 0.98242746142, 0.17945172201, 0.29, 0.017572538577, 0.82054827799, 0.62, 0.98242746142, 0.17945172201, 0.38, 0.017572538577, 0.82054827799, 0.77, 0.98242746142, 0.17945172201, 0.23, 0.017572538577, 0.82054827799, 0.74, 0.98242746142, 0.17945172201, 0.26, 0.017572538577, 0.82054827799, 0.72, 0.98242746142, 0.17945172201, 0.28, 0.017572538577, 0.82054827799, 0.68, 0.98242746142, 0.17945172201, 0.32, 0.017572538577, 0.82054827799, 0.61, 0.98242746142, 0.17945172201, 0.39, 0.017572538577, 0.82054827799, 0.5828371259],
      [0.97247784423, 0.17945172201, 0.4171628741, 0.027522155766, 0.82054827799, 0.69671377916, 0.99, 0.17945172201, 0.30328622084, 0.01, 0.82054827799, 0.69671377916, 0.99, 0.17945172201, 0.30328622084, 0.01, 0.82054827799, 0.69671377916, 0.99, 0.17945172201, 0.30328622084, 0.01, 0.82054827799, 0.69671377916, 0.99, 0.17945172201, 0.30328622084, 0.01, 0.82054827799, 0.69671377916, 0.96, 0.17945172201, 0.30328622084, 0.04, 0.82054827799, 0.69671377916, 0.98, 0.17945172201, 0.30328622084, 0.02, 0.82054827799, 0.69671377916, 0.98, 0.17945172201, 0.30328622084, 0.02, 0.82054827799, 0.69671377916, 1, 0.17945172201],
      [0.30328622084, 0, 0.82054827799, 0.69671377916, 0.98, 0.17945172201, 0.30328622084, 0.02, 0.82054827799, 0.69671377916, 1, 0.17945172201, 0.30328622084, 0, 0.82054827799, 0.69671377916, 0.95, 0.17945172201, 0.30328622084, 0.05, 0.82054827799, 0.69671377916, 0.97, 0.17945172201, 0.30328622084, 0.03, 0.82054827799, 0.69671377916, 1, 0.17945172201, 0.30328622084, 0, 0.82054827799, 0.69671377916, 0.99, 0.17945172201, 0.30328622084, 0.01, 0.82054827799, 0.69671377916, 0.98, 0.17945172201, 0.30328622084, 0.02, 0.82054827799, 0.69671377916, 0.98, 0.17945172201, 0.30328622084, 0.02]
    ]
  ],
  "maxiter": 3600,
  "param_threshold": 0.001,
  "ll_threshold": "-Inf",
  "initial_prob": "group_proportional"
}
