{
  "W": [
    [43, 29, 28],
    [49, 31, 20],
    [34, 35, 31],
    [43, 37, 20],
    [43, 25, 32],
    [45, 32, 23],
    [44, 26, 30],
    [43, 19, 38],
    [53, 26, 21],
    [44, 26, 30],
    [45, 26, 29],
    [46, 21, 33],
    [40, 37, 23],
    [46, 25, 29],
    [46, 34, 20],
    [52, 15, 33],
    [45, 28, 27],
    [26, 49, 25],
    [25, 50, 25],
    [21, 45, 34],
    [20, 52, 28],
    [31, 39, 30],
    [32, 42, 26],
    [25, 49, 26],
    [27, 47, 26],
    [26, 42, 32],
    [29, 38, 33],
    [32, 45, 23],
    [28, 43, 29],
    [29, 36, 35],
    [27, 39, 34],
    [34, 40, 26],
    [20, 50, 30],
    [30, 28, 42],
    [22, 28, 50],
    [30, 20, 50],
    [24, 28, 48],
    [33, 28, 39],
    [22, 26, 52],
    [24, 31, 45],
    [28, 30, 42],
    [33, 33, 34],
    [27, 33, 40],
    [18, 39, 43],
    [37, 26, 37],
    [24, 30, 46],
    [31, 20, 49],
    [26, 36, 38],
    [36, 25, 39],
    [29, 28, 43]
  ],
  "X": [
    [52, 36, 12],
    [47, 40, 13],
    [35, 38, 27],
    [42, 51, 7],
    [37, 45, 18],
    [44, 41, 15],
    [41, 45, 14],
    [46, 34, 20],
    [46, 42, 12],
    [44, 41, 15],
    [40, 47, 13],
    [51, 35, 14],
    [30, 48, 22],
    [44, 39, 17],
    [41, 46, 13],
    [47, 41, 12],
    [39, 42, 19],
    [35, 44, 21],
    [33, 44, 23],
    [29, 46, 25],
    [35, 44, 21],
    [36, 51, 13],
    [40, 46, 14],
    [38, 47, 15],
    [34, 46, 20],
    [37, 45, 18],
    [37, 41, 22],
    [46, 35, 19],
    [40, 41, 19],
    [47, 38, 15],
    [30, 44, 26],
    [50, 37, 13],
    [30, 49, 21],
    [35, 37, 28],
    [35, 41, 24],
    [33, 40, 27],
    [33, 48, 19],
    [44, 44, 12],
    [28, 51, 21],
    [28, 47, 25],
    [33, 38, 29],
    [36, 53, 11],
    [43, 41, 16],
    [30, 54, 16],
    [46, 34, 20],
    [33, 47, 20],
    [34, 38, 28],
    [34, 43, 23],
    [40, 39, 21],
    [36, 45, 19]
  ],
  "real_prob": [
    [0.7275847499, 0.24182933311, 0.030585916982],
    [0.23882440044, 0.55756060146, 0.2036149981],
    [0.17332819655, 0.53068660195, 0.2959852015]
  ],
  "method": "exact",
  "prob": [
    [0.66562390047, 0.30127931649, 0.033096783045],
    [0.27125694907, 0.55252696155, 0.17621608938],
    [0.21741874179, 0.43559719959, 0.34698405862]
  ],
  "iterations": 60,
  "logLik": -286.2676886648,
  "time": 161.728628,
  "message": "Converged",
  "status": 0,
  "cond_prob": [
    [
      [0.75519156558, 0.37012671425, 0.31403885596, 0.22505715422, 0.50316517654, 0.41895543747, 0.019751280202, 0.12670810921, 0.26700570658, 0.68274346736, 0.28664900645, 0.23297254497, 0.28790306836, 0.55151079017, 0.43979575775, 0.029353464274, 0.16184020339, 0.32723169728, 0.64213136798, 0.23057654729, 0.16443078495, 0.29895480176, 0.4910255523, 0.34353685193, 0.058913830265, 0.27839790041, 0.49203236312, 0.63775742554, 0.2644232106, 0.23963859548, 0.34792546369, 0.65778263041, 0.5850623868, 0.014317110767, 0.077794158991, 0.17529901772, 0.60346131712, 0.21965548419, 0.17374300809, 0.35764228749, 0.5943920826, 0.46129936165, 0.038896395386, 0.18595243321, 0.36495763026, 0.67098101645, 0.27376707298, 0.2193612141, 0.29653492201, 0.55220763505],
      [0.43414279079, 0.032484061542, 0.17402529197, 0.34649599512, 0.63905590168, 0.25301433099, 0.21010559068, 0.33295684351, 0.60163237715, 0.49024856932, 0.027987254808, 0.14535329186, 0.29964584, 0.71837749059, 0.3114714487, 0.24188974682, 0.24638312636, 0.48807040472, 0.37189968097, 0.035239383047, 0.20045814657, 0.38621057221, 0.65302251688, 0.26314684445, 0.21657088807, 0.31829040731, 0.58501595318, 0.47239017285, 0.028687075803, 0.15183720237, 0.31103893908, 0.67648750164, 0.28179866832, 0.23025948505, 0.29458896187, 0.56016075911, 0.44913019803, 0.028923536488, 0.15804057257, 0.32061031692, 0.62018529264, 0.24011099734, 0.2016819276, 0.35296766353, 0.62354018516, 0.5139451837, 0.026847043833, 0.1363488175, 0.2843728887, 0.74141866234],
      [0.3493155483, 0.28967015206, 0.2350498597, 0.50545794764, 0.41130574404, 0.023531477961, 0.14522650406, 0.2990241039, 0.5276912324, 0.16477300854, 0.12155432122, 0.41204067151, 0.58753844206, 0.42519351232, 0.06026809609, 0.2476885494, 0.45325216646, 0.67295323503, 0.27256518728, 0.21482832782, 0.2916938128, 0.53941131978, 0.41713109023, 0.035352952172, 0.18802349294, 0.36804058195, 0.62651077277, 0.24164485951, 0.19822896147, 0.34288837516, 0.60335575692, 0.48565195036, 0.030600852071, 0.15499938357, 0.31611908817, 0.67022049581, 0.28251158865, 0.23972304207, 0.30667321204, 0.58979798914, 0.4910916102, 0.02310629215, 0.12769042221, 0.26918534773, 0.62104429063, 0.22717739149, 0.17377925777, 0.33437971888, 0.5584669398, 0.41910512356]
    ],
    [
      [0.044575990491, 0.21435566871, 0.40711561867, 0.66259394785, 0.26017597893, 0.20095737553, 0.29742538913, 0.53373245698, 0.40456197964, 0.039980663023, 0.20609156409, 0.39448064483, 0.64721284547, 0.2441720366, 0.18444308134, 0.30721962702, 0.52996475517, 0.39285086263, 0.045567527509, 0.22586320823, 0.42270605604, 0.62049371213, 0.22537929302, 0.17139893704, 0.33332763934, 0.55417569656, 0.41359450673, 0.046178648526, 0.22044501042, 0.41500655623, 0.68957430222, 0.28653044861, 0.22531895099, 0.27544209716, 0.52290849126, 0.40356844683, 0.034983600618, 0.19056106013, 0.37111260218, 0.63307604463, 0.2528984384, 0.21705345063, 0.34408927089, 0.62756028577, 0.52861271525, 0.022834684484, 0.11954127583, 0.25433383412, 0.67765146889, 0.2870849596],
      [0.24067633432, 0.29758220264, 0.57542866553, 0.47343713705, 0.024766328467, 0.13748637487, 0.28588652863, 0.68642298781, 0.29460748413, 0.24629456087, 0.28871288036, 0.56562502284, 0.46409814891, 0.024864131826, 0.13976749303, 0.28960729022, 0.6431592374, 0.24696132898, 0.19336608186, 0.31825256078, 0.55850073641, 0.4291402403, 0.038588201816, 0.19453793462, 0.37749367784, 0.67990241355, 0.28397096122, 0.23111740239, 0.29054116492, 0.55426084, 0.44271795101, 0.029556421533, 0.16176819878, 0.3261646466, 0.6781157838, 0.27307744351, 0.21083937626, 0.28283613441, 0.52057518293, 0.39442106518, 0.039048081794, 0.20634737356, 0.39473955856, 0.75333552398, 0.3483917687, 0.27024494093, 0.21350232987, 0.45063047019, 0.34302409938, 0.033162146152],
      [0.20097776112, 0.38673095969, 0.70761551993, 0.30559348841, 0.2429739807, 0.26044052466, 0.51361479787, 0.40076651728, 0.031943955415, 0.18079171372, 0.35625950201, 0.76386592302, 0.37930513524, 0.31979723896, 0.21577892774, 0.48863360069, 0.40433147059, 0.020355149235, 0.13206126407, 0.27587129045, 0.60645747389, 0.21212182771, 0.15743814484, 0.3409056801, 0.54571108251, 0.39743571822, 0.05263684601, 0.24216708979, 0.44512613694, 0.76837165685, 0.38536519723, 0.32541368377, 0.2117389989, 0.48419551552, 0.40127128525, 0.019889344252, 0.13043928725, 0.27331503098, 0.62763717631, 0.23662800266, 0.18719521137, 0.33475141687, 0.57721058247, 0.44814808465, 0.037611406823, 0.18616141488, 0.36465670399, 0.66792385461, 0.25471243544, 0.18643657546]
    ],
    [
      [0.28134616352, 0.49101850854, 0.35264516322, 0.050729981875, 0.25426905601, 0.46091826132, 0.69413417354, 0.29182042537, 0.23116152544, 0.27233899282, 0.52352383111, 0.40699749774, 0.033526833646, 0.18465574352, 0.36184097682, 0.64010263867, 0.23870411064, 0.18045677254, 0.31385357051, 0.53571764134, 0.39740080116, 0.04604379081, 0.22557824802, 0.4221424263, 0.64523680325, 0.25782670437, 0.21448268749, 0.32713624164, 0.59754186587, 0.48786579076, 0.027626955114, 0.14463142976, 0.29765152175, 0.71279524417, 0.32906313073, 0.288820238, 0.27039136379, 0.5694708899, 0.49056154045, 0.016813392042, 0.10146597936, 0.22061822155, 0.59308622878, 0.21734284821, 0.17886901757, 0.37489373807, 0.62870309988, 0.50780879165, 0.032020033156, 0.15395405192],
