{
  "W": [
    [42, 25, 33],
    [42, 27, 31],
    [43, 28, 29],
    [43, 30, 27],
    [39, 28, 33],
    [45, 26, 29],
    [42, 27, 31],
    [38, 35, 27],
    [45, 28, 27],
    [48, 26, 26],
    [44, 29, 27],
    [42, 28, 30],
    [38, 28, 34],
    [36, 29, 35],
    [42, 33, 25],
    [47, 28, 25],
    [43, 33, 24],
    [23, 46, 31],
    [15, 46, 39],
    [32, 35, 33],
    [30, 38, 32],
    [20, 58, 22],
    [34, 38, 28],
    [28, 51, 21],
    [28, 45, 27],
    [27, 45, 28],
    [32, 42, 26],
    [36, 45, 19],
    [29, 47, 24],
    [35, 44, 21],
    [27, 36, 37],
    [31, 39, 30],
    [31, 37, 32],
    [23, 34, 43],
    [30, 23, 47],
    [45, 27, 28],
    [30, 22, 48],
    [35, 30, 35],
    [31, 29, 40],
    [18, 39, 43],
    [25, 32, 43],
    [22, 28, 50],
    [24, 27, 49],
    [26, 27, 47],
    [30, 27, 43],
    [27, 28, 45],
    [31, 33, 36],
    [35, 32, 33],
    [29, 24, 47],
    [29, 25, 46]
  ],
  "X": [
    [17, 67, 16],
    [22, 60, 18],
    [14, 60, 26],
    [16, 64, 20],
    [20, 58, 22],
    [15, 62, 23],
    [17, 60, 23],
    [14, 60, 26],
    [23, 57, 20],
    [28, 55, 17],
    [20, 63, 17],
    [22, 62, 16],
    [19, 67, 14],
    [20, 57, 23],
    [17, 59, 24],
    [17, 65, 18],
    [21, 63, 16],
    [18, 51, 31],
    [13, 56, 31],
    [16, 57, 27],
    [15, 57, 28],
    [17, 54, 29],
    [15, 64, 21],
    [16, 54, 30],
    [15, 57, 28],
    [15, 59, 26],
    [16, 64, 20],
    [23, 52, 25],
    [11, 59, 30],
    [26, 52, 22],
    [17, 65, 18],
    [18, 53, 29],
    [21, 63, 16],
    [12, 69, 19],
    [19, 62, 19],
    [21, 66, 13],
    [13, 71, 16],
    [22, 55, 23],
    [19, 56, 25],
    [13, 61, 26],
    [13, 69, 18],
    [15, 65, 20],
    [13, 66, 21],
    [13, 63, 24],
    [11, 67, 22],
    [17, 65, 18],
    [9, 72, 19],
    [16, 65, 19],
    [9, 70, 21],
    [11, 60, 29]
  ],
  "real_prob": [
    [0.29013799441, 0.68467721831, 0.025184787279],
    [0.16486326544, 0.3999176, 0.43521913456],
    [0.028501412491, 0.747441076, 0.22405751151]
  ],
  "method": "exact",
  "prob": [
    [0.31668753506, 0.60876880026, 0.074543664677],
    [0.14366618255, 0.42248332708, 0.43385049037],
    [0.043571640296, 0.80366308748, 0.15276527223]
  ],
  "iterations": 62,
  "logLik": -266.6320494915,
  "time": 86.948239,
  "message": "Converged",
  "status": 0,
  "cond_prob": [
    [
      [0.29080052745, 0.13978274935, 0.039145730705, 0.64882683793, 0.48087733351, 0.84022240817, 0.060372634624, 0.37933991714, 0.12063186113, 0.36958820379, 0.17729185103, 0.054529531064, 0.56591468103, 0.41863952747, 0.80413923081, 0.06449711518, 0.4040686215, 0.14133123813, 0.24584661837, 0.090954044418, 0.030409729874, 0.64194780145, 0.36629457588, 0.76344815218, 0.11220558018, 0.54275137971, 0.20614211795, 0.26745195963, 0.11871094199, 0.034749536161, 0.65816445645, 0.45025306271, 0.82190135153, 0.074383583924, 0.43103599529, 0.14334911231, 0.35747808637, 0.15599595813, 0.051226297088, 0.56072407666, 0.37763586276, 0.77448354099, 0.081797836971, 0.4663681791, 0.17429016192, 0.25475218926, 0.10019280002, 0.032108230443, 0.64653362889, 0.39205868996],
      [0.78318830211, 0.098714181859, 0.50774851002, 0.18470346745, 0.29770462994, 0.12122646725, 0.039460997642, 0.6091012718, 0.38262362461, 0.77699705549, 0.093194098268, 0.49614990814, 0.18354194687, 0.25301584201, 0.10072251584, 0.031855924038, 0.65079879911, 0.39957330409, 0.78831777743, 0.096185358875, 0.49970418007, 0.17982629853, 0.37243457653, 0.17004502909, 0.054784564498, 0.55374613844, 0.3897687089, 0.78399629337, 0.073819285029, 0.44018626201, 0.16121914213, 0.43011360429, 0.21388810597, 0.068979086111, 0.50890552981, 0.39003040695, 0.78583630724, 0.060980865897, 0.39608148708, 0.14518460665, 0.32312795579, 0.15727863602, 0.04523294446, 0.61706743127, 0.46284562185, 0.83061148113, 0.059804612931, 0.37987574213, 0.12415557441, 0.36297788482],
      [0.18388998292, 0.053533643867, 0.58237279207, 0.45481533879, 0.82685044157, 0.054649323115, 0.3612946783, 0.11961591456, 0.32979222683, 0.17398858687, 0.046947498473, 0.62393433429, 0.50753561449, 0.85527935562, 0.046273438874, 0.31847579864, 0.097773145905, 0.37235136197, 0.16194952004, 0.054251853947, 0.54451032378, 0.36570082647, 0.76549441074, 0.08313831425, 0.47234965349, 0.18025373531, 0.28822829086, 0.11957717235, 0.037934603857, 0.62271940869, 0.39825912992, 0.78812934191, 0.08905230045, 0.48216369773, 0.17393605424, 0.26943487166, 0.12340014409, 0.035254279893, 0.66211675247, 0.46716270725, 0.83199827323, 0.068448375864, 0.40943714866, 0.13274744688, 0.33134213346, 0.17030759444, 0.047172401876, 0.61779193537, 0.48916249622, 0.84552435016]
    ],
    [
      [0.050865931171, 0.34052990935, 0.10730324796, 0.38354380874, 0.16162655534, 0.056247446879, 0.52610975271, 0.34262146766, 0.74641574758, 0.090346438546, 0.495751977, 0.19733680554, 0.32921224378, 0.13705874752, 0.045054204033, 0.58077766872, 0.37435292349, 0.7709769356, 0.090010087493, 0.48858832899, 0.18396886036, 0.31605323207, 0.12798459549, 0.042631385803, 0.58862597024, 0.36813804927, 0.76603446145, 0.095320797684, 0.50387735524, 0.19133415275, 0.30251296137, 0.12208917015, 0.04016320917, 0.60202390295, 0.37525469311, 0.77123764292, 0.095463135682, 0.50265613675, 0.18859914791, 0.34000051595, 0.15763070714, 0.04806403032, 0.59011228798, 0.42212273475, 0.80521071021, 0.069887196065, 0.42024655811, 0.14672525947, 0.27112386329, 0.12597008069],
      [0.035533056502, 0.66291389395, 0.47493940025, 0.83618679985, 0.065962242757, 0.39909051906, 0.12828014364, 0.30492763771, 0.12945860419, 0.040935110966, 0.60968756348, 0.39927186519, 0.78885157609, 0.085384798813, 0.47126953062, 0.17021331294, 0.29595744031, 0.12559428999, 0.039312911915, 0.61917004505, 0.40552798741, 0.79312886316, 0.084872514645, 0.4688777226, 0.16755822493, 0.29578131595, 0.13126924651, 0.039528156309, 0.62829464895, 0.43031748142, 0.80970563623, 0.075924035098, 0.43841327207, 0.15076620746, 0.28529591723, 0.13991001824, 0.0382426878, 0.65779361732, 0.4972939468, 0.84862532617, 0.056910465453, 0.36279603497, 0.11313198603, 0.38484552715, 0.17891266426, 0.057604796376, 0.54374705267, 0.38959011974, 0.78387109029, 0.071407420178],
      [0.431497216, 0.15852411334, 0.21745807947, 0.086407306328, 0.026357179078, 0.68742454923, 0.42143513034, 0.80238487277, 0.0951173713, 0.49215756333, 0.17125794815, 0.42942248143, 0.21645120777, 0.068874286105, 0.51159416454, 0.39742476711, 0.79083402325, 0.058983354036, 0.38612402512, 0.14029169064, 0.33576223593, 0.17123899497, 0.047832859761, 0.61196896627, 0.48172476087, 0.84147963566, 0.052268797809, 0.34703624416, 0.11068750458, 0.35253417868, 0.14316301134, 0.049602767294, 0.5509131826, 0.34549832898, 0.74824188363, 0.096552638721, 0.51133865968, 0.20215534907, 0.37558562243, 0.20385354821, 0.056695763156, 0.58043033553, 0.4857885054, 0.84476515309, 0.043984042039, 0.3103579464, 0.098539083753, 0.26707637226, 0.12818066843, 0.034862807238]
    ],
    [
      [0.67344755167, 0.49946618488, 0.84950827966, 0.059476076066, 0.37235314668, 0.1156289131, 0.39596384772, 0.18698849427, 0.06000742979, 0.53577837499, 0.39129693493, 0.78567700525, 0.068257777287, 0.4217145708, 0.15431556496, 0.33113756107, 0.1767763594, 0.047351715994, 0.62440942206, 0.51354556416, 0.85842306339, 0.044453016869, 0.30967807643, 0.094225220613, 0.2777203628, 0.13220798211, 0.03666278145, 0.66111605596, 0.4864503258, 0.84301273236, 0.06116358124, 0.38134169208, 0.12032448619, 0.40902616541, 0.18305790507, 0.062638487389, 0.51167938911, 0.35364755994, 0.75662270237, 0.07929444548, 0.46329453499, 0.18073881024, 0.3866359497, 0.16329089863, 0.056971237471, 0.52373770149, 0.34201275189, 0.74614403622, 0.089626348802, 0.49469634948],
