{
  "W": [
    [65, 35],
    [80, 20],
    [70, 30],
    [70, 30],
    [75, 25],
    [75, 25],
    [80, 20],
    [77, 23],
    [76, 24],
    [74, 26],
    [72, 28],
    [77, 23],
    [75, 25],
    [72, 28],
    [72, 28],
    [75, 25],
    [75, 25],
    [75, 25],
    [75, 25],
    [75, 25],
    [75, 25],
    [78, 22],
    [70, 30],
    [74, 26],
    [76, 24],
    [25, 75],
    [27, 73],
    [28, 72],
    [29, 71],
    [24, 76],
    [31, 69],
    [21, 79],
    [27, 73],
    [31, 69],
    [23, 77],
    [28, 72],
    [21, 79],
    [26, 74],
    [25, 75],
    [23, 77],
    [21, 79],
    [17, 83],
    [24, 76],
    [33, 67],
    [24, 76],
    [17, 83],
    [33, 67],
    [26, 74],
    [25, 75],
    [33, 67]
  ],
  "X": [
    [37, 45, 3, 15],
    [31, 46, 4, 19],
    [35, 47, 4, 14],
    [31, 42, 10, 17],
    [38, 47, 3, 12],
    [36, 42, 2, 20],
    [32, 44, 5, 19],
    [45, 37, 4, 14],
    [36, 45, 4, 15],
    [46, 36, 1, 17],
    [42, 40, 1, 17],
    [43, 37, 5, 15],
    [37, 44, 5, 14],
    [38, 25, 9, 28],
    [37, 43, 3, 17],
    [48, 34, 7, 11],
    [32, 44, 3, 21],
    [40, 37, 4, 19],
    [32, 44, 7, 17],
    [33, 46, 2, 19],
    [41, 39, 2, 18],
    [40, 32, 2, 26],
    [36, 39, 5, 20],
    [44, 40, 2, 14],
    [31, 46, 5, 18],
    [45, 36, 7, 12],
    [47, 39, 5, 9],
    [52, 32, 5, 11],
    [38, 46, 7, 9],
    [47, 31, 7, 15],
    [47, 36, 7, 10],
    [46, 34, 5, 15],
    [43, 31, 2, 24],
    [43, 37, 7, 13],
    [40, 44, 6, 10],
    [49, 37, 5, 9],
    [42, 40, 7, 11],
    [43, 34, 9, 14],
    [40, 45, 9, 6],
    [46, 31, 8, 15],
    [39, 41, 7, 13],
    [49, 36, 5, 10],
    [49, 37, 2, 12],
    [46, 31, 10, 13],
    [39, 40, 9, 12],
    [50, 24, 9, 17],
    [46, 37, 5, 12],
    [49, 27, 7, 17],
    [38, 42, 8, 12],
    [42, 37, 4, 17]
  ],
  "real_prob": [
    [0.33101741425, 0.4322520388, 0.023151705747, 0.2135788412],
    [0.49616277708, 0.34021638548, 0.072379464181, 0.091241373258]
  ],
  "method": "mcmc",
  "mcmc_stepsize": 3000,
  "mcmc_samples": 1000,
  "prob": [
    [0.3460394192, 0.43573058029, 0.031440130731, 0.18678986978],
    [0.4763605808, 0.33466941971, 0.074159869269, 0.11481013022]
  ],
  "iterations": 9,
  "logLik": -421.4222999113,
  "time": 0.402825,
  "message": "Converged",
  "status": 0,
  "cond_prob": [
    [
      [0.32405395097, 0.45532837678, 0.48431230766, 0.38627714292, 0.019256832808, 0.049951596214, 0.17237690857, 0.10844288409, 0.28440356432, 0.41238574273, 0.48008187889, 0.37967248442, 0.032240721124, 0.071037115505, 0.20327383567, 0.13690465734, 0.31060957505, 0.44191099155, 0.5049333707, 0.3884888017, 0.026302237529, 0.071961445766, 0.15815481672, 0.097638760985, 0.28117809195, 0.37725111878, 0.45625374299, 0.33540793301, 0.070592454064, 0.16861760718, 0.19197571099, 0.11872334102, 0.34527768613, 0.48416694161, 0.50061006566, 0.37816980303, 0.021860097626, 0.054419707123, 0.13225215059, 0.083243548241, 0.32090585312, 0.47728244063, 0.44685884868, 0.33942345395, 0.015122629715, 0.034632110854, 0.21711266848, 0.14866199456, 0.29406984155, 0.42372063379],
      [0.46066150408, 0.35735398369, 0.040896729362, 0.086413082552, 0.20437192501, 0.13251229997, 0.41550916389, 0.56546932091, 0.39717083946, 0.27903675486, 0.033834872763, 0.060639773793, 0.1534851239, 0.094854150437, 0.32518191439, 0.47025727111, 0.47946014551, 0.35670953923, 0.031187231168, 0.067907101303, 0.16417070894, 0.10512608835, 0.41791929882, 0.57976814951, 0.38471292345, 0.28966321788, 0.0079436056502, 0.015852814688, 0.18942417208, 0.11471581792, 0.37541455401, 0.53464828969, 0.42656020079, 0.33170234083, 0.0075257793568, 0.016362281654, 0.19049946585, 0.11728708782, 0.39783252416, 0.53769111476, 0.39639321711, 0.28164009925, 0.041445116718, 0.078640261422, 0.16432914201, 0.10202852458, 0.33532399297, 0.47402802109, 0.47138857888, 0.34583426336]
    ],
    [
      [0.03884902101, 0.083452936969, 0.15443840714, 0.096684778581, 0.35037263274, 0.45618465868, 0.27289613049, 0.19112423588, 0.066370283529, 0.15076212807, 0.31036095324, 0.20192897738, 0.33000331273, 0.47284862441, 0.45815840289, 0.35759267828, 0.02244112127, 0.049437116735, 0.18939716311, 0.12012158058, 0.44934974252, 0.57195077245, 0.37310216982, 0.24069349055, 0.057268275672, 0.10819517298, 0.120279812, 0.079160564011, 0.28666167777, 0.42001496669, 0.46529478112, 0.36411565665, 0.023164659287, 0.05050602214, 0.22487888183, 0.16536335452, 0.36034210208, 0.51897369377, 0.39864351686, 0.28406944942, 0.033053018169, 0.060840945493, 0.2079613629, 0.13611591131, 0.29043563873, 0.40869308381, 0.46987156023, 0.35038531931, 0.054506984162, 0.11647904751],
      [0.18518581688, 0.12444254936, 0.29254317984, 0.44237046047, 0.48710210485, 0.37869368544, 0.015078916361, 0.034763250916, 0.20527579894, 0.14417260317, 0.36792730912, 0.53621807265, 0.41745285571, 0.30764143286, 0.015192431056, 0.034422706832, 0.19942740411, 0.12171778766, 0.36587331706, 0.52099460313, 0.33682281112, 0.26035548784, 0.016000410196, 0.034180363849, 0.28130346162, 0.18446954518, 0.3194132661, 0.45470237911, 0.42097995196, 0.31771344543, 0.036643791886, 0.0811644856, 0.22296299006, 0.14641968986, 0.39955693111, 0.55510719607, 0.42846732536, 0.31897761242, 0.015000683087, 0.034228825059, 0.15697506044, 0.091686366442, 0.27947126641, 0.40667432305, 0.48782817281, 0.37187745276, 0.038000224956, 0.087999287638, 0.19470033582, 0.13344893656]
    ],
    [
      [0.37328177492, 0.47557274169, 0.4285831545, 0.3371389485, 0.034487044824, 0.081837651725, 0.16364802576, 0.10545065808, 0.383955299, 0.50182475242, 0.46841880233, 0.36099578544, 0.026819331665, 0.05857367185, 0.120806567, 0.078605790287, 0.43358683913, 0.55360511812, 0.38975618146, 0.2928725961, 0.026444443876, 0.059160494048, 0.15021253553, 0.094361791739, 0.31431477301, 0.40682917722, 0.53810877575, 0.42809641554, 0.035156811516, 0.084231724874, 0.11241963973, 0.080842682365, 0.38517507006, 0.49678681998, 0.37600859494, 0.28915518055, 0.027665892859, 0.083368665413, 0.21115044215, 0.13068933406, 0.3948261872, 0.50377374198, 0.43677993226, 0.32550466812, 0.03773549423, 0.08449564752, 0.13065838631, 0.086225942381, 0.35691105831, 0.48740338956],
      [0.419638659, 0.31883022989, 0.023110819364, 0.057147756878, 0.20033946333, 0.13661862367, 0.32371683204, 0.46931021281, 0.34864024648, 0.29570840199, 0.010462908296, 0.02352741748, 0.31718001319, 0.21145396773, 0.35365741374, 0.4642988431, 0.43320420834, 0.3416039064, 0.039272345808, 0.08380517797, 0.17386603211, 0.11029207253, 0.32002212524, 0.42388949506, 0.51779518345, 0.41676247767, 0.028736178474, 0.069338544092, 0.13344651283, 0.09000948318, 0.40254172256, 0.52401155234, 0.44770201176, 0.33978255098, 0.026225473208, 0.059245649308, 0.12353079248, 0.076960247369, 0.33030885344, 0.44384195035, 0.49017918607, 0.37602831763, 0.031657063925, 0.080192426045, 0.14785489657, 0.099937305976, 0.35355614345, 0.4568586523, 0.4075848614, 0.31625396762]
    ],
    [
      [0.045805407329, 0.10552782986, 0.19305358782, 0.12135955023, 0.32151115058, 0.42616294981, 0.54566838374, 0.41811053875, 0.046505270112, 0.1044982433, 0.086315195573, 0.051228268142, 0.37015200912, 0.48683771156, 0.38178802266, 0.2885568244, 0.035745828765, 0.093218778421, 0.21231413945, 0.13138668562, 0.30201119726, 0.41338942858, 0.49584151511, 0.3871813694, 0.031116085326, 0.080336230483, 0.1710312023, 0.11909297154, 0.38148071223, 0.51222684207, 0.4550889354, 0.34052395299, 0.024305321825, 0.055262765409, 0.13912503055, 0.091986439527, 0.38070180694, 0.52451521886, 0.44466189165, 0.34642256053, 0.010206565618, 0.023092663489, 0.16442973579, 0.10596955712, 0.39389942964, 0.49255699734, 0.37491258171, 0.27802813139, 0.057359009195, 0.12100227905],
