{
  "W": [
    [88, 8, 4],
    [83, 7, 10],
    [86, 6, 8],
    [91, 3, 6],
    [81, 11, 8],
    [90, 6, 4],
    [88, 11, 1],
    [93, 5, 2],
    [89, 6, 5],
    [89, 4, 7],
    [85, 5, 10],
    [92, 4, 4],
    [91, 4, 5],
    [81, 15, 4],
    [82, 10, 8],
    [88, 5, 7],
    [59, 34, 7],
    [7, 89, 4],
    [5, 90, 5],
    [6, 87, 7],
    [9, 85, 6],
    [5, 86, 9],
    [3, 91, 6],
    [8, 84, 8],
    [7, 85, 8],
    [7, 88, 5],
    [5, 86, 9],
    [7, 87, 6],
    [9, 86, 5],
    [9, 84, 7],
    [5, 90, 5],
    [9, 86, 5],
    [8, 86, 6],
    [8, 33, 59],
    [6, 6, 88],
    [5, 6, 89],
    [9, 7, 84],
    [4, 3, 93],
    [3, 5, 92],
    [4, 6, 90],
    [8, 6, 86],
    [10, 6, 84],
    [5, 10, 85],
    [11, 6, 83],
    [4, 7, 89],
    [6, 6, 88],
    [2, 7, 91],
    [4, 6, 90],
    [5, 7, 88],
    [8, 6, 86]
  ],
  "X": [
    [8, 62, 30],
    [8, 64, 28],
    [4, 64, 32],
    [10, 64, 26],
    [7, 58, 35],
    [8, 71, 21],
    [8, 58, 34],
    [8, 66, 26],
    [6, 72, 22],
    [11, 59, 30],
    [7, 60, 33],
    [9, 69, 22],
    [10, 70, 20],
    [12, 62, 26],
    [13, 57, 30],
    [8, 60, 32],
    [7, 46, 47],
    [8, 10, 82],
    [8, 10, 82],
    [3, 14, 83],
    [14, 14, 72],
    [10, 13, 77],
    [10, 10, 80],
    [8, 17, 75],
    [5, 10, 85],
    [5, 13, 82],
    [8, 14, 78],
    [7, 10, 83],
    [9, 15, 76],
    [6, 9, 85],
    [10, 9, 81],
    [4, 17, 79],
    [5, 13, 82],
    [5, 49, 46],
    [0, 70, 30],
    [2, 65, 33],
    [2, 61, 37],
    [0, 65, 35],
    [3, 57, 40],
    [1, 68, 31],
    [0, 64, 36],
    [0, 62, 38],
    [2, 63, 35],
    [4, 61, 35],
    [3, 57, 40],
    [3, 62, 35],
    [2, 60, 38],
    [0, 68, 32],
    [2, 60, 38],
    [3, 67, 30]
  ],
  "real_prob": [
    [0.097376308623, 0.68314790656, 0.21947578482],
    [0.078787035203, 0.046722866208, 0.87449009859],
    [0.0065429035177, 0.67433921751, 0.31911787897]
  ],
  "method": "exact",
  "prob": [
    [0.08996825804, 0.68039036726, 0.2296413747],
    [0.079431412252, 0.040783669416, 0.87978491833],
    [0.008169717661, 0.67034986846, 0.32148041388]
  ],
  "iterations": 7,
  "logLik": -235.3011757385,
  "time": 0.248115,
  "message": "Converged",
  "status": 0,
  "cond_prob": [
    [
      [0.084285998886, 0.069038613052, 0.0076307984092, 0.67140198778, 0.037873794804, 0.65340867918, 0.24431201333, 0.89308759214, 0.33896052241, 0.088841267539, 0.077831232767, 0.0081356164907, 0.68615797691, 0.041387319157, 0.67591766826, 0.22500075555, 0.88078144808, 0.31594671525, 0.043824485618, 0.033466779743, 0.0037866947978, 0.68269076621, 0.035951775332, 0.6341104317, 0.27348474817, 0.93058144493, 0.3621028735, 0.1063212358, 0.088553352435, 0.0098512474586, 0.65876800977, 0.037837961908, 0.65643287091, 0.23491075443, 0.87360868566, 0.33371588163, 0.077815980305, 0.058319804709, 0.0069234679405, 0.65006621536, 0.033560448551, 0.62193395277, 0.27211780434, 0.90811974674, 0.37114257929, 0.082328810258, 0.093275425988, 0.0076886302144, 0.75146203066, 0.058439008702],
      [0.7544457971, 0.16620915908, 0.84828556531, 0.23786557268, 0.083004505467, 0.062561035167, 0.0074321320577, 0.64780505257, 0.033623479844, 0.6232970954, 0.26919044196, 0.90381548499, 0.36927077254, 0.081983762023, 0.072115038596, 0.007467469459, 0.69283452368, 0.041974600012, 0.67825814903, 0.2251817143, 0.88591036139, 0.31427438152, 0.06242415276, 0.06928638946, 0.0057064135121, 0.76295146745, 0.058140032651, 0.7496958402, 0.17462437979, 0.87257357789, 0.24459774628, 0.11878537599, 0.087817651319, 0.010975847417, 0.61355410953, 0.031307470848, 0.60977919546, 0.26766051448, 0.88087487783, 0.37924495712, 0.078263019303, 0.055691288661, 0.0069186915919, 0.63322290116, 0.031105440401, 0.60205261993, 0.28851407954, 0.91320327094, 0.39102868848, 0.093370826875],
      [0.093753812834, 0.0087171690482, 0.71657356672, 0.049505507341, 0.71930245812, 0.19005560641, 0.85674067983, 0.27198037283, 0.10434617321, 0.1137178386, 0.0099253766456, 0.72603186794, 0.054389263762, 0.74270859257, 0.16962195885, 0.83189289763, 0.24736603078, 0.1221065454, 0.13746049618, 0.011865595035, 0.71814049314, 0.055282420016, 0.75034593896, 0.15975296147, 0.8072570838, 0.23778846601, 0.14280940568, 0.11799675169, 0.013707652192, 0.62753378675, 0.035693809636, 0.64816142378, 0.22965680757, 0.84630943867, 0.33813092402, 0.086729625418, 0.062712300816, 0.0077473513026, 0.63175890286, 0.031526283828, 0.60679787557, 0.28151147172, 0.90576141536, 0.38545477313, 0.079582746963, 0.066303692183, 0.0071846278558, 0.67923270409, 0.0385645844, 0.65915351273]
    ],
    [
      [0.24118454895, 0.89513172342, 0.33366185941, 0.10138944871, 0.08149512788, 0.0093018694377, 0.64821902574, 0.032653218278, 0.63908259826, 0.25039152555, 0.88585165384, 0.3516155323, 0.095454367588, 0.08309765175, 0.0087879009068, 0.67424262739, 0.036600196337, 0.66695383854, 0.23030300502, 0.88030215191, 0.32425826055, 0.031094072181, 0.032117210666, 0.0027483198488, 0.7662557133, 0.049843781719, 0.72372238723, 0.20265021452, 0.91803900761, 0.27352929292, 0.14659584839, 0.14816731578, 0.0144025872, 0.67126242456, 0.043354600346, 0.71224952492, 0.18214172705, 0.80847808387, 0.27334788788, 0.11626426174, 0.10836952058, 0.01098888011, 0.67533765122, 0.039917133191, 0.68782647661, 0.20839808704, 0.85171334622, 0.30118464328, 0.109763838, 0.10558937666],
      [0.010345868335, 0.68770909401, 0.041197114278, 0.69798921978, 0.20252706799, 0.85321350906, 0.29166491189, 0.073924169091, 0.087543256916, 0.0068716332925, 0.76138451844, 0.057528213986, 0.75956923471, 0.16469131247, 0.8549285291, 0.233559132, 0.085222684252, 0.051109695121, 0.0073896406227, 0.56452577603, 0.021682690359, 0.52566136091, 0.35025153971, 0.92720761452, 0.46694899847, 0.05171191329, 0.052440621611, 0.0046483810406, 0.74613715987, 0.047588664813, 0.71784747548, 0.20215092684, 0.89997071358, 0.27750414348, 0.086050755424, 0.087185770275, 0.007974442135, 0.71873011643, 0.046111285494, 0.71564209615, 0.19521912815, 0.86670294423, 0.27638346171, 0.10321699163, 0.071513575491, 0.0092999984803, 0.60136829989, 0.026389983945, 0.58241554959, 0.29541470848],
      [0.90209644056, 0.40828445193, 0.084610628911, 0.095336518062, 0.0079127572928, 0.74322606954, 0.053243241444, 0.746409322, 0.17216330155, 0.85142024049, 0.24567792071, 0.11188914603, 0.058631233003, 0.0097105876449, 0.48932746849, 0.016624049861, 0.45709037075, 0.39878338549, 0.92474471714, 0.5331990416, 0.13052082491, 0.10317817205, 0.012272078159, 0.62014562487, 0.030614389973, 0.62879535561, 0.24933355021, 0.86620743798, 0.35893256623, 0.032928147493, 0.042892918646, 0.0029711337995, 0.81123978644, 0.067270698599, 0.7827123685, 0.15583206607, 0.88983638275, 0.2143164977, 0.059790902456, 0.052205645192, 0.0053312156368, 0.70358520099, 0.038834107722, 0.67193085467, 0.23662389656, 0.90896024709, 0.3227379297, 0.1079889676, 0.10728274614, 0.010097587057]
    ],
    [
      [0.69807431266, 0.046720756379, 0.709722382, 0.19393671973, 0.84599649748, 0.28018003094, 0, 0, 0, 0.79967568578, 0.057868953855, 0.73698559275, 0.20032431422, 0.94213104614, 0.26301440725, 0.10784856771, 0.099381899986, 0.0097130984442, 0.68248670078, 0.043287352602, 0.68907688068, 0.20966473151, 0.85733074741, 0.30121002088, 0.090391867133, 0.073897268934, 0.007966575158, 0.66552841252, 0.03763830336, 0.65174733528, 0.24407972034, 0.88846442771, 0.34028608956, 0, 0, 0, 0.73942502333, 0.042155839152, 0.66576163859, 0.26057497667, 0.95784416085, 0.33423836141, 0.19426955386, 0.14405236047, 0.018444886262, 0.55668355673, 0.028890255949, 0.59984237011, 0.2490468894, 0.82705738358],
