{
  "W": [
    [84, 6, 10],
    [89, 5, 6],
    [80, 10, 10],
    [83, 9, 8],
    [91, 8, 1],
    [85, 9, 6],
    [88, 8, 4],
    [90, 5, 5],
    [86, 7, 7],
    [90, 7, 3],
    [86, 5, 9],
    [85, 3, 12],
    [84, 11, 5],
    [85, 6, 9],
    [85, 8, 7],
    [88, 6, 6],
    [59, 33, 8],
    [8, 84, 8],
    [11, 79, 10],
    [4, 89, 7],
    [7, 91, 2],
    [9, 78, 13],
    [5, 90, 5],
    [8, 85, 7],
    [9, 86, 5],
    [4, 90, 6],
    [3, 93, 4],
    [8, 85, 7],
    [3, 94, 3],
    [7, 87, 6],
    [7, 90, 3],
    [6, 85, 9],
    [8, 86, 6],
    [6, 34, 60],
    [11, 7, 82],
    [7, 5, 88],
    [9, 5, 86],
    [4, 6, 90],
    [7, 5, 88],
    [7, 10, 83],
    [8, 5, 87],
    [5, 6, 89],
    [7, 5, 88],
    [8, 6, 86],
    [8, 5, 87],
    [10, 5, 85],
    [9, 6, 85],
    [5, 6, 89],
    [7, 5, 88],
    [4, 8, 88]
  ],
  "X": [
    [14, 67, 19],
    [11, 75, 14],
    [14, 64, 22],
    [14, 66, 20],
    [11, 68, 21],
    [10, 76, 14],
    [13, 73, 14],
    [11, 75, 14],
    [7, 76, 17],
    [7, 81, 12],
    [11, 70, 19],
    [9, 78, 13],
    [10, 79, 11],
    [4, 70, 26],
    [8, 74, 18],
    [7, 74, 19],
    [19, 69, 12],
    [24, 71, 5],
    [28, 65, 7],
    [27, 70, 3],
    [33, 63, 4],
    [25, 68, 7],
    [33, 63, 4],
    [25, 67, 8],
    [24, 74, 2],
    [28, 69, 3],
    [43, 54, 3],
    [35, 61, 4],
    [29, 70, 1],
    [37, 60, 3],
    [39, 57, 4],
    [26, 70, 4],
    [24, 70, 6],
    [20, 54, 26],
    [8, 52, 40],
    [8, 64, 28],
    [6, 56, 38],
    [16, 50, 34],
    [8, 51, 41],
    [5, 52, 43],
    [7, 58, 35],
    [6, 51, 43],
    [7, 54, 39],
    [8, 48, 44],
    [10, 53, 37],
    [8, 51, 41],
    [7, 49, 44],
    [7, 59, 34],
    [12, 41, 47],
    [7, 52, 41]
  ],
  "real_prob": [
    [0.07570721018, 0.75807199561, 0.16622079421],
    [0.33477256815, 0.66110158487, 0.0041258469773],
    [0.066383568153, 0.50461993867, 0.42899649318]
  ],
  "method": "exact",
  "prob": [
    [0.084205361594, 0.75416328669, 0.16163135172],
    [0.33607865833, 0.65656176531, 0.007359576368],
    [0.06565818655, 0.49839215986, 0.43594965359]
  ],
  "iterations": 7,
  "logLik": -260.342646709,
  "time": 0.390141,
  "message": "Converged",
  "status": 0,
  "cond_prob": [
    [
      [0.12351772023, 0.44868456856, 0.093240408941, 0.70514309779, 0.54366447901, 0.45059929112, 0.17133918198, 0.0076509524313, 0.45616029994, 0.097357167123, 0.3708081172, 0.080195256667, 0.77143049131, 0.62305679353, 0.53790038434, 0.13121234157, 0.0061350892644, 0.38190435899, 0.11132155745, 0.43124590374, 0.078181636659, 0.67963558743, 0.55881388277, 0.40410141777, 0.20904285512, 0.0099402134954, 0.51771694557, 0.11386343935, 0.43216129244, 0.082485362695, 0.69358103776, 0.55886331923, 0.42537549911, 0.19255552289, 0.0089753883269, 0.49213913819, 0.087615437734, 0.37087326931, 0.060009011731, 0.68857584231, 0.61753301228, 0.39933425172, 0.22380871996, 0.011593718407, 0.54065673655, 0.079188121433, 0.32013290522, 0.06463558854, 0.78457850462, 0.6731083806],
      [0.54214194695, 0.13623337395, 0.0067587141804, 0.3932224645, 0.10746764784, 0.39953896684, 0.086633813882, 0.75220733121, 0.59404923831, 0.51334023676, 0.14032502095, 0.0064117948506, 0.40002594936, 0.097185306313, 0.37105357708, 0.079610909286, 0.76911072724, 0.62268078322, 0.53332612653, 0.13370396645, 0.0062656397046, 0.38706296418, 0.057087393636, 0.25430500706, 0.044335585414, 0.78189410752, 0.7369240736, 0.51409117684, 0.16101849884, 0.0087709193405, 0.44157323775, 0.057086443333, 0.24530864774, 0.04835318864, 0.82214509399, 0.74833788935, 0.58952543848, 0.12076846268, 0.0063534629183, 0.36212137288, 0.09782610144, 0.38435235586, 0.073910388541, 0.72979524651, 0.60734399093, 0.46676542731, 0.17237865205, 0.0083036532048, 0.45932418415, 0.083979353112],
      [0.32716624745, 0.073354686929, 0.80958334591, 0.66774613736, 0.59851476547, 0.10643730098, 0.0050876151853, 0.3281305476, 0.075565437981, 0.30231028092, 0.065418023892, 0.81429798475, 0.69227614255, 0.59678634251, 0.11013657726, 0.0054135765305, 0.3377956336, 0.03253446323, 0.17333690516, 0.021616577172, 0.72321254798, 0.81086508086, 0.40686032632, 0.24425298879, 0.015798013986, 0.57152309651, 0.063763429895, 0.28025448352, 0.048296084388, 0.76340709088, 0.71045080585, 0.48954154689, 0.17282947922, 0.0092947106275, 0.46216236872, 0.058532237562, 0.26468332188, 0.04351052721, 0.758896764, 0.72523493792, 0.47761252348, 0.18257099844, 0.010081740208, 0.47887694931, 0.099580452328, 0.3784478878, 0.079496626918, 0.75630207494, 0.61480022186, 0.51122128216]
    ],
    [
      [0.14411747273, 0.0067518903442, 0.40928209092, 0.065585128945, 0.27450311468, 0.052132166942, 0.79578837667, 0.71844481042, 0.53554111389, 0.13862649439, 0.0070520748992, 0.41232671917, 0.082771757187, 0.33499370986, 0.062500759205, 0.75336414057, 0.65692325088, 0.4816057634, 0.16386410225, 0.0080830392578, 0.45589347739, 0.07532443693, 0.29478561169, 0.066111830207, 0.8299202431, 0.70071087834, 0.61672155075, 0.094755319974, 0.0045035099642, 0.31716661904, 0.08185926167, 0.35521604669, 0.051162459658, 0.67542325452, 0.63250544786, 0.35702073174, 0.24271748381, 0.012278505452, 0.5918168086, 0.074274200051, 0.30198260698, 0.059760681174, 0.7888871991, 0.69119606258, 0.53744017902, 0.13683860085, 0.0068213304461, 0.40279913981, 0.08998599856, 0.35804876589],
      [0.065136215497, 0.73861684416, 0.63383250959, 0.45239798329, 0.17139715728, 0.0081187245281, 0.48246580121, 0.05852362585, 0.2857053163, 0.035265586854, 0.66255875084, 0.69805633297, 0.33782024151, 0.27891762331, 0.016238350731, 0.62691417163, 0.068810617379, 0.26804883377, 0.065700947802, 0.86735910837, 0.72892248808, 0.70128680989, 0.063830274251, 0.0030286781418, 0.23301224231, 0.077141532668, 0.30333548043, 0.06520677173, 0.81515350162, 0.69155039911, 0.58330834563, 0.10770496571, 0.0051141204588, 0.35148488264, 0.12880076271, 0.45420465058, 0.093141302017, 0.70949874457, 0.53909347687, 0.43395260427, 0.16170049272, 0.0067018725482, 0.47290609371, 0.10904967654, 0.39409417579, 0.089942520847, 0.77153816512, 0.60066823665, 0.53869922343, 0.11941215834],
      [0.0052375875671, 0.37135825573, 0.081689529106, 0.3033736056, 0.079270828624, 0.86635480692, 0.69431520822, 0.7117686688, 0.051955663976, 0.002311186174, 0.20896050257, 0.11760097502, 0.40881616121, 0.10163119157, 0.78388975816, 0.587033303, 0.57347905531, 0.098509266821, 0.0041505357876, 0.32488975312, 0.10887838373, 0.42246487131, 0.072004298635, 0.67896751085, 0.56786436436, 0.37981154382, 0.21215410542, 0.0096707643267, 0.54818415755, 0.074420456559, 0.29379084201, 0.064583965569, 0.82371542406, 0.70129743634, 0.6052694852, 0.10186411938, 0.0049117216547, 0.33014654923, 0.059164869125, 0.27078246935, 0.039898113851, 0.72638422483, 0.71746044039, 0.41455472136, 0.21445090605, 0.011757090266, 0.54554716479, 0.11188665984, 0.41184159582, 0.088767763049]
    ],
    [
      [0.73951159629, 0.58138303832, 0.49659845199, 0.14860174387, 0.0067753658587, 0.41463378496, 0.07808118146, 0.3288497754, 0.059014128977, 0.7467423707, 0.66212245639, 0.4774509357, 0.17517644784, 0.0090277682028, 0.46353493532, 0.07591207271, 0.3019682114, 0.067713345842, 0.82460461709, 0.69316246205, 0.62229494739, 0.099483310199, 0.0048693265591, 0.30999170677, 0.060546717895, 0.26601701835, 0.047965051712, 0.78596253341, 0.72574383929, 0.52671648841, 0.1534907487, 0.0082391423637, 0.42531845988, 0.16462957265, 0.52105351779, 0.1357240067, 0.70636859522, 0.47389608415, 0.49256832349, 0.12900183213, 0.0050503980615, 0.37170766981, 0.084306977799, 0.34638363311, 0.064521965794, 0.74686944926, 0.64513262236, 0.48348012208, 0.16882357294, 0.0084837445287],
