{
  "W": [
    [67, 17, 16],
    [79, 10, 11],
    [60, 21, 19],
    [62, 21, 17],
    [66, 16, 18],
    [64, 17, 19],
    [64, 20, 16],
    [66, 13, 21],
    [70, 13, 17],
    [73, 13, 14],
    [65, 12, 23],
    [67, 15, 18],
    [67, 15, 18],
    [70, 13, 17],
    [61, 18, 21],
    [58, 19, 23],
    [54, 30, 16],
    [12, 73, 15],
    [10, 76, 14],
    [19, 67, 14],
    [16, 71, 13],
    [15, 63, 22],
    [19, 67, 14],
    [17, 62, 21],
    [19, 62, 19],
    [12, 69, 19],
    [15, 73, 12],
    [24, 63, 13],
    [19, 64, 17],
    [27, 58, 15],
    [18, 65, 17],
    [20, 63, 17],
    [15, 70, 15],
    [14, 29, 57],
    [16, 16, 68],
    [28, 25, 47],
    [18, 14, 68],
    [18, 24, 58],
    [15, 24, 61],
    [9, 15, 76],
    [13, 18, 69],
    [15, 13, 72],
    [12, 18, 70],
    [12, 22, 66],
    [17, 20, 63],
    [18, 12, 70],
    [17, 19, 64],
    [24, 14, 62],
    [16, 15, 69],
    [15, 20, 65]
  ],
  "X": [
    [4, 71, 3, 22],
    [3, 77, 4, 16],
    [4, 58, 9, 29],
    [5, 61, 7, 27],
    [10, 65, 6, 19],
    [9, 66, 3, 22],
    [2, 69, 6, 23],
    [5, 67, 9, 19],
    [6, 64, 5, 25],
    [5, 79, 3, 13],
    [6, 70, 9, 15],
    [7, 60, 13, 20],
    [5, 63, 11, 21],
    [7, 71, 8, 14],
    [8, 65, 6, 21],
    [2, 67, 8, 23],
    [5, 57, 7, 31],
    [7, 22, 7, 64],
    [4, 17, 5, 74],
    [6, 27, 3, 64],
    [3, 24, 7, 66],
    [4, 28, 11, 57],
    [4, 27, 7, 62],
    [5, 28, 9, 58],
    [8, 37, 4, 51],
    [2, 28, 8, 62],
    [5, 23, 5, 67],
    [3, 34, 3, 60],
    [7, 23, 8, 62],
    [5, 36, 7, 52],
    [6, 32, 7, 55],
    [2, 33, 6, 59],
    [2, 23, 10, 65],
    [20, 39, 9, 32],
    [15, 48, 17, 20],
    [7, 52, 14, 27],
    [21, 49, 11, 19],
    [15, 42, 14, 29],
    [17, 43, 13, 27],
    [27, 40, 16, 17],
    [14, 43, 18, 25],
    [20, 43, 18, 19],
    [25, 39, 13, 23],
    [18, 36, 13, 33],
    [18, 51, 12, 19],
    [16, 57, 8, 19],
    [19, 46, 10, 25],
    [17, 51, 12, 20],
    [24, 49, 5, 22],
    [13, 48, 10, 29]
  ],
  "real_prob": [
    [0.017708851886, 0.87483868545, 0.051492037741, 0.055960424922],
    [0.028359279462, 0.077012747581, 0.038233538516, 0.85639443444],
    [0.24862604783, 0.44552038502, 0.18546019272, 0.12039337443]
  ],
  "method": "mcmc",
  "mcmc_stepsize": 3000,
  "mcmc_samples": 100,
  "prob": [
    [0.048898071427, 0.80242403865, 0.070915709476, 0.077762180446],
    [0.0040493475178, 0.064507942003, 0.10755801482, 0.82388469566],
    [0.23033412522, 0.54191139751, 0.083724070583, 0.14403040669]
  ],
  "iterations": 23,
  "logLik": -767.3118355907,
  "time": 0.075606,
  "message": "Converged",
  "status": 0,
  "cond_prob": [
    [
      [0.026919533767, 0.0018727039405, 0.13528470442, 0.89435685053, 0.075067194359, 0.6126217944, 0.027029885959, 0.0590884814, 0.011530841061, 0.051693729745, 0.8639716203, 0.24056266012, 0.016867289236, 0.00013482229258, 0.15146690249, 0.87714196372, 0.069616982004, 0.6372377315, 0.043444863577, 0.011325341526, 0.04132748747, 0.062545883471, 0.91892285418, 0.16996787854, 0.039786866489, 0.0023859440569, 0.082246483447, 0.7450247069, 0.0918266498, 0.59842936528, 0.078084987805, 0.1267236381, 0.087037070079, 0.13710343881, 0.77906376804, 0.23228708119, 0.055447716838, 5.7565757868e-06, 0.091889451055, 0.79572059696, 0.076279392641, 0.59196798489, 0.062362723849, 0.096537987314, 0.06507137575, 0.086468962354, 0.82717686347, 0.2510711883, 0.052873650526, 0.012891359925],
      [0.35022651703, 0.86659813262, 0.068981402274, 0.37226782282, 0.024807248825, 0.12323021907, 0.13283544847, 0.055720968029, 0.79489701874, 0.14467021168, 0.041964150867, 0.047165675317, 0.2901304139, 0.86293936064, 0.054631254673, 0.51806050473, 0.017169945531, 0.085310244869, 0.023728911751, 0.077926542967, 0.81289282514, 0.16808016962, 0.0094315869126, 0.00064799581956, 0.086463657575, 0.88567483435, 0.090306746302, 0.65691722974, 0.057963462282, 0.067454163834, 0.058828446078, 0.046930116459, 0.84159109404, 0.19779066661, 0.010920606767, 0.0031947187591, 0.20179564807, 0.8171922782, 0.037825201658, 0.59874200083, 0.081128068385, 0.18518434013, 0.05895957452, 0.090759046653, 0.77379573945, 0.14050277657, 0.058270487671, 0.0079701480503, 0.1069090552, 0.7646600767],
      [0.061934968776, 0.56874353157, 0.043773844363, 0.11930078027, 0.022642397119, 0.13329559126, 0.8107941029, 0.30170501611, 0.018538886576, 0.0086224710598, 0.25246922544, 0.93335274978, 0.1247011819, 0.66029527868, 0.017035272154, 0.11782735981, 0.016047818229, 0.031073091492, 0.74884898723, 0.071187677649, 0.0093377881979, 0.0061864584308, 0.23125244635, 0.85762882542, 0.099298081555, 0.5679369291, 0.076451900633, 0.17782467756, 0.082466536005, 0.056581485753, 0.71669078245, 0.11834408855, 0.019108231109, 0.0060706397001, 0.31270494001, 0.79810396333, 0.061687412059, 0.31120684868, 0.095121454346, 0.13363044401, 0.2568003277, 0.087666351219, 0.79861150423, 0.1192878836, 0.015348308728, 0.0028545371103, 0.21826918103, 0.82834954279, 0.07006091766, 0.35831482601]
    ],
    [
      [0.078116080495, 0.13674232874, 0.20639375976, 0.078186067986, 0.79034221649, 0.2170222332, 0.036121469154, 0.0017606344027, 0.26168287718, 0.85578989574, 0.18168402038, 0.51369500197, 0.068750640184, 0.14225537759, 0.078713839907, 0.039337994926, 0.67429996762, 0.14590828095, 0.052577441362, 0.016239593148, 0.21430778097, 0.85867057382, 0.076663648347, 0.53529282507, 0.047219886095, 0.091153226721, 0.07042042225, 0.04153209872, 0.81594353178, 0.17997897171, 0.0023042409115, 5.7814245891e-05, 0.081098067672, 0.86601789802, 0.065121700486, 0.67537606982, 0.057747050076, 0.12451268069, 0.099344789674, 0.073930810995, 0.81030780458, 0.14418107284, 0.065359224767, 0.00016159205113, 0.091609631315, 0.83981894299, 0.06659139057, 0.60325221009, 0.059904695295, 0.06678259402],
      [0.11010428959, 0.034917136949, 0.86646442336, 0.195033869, 0.16045749713, 0.0020725522055, 0.32821424823, 0.74367696982, 0.068605292975, 0.53784599833, 0.083285250979, 0.082053207381, 0.0007128566273, 0.012580282064, 0.84726894744, 0.13322689682, 0.04395069676, 9.3537117292e-05, 0.25381315796, 0.77374023876, 0.038521610906, 0.45249679882, 0.0012649068862, 0.051799479537, 0.075042177594, 0.18104415759, 0.90958537244, 0.21864786562, 0.052289589238, 0.00028468501917, 0.35624456487, 0.89277603173, 0.04671790902, 0.49336824949, 0.00016068892399, 0.043838355691, 0.0042697913672, 0.054773690108, 0.90915905027, 0.14611739428, 0.015819516859, 9.0711613461e-05, 0.21080363121, 0.74805464218, 0.05832261272, 0.60694001708, 0.1103731012, 0.070031940356, 0.020135585806, 0.12575273976],
      [0.87155473531, 0.1621207659, 0.0100460287, 0.00023714397201, 0.17428952269, 0.86393207603, 0.04321632461, 0.55992683678, 0.07311372274, 0.14544223078, 0.033656073618, 0.052908172531, 0.81110430064, 0.23212756691, 0.0090501198785, 5.1327555726e-05, 0.27318634115, 0.83575325027, 0.045824244773, 0.57503313178, 0.099268683181, 0.074627588936, 0.0081318972039, 0.055927946666, 0.87949683873, 0.14364862987, 0.026409203976, 2.2188745993e-05, 0.21665084905, 0.6979325761, 0.046276425282, 0.63171465899, 0.15944599045, 0.08964061159, 0.034842868749, 0.11621222948, 0.86406077438, 0.1167916232, 0.0529200823, 0.032262338441, 0.26285544489, 0.84190778232, 0.14516249356, 0.63177250184, 1.0801002962e-05, 0.064490904471, 7.1510723104e-05, 0.10516133438, 0.75808426352, 0.10530054255]
    ],
    [
