{
  "W": [
    [38, 20, 20, 22],
    [43, 21, 16, 20],
    [43, 19, 20, 18],
    [44, 25, 18, 13],
    [43, 16, 22, 19],
    [45, 17, 19, 19],
    [46, 12, 20, 22],
    [43, 13, 25, 19],
    [49, 18, 18, 15],
    [38, 24, 17, 21],
    [39, 17, 25, 19],
    [49, 21, 15, 15],
    [27, 37, 22, 14],
    [20, 42, 19, 19],
    [19, 40, 17, 24],
    [17, 44, 20, 19],
    [17, 48, 22, 13],
    [14, 45, 26, 15],
    [19, 52, 13, 16],
    [16, 48, 13, 23],
    [12, 41, 21, 26],
    [21, 53, 13, 13],
    [20, 38, 17, 25],
    [15, 38, 24, 23],
    [17, 43, 24, 16],
    [23, 21, 42, 14],
    [19, 17, 52, 12],
    [17, 21, 34, 28],
    [18, 16, 43, 23],
    [9, 23, 50, 18],
    [20, 17, 41, 22],
    [16, 14, 48, 22],
    [17, 27, 38, 18],
    [23, 24, 34, 19],
    [18, 19, 43, 20],
    [23, 16, 45, 16],
    [14, 18, 51, 17],
    [22, 11, 31, 36],
    [18, 19, 13, 50],
    [21, 17, 13, 49],
    [17, 13, 30, 40],
    [16, 19, 16, 49],
    [24, 18, 13, 45],
    [20, 13, 22, 45],
    [21, 24, 17, 38],
    [26, 17, 22, 35],
    [19, 17, 20, 44],
    [22, 22, 22, 34],
    [24, 21, 12, 43],
    [29, 14, 12, 45]
  ],
  "X": [
    [41, 59],
    [38, 62],
    [46, 54],
    [28, 72],
    [38, 62],
    [37, 63],
    [39, 61],
    [39, 61],
    [37, 63],
    [36, 64],
    [37, 63],
    [39, 61],
    [27, 73],
    [27, 73],
    [29, 71],
    [30, 70],
    [24, 76],
    [30, 70],
    [29, 71],
    [28, 72],
    [33, 67],
    [29, 71],
    [27, 73],
    [33, 67],
    [24, 76],
    [36, 64],
    [36, 64],
    [36, 64],
    [31, 69],
    [30, 70],
    [36, 64],
    [36, 64],
    [32, 68],
    [29, 71],
    [27, 73],
    [19, 81],
    [33, 67],
    [42, 58],
    [49, 51],
    [43, 57],
    [43, 57],
    [51, 49],
    [44, 56],
    [41, 59],
    [43, 57],
    [49, 51],
    [41, 59],
    [41, 59],
    [49, 51],
    [47, 53]
  ],
  "real_prob": [
    [0.34667081172, 0.65332918828],
    [0.09672546823, 0.90327453177],
    [0.20417660212, 0.79582339788],
    [0.72738930327, 0.27261069673]
  ],
  "method": "exact",
  "prob": [
    [0.43176896219, 0.56823103781],
    [0.097704399967, 0.90229560003],
    [0.21442634762, 0.78557365238],
    [0.68730029022, 0.31269970978]
  ],
  "iterations": 43,
  "logLik": -139.1030895934,
  "time": 1.1186,
  "message": "Converged",
  "status": 0,
  "cond_prob": [
    [
      [0.47316014297, 0.11271580795, 0.24209431967, 0.72380509158, 0.52683985703, 0.88728419205, 0.75790568033, 0.27619490842, 0.43434449079, 0.098068413153, 0.21460001839, 0.69150749628, 0.56565550921, 0.90193158685, 0.78539998161, 0.30849250372, 0.54317086424, 0.14381660581, 0.29714068637, 0.77601797777, 0.45682913576, 0.85618339419, 0.70285931363, 0.22398202223, 0.34974033176, 0.07084323647, 0.16068772304, 0.61138195971, 0.65025966824, 0.92915676353, 0.83931227696, 0.38861804029, 0.43302373067, 0.097623491858, 0.21373145475, 0.69031114248, 0.56697626933, 0.90237650814, 0.78626854525, 0.30968885752, 0.41659409269, 0.091893813283, 0.20268082764, 0.67579659359, 0.58340590731, 0.90810618672, 0.79731917236, 0.32420340641, 0.41434708112, 0.091173279802],
      [0.201250627, 0.67367919868, 0.58565291888, 0.9088267202, 0.798749373, 0.32632080132, 0.4410437383, 0.10053593183, 0.21927160286, 0.69717695093, 0.5589562617, 0.89946406817, 0.78072839714, 0.30282304907, 0.43082702383, 0.096850649271, 0.21224544308, 0.68838307799, 0.56917297617, 0.90314935073, 0.78775455692, 0.31161692201, 0.42087571435, 0.093288025196, 0.20543375798, 0.67978268402, 0.57912428565, 0.9067119748, 0.79456624202, 0.32021731598, 0.43294344512, 0.097564070252, 0.2136379659, 0.69029827887, 0.56705655488, 0.90243592975, 0.7863620341, 0.30970172113, 0.46018720305, 0.10768022835, 0.23273393604, 0.71323554763, 0.53981279695, 0.89231977165, 0.76726606396, 0.28676445237, 0.39312374141, 0.083847536172, 0.18706446228, 0.65484871239],
      [0.60687625859, 0.91615246383, 0.81293553772, 0.34515128761, 0.38713775994, 0.081885576552, 0.18319643209, 0.64933254612, 0.61286224006, 0.91811442345, 0.81680356791, 0.35066745388, 0.38208622734, 0.080350488331, 0.18009412244, 0.64436425275, 0.61791377266, 0.91964951167, 0.81990587756, 0.35563574725, 0.44837598058, 0.10278289763, 0.22382416694, 0.70414092084, 0.55162401942, 0.89721710237, 0.77617583306, 0.29585907916, 0.40456256946, 0.087370820549, 0.19415639426, 0.66593817378, 0.59543743054, 0.91262917945, 0.80584360574, 0.33406182622, 0.49167503754, 0.11984682679, 0.25540645186, 0.73885830136, 0.50832496246, 0.88015317321, 0.74459354814, 0.26114169864, 0.46413753773, 0.10867933331, 0.23494063131, 0.71723957774, 0.53586246227, 0.89132066669],
      [0.76505936869, 0.28276042226, 0.39626608176, 0.084742417985, 0.18891348523, 0.65809701394, 0.60373391824, 0.91525758202, 0.81108651477, 0.34190298606, 0.45459880418, 0.1051272637, 0.2282314298, 0.70929755817, 0.54540119582, 0.8948727363, 0.7717685702, 0.29070244183, 0.48212052039, 0.11584246331, 0.24815300102, 0.73152534639, 0.51787947961, 0.88415753669, 0.75184699898, 0.26847465361, 0.33920381267, 0.067725346115, 0.15433447948, 0.60074697772, 0.66079618733, 0.93227465388, 0.84566552052, 0.39925302228, 0.46060539807, 0.1074626527, 0.23257532874, 0.7141534929, 0.53939460193, 0.8925373473, 0.76742467126, 0.2858465071, 0.37254245867, 0.077306440809, 0.17403966695, 0.63535307756, 0.62745754133, 0.92269355919, 0.82596033305, 0.36464692244]
    ],
    [
      [0.50613304552, 0.12642172469, 0.26696495793, 0.74939682152, 0.49386695448, 0.87357827531, 0.73303504207, 0.25060317848, 0.52378765335, 0.13443623487, 0.28105061711, 0.76233220863, 0.47621234665, 0.86556376513, 0.71894938289, 0.23766779137, 0.43295201907, 0.097426508715, 0.21346611164, 0.69057182846, 0.56704798093, 0.90257349129, 0.78653388836, 0.30942817154, 0.38584546865, 0.081663414147, 0.18263242852, 0.64760750051, 0.61415453135, 0.91833658585, 0.81736757148, 0.35239249949, 0.44435032449, 0.10142480087, 0.22117046881, 0.70053073438, 0.55564967551, 0.89857519913, 0.77882953119, 0.29946926562, 0.45663136997, 0.10617598648, 0.23001771624, 0.71052974838, 0.54336863003, 0.89382401352, 0.76998228376, 0.28947025162, 0.4638784308, 0.1089602368],
      [0.23521404692, 0.71646488817, 0.5361215692, 0.8910397632, 0.76478595308, 0.28353511183, 0.45440309541, 0.10520652877, 0.22828195687, 0.70888093001, 0.54559690459, 0.89479347123, 0.77171804313, 0.29111906999, 0.38088570671, 0.080073529456, 0.17947688785, 0.64292893958, 0.61911429329, 0.91992647054, 0.82052311215, 0.35707106042, 0.35293051782, 0.071678005592, 0.16245756378, 0.61498466653, 0.64706948218, 0.92832199441, 0.83754243622, 0.38501533347, 0.24776305694, 0.044644947617, 0.10495765539, 0.49150225225, 0.75223694306, 0.95535505238, 0.89504234461, 0.50849774775, 0.46905911745, 0.11092725254, 0.23890197898, 0.72073416952, 0.53094088255, 0.88907274746, 0.76109802102, 0.27926583048, 0.43202689101, 0.097235416069, 0.21300890957, 0.6895150729],
      [0.56797310899, 0.90276458393, 0.78699109043, 0.3104849271, 0.45990400599, 0.10747991936, 0.23241686937, 0.71316380245, 0.54009599401, 0.89252008064, 0.76758313063, 0.28683619755, 0.37872527424, 0.07960635867, 0.17840546064, 0.64028959501, 0.62127472576, 0.92039364133, 0.82159453936, 0.35971040499, 0.43749474116, 0.099162248753, 0.21671236539, 0.69430273012, 0.56250525884, 0.90083775125, 0.78328763461, 0.30569726988, 0.49941948653, 0.12346618434, 0.26170518212, 0.74441117958, 0.50058051347, 0.87653381566, 0.73829481788, 0.25558882042, 0.40779200158, 0.088915524136, 0.19687611697, 0.66784717793, 0.59220799842, 0.91108447586, 0.80312388303, 0.33215282207, 0.37447211381, 0.078290034304, 0.17576444571, 0.63613265494, 0.62552788619, 0.9217099657],
