{
  "W": [
    [77, 23],
    [78, 22],
    [74, 26],
    [76, 24],
    [79, 21],
    [80, 20],
    [74, 26],
    [78, 22],
    [75, 25],
    [75, 25],
    [68, 32],
    [76, 24],
    [72, 28],
    [80, 20],
    [73, 27],
    [74, 26],
    [80, 20],
    [74, 26],
    [74, 26],
    [72, 28],
    [69, 31],
    [75, 25],
    [72, 28],
    [68, 32],
    [76, 24],
    [26, 74],
    [23, 77],
    [23, 77],
    [28, 72],
    [18, 82],
    [17, 83],
    [28, 72],
    [20, 80],
    [27, 73],
    [28, 72],
    [31, 69],
    [22, 78],
    [29, 71],
    [17, 83],
    [22, 78],
    [27, 73],
    [24, 76],
    [37, 63],
    [26, 74],
    [25, 75],
    [29, 71],
    [26, 74],
    [26, 74],
    [30, 70],
    [22, 78]
  ],
  "X": [
    [84, 16],
    [92, 8],
    [87, 13],
    [92, 8],
    [96, 4],
    [94, 6],
    [91, 9],
    [90, 10],
    [89, 11],
    [91, 9],
    [87, 13],
    [91, 9],
    [89, 11],
    [91, 9],
    [88, 12],
    [93, 7],
    [96, 4],
    [97, 3],
    [87, 13],
    [92, 8],
    [87, 13],
    [82, 18],
    [88, 12],
    [91, 9],
    [96, 4],
    [69, 31],
    [72, 28],
    [80, 20],
    [73, 27],
    [72, 28],
    [73, 27],
    [81, 19],
    [76, 24],
    [81, 19],
    [76, 24],
    [82, 18],
    [70, 30],
    [79, 21],
    [81, 19],
    [74, 26],
    [79, 21],
    [82, 18],
    [85, 15],
    [83, 17],
    [78, 22],
    [76, 24],
    [77, 23],
    [79, 21],
    [78, 22],
    [85, 15]
  ],
  "real_prob": [
    [0.97175078832, 0.028249211682],
    [0.7223869441, 0.2776130559]
  ],
  "method": "exact",
  "prob": [
    [0.96413351518, 0.035866484817],
    [0.71666648482, 0.28333351518]
  ],
  "iterations": 16,
  "logLik": -142.9072047029,
  "time": 0.012314,
  "message": "Converged",
  "status": 0,
  "cond_prob": [
    [
      [0.92782520789, 0.54597647794, 0.072174792113, 0.45402352206, 0.96909399414, 0.74593947531, 0.030906005856, 0.25406052469, 0.9502265629, 0.64166285945, 0.049773437103, 0.35833714055, 0.97099947454, 0.75850166395, 0.029000525457, 0.24149833605, 0.9854828169, 0.86413606977, 0.014517183103, 0.13586393023, 0.97637997554, 0.79448009785, 0.023620024462, 0.20551990215, 0.96857821289, 0.74327739407, 0.031421787106, 0.25672260593, 0.95948901774, 0.68908439164, 0.040510982257, 0.31091560836, 0.9585415906, 0.68437522821, 0.041458409403, 0.31562477179, 0.96761833964, 0.73714498108, 0.032381660361, 0.26285501892, 0.95808476917, 0.68281986552, 0.041915230833, 0.31718013448, 0.96660404976, 0.73075384243, 0.033395950242, 0.26924615757, 0.96209049881, 0.70462443163],
      [0.037909501188, 0.29537556837, 0.96191373001, 0.70234507996, 0.038086269989, 0.29765492004, 0.95643382518, 0.67334558376, 0.043566174817, 0.32665441624, 0.97664963417, 0.79722796429, 0.023350365831, 0.20277203571, 0.98499493532, 0.86002025872, 0.015005064679, 0.13997974128, 0.9908474196, 0.91066503652, 0.009152580398, 0.089334963483, 0.9502265629, 0.64166285945, 0.049773437103, 0.35833714055, 0.97422590734, 0.78056195254, 0.025774092656, 0.21943804746, 0.95693123715, 0.6765078915, 0.043068762849, 0.3234921085, 0.92023358244, 0.51929925269, 0.079766417563, 0.48070074731, 0.95769431953, 0.68021460691, 0.042305680466, 0.31978539309, 0.97338949047, 0.77529733275, 0.026610509529, 0.22470266725, 0.98677854016, 0.8752012895, 0.013221459842, 0.1247987105]
    ],
    [
      [0.94076029227, 0.60189503244, 0.059239707728, 0.39810496756, 0.95135026693, 0.65089537481, 0.048649733068, 0.34910462519, 0.96906744972, 0.7494993332, 0.030932550275, 0.2505006668, 0.95006496242, 0.64441918128, 0.049935037575, 0.35558081872, 0.95480027911, 0.66845847532, 0.045199720888, 0.33154152468, 0.95763403534, 0.68337616144, 0.042365964663, 0.31662383856, 0.96888595207, 0.74821101864, 0.031114047929, 0.25178898136, 0.96235911758, 0.70941022061, 0.037640882422, 0.29058977939, 0.96933531104, 0.75106776167, 0.030664688957, 0.24893223833, 0.95765741049, 0.68313322925, 0.04234258951, 0.31686677075, 0.96962582345, 0.75277680396, 0.030374176552, 0.24722319604, 0.94705387213, 0.63031813863, 0.05294612787, 0.36968186137, 0.96405270838, 0.71890804869],
      [0.035947291621, 0.28109195131, 0.97322438949, 0.77656849854, 0.026775610513, 0.22343150146, 0.95681322054, 0.67884755318, 0.04318677946, 0.32115244682, 0.96511399663, 0.72523180947, 0.034886003372, 0.27476819053, 0.97253709967, 0.77183038958, 0.027462900332, 0.22816961042, 0.97344815363, 0.77749870342, 0.02655184637, 0.22250129658, 0.97369698927, 0.77951186864, 0.026303010733, 0.22048813136, 0.96398901908, 0.71867032697, 0.036010980916, 0.28132967303, 0.95699084556, 0.67953895041, 0.04300915444, 0.32046104959, 0.96122863464, 0.7028115608, 0.038771365355, 0.2971884392, 0.96562253017, 0.7282947867, 0.034377469835, 0.2717052133, 0.96117283956, 0.70235449733, 0.038827160438, 0.29764550267, 0.97858390266, 0.8137327454, 0.021416097344, 0.1862672546]
    ]
  ],
  "maxiter": 3600,
  "param_threshold": 0.001,
  "ll_threshold": "-Inf",
  "initial_prob": "random"
}
