{
  "W": [
    [71, 12, 17],
    [65, 12, 23],
    [66, 16, 18],
    [75, 14, 11],
    [71, 13, 16],
    [66, 18, 16],
    [69, 10, 21],
    [67, 13, 20],
    [62, 20, 18],
    [63, 21, 16],
    [66, 14, 20],
    [69, 13, 18],
    [73, 8, 19],
    [58, 24, 18],
    [67, 19, 14],
    [58, 22, 20],
    [56, 28, 16],
    [20, 63, 17],
    [13, 75, 12],
    [17, 59, 24],
    [14, 67, 19],
    [16, 71, 13],
    [11, 70, 19],
    [20, 70, 10],
    [15, 65, 20],
    [18, 69, 13],
    [21, 64, 15],
    [15, 69, 16],
    [13, 71, 16],
    [16, 63, 21],
    [18, 67, 15],
    [18, 60, 22],
    [12, 77, 11],
    [21, 23, 56],
    [17, 16, 67],
    [17, 18, 65],
    [13, 11, 76],
    [21, 17, 62],
    [19, 18, 63],
    [11, 18, 71],
    [16, 15, 69],
    [18, 16, 66],
    [15, 21, 64],
    [13, 20, 67],
    [13, 20, 67],
    [17, 22, 61],
    [23, 18, 59],
    [16, 17, 67],
    [23, 20, 57],
    [15, 20, 65]
  ],
  "X": [
    [13, 26, 37, 24],
    [25, 16, 30, 29],
    [14, 16, 40, 30],
    [11, 14, 49, 26],
    [14, 20, 32, 34],
    [18, 19, 40, 23],
    [17, 21, 34, 28],
    [16, 9, 46, 29],
    [15, 15, 37, 33],
    [18, 15, 38, 29],
    [16, 13, 41, 30],
    [16, 12, 42, 30],
    [14, 22, 33, 31],
    [17, 14, 35, 34],
    [13, 12, 47, 28],
    [17, 14, 45, 24],
    [19, 15, 42, 24],
    [19, 22, 41, 18],
    [17, 13, 50, 20],
    [27, 16, 38, 19],
    [17, 16, 50, 17],
    [17, 16, 51, 16],
    [23, 13, 45, 19],
    [16, 13, 47, 24],
    [19, 14, 45, 22],
    [18, 14, 52, 16],
    [16, 11, 53, 20],
    [24, 13, 42, 21],
    [19, 24, 42, 15],
    [26, 16, 36, 22],
    [27, 15, 40, 18],
    [28, 16, 46, 10],
    [14, 15, 58, 13],
    [51, 7, 28, 14],
    [57, 12, 23, 8],
    [56, 12, 24, 8],
    [62, 8, 25, 5],
    [55, 13, 21, 11],
    [54, 9, 26, 11],
    [58, 16, 17, 9],
    [54, 14, 26, 6],
    [56, 13, 21, 10],
    [52, 16, 25, 7],
    [47, 11, 27, 15],
    [57, 11, 20, 12],
    [56, 5, 28, 11],
    [47, 18, 25, 10],
    [53, 11, 26, 10],
    [52, 6, 22, 20],
    [57, 6, 27, 10]
  ],
  "real_prob": [
    [0.0031950712438, 0.18171086989, 0.44387750466, 0.3712165542],
    [0.10937212529, 0.15889245057, 0.55335003447, 0.17838538967],
    [0.80102931389, 0.085257552614, 0.093806427994, 0.019906705499]
  ],
  "method": "mcmc",
  "mcmc_stepsize": 3000,
  "mcmc_samples": 1000,
  "prob": [
    [0.039900902068, 0.19143359432, 0.40403635131, 0.3646291523],
    [0.12968104046, 0.15887731864, 0.5372754562, 0.17416618469],
    [0.74508217395, 0.074448804378, 0.1475589537, 0.032910067969]
  ],
  "iterations": 11,
  "logLik": -720.857689915,
  "time": 0.390511,
  "message": "Converged",
  "status": 0,
  "cond_prob": [
    [
      [0.024247786106, 0.090131548649, 0.59981344722, 0.28824472975, 0.22491141431, 0.16680513033, 0.38874561243, 0.50913185608, 0.1934987791, 0.29876187171, 0.17582518096, 0.039882643354, 0.058315977997, 0.26085648966, 0.78605145888, 0.18719417133, 0.20348370746, 0.060459755383, 0.36005683008, 0.34773032548, 0.10537139734, 0.39443302059, 0.18792947739, 0.048117388394, 0.020940793105, 0.066822517606, 0.6415970763, 0.18051885076, 0.1560446443, 0.08828008562, 0.40167304223, 0.55752006397, 0.25384767719, 0.39686731391, 0.21961277412, 0.016275160893, 0.029525659623, 0.098846637417, 0.67288387313, 0.15215900479, 0.13474164352, 0.063790148332, 0.50144561105, 0.62737675975, 0.23711859408, 0.31686972454, 0.13903495932, 0.026207384462, 0.028854377027, 0.08875065106],
      [0.67484879796, 0.2146811182, 0.23097822706, 0.10968272852, 0.31889635502, 0.4863122854, 0.18976869271, 0.43756814976, 0.19395883648, 0.025699780812, 0.06741330207, 0.12827619535, 0.7026094092, 0.22876456284, 0.15971435388, 0.064167530165, 0.40873397472, 0.5379640924, 0.20876275034, 0.29508816037, 0.17404535838, 0.024460310295, 0.033208201566, 0.10954170513, 0.64824843051, 0.22783104449, 0.26926584957, 0.12319044927, 0.37195559489, 0.44995234943, 0.18264478371, 0.36700515905, 0.17124009586, 0.04591633651, 0.03564554298, 0.090641107302, 0.62167071127, 0.097392066147, 0.13323624308, 0.037133020406, 0.47495454763, 0.61533929331, 0.30893172479, 0.39200784324, 0.16078335631, 0.032264543536, 0.02678746199, 0.051520244733, 0.68382069233, 0.18172161698],
      [0.13365476214, 0.058898028028, 0.35372288376, 0.55681354565, 0.21849501633, 0.43776803727, 0.25801144747, 0.038786263309, 0.054134048892, 0.12237619644, 0.75122842466, 0.18680238204, 0.13954409507, 0.01881399592, 0.37973679338, 0.51116142188, 0.20888700984, 0.37932677568, 0.2269182866, 0.021070569575, 0.033866280452, 0.078299143656, 0.63343187395, 0.14027086817, 0.17856874696, 0.062108012167, 0.42534801034, 0.54465170601, 0.26509537168, 0.40051484104, 0.19848040338, 0.039364742204, 0.030169453771, 0.10971971428, 0.69399730023, 0.13337624559, 0.17614269383, 0.028176890813, 0.44128963097, 0.5587689425, 0.23816773392, 0.39516466967, 0.15536864939, 0.039658075039, 0.020074103767, 0.10397709501, 0.61593545605, 0.23768976857, 0.23188705956, 0.14702896937]
    ],
    [
      [0.35331318505, 0.47963934607, 0.17742224856, 0.38892294261, 0.18449649937, 0.059613326021, 0.0228739866, 0.10441831568, 0.73151495561, 0.17515437378, 0.13299576224, 0.036063779297, 0.33878240525, 0.51212760387, 0.16997544458, 0.46318923437, 0.25045831822, 0.06244582051, 0.023468810643, 0.081105206393, 0.70618505467, 0.13452578674, 0.11877363955, 0.052148081223, 0.47892062907, 0.61593238819, 0.22925731978, 0.36308477355, 0.18418876586, 0.012409544324, 0.040476138591, 0.07025924256, 0.65533403127, 0.15411062146, 0.11735881756, 0.12398449845, 0.44995571112, 0.67607043767, 0.20145095632, 0.35545752883, 0.13631150221, 0.019230513964, 0.06854575333, 0.1277912164, 0.72395523464, 0.19501334155, 0.10924217766, 0.063779493671, 0.3991537011, 0.61888152417],
      [0.14491937884, 0.33728720402, 0.14408508176, 0.067345892849, 0.03852328096, 0.11195373987, 0.65743816288, 0.23576468374, 0.24309326753, 0.11587238062, 0.36993659895, 0.48281804696, 0.1872782978, 0.35577543635, 0.16213494564, 0.039411158698, 0.01488339862, 0.11874465798, 0.65838887244, 0.16039461259, 0.13540983635, 0.063261025855, 0.40082345177, 0.55867552041, 0.24071925804, 0.42389853703, 0.18716998526, 0.037630843661, 0.076176712241, 0.15854987887, 0.68127304327, 0.23899145602, 0.16247948588, 0.097952315854, 0.35868543791, 0.47494449527, 0.16169259726, 0.32614639382, 0.20402613997, 0.059082043615, 0.015564796427, 0.088325103556, 0.57180583746, 0.22984054119, 0.16727901114, 0.082870456697, 0.46412743969, 0.57865963092, 0.24905371434, 0.29046722269],
      [0.16573625439, 0.096269991499, 0.024801734231, 0.11846758828, 0.6301518065, 0.20696279573, 0.16276602131, 0.087092904248, 0.43235278878, 0.58127056475, 0.21631886786, 0.33588268126, 0.13749582566, 0.066436421389, 0.051416823839, 0.13392174624, 0.68736277374, 0.13745047533, 0.14942942002, 0.054104493143, 0.41329873834, 0.52531761286, 0.19376215675, 0.39783396249, 0.19133122088, 0.064770576365, 0.038665446729, 0.11583731032, 0.71180793433, 0.16816577297, 0.12547170298, 0.085366533169, 0.39402632935, 0.53449908187, 0.17045376818, 0.39914245094, 0.22419190483, 0.032371764325, 0.029127126665, 0.10248887714, 0.5950658043, 0.19129282231, 0.13934331476, 0.1036646103, 0.406098026, 0.53504756604, 0.20652189087, 0.37348202502, 0.22312024207, 0.094747694525]
    ],
    [
