{
  "W": [
    [66, 18, 16],
    [60, 19, 21],
    [62, 19, 19],
    [64, 19, 17],
    [72, 13, 15],
    [70, 16, 14],
    [70, 12, 18],
    [59, 16, 25],
    [65, 17, 18],
    [66, 19, 15],
    [64, 19, 17],
    [61, 21, 18],
    [61, 14, 25],
    [71, 13, 16],
    [64, 17, 19],
    [66, 15, 19],
    [51, 41, 8],
    [20, 71, 9],
    [21, 68, 11],
    [12, 77, 11],
    [22, 62, 16],
    [22, 67, 11],
    [17, 70, 13],
    [25, 59, 16],
    [19, 67, 14],
    [13, 70, 17],
    [11, 67, 22],
    [19, 68, 13],
    [14, 67, 19],
    [19, 66, 15],
    [15, 76, 9],
    [18, 66, 16],
    [18, 68, 14],
    [11, 33, 56],
    [21, 17, 62],
    [15, 13, 72],
    [18, 11, 71],
    [15, 11, 74],
    [17, 17, 66],
    [17, 18, 65],
    [15, 12, 73],
    [16, 7, 77],
    [16, 15, 69],
    [19, 16, 65],
    [20, 15, 65],
    [16, 20, 64],
    [20, 14, 66],
    [18, 13, 69],
    [22, 19, 59],
    [14, 19, 67]
  ],
  "X": [
    [31, 16, 6, 47],
    [26, 19, 15, 40],
    [31, 22, 9, 38],
    [35, 20, 5, 40],
    [32, 18, 8, 42],
    [36, 11, 9, 44],
    [31, 17, 11, 41],
    [36, 20, 8, 36],
    [26, 20, 8, 46],
    [43, 14, 7, 36],
    [29, 23, 9, 39],
    [46, 17, 12, 25],
    [32, 20, 9, 39],
    [31, 17, 8, 44],
    [24, 21, 12, 43],
    [24, 21, 10, 45],
    [36, 21, 13, 30],
    [36, 31, 18, 15],
    [35, 38, 11, 16],
    [30, 45, 14, 11],
    [40, 25, 16, 19],
    [29, 36, 20, 15],
    [29, 32, 22, 17],
    [42, 26, 18, 14],
    [32, 33, 17, 18],
    [36, 38, 15, 11],
    [36, 29, 18, 17],
    [28, 27, 21, 24],
    [29, 31, 23, 17],
    [35, 30, 18, 17],
    [32, 39, 15, 14],
    [36, 36, 13, 15],
    [25, 29, 27, 19],
    [29, 29, 29, 13],
    [33, 26, 24, 17],
    [32, 22, 35, 11],
    [27, 29, 25, 19],
    [40, 16, 23, 21],
    [32, 28, 26, 14],
    [37, 20, 29, 14],
    [33, 20, 32, 15],
    [32, 28, 26, 14],
    [31, 26, 31, 12],
    [34, 24, 30, 12],
    [40, 25, 23, 12],
    [29, 41, 20, 10],
    [33, 23, 27, 17],
    [37, 24, 23, 16],
    [27, 25, 25, 23],
    [33, 22, 33, 12]
  ],
  "real_prob": [
    [0.31173098324, 0.072173651907, 0.0043795225917, 0.61171584226],
    [0.32010433937, 0.43395134998, 0.17532081716, 0.070623493496],
    [0.37008420491, 0.25218786764, 0.34683818513, 0.030889742312]
  ],
  "method": "mcmc",
  "mcmc_stepsize": 3000,
  "mcmc_samples": 1000,
  "prob": [
    [0.29987699224, 0.12354509865, 0.024127857489, 0.55245005163],
    [0.32387662954, 0.37852591326, 0.17837110176, 0.11922635544],
    [0.3590652536, 0.25993254691, 0.34119701977, 0.039805179725]
  ],
  "iterations": 15,
  "logLik": -745.9756620048,
  "time": 0.421574,
  "message": "Converged",
  "status": 0,
  "cond_prob": [
    [
      [0.2489295401, 0.37887813308, 0.48442774737, 0.095332655277, 0.31248718449, 0.25520471443, 0.0076912059849, 0.12968904979, 0.1973735943, 0.64804659864, 0.17894563264, 0.062993943909, 0.26315371249, 0.23699131112, 0.27180677807, 0.092506632533, 0.44555564419, 0.23733546707, 0.028211020536, 0.2049650227, 0.44823825412, 0.61612863444, 0.11248802199, 0.042619500739, 0.27934227811, 0.33797209771, 0.38206888952, 0.13292628155, 0.41329549129, 0.31083980049, 0.019319429862, 0.15672021446, 0.25392164599, 0.56841201048, 0.092012196537, 0.053169664003, 0.30029107648, 0.40048643015, 0.4807134666, 0.1082414025, 0.37338942124, 0.3516559551, 0.0070104054002, 0.11002209338, 0.14475966354, 0.58445711562, 0.11610205523, 0.022870914759, 0.31425577725, 0.32060690104],
      [0.3470462883, 0.12642880183, 0.39129183799, 0.25402215829, 0.015119798103, 0.14854427591, 0.33201992998, 0.54419562282, 0.13955698506, 0.066911623433, 0.33184885503, 0.4269291563, 0.42426526049, 0.068511798004, 0.25264376819, 0.15441956062, 0.019064306726, 0.16694420275, 0.35674223466, 0.58057504024, 0.15348287277, 0.064572944221, 0.31112483255, 0.26303069548, 0.33693852086, 0.11071285105, 0.41098693946, 0.23990317515, 0.026649742842, 0.20917737841, 0.36802163667, 0.55151257355, 0.11680498665, 0.055136667305, 0.32706234337, 0.31481700234, 0.46664998814, 0.1174134085, 0.39574316739, 0.26962872881, 0.012917033931, 0.14881523165, 0.19427405167, 0.54260721419, 0.14062459862, 0.069447231385, 0.211528063, 0.33655905742, 0.36273177382, 0.12998068382],
      [0.38593810336, 0.27723932191, 0.013496486792, 0.12507615993, 0.27757964665, 0.64499476638, 0.1524266793, 0.082449257621, 0.39402713826, 0.46721909275, 0.54113640749, 0.098111313996, 0.26040865801, 0.17179258494, 0.011365206293, 0.14603805141, 0.23167822719, 0.49649634145, 0.12633419783, 0.055392780378, 0.27330226529, 0.3042468235, 0.3369391397, 0.14144579029, 0.44309378787, 0.32521690895, 0.020367699529, 0.1509552228, 0.28401870571, 0.5648842449, 0.10170416583, 0.053825245643, 0.49073443438, 0.41625753191, 0.40687729626, 0.089456708284, 0.33338756495, 0.2523334406, 0.032882231906, 0.19171753952, 0.33156197354, 0.38692662543, 0.058637363615, 0.0092272895983, 0.2874938974, 0.29317677711, 0.41433589517, 0.11441531303, 0.404581017, 0.29426126668]
    ],
    [
      [0.012783376859, 0.19039930987, 0.22218494694, 0.58530741271, 0.11184289602, 0.069217891216, 0.29305642354, 0.32814223268, 0.37044655651, 0.11502206905, 0.37535767729, 0.24711145578, 0.015521107098, 0.15106917235, 0.30838138472, 0.57640040031, 0.14543091769, 0.074060602989, 0.23724205088, 0.22729344043, 0.26065896087, 0.11085618052, 0.44387249587, 0.33470379037, 0.023086500948, 0.21390559352, 0.36242467629, 0.62881526766, 0.11492847018, 0.042212572467, 0.23144527147, 0.23285404973, 0.27535796511, 0.11431554766, 0.43068591891, 0.36815184583, 0.018216281501, 0.20756087494, 0.29917433141, 0.63602289937, 0.12889915642, 0.05731585765, 0.38277099471, 0.3409891629, 0.31226544887, 0.086653281066, 0.35242136945, 0.26642581479, 0.040649503835, 0.19098966169],
      [0.3870373969, 0.48992622039, 0.11559980597, 0.034271339442, 0.42712969952, 0.33655829806, 0.3957518719, 0.13675934503, 0.36925099747, 0.22755469769, 0.034234052938, 0.19889408864, 0.35487096088, 0.40187690252, 0.095296615831, 0.02182246952, 0.31919553075, 0.35759307018, 0.36186955293, 0.1938476289, 0.43839307254, 0.37440644185, 0.020930516159, 0.12170201709, 0.20770199987, 0.46602632418, 0.082311840196, 0.056022005343, 0.35251106177, 0.28212871658, 0.3678141893, 0.22520160487, 0.50435545314, 0.31474644086, 0.0086894108244, 0.13775935056, 0.29893246155, 0.41359792253, 0.075756479718, 0.018506908301, 0.41589458752, 0.3925034668, 0.40719400832, 0.13650271465, 0.29998199702, 0.21237852889, 0.0069720548697, 0.15896237465, 0.3744342228, 0.44063064297],
      [0.14855216153, 0.0059932399856, 0.27279864272, 0.28598320385, 0.34886865476, 0.23976588731, 0.41220058905, 0.28251918299, 0.043239587547, 0.22722077911, 0.34772153398, 0.44419588243, 0.074595427994, 0.020890628269, 0.28019651385, 0.29072455355, 0.29891850122, 0.1508564626, 0.37109081525, 0.26608331293, 0.055709796516, 0.22256415057, 0.42103407072, 0.51323722703, 0.11562048062, 0.013964115133, 0.50282731057, 0.39513340098, 0.38227791113, 0.1530359186, 0.31885576496, 0.21010074389, 0.016238605338, 0.20230112489, 0.35364178112, 0.32789816549, 0.083709709172, 0.053979563852, 0.31629206, 0.31974230291, 0.32626546892, 0.1486171744, 0.39518161236, 0.26422183272, 0.037012421946, 0.16075418876, 0.39473095258, 0.49807834366, 0.12432189596, 0.014781745784]
    ],
    [
