{
  "W": [
    [96, 0, 4, 0],
    [94, 1, 0, 5],
    [86, 2, 6, 6],
    [93, 3, 3, 1],
    [95, 1, 2, 2],
    [95, 2, 1, 2],
    [89, 1, 6, 4],
    [92, 4, 3, 1],
    [92, 1, 2, 5],
    [95, 2, 1, 2],
    [97, 1, 2, 0],
    [87, 4, 4, 5],
    [47, 49, 2, 2],
    [3, 94, 0, 3],
    [0, 95, 3, 2],
    [3, 95, 0, 2],
    [1, 92, 2, 5],
    [5, 93, 0, 2],
    [0, 91, 6, 3],
    [3, 92, 2, 3],
    [1, 96, 1, 2],
    [6, 89, 3, 2],
    [3, 91, 1, 5],
    [4, 92, 2, 2],
    [1, 95, 3, 1],
    [4, 5, 89, 2],
    [1, 2, 95, 2],
    [2, 3, 94, 1],
    [3, 2, 94, 1],
    [2, 0, 96, 2],
    [1, 2, 91, 6],
    [0, 4, 93, 3],
    [1, 2, 93, 4],
    [4, 3, 91, 2],
    [2, 1, 94, 3],
    [4, 2, 92, 2],
    [1, 2, 90, 7],
    [0, 7, 48, 45],
    [3, 3, 1, 93],
    [5, 0, 2, 93],
    [3, 4, 1, 92],
    [2, 5, 1, 92],
    [5, 1, 4, 90],
    [2, 3, 4, 91],
    [1, 2, 3, 94],
    [2, 1, 2, 95],
    [3, 2, 0, 95],
    [1, 3, 6, 90],
    [5, 2, 3, 90],
    [5, 3, 4, 88]
  ],
  "X": [
    [34, 66],
    [42, 58],
    [32, 68],
    [44, 56],
    [31, 69],
    [36, 64],
    [40, 60],
    [38, 62],
    [38, 62],
    [41, 59],
    [33, 67],
    [36, 64],
    [45, 55],
    [43, 57],
    [35, 65],
    [41, 59],
    [41, 59],
    [41, 59],
    [48, 52],
    [39, 61],
    [43, 57],
    [39, 61],
    [42, 58],
    [50, 50],
    [40, 60],
    [92, 8],
    [90, 10],
    [92, 8],
    [90, 10],
    [89, 11],
    [88, 12],
    [85, 15],
    [92, 8],
    [90, 10],
    [91, 9],
    [90, 10],
    [91, 9],
    [65, 35],
    [18, 82],
    [20, 80],
    [23, 77],
    [28, 72],
    [32, 68],
    [33, 67],
    [28, 72],
    [32, 68],
    [28, 72],
    [23, 77],
    [26, 74],
    [22, 78]
  ],
  "real_prob": [
    [0.35645582296, 0.64354417704],
    [0.43308711466, 0.56691288534],
    [0.94514147994, 0.054858520061],
    [0.25752271254, 0.74247728746]
  ],
  "method": "exact",
  "prob": [
    [0.35851719857, 0.64148280143],
    [0.41754776295, 0.58245223705],
    [0.94478496798, 0.055215032016],
    [0.2391500705, 0.7608499295]
  ],
  "iterations": 4,
  "logLik": -139.0148335359,
  "time": 0.008303,
  "message": "Converged",
  "status": 0,
  "cond_prob": [
    [
      [0.31521647966, 0.41766475758, 0.93480448825, 0.23949339909, 0.68478352034, 0.58233524242, 0.06519551175, 0.76050660091, 0.42599596569, 0.48830585307, 0.94419022769, 0.29361467432, 0.57400403431, 0.51169414693, 0.055809772311, 0.70638532568, 0.28672114762, 0.3408046184, 0.92627714418, 0.18378486717, 0.71327885238, 0.6591953816, 0.073722855824, 0.81621513283, 0.42341965551, 0.48568432936, 0.95783545183, 0.29141269443, 0.57658034449, 0.51431567064, 0.042164548173, 0.70858730557, 0.29894791395, 0.35416657078, 0.93005662884, 0.192834173, 0.70105208605, 0.64583342922, 0.069943371157, 0.807165827, 0.35530433665, 0.41475928068, 0.94477413949, 0.23589765888, 0.64469566335, 0.58524071932, 0.055225860509, 0.76410234112, 0.36959415485, 0.42987385568],
      [0.94792581919, 0.24717286198, 0.63040584515, 0.57012614432, 0.05207418081, 0.75282713802, 0.3612692518, 0.42107763327, 0.9461091781, 0.24059076677, 0.6387307482, 0.57892236673, 0.053890821899, 0.75940923323, 0.37406440277, 0.43454910525, 0.9488108158, 0.25078084167, 0.62593559723, 0.56545089475, 0.0511891842, 0.74921915833, 0.40585744989, 0.46762713643, 0.95483704028, 0.27672547346, 0.59414255011, 0.53237286357, 0.045162959723, 0.72327452654, 0.31706784541, 0.37384270737, 0.93528814384, 0.23949339909, 0.68293215459, 0.62615729263, 0.064711856157, 0.76050660091, 0.33938997923, 0.39784645151, 0.94109800294, 0.22345879775, 0.66061002077, 0.60215354849, 0.058901997063, 0.77654120225, 0.41136403147, 0.47329953324, 0.95579358149, 0.2813131147],
      [0.58863596853, 0.52670046676, 0.044206418515, 0.7186868853, 0.37677207525, 0.43734705112, 0.94419022769, 0.25302032313, 0.62322792475, 0.56265294888, 0.055809772311, 0.74697967687, 0.35865161564, 0.33543208787, 0.92441400321, 0.18035482154, 0.64134838436, 0.66456791213, 0.075585996789, 0.81964517846, 0.35591008083, 0.41536215437, 0.94419022769, 0.23643254614, 0.64408991917, 0.58463784563, 0.055809772311, 0.76356745386, 0.34967453934, 0.40875904708, 0.94343893185, 0.2315230531, 0.65032546066, 0.59124095292, 0.056561068155, 0.7684769469, 0.35704111041, 0.4165607633, 0.94419022769, 0.23732173055, 0.64295888959, 0.5834392367, 0.055809772311, 0.76267826945, 0.35865161564, 0.45583866186, 0.95278378077, 0.26732636212, 0.64134838436, 0.54416133814],
      [0.047216219229, 0.73267363788, 0.32820389764, 0.38580721256, 0.93816484621, 0.21493168645, 0.67179610236, 0.61419278744, 0.061835153792, 0.78506831355, 0.36888153671, 0.42906309057, 0.94766427806, 0.24669874522, 0.63111846329, 0.57093690943, 0.052335721944, 0.75330125478, 0.32291322915, 0.38011674298, 0.93678181713, 0.21089252442, 0.67708677085, 0.61988325702, 0.063218182872, 0.78910747558, 0.36564976942, 0.4256645181, 0.94698792159, 0.24411832457, 0.63435023058, 0.5743354819, 0.053012078414, 0.75588167543, 0.4346966533, 0.49717301466, 0.95961847161, 0.30102954735, 0.5653033467, 0.50282698534, 0.040381528394, 0.69897045265, 0.32811467932, 0.38571151998, 0.93814255374, 0.21486326162, 0.67188532068, 0.61428848002, 0.06185744626, 0.78513673838]
    ],
    [
      [0.50368110072, 0.56861483487, 0.97109742221, 0.35726542295, 0.49631889928, 0.43138516513, 0.028902577788, 0.64273457705, 0.29544146351, 0.35145129973, 0.93288318639, 0.18887661494, 0.70455853649, 0.64854870027, 0.067116813609, 0.81112338506, 0.3807818583, 0.44362363345, 0.95377018041, 0.25316842415, 0.6192181417, 0.55637636655, 0.046229819586, 0.74683157585, 0.31149104608, 0.36905669112, 0.93751903982, 0.20062373624, 0.68850895392, 0.63094330888, 0.062480960178, 0.79937626376, 0.25506601356, 0.41766475758, 0.91843251209, 0.16017340593, 0.74493398644, 0.58233524242, 0.081567487906, 0.83982659407, 0.3252633854, 0.38404131075, 0.94111578558, 0.21085291758, 0.6747366146, 0.61595868925, 0.058884214421, 0.78914708242, 0.35865161564, 0.26003948604],
      [0.8985277461, 0.13225388966, 0.64134838436, 0.73996051396, 0.1014722539, 0.86774611034, 0.42649643029, 0.49137280768, 0.96162911193, 0.28981263624, 0.57350356971, 0.50862719232, 0.038370888071, 0.71018736376, 0.37641119931, 0.43879167851, 0.95250459854, 0.25003084998, 0.62358880069, 0.56120832149, 0.047495401459, 0.74996915002, 0.35539032504, 0.41665821314, 0.94864078366, 0.23344249081, 0.64460967496, 0.58334178686, 0.051359216337, 0.76655750919, 0.35668738081, 0.41789037598, 0.94856729421, 0.23463932853, 0.64331261919, 0.58210962402, 0.051432705786, 0.76536067147, 0.47560450867, 0.54096048391, 0.96799251174, 0.33187835236, 0.52439549133, 0.45903951609, 0.032007488256, 0.66812164764, 0.35865161564, 0.53423538729, 0.96543176063, 0.33154728397],
      [0.64134838436, 0.46576461271, 0.034568239371, 0.66845271603, 0.26128568168, 0.31286033316, 0.91801544072, 0.16515641414, 0.73871431832, 0.68713966684, 0.08198455928, 0.83484358586, 0.28186167543, 0.41766475758, 0.92529709393, 0.18000104769, 0.71813832457, 0.58233524242, 0.074702906066, 0.81999895231, 0.32545083737, 0.38305587012, 0.93795986585, 0.21253765371, 0.67454916263, 0.61694412988, 0.062040134148, 0.78746234629, 0.38723118253, 0.44844048881, 0.95161771562, 0.26121432038, 0.61276881747, 0.55155951119, 0.048382284383, 0.73878567962, 0.4156216246, 0.47781381068, 0.95670498481, 0.28463620141, 0.5843783754, 0.52218618932, 0.043295015192, 0.71536379859, 0.42781472829, 0.49028995332, 0.95869125869, 0.29493116097, 0.57218527171, 0.50971004668],
