{
  "W": [
    [96, 4],
    [96, 4],
    [91, 9],
    [94, 6],
    [93, 7],
    [91, 9],
    [92, 8],
    [95, 5],
    [93, 7],
    [94, 6],
    [92, 8],
    [95, 5],
    [89, 11],
    [97, 3],
    [94, 6],
    [91, 9],
    [90, 10],
    [94, 6],
    [96, 4],
    [90, 10],
    [88, 12],
    [95, 5],
    [88, 12],
    [90, 10],
    [89, 11],
    [5, 95],
    [7, 93],
    [3, 97],
    [5, 95],
    [8, 92],
    [6, 94],
    [7, 93],
    [11, 89],
    [11, 89],
    [9, 91],
    [5, 95],
    [3, 97],
    [10, 90],
    [9, 91],
    [11, 89],
    [8, 92],
    [12, 88],
    [5, 95],
    [11, 89],
    [5, 95],
    [8, 92],
    [3, 97],
    [11, 89],
    [6, 94],
    [8, 92]
  ],
  "X": [
    [99, 1],
    [98, 2],
    [94, 6],
    [99, 1],
    [95, 5],
    [98, 2],
    [100, 0],
    [97, 3],
    [98, 2],
    [97, 3],
    [96, 4],
    [96, 4],
    [97, 3],
    [98, 2],
    [96, 4],
    [97, 3],
    [98, 2],
    [95, 5],
    [98, 2],
    [95, 5],
    [96, 4],
    [92, 8],
    [93, 7],
    [96, 4],
    [98, 2],
    [78, 22],
    [74, 26],
    [76, 24],
    [87, 13],
    [85, 15],
    [82, 18],
    [74, 26],
    [86, 14],
    [81, 19],
    [81, 19],
    [85, 15],
    [80, 20],
    [81, 19],
    [80, 20],
    [80, 20],
    [79, 21],
    [83, 17],
    [81, 19],
    [80, 20],
    [75, 25],
    [79, 21],
    [85, 15],
    [82, 18],
    [77, 23],
    [82, 18]
  ],
  "real_prob": [
    [0.97603545024, 0.023964549762],
    [0.80748655066, 0.19251344934]
  ],
  "method": "exact",
  "prob": [
    [0.97954493894, 0.020455061065],
    [0.79205506106, 0.20794493894]
  ],
  "iterations": 3,
  "logLik": -116.7769315243,
  "time": 0.001113,
  "message": "Converged",
  "status": 0,
  "cond_prob": [
    [
      [0.99304681142, 0.9168765259, 0.0069531885792, 0.0831234741, 0.98572967994, 0.84248768144, 0.01427032006, 0.15751231856, 0.96509745755, 0.6862368181, 0.034902542449, 0.3137631819, 0.99396602988, 0.92786553195, 0.0060339701247, 0.072134468046, 0.96833507823, 0.7064053892, 0.031664921768, 0.2935946108, 0.98961726696, 0.88275874516, 0.010382733037, 0.11724125484, 1, 1, 0, 0, 0.97954189889, 0.78870392108, 0.02045810111, 0.21129607892, 0.98833581393, 0.86925275778, 0.01166418607, 0.13074724222, 0.98083794645, 0.80020550563, 0.019162053551, 0.19979449437, 0.97671661822, 0.76775889044, 0.023283381777, 0.23224110956, 0.97205304921, 0.73099206496, 0.027946950787, 0.26900793504, 0.98555248776, 0.84416623544],
      [0.014447512245, 0.15583376456, 0.98460173171, 0.83121067468, 0.015398268289, 0.16878932532, 0.97377372013, 0.74421171798, 0.026226279871, 0.25578828202, 0.98395505204, 0.8288989183, 0.016044947964, 0.1711010817, 0.99016075387, 0.8885532152, 0.0098392461332, 0.1114467848, 0.96640209031, 0.69303391847, 0.03359790969, 0.30696608153, 0.98572967994, 0.84248768144, 0.01427032006, 0.15751231856, 0.97314715101, 0.74167564087, 0.026852848985, 0.25832435913, 0.98111138165, 0.80518320126, 0.018888618354, 0.19481679874, 0.93945713717, 0.55031439369, 0.060542862826, 0.44968560631, 0.96400813168, 0.68060703433, 0.035991868317, 0.31939296567, 0.97912201493, 0.7879018656, 0.020877985066, 0.2120981344, 0.99065154552, 0.89381931355, 0.0093484544842, 0.10618068645]
    ],
    [
      [0.97586789524, 0.76969116341, 0.024132104762, 0.23030883659, 0.96929763198, 0.72274103845, 0.030702368019, 0.27725896155, 0.97366102099, 0.75339192719, 0.026338979006, 0.24660807281, 0.98712562965, 0.86383549318, 0.012874370348, 0.13616450682, 0.98430274181, 0.83832150071, 0.015697258186, 0.16167849929, 0.98094209291, 0.80972710045, 0.019057907087, 0.19027289955, 0.96929763198, 0.72274103845, 0.030702368019, 0.27725896155, 0.98501180221, 0.8445491031, 0.014988197795, 0.1554508969, 0.97840914475, 0.7891853866, 0.021590855246, 0.2108146134, 0.97892229865, 0.79329339903, 0.021077701347, 0.20670660097, 0.98481701146, 0.84290436782, 0.015182988536, 0.15709563218, 0.97905540468, 0.79446220398, 0.020944595317, 0.20553779602, 0.97866873834, 0.79125902907],
      [0.021331261661, 0.20874097093, 0.97754297888, 0.78244080429, 0.022457021124, 0.21755919571, 0.97699032056, 0.77812479184, 0.023009679443, 0.22187520816, 0.97641626806, 0.77378988973, 0.023583731936, 0.22621011027, 0.98091777511, 0.80942030339, 0.019082224889, 0.19057969661, 0.9798801437, 0.80105893981, 0.020119856302, 0.19894106019, 0.97699032056, 0.77812479184, 0.023009679443, 0.22187520816, 0.97155759157, 0.73833907413, 0.028442408428, 0.26166092587, 0.97641626806, 0.77378988973, 0.023583731936, 0.22621011027, 0.98514179614, 0.84582035682, 0.014858203864, 0.15417964318, 0.97979363952, 0.80025022433, 0.020206360481, 0.19974977567, 0.97415961799, 0.75696853502, 0.025840382007, 0.24303146498, 0.98049842281, 0.80604361541, 0.019501577193, 0.19395638459]
    ]
  ],
  "maxiter": 3600,
  "param_threshold": 0.001,
  "ll_threshold": "-Inf",
  "initial_prob": "group_proportional"
}
