{
  "W": [
    [90, 10],
    [95, 5],
    [98, 2],
    [92, 8],
    [96, 4],
    [91, 9],
    [89, 11],
    [92, 8],
    [92, 8],
    [89, 11],
    [94, 6],
    [95, 5],
    [92, 8],
    [98, 2],
    [93, 7],
    [89, 11],
    [95, 5],
    [93, 7],
    [94, 6],
    [92, 8],
    [93, 7],
    [90, 10],
    [94, 6],
    [90, 10],
    [90, 10],
    [3, 97],
    [7, 93],
    [15, 85],
    [9, 91],
    [10, 90],
    [5, 95],
    [8, 92],
    [6, 94],
    [6, 94],
    [7, 93],
    [9, 91],
    [4, 96],
    [5, 95],
    [8, 92],
    [5, 95],
    [2, 98],
    [9, 91],
    [5, 95],
    [2, 98],
    [9, 91],
    [12, 88],
    [7, 93],
    [11, 89],
    [9, 91],
    [11, 89]
  ],
  "X": [
    [82, 18],
    [73, 27],
    [79, 21],
    [77, 23],
    [81, 19],
    [79, 21],
    [83, 17],
    [74, 26],
    [78, 22],
    [84, 16],
    [79, 21],
    [81, 19],
    [79, 21],
    [75, 25],
    [78, 22],
    [82, 18],
    [87, 13],
    [80, 20],
    [78, 22],
    [79, 21],
    [78, 22],
    [77, 23],
    [79, 21],
    [77, 23],
    [76, 24],
    [100, 0],
    [99, 1],
    [95, 5],
    [97, 3],
    [96, 4],
    [97, 3],
    [99, 1],
    [96, 4],
    [96, 4],
    [97, 3],
    [100, 0],
    [97, 3],
    [98, 2],
    [96, 4],
    [98, 2],
    [100, 0],
    [99, 1],
    [97, 3],
    [100, 0],
    [100, 0],
    [95, 5],
    [98, 2],
    [96, 4],
    [96, 4],
    [98, 2]
  ],
  "real_prob": [
    [0.7714050625, 0.2285949375],
    [0.99245720975, 0.007542790253]
  ],
  "method": "exact",
  "prob": [
    [0.77464972128, 0.22535027872],
    [0.99135027872, 0.008649721282]
  ],
  "iterations": 4,
  "logLik": -97.4252993086,
  "time": 0.00147,
  "message": "Converged",
  "status": 0,
  "cond_prob": [
    [
      [0.80088843108, 0.99200412025, 0.19911156892, 0.0079958797508, 0.71645574723, 0.98734080256, 0.28354425277, 0.012659197439, 0.78589310822, 0.99123769732, 0.21410689178, 0.0087623026774, 0.75092467167, 0.98936627578, 0.24907532833, 0.010633724224, 0.80241360136, 0.99207356727, 0.19758639864, 0.0079264327343, 0.77017808791, 0.99042155559, 0.22982191209, 0.0095784444122, 0.80992207835, 0.99244863882, 0.19007792165, 0.0075513611793, 0.7184808864, 0.98746980639, 0.2815191136, 0.012530193612, 0.76174220427, 0.98996465091, 0.23825779573, 0.010035349088, 0.8210918518, 0.99298410814, 0.1789081482, 0.007015891858, 0.77718367651, 0.99078906804, 0.22281632349, 0.0092109319625, 0.80042232739, 0.99197577967, 0.19957767261, 0.0080242203275, 0.77256110918, 0.99054724445],
      [0.22743889082, 0.0094527555518, 0.74512183794, 0.98902994079, 0.25487816206, 0.010970059213, 0.76418630022, 0.99009629705, 0.23581369978, 0.0099037029463, 0.79875404773, 0.99189906833, 0.20124595227, 0.0081009316721, 0.8634268305, 0.99489022059, 0.1365731695, 0.0051097794065, 0.78560646674, 0.99122837049, 0.21439353326, 0.0087716295088, 0.7665814106, 0.99022456734, 0.2334185894, 0.0097754326649, 0.77256110918, 0.99054724445, 0.22743889082, 0.0094527555518, 0.76418630022, 0.99009629705, 0.23581369978, 0.0099037029463, 0.74565865116, 0.98907213957, 0.25434134884, 0.010927860434, 0.77718367651, 0.99078906804, 0.22281632349, 0.0092109319625, 0.74565865116, 0.98907213957, 0.25434134884, 0.010927860434, 0.73461820437, 0.98843616067, 0.26538179563, 0.011563839325]
    ],
    [
      [1, 1, 0, 0, 0.90054801757, 0.99673294491, 0.099451982431, 0.0032670550859, 0.73033413086, 0.98876456514, 0.26966586914, 0.011235434858, 0.76098885349, 0.99067143207, 0.23901114651, 0.0093285679277, 0.709542797, 0.98782857811, 0.290457203, 0.012171421889, 0.66810170098, 0.98588938416, 0.33189829902, 0.014110615841, 0.90927444818, 0.9970196132, 0.09072555182, 0.0029803867982, 0.61455896968, 0.98204942747, 0.38544103032, 0.017950572533, 0.61455896968, 0.98204942747, 0.38544103032, 0.017950572533, 0.7211278075, 0.98873231556, 0.2788721925, 0.011267684435, 1, 1, 0, 0, 0.63537759964, 0.98394260001, 0.36462240036, 0.016057399985, 0.76593604969, 0.9912665237],
      [0.23406395031, 0.0087334762995, 0.66747366232, 0.98543707284, 0.33252633768, 0.014562927158, 0.76593604969, 0.9912665237, 0.23406395031, 0.0087334762995, 1, 1, 0, 0, 0.91659300842, 0.99726003213, 0.08340699158, 0.0027399678657, 0.66810170098, 0.98588938416, 0.33189829902, 0.014110615841, 1, 1, 0, 0, 1, 1, 0, 0, 0.68454027753, 0.98619905306, 0.31545972247, 0.013800946936, 0.80734795184, 0.99299531545, 0.19265204816, 0.0070046845471, 0.72723369969, 0.98876886858, 0.27276630031, 0.011231131422, 0.68972206732, 0.98673078455, 0.31027793268, 0.013269215449, 0.85858226319, 0.99500668657, 0.14141773681, 0.0049933134284]
    ]
  ],
  "maxiter": 3600,
  "param_threshold": 0.001,
  "ll_threshold": "-Inf",
  "initial_prob": "group_proportional"
}
