{
  "W": [
    [86, 14],
    [93, 7],
    [94, 6],
    [94, 6],
    [95, 5],
    [90, 10],
    [90, 10],
    [92, 8],
    [91, 9],
    [91, 9],
    [94, 6],
    [93, 7],
    [93, 7],
    [98, 2],
    [92, 8],
    [93, 7],
    [89, 11],
    [89, 11],
    [93, 7],
    [90, 10],
    [93, 7],
    [92, 8],
    [94, 6],
    [94, 6],
    [90, 10],
    [11, 89],
    [10, 90],
    [7, 93],
    [5, 95],
    [9, 91],
    [5, 95],
    [6, 94],
    [4, 96],
    [10, 90],
    [6, 94],
    [9, 91],
    [6, 94],
    [9, 91],
    [10, 90],
    [5, 95],
    [12, 88],
    [9, 91],
    [8, 92],
    [5, 95],
    [8, 92],
    [8, 92],
    [10, 90],
    [5, 95],
    [13, 87],
    [7, 93]
  ],
  "X": [
    [73, 27],
    [70, 30],
    [75, 25],
    [77, 23],
    [68, 32],
    [63, 37],
    [73, 27],
    [68, 32],
    [69, 31],
    [69, 31],
    [71, 29],
    [62, 38],
    [73, 27],
    [76, 24],
    [71, 29],
    [74, 26],
    [71, 29],
    [73, 27],
    [77, 23],
    [72, 28],
    [74, 26],
    [69, 31],
    [70, 30],
    [69, 31],
    [71, 29],
    [78, 22],
    [72, 28],
    [80, 20],
    [76, 24],
    [71, 29],
    [77, 23],
    [75, 25],
    [72, 28],
    [80, 20],
    [81, 19],
    [76, 24],
    [69, 31],
    [77, 23],
    [77, 23],
    [82, 18],
    [84, 16],
    [78, 22],
    [82, 18],
    [76, 24],
    [69, 31],
    [76, 24],
    [71, 29],
    [80, 20],
    [82, 18],
    [67, 33]
  ],
  "real_prob": [
    [0.71189013923, 0.28810986077],
    [0.75168985275, 0.24831014725]
  ],
  "method": "exact",
  "prob": [
    [0.7071434236, 0.2928565764],
    [0.7672565764, 0.2327434236]
  ],
  "iterations": 2,
  "logLik": -142.7580681994,
  "time": 0.00095,
  "message": "Converged",
  "status": 0,
  "cond_prob": [
    [
      [0.72193612131, 0.77953525481, 0.27806387869, 0.22046474519, 0.69571602045, 0.75691572826, 0.30428397955, 0.24308427174, 0.74676796349, 0.80063523865, 0.25323203651, 0.19936476135, 0.76696288661, 0.81758144305, 0.23303711339, 0.18241855695, 0.67682083304, 0.74040417229, 0.32317916696, 0.25959582771, 0.62306345492, 0.69242890573, 0.37693654508, 0.30757109427, 0.72427418767, 0.781532311, 0.27572581233, 0.218467689, 0.67489452731, 0.7387129359, 0.32510547269, 0.2612870641, 0.68436095167, 0.74701704419, 0.31563904833, 0.25298295581, 0.68436095167, 0.74701704419, 0.31563904833, 0.25298295581, 0.70641385816, 0.7661828889, 0.29358614184, 0.2338171111, 0.61509366265, 0.68518419619, 0.38490633735, 0.31481580381, 0.72600977233, 0.78301302475],
      [0.27399022767, 0.21698697525, 0.75896147943, 0.81088750769, 0.24103852057, 0.18911249231, 0.70520520739, 0.76514011498, 0.29479479261, 0.23485988502, 0.73611478277, 0.79161788602, 0.26388521723, 0.20838211398, 0.70337975438, 0.76356380547, 0.29662024562, 0.23643619453, 0.72369224232, 0.78103549397, 0.27630775768, 0.21896450603, 0.76645071525, 0.81715478306, 0.23354928475, 0.18284521694, 0.71412946957, 0.77283477387, 0.28587053043, 0.22716522613, 0.73611478277, 0.79161788602, 0.26388521723, 0.20838211398, 0.68499392091, 0.7475699095, 0.31500607909, 0.2524300905, 0.69633291504, 0.75745099771, 0.30366708496, 0.24254900229, 0.68625505319, 0.74867083336, 0.31374494681, 0.25132916664, 0.70398990385, 0.76409086532, 0.29601009615, 0.23590913468]
    ],
    [
      [0.72968607599, 0.78621857488, 0.27031392401, 0.21378142512, 0.66105143385, 0.72654984068, 0.33894856615, 0.27345015932, 0.75035807831, 0.80373648873, 0.24964192169, 0.19626351127, 0.70266753893, 0.76301749795, 0.29733246107, 0.23698250205, 0.6492095974, 0.71601223762, 0.3507904026, 0.28398776238, 0.71416666251, 0.77293859671, 0.28583333749, 0.22706140329, 0.69194478316, 0.75370565214, 0.30805521684, 0.24629434786, 0.65664270728, 0.7226398872, 0.34335729272, 0.2773601128, 0.75222843762, 0.80530795138, 0.24777156238, 0.19469204862, 0.76150430632, 0.81309546981, 0.23849569368, 0.18690453019, 0.7054236876, 0.76539765727, 0.2945763124, 0.23460234273, 0.62490630064, 0.69415491698, 0.37509369936, 0.30584508302, 0.7168669219, 0.77525491981],
      [0.2831330781, 0.22474508019, 0.71753706447, 0.77582921506, 0.28246293553, 0.22417078494, 0.77275999857, 0.82248631586, 0.22724000143, 0.17751368414, 0.80052031827, 0.84538359296, 0.19947968173, 0.15461640704, 0.72837820811, 0.78510545195, 0.27162179189, 0.21489454805, 0.774529432, 0.82395396243, 0.225470568, 0.17604603757, 0.70266753893, 0.76301749795, 0.29733246107, 0.23698250205, 0.62642459638, 0.69552829597, 0.37357540362, 0.30447170403, 0.70473749805, 0.76480543495, 0.29526250195, 0.23519456505, 0.64994973124, 0.71667225208, 0.35005026876, 0.28332774792, 0.74910048633, 0.80267892177, 0.25089951367, 0.19732107823, 0.77743449234, 0.82636036321, 0.22256550766, 0.17363963679, 0.60386974387, 0.67497754616, 0.39613025613, 0.32502245384]
    ]
  ],
  "maxiter": 3600,
  "param_threshold": 0.001,
  "ll_threshold": "-Inf",
  "initial_prob": "group_proportional"
}
