{
  "W": [
    [95, 5],
    [91, 9],
    [96, 4],
    [91, 9],
    [93, 7],
    [89, 11],
    [93, 7],
    [93, 7],
    [94, 6],
    [92, 8],
    [88, 12],
    [93, 7],
    [95, 5],
    [90, 10],
    [96, 4],
    [91, 9],
    [89, 11],
    [92, 8],
    [95, 5],
    [93, 7],
    [96, 4],
    [84, 16],
    [92, 8],
    [96, 4],
    [90, 10],
    [8, 92],
    [7, 93],
    [7, 93],
    [9, 91],
    [4, 96],
    [9, 91],
    [6, 94],
    [12, 88],
    [7, 93],
    [10, 90],
    [7, 93],
    [7, 93],
    [10, 90],
    [6, 94],
    [14, 86],
    [15, 85],
    [8, 92],
    [2, 98],
    [9, 91],
    [5, 95],
    [9, 91],
    [5, 95],
    [6, 94],
    [3, 97],
    [8, 92]
  ],
  "X": [
    [32, 68],
    [40, 60],
    [32, 68],
    [32, 68],
    [37, 63],
    [37, 63],
    [29, 71],
    [32, 68],
    [28, 72],
    [31, 69],
    [27, 73],
    [24, 76],
    [28, 72],
    [25, 75],
    [31, 69],
    [30, 70],
    [29, 71],
    [25, 75],
    [29, 71],
    [26, 74],
    [29, 71],
    [29, 71],
    [25, 75],
    [25, 75],
    [34, 66],
    [35, 65],
    [26, 74],
    [38, 62],
    [37, 63],
    [26, 74],
    [30, 70],
    [40, 60],
    [26, 74],
    [35, 65],
    [21, 79],
    [44, 56],
    [31, 69],
    [32, 68],
    [27, 73],
    [29, 71],
    [36, 64],
    [35, 65],
    [33, 67],
    [28, 72],
    [30, 70],
    [24, 76],
    [35, 65],
    [28, 72],
    [31, 69],
    [26, 74]
  ],
  "real_prob": [
    [0.30616720807, 0.69383279193],
    [0.31976269926, 0.68023730074]
  ],
  "method": "exact",
  "prob": [
    [0.29691037, 0.70308963],
    [0.31468963, 0.68531037]
  ],
  "iterations": 1,
  "logLik": -148.3774664227,
  "time": 0.000562,
  "message": "Converged",
  "status": 0,
  "cond_prob": [
    [
      [0.31912185198, 0.33668481244, 0.68087814802, 0.66331518756, 0.39826781296, 0.41751433563, 0.60173218704, 0.58248566437, 0.31929728451, 0.33686517186, 0.68070271549, 0.66313482814, 0.31842110941, 0.33596433819, 0.68157889059, 0.66403566181, 0.3686883483, 0.3874262297, 0.6313116517, 0.6125737703, 0.36794046906, 0.38666347763, 0.63205953094, 0.61333652237, 0.28883490463, 0.30547912414, 0.71116509537, 0.69452087586, 0.31877128304, 0.33632438246, 0.68122871696, 0.66367561754, 0.2790211764, 0.29533490303, 0.7209788236, 0.70466509697, 0.30861907461, 0.32588064204, 0.69138092539, 0.67411935796, 0.26808886798, 0.28401496815, 0.73191113202, 0.71598503185, 0.23896425268, 0.25376064302, 0.76103574732, 0.74623935698, 0.27918402985, 0.29550343277],
      [0.72081597015, 0.70449656723, 0.24848187583, 0.26366311757, 0.75151812417, 0.73633688243, 0.30930871504, 0.32659083908, 0.69069128496, 0.67340916092, 0.29847422209, 0.31542731001, 0.70152577791, 0.68457268999, 0.28817156293, 0.3047937181, 0.71182843707, 0.6952062819, 0.24878453109, 0.26397789241, 0.75121546891, 0.73602210759, 0.28916723772, 0.30582248334, 0.71083276228, 0.69417751666, 0.25890900195, 0.27449468832, 0.74109099805, 0.72550531168, 0.28933356971, 0.30599432685, 0.71066643029, 0.69400567315, 0.28734487153, 0.30393942446, 0.71265512847, 0.69606057554, 0.24878453109, 0.26397789241, 0.75121546891, 0.73602210759, 0.24939129553, 0.26460890716, 0.75060870447, 0.73539109284, 0.33819371047, 0.35625660574, 0.66180628953, 0.64374339426]
    ],
    [
      [0.33349389725, 0.35143531328, 0.66650610275, 0.64856468672, 0.245978986, 0.26105534514, 0.754021014, 0.73894465486, 0.36268911901, 0.38130296954, 0.63731088099, 0.61869703046, 0.35324528081, 0.37165706014, 0.64675471919, 0.62834293986, 0.24554363383, 0.26060234859, 0.75445636617, 0.73939765141, 0.28497464838, 0.30148602379, 0.71502535162, 0.69851397621, 0.38215476869, 0.40113905732, 0.61784523131, 0.59886094268, 0.24670690576, 0.26181269467, 0.75329309424, 0.73818730533, 0.33331867418, 0.35125558366, 0.66668132582, 0.64874441634, 0.19832362922, 0.21129737453, 0.80167637078, 0.78870262547, 0.42182063413, 0.44136833937, 0.57817936587, 0.55863166063, 0.29435882352, 0.31117729285, 0.70564117648, 0.68882270715, 0.30457723449, 0.32171364061],
      [0.69542276551, 0.67828635939, 0.2554775614, 0.27092696417, 0.7445224386, 0.72907303583, 0.27606261545, 0.29226887656, 0.72393738455, 0.70773112344, 0.34451962521, 0.36273183085, 0.65548037479, 0.63726816915, 0.33349389725, 0.35143531328, 0.66650610275, 0.64856468672, 0.31296386275, 0.33034767627, 0.68703613725, 0.66965232373, 0.26559448629, 0.28142472114, 0.73440551371, 0.71857527886, 0.28433481048, 0.30082448366, 0.71566518952, 0.69917551634, 0.22700038339, 0.24128567637, 0.77299961661, 0.75871432363, 0.33296850633, 0.3508963944, 0.66703149367, 0.6491036056, 0.26513562025, 0.2809487902, 0.73486437975, 0.7190512098, 0.29370654271, 0.31050392136, 0.70629345729, 0.68949607864, 0.24612433657, 0.26120657943, 0.75387566343, 0.73879342057]
    ]
  ],
  "maxiter": 3600,
  "param_threshold": 0.001,
  "ll_threshold": "-Inf",
  "initial_prob": "group_proportional"
}
