{
  "W": [
    [62, 11, 12, 15],
    [57, 17, 13, 13],
    [62, 12, 12, 14],
    [63, 11, 17, 9],
    [61, 16, 10, 13],
    [56, 11, 18, 15],
    [73, 5, 7, 15],
    [61, 14, 11, 14],
    [66, 15, 9, 10],
    [63, 12, 14, 11],
    [61, 12, 11, 16],
    [62, 17, 11, 10],
    [41, 37, 10, 12],
    [11, 62, 9, 18],
    [9, 73, 11, 7],
    [14, 51, 20, 15],
    [14, 67, 13, 6],
    [11, 67, 13, 9],
    [12, 57, 12, 19],
    [13, 63, 10, 14],
    [8, 67, 15, 10],
    [9, 62, 14, 15],
    [19, 57, 14, 10],
    [13, 66, 10, 11],
    [15, 61, 12, 12],
    [14, 11, 61, 14],
    [12, 12, 70, 6],
    [13, 19, 58, 10],
    [8, 14, 67, 11],
    [16, 14, 59, 11],
    [15, 10, 59, 16],
    [14, 12, 59, 15],
    [10, 14, 62, 14],
    [12, 12, 69, 7],
    [11, 19, 59, 11],
    [15, 11, 63, 11],
    [13, 17, 60, 10],
    [14, 9, 39, 38],
    [13, 9, 12, 66],
    [12, 17, 13, 58],
    [18, 11, 15, 56],
    [11, 10, 17, 62],
    [9, 10, 12, 69],
    [10, 14, 9, 67],
    [14, 14, 17, 55],
    [11, 10, 9, 70],
    [11, 9, 10, 70],
    [16, 11, 14, 59],
    [12, 13, 15, 60],
    [10, 5, 14, 71]
  ],
  "X": [
    [15, 29, 56],
    [18, 24, 58],
    [16, 25, 59],
    [17, 25, 58],
    [15, 25, 60],
    [17, 22, 61],
    [14, 31, 55],
    [20, 19, 61],
    [12, 32, 56],
    [17, 28, 55],
    [12, 32, 56],
    [18, 32, 50],
    [19, 26, 55],
    [24, 22, 54],
    [30, 20, 50],
    [28, 27, 45],
    [15, 26, 59],
    [27, 20, 53],
    [22, 32, 46],
    [26, 28, 46],
    [31, 20, 49],
    [29, 20, 51],
    [16, 30, 54],
    [23, 16, 61],
    [27, 25, 48],
    [26, 21, 53],
    [17, 30, 53],
    [22, 24, 54],
    [24, 28, 48],
    [28, 19, 53],
    [32, 24, 44],
    [23, 19, 58],
    [24, 15, 61],
    [28, 20, 52],
    [27, 17, 56],
    [24, 17, 59],
    [26, 20, 54],
    [37, 19, 44],
    [48, 15, 37],
    [46, 19, 35],
    [48, 9, 43],
    [39, 11, 50],
    [46, 21, 33],
    [43, 15, 42],
    [39, 20, 41],
    [54, 15, 31],
    [45, 19, 36],
    [49, 11, 40],
    [46, 12, 42],
    [55, 9, 36]
  ],
  "real_prob": [
    [0.030792122231, 0.36120880652, 0.60799907125],
    [0.22224057553, 0.23936548406, 0.53839394041],
    [0.24114022766, 0.23401807343, 0.52484169892],
    [0.62262956875, 0.05553067136, 0.32183975989]
  ],
  "method": "mcmc",
  "mcmc_stepsize": 3000,
  "mcmc_samples": 1000,
  "prob": [
    [0.038949482738, 0.3470925357, 0.61395798157],
    [0.21576865787, 0.28437626598, 0.49985507615],
    [0.23033607853, 0.18547396019, 0.58418996129],
    [0.63814578086, 0.05105723814, 0.310796981]
  ],
  "iterations": 19,
  "logLik": -594.1380089782,
  "time": 0.522384,
  "message": "Converged",
  "status": 0,
  "cond_prob": [
    [
      [0.041562497304, 0.13943401038, 0.18943901236, 0.57440552697, 0.35605174333, 0.33161313817, 0.23055404103, 0.034026593438, 0.60238575937, 0.52895285144, 0.58000694661, 0.39156787959, 0.048161428404, 0.25621045003, 0.22221945625, 0.61618215379, 0.29945838985, 0.28627109026, 0.12872625814, 0.03006322217, 0.65238018174, 0.45751845971, 0.64905428561, 0.35375462404, 0.048267874473, 0.15698589005, 0.20702772996, 0.61708773876, 0.31315095711, 0.27655089492, 0.15547365496, 0.028596147164, 0.63858116841, 0.56646321503, 0.63749861508, 0.35431611407, 0.051101338524, 0.25981832307, 0.2700041255, 0.70361599842, 0.30209469179, 0.24862437148, 0.1724601391, 0.033482662935, 0.64680396969, 0.49155730546, 0.55753573541, 0.26290133864, 0.03921062802, 0.19777520386],
      [0.18459072864, 0.58444931867, 0.29851565982, 0.3158362675, 0.13388269021, 0.030641351433, 0.66227371216, 0.48638852864, 0.68152658115, 0.3849093299, 0.03779807478, 0.21630617287, 0.26074811932, 0.52069825086, 0.28625052946, 0.26521202372, 0.1414168697, 0.033808962305, 0.67595139576, 0.51848180341, 0.59783501097, 0.44549278683, 0.034956894913, 0.23319288766, 0.17224723129, 0.60509677427, 0.3711606379, 0.28166271225, 0.2428362742, 0.053140396842, 0.59388246719, 0.48514440008, 0.58491649451, 0.34176282889, 0.049316740845, 0.31918902506, 0.21774171154, 0.72341954506, 0.23487000588, 0.19417063337, 0.12344479675, 0.042617714992, 0.71581325327, 0.48664034157, 0.65881349172, 0.23396273995, 0.027527172299, 0.18774151416, 0.16234322664, 0.59059948762],
      [0.37582468483, 0.33198600879, 0.19897624084, 0.042499450191, 0.59664814287, 0.48027247705, 0.63868053252, 0.36690106219, 0.055216286823, 0.2304662287, 0.24195415504, 0.66985645593, 0.33657110314, 0.31018804595, 0.1911364397, 0.036168526826, 0.60821261004, 0.45934572536, 0.56690940526, 0.29397501725, 0.019893428936, 0.1242218833, 0.10684344776, 0.50753501937, 0.39642209125, 0.38503905474, 0.21014728451, 0.055385227956, 0.58368447981, 0.49073906196, 0.68300926773, 0.43707975267, 0.044636810257, 0.29568135168, 0.31535115217, 0.67370721117, 0.38490431107, 0.32928827762, 0.17985269403, 0.055965235971, 0.57045887867, 0.37503037071, 0.5047961538, 0.27032755286, 0.033760413447, 0.23158645931, 0.16391644273, 0.6173299689, 0.33959301583, 0.25756499544],
      [0.18372967359, 0.059123731974, 0.62664657072, 0.51084854525, 0.65235388368, 0.32354629913, 0.018336108028, 0.1820443032, 0.20450263209, 0.59283512914, 0.36754977697, 0.24799727021, 0.23542346545, 0.025683917286, 0.61411411501, 0.56995842659, 0.56007390245, 0.38148095358, 0.035476553904, 0.28641125776, 0.31681348931, 0.75539154516, 0.30642316528, 0.21278407378, 0.14167644834, 0.021501884999, 0.65810028081, 0.50080466846, 0.54151006235, 0.22310656984, 0.02979336056, 0.25511365035, 0.21351543619, 0.68678587069, 0.50670643278, 0.29772299571, 0.22535927299, 0.014336779988, 0.46350020666, 0.44716335393, 0.56112529082, 0.29887734932, 0.041610669312, 0.14441887009, 0.1591934822, 0.44531184422, 0.30116277163, 0.28049149197, 0.18123138632, 0.1057972022]
    ],
    [
      [0.65722655906, 0.57508963795, 0.65957513148, 0.44889095358, 0.020627706328, 0.23973673203, 0.27768822712, 0.78897635906, 0.2869983, 0.22438616458, 0.13086548813, 0.011988258635, 0.69237399367, 0.53587710339, 0.59144628476, 0.19903538231, 0.013440234567, 0.15369256858, 0.18458739798, 0.57174694738, 0.47398290162, 0.37805822444, 0.30366145764, 0.058892047138, 0.51257686381, 0.46824920698, 0.51175114438, 0.36936100548, 0.028863759136, 0.21819917254, 0.17786469442, 0.72139830836, 0.41987595355, 0.31181258339, 0.23770354821, 0.037170312026, 0.55126028731, 0.46998824407, 0.58443175737, 0.24143137961, 0.04443091079, 0.27857302759, 0.28129491478, 0.77607361435, 0.32366683286, 0.23589674342, 0.097387199005, 0.014477554317, 0.63190225635, 0.485530229],
      [0.62131788621, 0.20944883133, 0.055496104436, 0.25225871067, 0.21998467982, 0.65204729875, 0.26767808288, 0.23416145593, 0.19207012436, 0.025593683041, 0.67682581268, 0.51357983341, 0.58794519582, 0.32235901821, 0.045506390648, 0.12590681897, 0.16389119647, 0.56642131461, 0.40908407477, 0.32776522599, 0.21706988927, 0.050580624832, 0.54540953458, 0.54632795505, 0.61903891426, 0.38299806056, 0.024415709642, 0.19516093905, 0.28661233382, 0.63053185992, 0.20001849869, 0.1754229651, 0.1395418089, 0.038765975574, 0.77556579167, 0.62941609585, 0.57384585728, 0.33070216451, 0.053301833387, 0.24417820057, 0.26435661399, 0.67777690802, 0.34323293681, 0.29474484583, 0.1408730224, 0.015132840281, 0.6034652298, 0.4610769536, 0.5947703636, 0.3070902517],
      [0.041168772696, 0.21278980137, 0.23615179513, 0.61983499028, 0.38059603795, 0.35980739772, 0.18253001944, 0.041388779124, 0.57823518935, 0.4274028009, 0.58131818542, 0.3387762306, 0.028550693021, 0.12041660762, 0.16814413612, 0.57371714397, 0.45737414958, 0.46237883869, 0.26272820721, 0.095331606, 0.5140751574, 0.41720455368, 0.56912765667, 0.33095125003, 0.011368945528, 0.17615894877, 0.2144505974, 0.60670490323, 0.41527523, 0.33459882733, 0.2032054852, 0.045812614898, 0.57335582447, 0.4892422239, 0.5823439174, 0.34748248187, 0.017332825279, 0.19722963795, 0.20665749754, 0.65946092105, 0.45161127372, 0.4117337947, 0.26968546834, 0.050355482302, 0.531055901, 0.39103656734, 0.52365703412, 0.29018359665, 0.044651033053, 0.22288753025],
