{
  "W": [
    [72, 7, 14, 7],
    [62, 13, 15, 10],
    [62, 13, 15, 10],
    [70, 13, 9, 8],
    [59, 16, 10, 15],
    [63, 13, 6, 18],
    [57, 10, 12, 21],
    [63, 16, 11, 10],
    [63, 15, 5, 17],
    [66, 11, 11, 12],
    [68, 13, 10, 9],
    [63, 11, 10, 16],
    [29, 37, 18, 16],
    [17, 54, 16, 13],
    [9, 59, 16, 16],
    [11, 65, 10, 14],
    [12, 63, 12, 13],
    [8, 66, 12, 14],
    [13, 62, 10, 15],
    [16, 62, 12, 10],
    [8, 62, 11, 19],
    [15, 66, 9, 10],
    [10, 49, 22, 19],
    [7, 73, 15, 5],
    [13, 63, 8, 16],
    [12, 15, 64, 9],
    [10, 15, 59, 16],
    [12, 8, 70, 10],
    [14, 9, 66, 11],
    [14, 14, 55, 17],
    [14, 9, 70, 7],
    [9, 8, 70, 13],
    [15, 12, 56, 17],
    [13, 14, 67, 6],
    [12, 8, 61, 19],
    [13, 14, 64, 9],
    [14, 11, 61, 14],
    [17, 12, 33, 38],
    [10, 15, 13, 62],
    [21, 13, 12, 54],
    [17, 6, 17, 60],
    [14, 15, 15, 56],
    [3, 18, 16, 63],
    [16, 12, 7, 65],
    [12, 7, 19, 62],
    [11, 16, 10, 63],
    [9, 22, 8, 61],
    [7, 16, 15, 62],
    [12, 16, 11, 61],
    [13, 13, 12, 62]
  ],
  "X": [
    [50, 27, 23],
    [41, 33, 26],
    [41, 34, 25],
    [66, 20, 14],
    [47, 37, 16],
    [52, 35, 13],
    [46, 32, 22],
    [43, 38, 19],
    [47, 33, 20],
    [49, 29, 22],
    [59, 21, 20],
    [56, 26, 18],
    [28, 40, 32],
    [29, 42, 29],
    [17, 43, 40],
    [30, 38, 32],
    [25, 44, 31],
    [27, 43, 30],
    [31, 38, 31],
    [31, 35, 34],
    [19, 40, 41],
    [25, 48, 27],
    [28, 35, 37],
    [22, 45, 33],
    [26, 49, 25],
    [14, 21, 65],
    [13, 25, 62],
    [10, 17, 73],
    [12, 24, 64],
    [19, 21, 60],
    [14, 16, 70],
    [15, 17, 68],
    [16, 28, 56],
    [12, 16, 72],
    [22, 19, 59],
    [18, 17, 65],
    [18, 15, 67],
    [25, 32, 43],
    [33, 41, 26],
    [34, 43, 23],
    [31, 43, 26],
    [37, 40, 23],
    [19, 53, 28],
    [27, 59, 14],
    [36, 40, 24],
    [31, 51, 18],
    [27, 50, 23],
    [32, 43, 25],
    [29, 47, 24],
    [29, 50, 21]
  ],
  "real_prob": [
    [0.65958074546, 0.25937988569, 0.081039368848],
    [0.20108455938, 0.49207078733, 0.3068446533],
    [0.019737404745, 0.036880099074, 0.94338249618],
    [0.29877789507, 0.60320977243, 0.098012332504]
  ],
  "method": "mcmc",
  "mcmc_stepsize": 3000,
  "mcmc_samples": 1000,
  "prob": [
    [0.6584729831, 0.2770943336, 0.064432683297],
    [0.265041005, 0.47374837236, 0.26121062264],
    [0.032660942291, 0.075409200504, 0.89192985721],
    [0.25022506961, 0.56014809353, 0.18962683686]
  ],
  "iterations": 27,
  "logLik": -628.7474682704,
  "time": 0.58474,
  "message": "Converged",
  "status": 0,
  "cond_prob": [
    [
      [0.64498805552, 0.30574115412, 0.012890148686, 0.17717283455, 0.27884817105, 0.30905614605, 0.053496197456, 0.57294169965, 0.076163773425, 0.38520269983, 0.93361365386, 0.2498854658, 0.57038026634, 0.25940771868, 0.023351859223, 0.19138452555, 0.32721153059, 0.49950633578, 0.10440288587, 0.46532594502, 0.10240820307, 0.24108594554, 0.87224525491, 0.34328952942, 0.57072545204, 0.270203598, 0.039163121556, 0.15149283762, 0.34476132221, 0.48069279891, 0.086851089927, 0.50730252884, 0.084513225752, 0.24910360309, 0.87398578852, 0.34120463354, 0.80509062575, 0.43521602092, 0.060082129069, 0.43063859549, 0.1603310636, 0.37360295849, 0.057699075645, 0.42508692585, 0.034578310649, 0.1911810206, 0.88221879529, 0.14427447866, 0.65453164358, 0.21212320447],
      [0.083511047012, 0.27690341914, 0.30442776046, 0.55516605478, 0.10820030461, 0.60494014736, 0.04104059596, 0.23271074076, 0.80828864837, 0.1181564335, 0.67692259224, 0.36266827836, 0.047611323302, 0.24186228503, 0.26869328579, 0.44924339103, 0.17041121101, 0.62276064699, 0.054384121972, 0.18808833061, 0.78197746569, 0.13537706798, 0.67606215911, 0.31702453321, 0.036689266214, 0.18352097163, 0.25805412076, 0.49751105639, 0.074294484532, 0.5440128923, 0.065883720131, 0.1854644104, 0.88901624925, 0.27246613607, 0.59731232397, 0.22779135126, 0.015281969233, 0.15565603079, 0.36564056247, 0.51752388663, 0.09982515964, 0.55861856222, 0.037047113557, 0.2546847621, 0.88489287113, 0.28572540699, 0.6469621798, 0.16994040255, 0.01612060824, 0.21245138781],
      [0.26737259016, 0.48931723196, 0.099134539511, 0.48941739076, 0.085665230037, 0.34074236548, 0.88474485225, 0.29813122142, 0.63127075321, 0.37416972943, 0.029657187067, 0.2411695172, 0.27873858124, 0.28124260909, 0.039389267557, 0.58969191625, 0.089990665545, 0.34458766149, 0.93095354538, 0.16913856655, 0.75394560973, 0.30835131289, 0.031501331211, 0.37867979541, 0.17695479009, 0.34143642348, 0.07402170247, 0.42090930485, 0.069099600176, 0.35021226363, 0.89447696632, 0.20041089974, 0.74474681386, 0.37344529952, 0.066057828831, 0.26952963399, 0.20448031311, 0.28825311818, 0.079049944204, 0.57227853324, 0.050772873027, 0.3383015823, 0.85489222697, 0.15819183277, 0.62089752853, 0.26668381276, 0.0022554062689, 0.0053795804706, 0.34181365018, 0.45978879565],
      [0.11595610195, 0.68675055441, 0.037288821289, 0.27352739159, 0.88178849178, 0.30786986511, 0.56880804223, 0.28091576945, 0.0092086780644, 0.30872868328, 0.36980772747, 0.49904937019, 0.18467314213, 0.44691018221, 0.061384230302, 0.22003486036, 0.8061181798, 0.2443611345, 0.62137983648, 0.17148588645, 0.010934916842, 0.069684718836, 0.33484370005, 0.48813637076, 0.12057927243, 0.57856827912, 0.043776463469, 0.34037774279, 0.86848581073, 0.35174700204, 0.58682997932, 0.3298193163, 0.021106960229, 0.13539607614, 0.37056277035, 0.39682801814, 0.05486980051, 0.54152073871, 0.042607250329, 0.27335266556, 0.92402323926, 0.32308318515, 0.5658662932, 0.26856518482, 0.014081286889, 0.086232491931, 0.40118975855, 0.49507611786, 0.044861098403, 0.57366109936]
    ],
    [
      [0.03294394825, 0.23635869732, 0.94105761471, 0.34010640871, 0.74502468806, 0.28479339824, 0.018491988871, 0.14439531038, 0.20446315761, 0.48662815913, 0.048785811761, 0.61867189251, 0.050512154326, 0.22857844263, 0.93272219937, 0.23693279711, 0.76550362118, 0.2863614605, 0.054197079702, 0.18347143846, 0.18990973344, 0.46049966858, 0.03104471771, 0.44464978906, 0.044586645378, 0.25313887092, 0.91475820259, 0.37187877248, 0.57875258973, 0.29334753542, 0.028774419759, 0.32071183313, 0.31234843604, 0.39409117454, 0.10477747121, 0.43114425475, 0.10889897423, 0.31256129005, 0.86644810903, 0.24814391211, 0.76856378725, 0.17486121264, 0.01713859619, 0.095872103163, 0.18916716631, 0.44823075778, 0.015305363036, 0.55410508914, 0.042269046444, 0.37690802958],
      [0.96755604077, 0.3500228077, 0.43511299431, 0.24598525401, 0.015022951424, 0.21030717581, 0.4790228496, 0.51497818094, 0.055217334135, 0.63291413068, 0.085864156088, 0.23903656505, 0.92975971444, 0.15677869351, 0.85065647998, 0.25698470554, 0.054060045523, 0.30062440142, 0.13061940385, 0.48349178702, 0.037806491032, 0.48268239973, 0.018724116175, 0.25952350744, 0.90813346345, 0.21669319885, 0.57908059909, 0.21927447165, 0.020713050733, 0.32574072304, 0.35266849633, 0.52656168377, 0.085008158426, 0.56343904689, 0.068250904582, 0.25416384459, 0.89427879084, 0.11082023007, 0.42792676546, 0.2729713536, 0.0093644608655, 0.19780256783, 0.48038040874, 0.50799525807, 0.11977947001, 0.61206985423, 0.091692825798, 0.21903338833, 0.87085606912, 0.19012757795],
