{
  "W": [
    [56, 9, 21, 14],
    [58, 22, 16, 4],
    [54, 16, 20, 10],
    [57, 13, 11, 19],
    [61, 14, 12, 13],
    [64, 11, 16, 9],
    [68, 12, 9, 11],
    [63, 14, 13, 10],
    [63, 13, 15, 9],
    [59, 15, 12, 14],
    [66, 6, 12, 16],
    [63, 14, 10, 13],
    [43, 32, 15, 10],
    [11, 61, 16, 12],
    [9, 63, 12, 16],
    [12, 63, 15, 10],
    [13, 62, 15, 10],
    [16, 59, 13, 12],
    [12, 63, 13, 12],
    [14, 61, 16, 9],
    [16, 59, 14, 11],
    [14, 64, 10, 12],
    [9, 61, 14, 16],
    [12, 62, 11, 15],
    [14, 62, 18, 6],
    [10, 15, 62, 13],
    [14, 13, 61, 12],
    [12, 16, 64, 8],
    [13, 16, 57, 14],
    [15, 9, 63, 13],
    [17, 14, 59, 10],
    [11, 10, 69, 10],
    [14, 13, 60, 13],
    [13, 18, 54, 15],
    [10, 13, 67, 10],
    [14, 14, 56, 16],
    [11, 10, 65, 14],
    [17, 9, 34, 40],
    [13, 12, 14, 61],
    [12, 11, 10, 67],
    [7, 14, 16, 63],
    [9, 8, 12, 71],
    [13, 11, 10, 66],
    [18, 15, 7, 60],
    [14, 10, 10, 66],
    [8, 9, 11, 72],
    [16, 17, 11, 56],
    [12, 14, 13, 61],
    [13, 12, 9, 66],
    [17, 16, 7, 60]
  ],
  "X": [
    [35, 48, 17],
    [32, 55, 13],
    [33, 48, 19],
    [28, 48, 24],
    [36, 49, 15],
    [39, 50, 11],
    [27, 62, 11],
    [33, 52, 15],
    [35, 52, 13],
    [39, 44, 17],
    [42, 46, 12],
    [27, 62, 11],
    [32, 43, 25],
    [16, 51, 33],
    [15, 54, 31],
    [18, 46, 36],
    [14, 51, 35],
    [18, 48, 34],
    [13, 54, 33],
    [18, 49, 33],
    [14, 48, 38],
    [18, 52, 30],
    [15, 46, 39],
    [15, 51, 34],
    [17, 45, 38],
    [21, 41, 38],
    [20, 32, 48],
    [23, 38, 39],
    [16, 46, 38],
    [25, 45, 30],
    [22, 41, 37],
    [16, 34, 50],
    [25, 42, 33],
    [20, 35, 45],
    [22, 37, 41],
    [24, 43, 33],
    [26, 39, 35],
    [21, 41, 38],
    [16, 62, 22],
    [19, 52, 29],
    [13, 57, 30],
    [14, 65, 21],
    [23, 54, 23],
    [20, 66, 14],
    [17, 60, 23],
    [17, 54, 29],
    [20, 60, 20],
    [15, 59, 26],
    [20, 53, 27],
    [18, 56, 26]
  ],
  "real_prob": [
    [0.42091621079, 0.54964446717, 0.029439322033],
    [0.12035020818, 0.52183208657, 0.35781770525],
    [0.21318746664, 0.26874359236, 0.518068941],
    [0.12392669424, 0.67812028522, 0.19795302054]
  ],
  "method": "mcmc",
  "mcmc_stepsize": 3000,
  "mcmc_samples": 1000,
  "prob": [
    [0.48826253722, 0.48069494783, 0.031042514955],
    [0.080649835575, 0.49441609574, 0.42493406869],
    [0.19515357046, 0.35199892175, 0.45284750779],
    [0.13353405675, 0.64569003469, 0.22077590857]
  ],
  "iterations": 18,
  "logLik": -594.6698865368,
  "time": 0.49989,
  "message": "Converged",
  "status": 0,
  "cond_prob": [
    [
      [0.5063104564, 0.04327064547, 0.19024690202, 0.16157097784, 0.4801261365, 0.52880667712, 0.35115322876, 0.64138988986, 0.013563407096, 0.42792267741, 0.45859986922, 0.1970391323, 0.4530684827, 0.072323897349, 0.23389843692, 0.097131817788, 0.53202019354, 0.64470131993, 0.43806464103, 0.73759136998, 0.014911323766, 0.28297478272, 0.32803692205, 0.16527681223, 0.46657406552, 0.11508907987, 0.20374759331, 0.18886233177, 0.50063666631, 0.48437956589, 0.35685686686, 0.60784096277, 0.032789268167, 0.40053135424, 0.43939553983, 0.20329670546, 0.42639393657, 0.018313511082, 0.12187057248, 0.11141545655, 0.49663340791, 0.44617944343, 0.33273644816, 0.53849800288, 0.076972655523, 0.53550704549, 0.54539297936, 0.35008654058, 0.49837638624, 0.09406476126],
      [0.2208181091, 0.12556280559, 0.47641592597, 0.47284581439, 0.39093499295, 0.6636590153, 0.025207687793, 0.43308942435, 0.38824689795, 0.2107781791, 0.50696524369, 0.086618963626, 0.26612648935, 0.14926577492, 0.4732720826, 0.60710341661, 0.43359603738, 0.67721250363, 0.019762673707, 0.30627761976, 0.30027747327, 0.17352172145, 0.35113630129, 0.073249985243, 0.18196134434, 0.055098144547, 0.62231415034, 0.57454925014, 0.48499669797, 0.76573422665, 0.026549548362, 0.35220076461, 0.33304195768, 0.1791676288, 0.46102402338, 0.063058824704, 0.16279683469, 0.095630413021, 0.50106592143, 0.54553501811, 0.4303124141, 0.72012953133, 0.037910055195, 0.39140615718, 0.4068907512, 0.18424005565, 0.47863717068, 0.07715912082, 0.19645373286, 0.099553742604],
      [0.4890670486, 0.55793372153, 0.47156080964, 0.7624694904, 0.032295780714, 0.36490715765, 0.33198545751, 0.13797676699, 0.55116460242, 0.061330872822, 0.23175612341, 0.1985894203, 0.42147477832, 0.45966690145, 0.35414666109, 0.57058747317, 0.027360619264, 0.47900222573, 0.41409721551, 0.23082310653, 0.55224749046, 0.059048368223, 0.23361323695, 0.14962603605, 0.42394684089, 0.5435012527, 0.36277352668, 0.65032616655, 0.023805668648, 0.39745037908, 0.40361323637, 0.2000477974, 0.36462484462, 0.072999912205, 0.20619662499, 0.072666905251, 0.61143918961, 0.63555540292, 0.44308314941, 0.78082491687, 0.023935965767, 0.29144468488, 0.35072022559, 0.14650817788, 0.53753900906, 0.12429816633, 0.217806542, 0.1641183158, 0.41825883778, 0.41932204313],
      [0.35837701931, 0.62209093056, 0.04420215316, 0.45637979054, 0.42381643869, 0.21379075364, 0.46530576685, 0.087682374834, 0.22152208766, 0.16572152477, 0.51788132299, 0.51677931696, 0.35524338123, 0.6746560844, 0.016812910159, 0.3955383082, 0.42323453111, 0.15962239084, 0.54106961744, 0.088327067206, 0.19836890922, 0.13658383115, 0.44266840207, 0.53995760268, 0.39345976904, 0.70482113651, 0.016261980491, 0.37171533012, 0.40817132173, 0.15859503234, 0.55137219741, 0.10037239934, 0.21756364441, 0.17966178067, 0.42865100257, 0.47461386192, 0.34797871945, 0.57358338764, 0.019976800023, 0.42501373874, 0.43445763614, 0.24675483169, 0.42820770589, 0.076560002223, 0.14803162988, 0.14661052375, 0.5296630386, 0.50800636759, 0.39061362517, 0.67587813299]
    ],
    [
      [0.042129255507, 0.41543363019, 0.46135474495, 0.17751134326, 0.52174118785, 0.099895648959, 0.14277522042, 0.15851832002, 0.44322043539, 0.48014377159, 0.38280770003, 0.63362420081, 0.03503837676, 0.41996057945, 0.47441707955, 0.20785747917, 0.42669331342, 0.067971482257, 0.17303345022, 0.11233683366, 0.54337518039, 0.54061951308, 0.36569378213, 0.72220411195, 0.029931506194, 0.39140900466, 0.46127276765, 0.16545905439, 0.53049845654, 0.098998013736, 0.19436124972, 0.15826253055, 0.45143552102, 0.51548300962, 0.36366009089, 0.6018752961, 0.018066022439, 0.38551897665, 0.44197865939, 0.23986217335, 0.4583628295, 0.073062075797, 0.10160498644, 0.084823858711, 0.511390407, 0.4612078262, 0.36886222285, 0.67658369296, 0.030246763503, 0.46573009801],
      [0.52953279071, 0.23859244833, 0.54472955861, 0.10698690049, 0.20015819682, 0.12708688168, 0.42804256003, 0.52133898385, 0.44364346164, 0.68377288141, 0.02722788136, 0.37167411566, 0.35619834154, 0.18914023692, 0.53016433754, 0.088178672109, 0.20911813461, 0.12012300494, 0.44554547915, 0.44933972203, 0.29473987417, 0.65337558785, 0.024290183309, 0.46248160586, 0.49614199123, 0.22650140721, 0.48574271705, 0.077775537214, 0.22968925384, 0.12149481972, 0.47489904105, 0.50004091856, 0.3662210976, 0.68468283222, 0.039358241899, 0.42218354423, 0.40408964856, 0.19382234806, 0.5266498823, 0.083316513561, 0.19499746957, 0.15855389247, 0.44167981582, 0.47014314757, 0.34295790315, 0.58239419544, 0.031670301877, 0.44654033887, 0.46204462729, 0.25905191209],
      [0.50447063263, 0.1069758095, 0.2004355629, 0.14797320243, 0.45650953493, 0.40481335453, 0.36886750827, 0.57637837078, 0.039019832437, 0.48821083598, 0.43069692883, 0.27564842679, 0.54117049729, 0.060823624368, 0.16867883871, 0.11195806331, 0.38066467683, 0.34885458083, 0.25839913277, 0.53110315624, 0.078164825879, 0.5903217948, 0.57292202852, 0.35693878045, 0.56739004989, 0.12857190284, 0.20483481188, 0.12809262441, 0.36965648151, 0.40499442481, 0.3381458015, 0.68036001609, 0.062953468605, 0.46643367234, 0.45701938661, 0.1915473595, 0.4065162825, 0.040837885342, 0.1620119222, 0.059085899769, 0.53591619128, 0.46790932155, 0.39159023943, 0.65899262294, 0.057567526213, 0.49125279311, 0.44639783838, 0.28192147729, 0.60009506652, 0.039730129167],
