{
  "W": [
    [91, 5, 4],
    [86, 6, 8],
    [89, 6, 5],
    [92, 2, 6],
    [90, 4, 6],
    [92, 5, 3],
    [80, 8, 12],
    [89, 6, 5],
    [94, 3, 3],
    [93, 3, 4],
    [92, 4, 4],
    [89, 4, 7],
    [92, 4, 4],
    [90, 5, 5],
    [90, 1, 9],
    [92, 5, 3],
    [63, 30, 7],
    [8, 87, 5],
    [6, 89, 5],
    [6, 92, 2],
    [5, 90, 5],
    [5, 92, 3],
    [3, 92, 5],
    [8, 85, 7],
    [7, 89, 4],
    [3, 95, 2],
    [3, 90, 7],
    [5, 89, 6],
    [2, 92, 6],
    [6, 91, 3],
    [6, 86, 8],
    [5, 93, 2],
    [4, 92, 4],
    [7, 29, 64],
    [3, 6, 91],
    [5, 7, 88],
    [3, 5, 92],
    [6, 10, 84],
    [10, 2, 88],
    [5, 7, 88],
    [3, 3, 94],
    [4, 4, 92],
    [4, 5, 91],
    [9, 6, 85],
    [5, 7, 88],
    [1, 4, 95],
    [4, 8, 88],
    [5, 5, 90],
    [2, 7, 91],
    [5, 7, 88]
  ],
  "X": [
    [71, 29],
    [78, 22],
    [71, 29],
    [76, 24],
    [68, 32],
    [65, 35],
    [74, 26],
    [68, 32],
    [77, 23],
    [70, 30],
    [76, 24],
    [71, 29],
    [75, 25],
    [78, 22],
    [78, 22],
    [64, 36],
    [75, 25],
    [83, 17],
    [79, 21],
    [85, 15],
    [72, 28],
    [84, 16],
    [79, 21],
    [80, 20],
    [83, 17],
    [83, 17],
    [82, 18],
    [80, 20],
    [83, 17],
    [78, 22],
    [92, 8],
    [83, 17],
    [82, 18],
    [55, 45],
    [48, 52],
    [55, 45],
    [47, 53],
    [49, 51],
    [61, 39],
    [49, 51],
    [54, 46],
    [53, 47],
    [50, 50],
    [59, 41],
    [56, 44],
    [50, 50],
    [49, 51],
    [51, 49],
    [52, 48],
    [52, 48]
  ],
  "real_prob": [
    [0.74420115979, 0.25579884021],
    [0.82271746297, 0.17728253703],
    [0.51072938271, 0.48927061729]
  ],
  "method": "exact",
  "prob": [
    [0.73394594092, 0.26605405908],
    [0.83702576779, 0.16297423221],
    [0.48870958078, 0.51129041922]
  ],
  "iterations": 4,
  "logLik": -145.2382709008,
  "time": 0.007336,
  "message": "Converged",
  "status": 0,
  "cond_prob": [
    [
      [0.71465601308, 0.82380785422, 0.46181588459, 0.28534398692, 0.17619214578, 0.53818411541, 0.79299709207, 0.87728806563, 0.56731521104, 0.20700290793, 0.12271193437, 0.43268478896, 0.71610236541, 0.82483632996, 0.46357429983, 0.28389763459, 0.17516367004, 0.53642570017, 0.77227405818, 0.86355845333, 0.53727829016, 0.22772594182, 0.13644154667, 0.46272170984, 0.6907947674, 0.8066117332, 0.43367066683, 0.3092052326, 0.1933882668, 0.56632933317, 0.65153526394, 0.77734641885, 0.39067454114, 0.34846473606, 0.22265358115, 0.60932545886, 0.76112511052, 0.85604855073, 0.52180022939, 0.23887488948, 0.14395144927, 0.47819977061, 0.68586290112, 0.80300919949, 0.42802932067, 0.31413709888, 0.19699080051, 0.57197067933, 0.77430759549, 0.86492821398],
      [0.54010046081, 0.22569240451, 0.13507178602, 0.45989953919, 0.70683510091, 0.81821699019, 0.45242116112, 0.29316489909, 0.18178300981, 0.54757883888, 0.76576804552, 0.85919683251, 0.52813812062, 0.23423195448, 0.14080316749, 0.47186187938, 0.7232936498, 0.82991560245, 0.47245753691, 0.2767063502, 0.17008439755, 0.52754246309, 0.75578591684, 0.85243324069, 0.51449067205, 0.24421408316, 0.14756675931, 0.48550932795, 0.78711133875, 0.87342521061, 0.55857069191, 0.21288866125, 0.12657478939, 0.44142930809, 0.79920176017, 0.88133009633, 0.57672349873, 0.20079823983, 0.11866990367, 0.42327650127, 0.64142714035, 0.76960317081, 0.38022907798, 0.35857285965, 0.23039682919, 0.61977092202, 0.73652044086, 0.83923335883, 0.48888735162, 0.26347955914],
      [0.16076664117, 0.51111264838, 0.75855867739, 0.85455462103, 0.51705571028, 0.24144132261, 0.14544537897, 0.48294428972, 0.70231983622, 0.81523073304, 0.44610914846, 0.29768016378, 0.18476926696, 0.55389085154, 0.76975013716, 0.86214116196, 0.53225613819, 0.23024986284, 0.13785883804, 0.46774386181, 0.61170019079, 0.74655482111, 0.35031302928, 0.38829980921, 0.25344517889, 0.64968697072, 0.75904444059, 0.85491390231, 0.51756626157, 0.24095555941, 0.14508609769, 0.48243373843, 0.69780951538, 0.81198447499, 0.44079995101, 0.30219048462, 0.18801552501, 0.55920004899, 0.7278755955, 0.83337391505, 0.47717320815, 0.2721244045, 0.16662608495, 0.52282679185, 0.75260605514, 0.85051430725, 0.50899606712, 0.24739394486, 0.14948569275, 0.49100393288]
    ],
    [
      [0.73743383554, 0.84010171424, 0.48901782049, 0.26256616446, 0.15989828576, 0.51098217951, 0.74764579254, 0.84710898012, 0.50246491588, 0.25235420746, 0.15289101988, 0.49753508412, 0.71890435587, 0.82707324293, 0.46599326669, 0.28109564413, 0.17292675707, 0.53400673331, 0.75526233565, 0.85232917898, 0.51253181039, 0.24473766435, 0.14767082102, 0.48746818961, 0.67938540151, 0.79850586309, 0.41988468339, 0.32061459849, 0.20149413691, 0.58011531661, 0.89177160077, 0.93903390214, 0.73655685146, 0.10822839923, 0.060966097863, 0.26344314854, 0.74029482965, 0.84207589244, 0.49273392719, 0.25970517035, 0.15792410756, 0.50726607281, 0.7347837027, 0.83823872371, 0.48572565208, 0.2652162973, 0.16176127629, 0.51427434792, 0.68104388526, 0.79944955726],
      [0.42263524442, 0.31895611474, 0.20055044274, 0.57736475558, 0.70477882046, 0.81662518408, 0.45039464213, 0.29522117954, 0.18337481592, 0.54960535787, 0.75512504035, 0.85183224147, 0.51433578532, 0.24487495965, 0.14816775853, 0.48566421468, 0.6992868767, 0.8126688273, 0.44389994819, 0.3007131233, 0.1873311727, 0.55610005181, 0.69385953338, 0.80875736584, 0.4374912993, 0.30614046662, 0.19124263416, 0.5625087007, 0.80202792791, 0.88302133371, 0.58197361424, 0.19797207209, 0.11697866629, 0.41802638576, 0.70587996737, 0.81742047892, 0.45168928194, 0.29412003263, 0.18257952108, 0.54831071806, 0.76131578743, 0.85602226982, 0.52285091307, 0.23868421257, 0.14397773018, 0.47714908693, 0.74936421168, 0.84788751888, 0.50664122911, 0.25063578832],
      [0.15211248112, 0.49335877089, 0.72259791598, 0.82929454966, 0.4721223691, 0.27740208402, 0.17070545034, 0.5278776309, 0.78069090019, 0.86902230076, 0.55011350698, 0.21930909981, 0.13097769924, 0.44988649302, 0.76281316482, 0.85704792063, 0.52484771286, 0.23718683518, 0.14295207937, 0.47515228714, 0.73155048579, 0.83556516856, 0.48343356674, 0.26844951421, 0.16443483144, 0.51656643326, 0.70491342844, 0.81672886796, 0.45052858344, 0.29508657156, 0.18327113204, 0.54947141656, 0.72876943244, 0.83362951431, 0.47986672518, 0.27123056756, 0.16637048569, 0.52013327482, 0.73720420706, 0.83950890916, 0.49064867277, 0.26279579294, 0.16049109084, 0.50935132723, 0.73119220587, 0.83532881107, 0.48291746924, 0.26880779413, 0.16467118893, 0.51708253076]
    ]
  ],
  "maxiter": 3600,
  "param_threshold": 0.001,
  "ll_threshold": "-Inf",
  "initial_prob": "group_proportional"
}
