{
  "W": [
    [49, 51],
    [58, 42],
    [43, 57],
    [46, 54],
    [40, 60],
    [49, 51],
    [51, 49],
    [48, 52],
    [40, 60],
    [53, 47],
    [45, 55],
    [56, 44],
    [48, 52],
    [56, 44],
    [52, 48],
    [52, 48],
    [53, 47],
    [55, 45],
    [50, 50],
    [57, 43],
    [51, 49],
    [45, 55],
    [50, 50],
    [49, 51],
    [48, 52],
    [55, 45],
    [59, 41],
    [45, 55],
    [49, 51],
    [40, 60],
    [48, 52],
    [57, 43],
    [44, 56],
    [50, 50],
    [49, 51],
    [47, 53],
    [43, 57],
    [52, 48],
    [55, 45],
    [52, 48],
    [54, 46],
    [52, 48],
    [51, 49],
    [47, 53],
    [50, 50],
    [50, 50],
    [52, 48],
    [60, 40],
    [46, 54],
    [49, 51]
  ],
  "X": [
    [41, 17, 42],
    [47, 17, 36],
    [38, 15, 47],
    [37, 20, 43],
    [40, 12, 48],
    [42, 14, 44],
    [38, 14, 48],
    [53, 13, 34],
    [38, 12, 50],
    [39, 13, 48],
    [42, 14, 44],
    [44, 18, 38],
    [41, 11, 48],
    [41, 6, 53],
    [40, 9, 51],
    [46, 13, 41],
    [47, 13, 40],
    [38, 17, 45],
    [35, 16, 49],
    [44, 11, 45],
    [41, 20, 39],
    [38, 11, 51],
    [41, 13, 46],
    [38, 10, 52],
    [45, 15, 40],
    [53, 4, 43],
    [41, 16, 43],
    [40, 13, 47],
    [49, 12, 39],
    [34, 8, 58],
    [53, 11, 36],
    [43, 16, 41],
    [46, 16, 38],
    [48, 13, 39],
    [43, 14, 43],
    [45, 12, 43],
    [38, 18, 44],
    [40, 14, 46],
    [45, 11, 44],
    [41, 10, 49],
    [46, 11, 43],
    [52, 12, 36],
    [46, 9, 45],
    [37, 20, 43],
    [42, 12, 46],
    [40, 8, 52],
    [38, 15, 47],
    [45, 10, 45],
    [45, 16, 39],
    [46, 18, 36]
  ],
  "real_prob": [
    [0.61577969086, 0.081685901924, 0.30253440722],
    [0.21652093758, 0.19314485567, 0.59033420675]
  ],
  "method": "exact",
  "prob": [
    [0.47196624056, 0.12126142997, 0.40677232947],
    [0.38003375944, 0.14393857003, 0.47602767053]
  ],
  "iterations": 38,
  "logLik": -278.7253361788,
  "time": 2.393197,
  "message": "Converged",
  "status": 0,
  "cond_prob": [
    [
      [0.45595821833, 0.36584406474, 0.15591197214, 0.18353555617, 0.38812980952, 0.45062037909, 0.50892529736, 0.41624601794, 0.15682962352, 0.18818766276, 0.33424507913, 0.3955663193, 0.43020791158, 0.34212385617, 0.13697952278, 0.15982246527, 0.43281256564, 0.49805367855, 0.41707852171, 0.3298960741, 0.18405145828, 0.2135857948, 0.39887002001, 0.45651813111, 0.45381802794, 0.36412131471, 0.10846888653, 0.12768740898, 0.43771308553, 0.50819127631, 0.46620080934, 0.37561098711, 0.12810606964, 0.15142750172, 0.40569312102, 0.47296151118, 0.42282964597, 0.33542220522, 0.12959588007, 0.15082877789, 0.44757447397, 0.51374901689, 0.57819048997, 0.4855164708, 0.11600657538, 0.14291700734, 0.30580293465, 0.37156652186, 0.4328912051, 0.3447391966],
      [0.10898770405, 0.12734153063, 0.45812109085, 0.52791927277, 0.43139979666, 0.34331512292, 0.12050973981, 0.14070178277, 0.44809046353, 0.51598309431, 0.46994116941, 0.37913904321, 0.12715545272, 0.15050917505, 0.40290337788, 0.47035178174, 0.48030131577, 0.38870741629, 0.16629273282, 0.19744561278, 0.35340595141, 0.41384697093, 0.45671517713, 0.36687829803, 0.10065472839, 0.11862640457, 0.44263009448, 0.5144952974, 0.44918742902, 0.36012509033, 0.055682568042, 0.065494913402, 0.49513000293, 0.57437999627, 0.44260028134, 0.35384969521, 0.08310187582, 0.097472967862, 0.47429784284, 0.54867733693, 0.50429237061, 0.4120165985, 0.11868206859, 0.14226109236, 0.3770255608, 0.44572230913, 0.51349616591, 0.42095113205, 0.11869146483, 0.14275217795]
    ],
    [
      [0.36781236925, 0.43629668999, 0.41925780482, 0.33201823856, 0.15846052833, 0.18410379871, 0.42228166686, 0.48387796273, 0.39225912456, 0.30774087544, 0.14876729711, 0.17123270289, 0.45897357833, 0.52102642167, 0.47918539204, 0.38805657334, 0.10176831508, 0.12091176838, 0.41904629288, 0.49103165828, 0.45417822886, 0.36401857813, 0.18413088276, 0.21651683631, 0.36169088838, 0.41946458556, 0.42824641331, 0.34052566183, 0.10076555873, 0.11755545195, 0.47098802796, 0.54191888622, 0.45491418496, 0.36508581504, 0.11940695593, 0.14059304407, 0.42567885911, 0.49432114089, 0.42455241669, 0.3371947369, 0.092227350104, 0.1074678401, 0.4832202332, 0.555337423, 0.49792959108, 0.40575730054, 0.13615477723, 0.16278020564, 0.36591563169, 0.43146249383],
      [0.57147204295, 0.4793119475, 0.036240341699, 0.044595137924, 0.39228761535, 0.47609291457, 0.44666376439, 0.35723994881, 0.14938119616, 0.17528071773, 0.40395503946, 0.46747933347, 0.44918926087, 0.35975424111, 0.11858407465, 0.13934030256, 0.43222666448, 0.50090545633, 0.53737047618, 0.44448718956, 0.1082147019, 0.13132312954, 0.35441482192, 0.4241896809, 0.39037505181, 0.30641663213, 0.073328516906, 0.084447655396, 0.53629643129, 0.60913571247, 0.57811501176, 0.48558614299, 0.098144041517, 0.12094396168, 0.32374094672, 0.39346989533, 0.46907716494, 0.37820003717, 0.14833516382, 0.17546268982, 0.38258767124, 0.44633727301, 0.51189992088, 0.41922149073, 0.14377509912, 0.1727481364, 0.34432497999, 0.40803037286, 0.52640725509, 0.43359274491]
    ],
    [
      [0.11772947757, 0.14227052243, 0.35586326734, 0.42413673266, 0.47649151178, 0.38533168476, 0.12784344208, 0.15167983016, 0.39566504614, 0.46298848508, 0.49877068156, 0.40675052767, 0.10868351476, 0.1300353737, 0.39254580368, 0.46321409862, 0.43029793597, 0.34205594304, 0.16441610448, 0.19175627206, 0.40528595955, 0.4661877849, 0.44273137969, 0.353707672, 0.12931646174, 0.15157383311, 0.42795215856, 0.49471849489, 0.49125426295, 0.39957812306, 0.10119591526, 0.12076054802, 0.40754982179, 0.47966132893, 0.45297779125, 0.36344072615, 0.092164112003, 0.10848887866, 0.45485809675, 0.52807039519, 0.50236156872, 0.41027120194, 0.10080983506, 0.1207884545, 0.39682859622, 0.46894034356, 0.56456391275, 0.47172242786, 0.10826253493, 0.13271558716],
      [0.32717355232, 0.39556198498, 0.50510574094, 0.41305320841, 0.081976159653, 0.098351344034, 0.4129180994, 0.48859544756, 0.41616210424, 0.32906379435, 0.18435810771, 0.21387111203, 0.39947978805, 0.45706509362, 0.46521012077, 0.37478987923, 0.10999218867, 0.13000781133, 0.42479769056, 0.49520230944, 0.44441541272, 0.35558458728, 0.07360125113, 0.08639874887, 0.48198333615, 0.55801666385, 0.42194205598, 0.33456277269, 0.1390973002, 0.16181125811, 0.43896064382, 0.5036259692, 0.48656751136, 0.39514873297, 0.092886235456, 0.11067064682, 0.42054625319, 0.49418062022, 0.4998420275, 0.40754197658, 0.14467091249, 0.17305811159, 0.35548706002, 0.41939991184, 0.50726469319, 0.41458882419, 0.16340797719, 0.19594135525, 0.32932732962, 0.38946982056]
    ]
  ],
  "maxiter": 3600,
  "param_threshold": 0.001,
  "ll_threshold": "-Inf",
  "initial_prob": "group_proportional"
}
