{
  "W": [
    [40, 60],
    [51, 49],
    [48, 52],
    [43, 57],
    [51, 49],
    [51, 49],
    [57, 43],
    [54, 46],
    [48, 52],
    [47, 53],
    [48, 52],
    [46, 54],
    [53, 47],
    [57, 43],
    [54, 46],
    [49, 51],
    [53, 47],
    [46, 54],
    [53, 47],
    [52, 48],
    [50, 50],
    [45, 55],
    [63, 37],
    [47, 53],
    [48, 52],
    [51, 49],
    [52, 48],
    [41, 59],
    [48, 52],
    [58, 42],
    [42, 58],
    [42, 58],
    [57, 43],
    [41, 59],
    [52, 48],
    [45, 55],
    [52, 48],
    [55, 45],
    [48, 52],
    [54, 46],
    [54, 46],
    [52, 48],
    [52, 48],
    [50, 50],
    [46, 54],
    [51, 49],
    [47, 53],
    [51, 49],
    [50, 50],
    [55, 45]
  ],
  "X": [
    [55, 34, 11],
    [56, 31, 13],
    [49, 35, 16],
    [57, 30, 13],
    [53, 29, 18],
    [55, 31, 14],
    [62, 27, 11],
    [63, 28, 9],
    [52, 37, 11],
    [60, 32, 8],
    [57, 29, 14],
    [63, 27, 10],
    [59, 29, 12],
    [62, 28, 10],
    [62, 23, 15],
    [48, 33, 19],
    [54, 31, 15],
    [55, 29, 16],
    [65, 21, 14],
    [50, 34, 16],
    [54, 28, 18],
    [57, 31, 12],
    [57, 35, 8],
    [55, 32, 13],
    [50, 33, 17],
    [55, 34, 11],
    [61, 27, 12],
    [56, 27, 17],
    [57, 27, 16],
    [62, 23, 15],
    [53, 29, 18],
    [46, 37, 17],
    [53, 36, 11],
    [58, 28, 14],
    [51, 38, 11],
    [49, 33, 18],
    [50, 37, 13],
    [67, 22, 11],
    [58, 28, 14],
    [50, 36, 14],
    [54, 31, 15],
    [59, 26, 15],
    [63, 26, 11],
    [59, 29, 12],
    [57, 27, 16],
    [56, 32, 12],
    [51, 25, 24],
    [58, 27, 15],
    [56, 32, 12],
    [56, 33, 11]
  ],
  "real_prob": [
    [0.71005440245, 0.26198475388, 0.027960843664],
    [0.4278877644, 0.32399421439, 0.24811802121]
  ],
  "method": "exact",
  "prob": [
    [0.6145563948, 0.29016175466, 0.095281850535],
    [0.5074436052, 0.31263824534, 0.17991814946]
  ],
  "iterations": 43,
  "logLik": -267.6598090344,
  "time": 2.101705,
  "message": "Converged",
  "status": 0,
  "cond_prob": [
    [
      [0.60748189017, 0.51167873989, 0.32136663566, 0.35242224289, 0.071151474164, 0.13589901722, 0.61097180141, 0.5069477169, 0.29826791075, 0.32221095004, 0.090760287839, 0.17084133307, 0.54595168098, 0.43835229448, 0.34193428699, 0.35744527355, 0.11211403203, 0.20420243197, 0.62852309063, 0.52585100181, 0.28547186891, 0.31095981819, 0.086005040457, 0.16318918001, 0.58735540645, 0.47030355655, 0.28408533766, 0.29615607713, 0.12855925589, 0.23354036631, 0.60223525628, 0.49563269245, 0.29950890668, 0.32091930121, 0.098255837045, 0.18344800634, 0.66304272701, 0.56294336187, 0.25829609, 0.28551448535, 0.078661182996, 0.15154215277, 0.67250762928, 0.58009973954, 0.26500179608, 0.29760658721, 0.062490574633, 0.12229367326, 0.56993319194, 0.47390782282],
      [0.35476468567, 0.38406336708, 0.075302122389, 0.1420288101, 0.6467452353, 0.55854667813, 0.30020908241, 0.33755043636, 0.053045682291, 0.10390288552, 0.62552937475, 0.51874211561, 0.27846055222, 0.30065179795, 0.096010073023, 0.18060608644, 0.68074043455, 0.58677666687, 0.2532820489, 0.28424121761, 0.065977516555, 0.12898211553, 0.63802177888, 0.53584778126, 0.2777996988, 0.30375778646, 0.084178522316, 0.16039443228, 0.66156399413, 0.56490354266, 0.26716718359, 0.29701094268, 0.07126882228, 0.13808551465, 0.67195448626, 0.55900995091, 0.2215310937, 0.23994175957, 0.10651442003, 0.20104828953, 0.53846713063, 0.42382569802, 0.32588328731, 0.33395527297, 0.13564958206, 0.242219029, 0.59143075253, 0.48200361949, 0.3013530802, 0.31975078191]
    ],
    [
      [0.10721616727, 0.19824559861, 0.61019762744, 0.49872053959, 0.28029573976, 0.29826659206, 0.1095066328, 0.20301286835, 0.70142223385, 0.59201322566, 0.2006751999, 0.22051520012, 0.097902566255, 0.18747157422, 0.55236920975, 0.44326668944, 0.33284528074, 0.34775094587, 0.11478550952, 0.20898236469, 0.59880598093, 0.48119401907, 0.27367282045, 0.28632717955, 0.12752119861, 0.23247880139, 0.6250400097, 0.52496726479, 0.29483722226, 0.32240590906, 0.080122768036, 0.15262682615, 0.60363497005, 0.51272964559, 0.33681000173, 0.37245864571, 0.059555028223, 0.1148117087, 0.60450901439, 0.50166181743, 0.30691376006, 0.33160477881, 0.088577225547, 0.16673340376, 0.5578012955, 0.446644958, 0.32286239402, 0.33658855936, 0.11933631047, 0.21676648264],
      [0.59785673057, 0.50018993348, 0.32575393418, 0.3548275379, 0.076389335247, 0.14498252862, 0.6590482709, 0.55686437319, 0.25762442994, 0.28340686756, 0.083327299156, 0.15972875925, 0.62714344131, 0.51334099841, 0.25991971543, 0.27700494352, 0.11293684327, 0.20965405807, 0.62871890362, 0.51579793512, 0.26076259775, 0.27852683285, 0.11051849863, 0.20567523204, 0.66794863871, 0.55378521321, 0.22257700419, 0.24025080374, 0.1094743571, 0.20596398305, 0.59680039903, 0.48162729725, 0.28171049813, 0.29600274273, 0.12148910284, 0.22236996001, 0.52175295107, 0.41528234578, 0.36236872621, 0.37552609481, 0.11587832272, 0.20919155941, 0.57207864763, 0.47422132756, 0.34814169139, 0.37571915327, 0.079779660976, 0.15005951917, 0.64223249226, 0.53675369182]
    ],
    [
      [0.26615885642, 0.28961842181, 0.091608651323, 0.17362788637, 0.55612069473, 0.46003591404, 0.36645804503, 0.39467045122, 0.077421260245, 0.14529363473, 0.55183175674, 0.43941038085, 0.32346386329, 0.33534774822, 0.12470437997, 0.22524187094, 0.54845188737, 0.44751045534, 0.35925428552, 0.38164119069, 0.092293827108, 0.17084835397, 0.71449131461, 0.61562172659, 0.20857018659, 0.23396977195, 0.076938498803, 0.15040850146, 0.63569387657, 0.52859026778, 0.26846890883, 0.29064408416, 0.095837214601, 0.18076564806, 0.54782225463, 0.44386083152, 0.35113958417, 0.37040135772, 0.1010381612, 0.18573781076, 0.59043001943, 0.4807995424, 0.30164821208, 0.31980427278, 0.10792176849, 0.19939618482, 0.64355647752, 0.53198048269, 0.25082323266, 0.26994149795],
      [0.10562028983, 0.19807801936, 0.67741793972, 0.5786305653, 0.24672669908, 0.27437940933, 0.075855361199, 0.14699002537, 0.64074657567, 0.53925342433, 0.27675474191, 0.30324525809, 0.082498682417, 0.15750131758, 0.63071477408, 0.51828000727, 0.2601827698, 0.27836282572, 0.10910245612, 0.20335716701, 0.60948581152, 0.50849435944, 0.30703028244, 0.33349909378, 0.083483906037, 0.15800654678, 0.57954176203, 0.44833089028, 0.24904768254, 0.25084450794, 0.17141055543, 0.30082460179, 0.63437203648, 0.52340869672, 0.26052601696, 0.27986067622, 0.10510194656, 0.19673062705, 0.61039841593, 0.50960158407, 0.30666772069, 0.33333227931, 0.082933863382, 0.15706613662, 0.60441745924, 0.50571199426, 0.31724962119, 0.34558379633, 0.078332919571, 0.14870420941]
    ]
  ],
  "maxiter": 3600,
  "param_threshold": 0.001,
  "ll_threshold": "-Inf",
  "initial_prob": "group_proportional"
}
