{
  "W": [
    [55, 18, 15, 12],
    [47, 20, 9, 24],
    [51, 16, 15, 18],
    [54, 15, 21, 10],
    [50, 20, 15, 15],
    [54, 16, 16, 14],
    [62, 12, 13, 13],
    [46, 18, 18, 18],
    [61, 16, 14, 9],
    [65, 13, 10, 12],
    [55, 11, 15, 19],
    [45, 19, 21, 15],
    [38, 34, 19, 9],
    [12, 54, 11, 23],
    [21, 53, 8, 18],
    [15, 56, 18, 11],
    [13, 60, 15, 12],
    [18, 50, 15, 17],
    [19, 51, 17, 13],
    [14, 59, 14, 13],
    [20, 56, 12, 12],
    [19, 52, 11, 18],
    [17, 55, 11, 17],
    [13, 59, 15, 13],
    [13, 57, 12, 18],
    [24, 13, 51, 12],
    [17, 13, 58, 12],
    [15, 15, 51, 19],
    [16, 14, 46, 24],
    [13, 11, 66, 10],
    [10, 20, 51, 19],
    [17, 13, 54, 16],
    [20, 15, 50, 15],
    [11, 14, 57, 18],
    [18, 18, 52, 12],
    [12, 13, 62, 13],
    [11, 11, 60, 18],
    [15, 10, 40, 35],
    [11, 15, 19, 55],
    [16, 16, 19, 49],
    [21, 16, 16, 47],
    [15, 16, 13, 56],
    [18, 17, 13, 52],
    [10, 8, 21, 61],
    [19, 14, 16, 51],
    [12, 19, 16, 53],
    [17, 11, 15, 57],
    [12, 15, 15, 58],
    [10, 14, 17, 59],
    [13, 19, 12, 56]
  ],
  "X": [
    [44, 56],
    [46, 54],
    [48, 52],
    [50, 50],
    [52, 48],
    [46, 54],
    [35, 65],
    [50, 50],
    [44, 56],
    [40, 60],
    [41, 59],
    [49, 51],
    [48, 52],
    [53, 47],
    [50, 50],
    [41, 59],
    [48, 52],
    [46, 54],
    [43, 57],
    [50, 50],
    [39, 61],
    [43, 57],
    [53, 47],
    [45, 55],
    [49, 51],
    [60, 40],
    [62, 38],
    [59, 41],
    [63, 37],
    [74, 26],
    [68, 32],
    [60, 40],
    [60, 40],
    [70, 30],
    [64, 36],
    [77, 23],
    [70, 30],
    [61, 39],
    [64, 36],
    [59, 41],
    [54, 46],
    [56, 44],
    [53, 47],
    [62, 38],
    [58, 42],
    [60, 40],
    [57, 43],
    [54, 46],
    [61, 39],
    [51, 49]
  ],
  "real_prob": [
    [0.28372646367, 0.71627353633],
    [0.40329915827, 0.59670084173],
    [0.83059689614, 0.16940310386],
    [0.65052136367, 0.34947863633]
  ],
  "method": "exact",
  "prob": [
    [0.30934089703, 0.69065910297],
    [0.38531660287, 0.61468339713],
    [0.83523180092, 0.16476819908],
    [0.62211069917, 0.37788930083]
  ],
  "iterations": 23,
  "logLik": -139.0753804292,
  "time": 0.509911,
  "message": "Converged",
  "status": 0,
  "cond_prob": [
    [
      [0.30919829368, 0.38539203952, 0.83719574307, 0.62492508253, 0.69080170632, 0.61460796048, 0.16280425693, 0.37507491747, 0.32145503634, 0.39890205674, 0.8446219612, 0.63799893776, 0.67854496366, 0.60109794326, 0.1553780388, 0.36200106224, 0.33256055837, 0.41109870286, 0.85118640467, 0.64966867819, 0.66743944163, 0.58890129714, 0.14881359533, 0.35033132181, 0.34891338774, 0.42887132466, 0.86020252866, 0.66613540905, 0.65108661226, 0.57112867534, 0.13979747134, 0.33386459095, 0.38220653181, 0.46433837737, 0.87640272261, 0.69712433486, 0.61779346819, 0.53566162263, 0.12359727739, 0.30287566514, 0.31946279332, 0.39674349663, 0.84355117276, 0.63602103218, 0.68053720668, 0.60325650337, 0.15644882724, 0.36397896782, 0.23262006107, 0.29803929354],
      [0.777488857, 0.53028688846, 0.76737993893, 0.70196070646, 0.222511143, 0.46971311154, 0.33559322405, 0.4144158648, 0.85293143122, 0.65280335362, 0.66440677595, 0.5855841352, 0.14706856878, 0.34719664638, 0.32601656036, 0.40394039772, 0.8474165598, 0.64290129084, 0.67398343964, 0.59605960228, 0.1525834402, 0.35709870916, 0.29934962452, 0.37441695815, 0.83076480845, 0.61393382216, 0.70065037548, 0.62558304185, 0.16923519155, 0.38606617784, 0.26267272632, 0.33289044103, 0.80390516311, 0.57013830286, 0.73732727368, 0.66710955897, 0.19609483689, 0.42986169714, 0.31765374252, 0.39476389255, 0.84251386215, 0.6341517682, 0.68234625748, 0.60523610745, 0.15748613785, 0.3658482318, 0.32591107391, 0.40382742369, 0.84736886357, 0.64280426426],
      [0.67408892609, 0.59617257631, 0.15263113643, 0.35719573574, 0.35792433942, 0.43848969644, 0.86463704707, 0.67458507832, 0.64207566058, 0.56151030356, 0.13536295293, 0.32541492168, 0.35980483495, 0.4404898767, 0.86554038754, 0.67632288336, 0.64019516505, 0.5595101233, 0.13445961246, 0.32367711664, 0.24153334952, 0.3084164324, 0.78556804783, 0.54231406199, 0.75846665048, 0.6915835676, 0.21443195217, 0.45768593801, 0.31712506305, 0.3941236027, 0.84197766035, 0.63335775943, 0.68287493695, 0.6058763973, 0.15802233965, 0.36664224057, 0.28969417163, 0.36355980108, 0.82405480757, 0.60274663195, 0.71030582837, 0.63644019892, 0.17594519243, 0.39725336805, 0.26229712827, 0.3324305569, 0.80344635273, 0.56952370498, 0.73770287173, 0.6675694431],
      [0.19655364727, 0.43047629502, 0.33994853009, 0.41910218803, 0.85517885984, 0.65701441902, 0.66005146991, 0.58089781197, 0.14482114016, 0.34298558098, 0.25016427275, 0.31843575798, 0.79321491904, 0.55381108913, 0.74983572725, 0.68156424202, 0.20678508096, 0.44618891087, 0.27735509073, 0.3496013771, 0.81507248144, 0.58806579838, 0.72264490927, 0.6503986229, 0.18492751856, 0.41193420162, 0.37673555668, 0.45852162421, 0.87377703607, 0.69207404755, 0.62326444332, 0.54147837579, 0.12622296393, 0.30792595245, 0.285782785, 0.35914859833, 0.82127066838, 0.59815357445, 0.714217215, 0.64085140167, 0.17872933162, 0.40184642555, 0.32605343139, 0.4039339762, 0.84727892482, 0.64276231393, 0.67394656861, 0.5960660238, 0.15272107518, 0.35723768607]
    ],
    [
      [0.27876116441, 0.35133391077, 0.81681455375, 0.59040408107, 0.72123883559, 0.64866608923, 0.18318544625, 0.40959591893, 0.25959440731, 0.32942166458, 0.80181845796, 0.56657857285, 0.74040559269, 0.67057833542, 0.19818154204, 0.43342142715, 0.24500154606, 0.31249697778, 0.78902105517, 0.54723412255, 0.75499845394, 0.68750302222, 0.21097894483, 0.45276587745, 0.29921955884, 0.37436322199, 0.8311015502, 0.61419711006, 0.70078044116, 0.62563677801, 0.1688984498, 0.38580288994, 0.36710784509, 0.44871648647, 0.87037953332, 0.68466674637, 0.63289215491, 0.55128351353, 0.12962046668, 0.31533325363, 0.3407486417, 0.42019141688, 0.85635978737, 0.65864926787, 0.6592513583, 0.57980858312, 0.14364021263, 0.34135073213, 0.24897590724, 0.31712856949],
      [0.79264528633, 0.55261829449, 0.75102409276, 0.68287143051, 0.20735471367, 0.44738170551, 0.27298705002, 0.3447502522, 0.81238721569, 0.58330962881, 0.72701294998, 0.6552497478, 0.18761278431, 0.41669037119, 0.33664756909, 0.415771953, 0.85424459096, 0.65467376185, 0.66335243091, 0.584228047, 0.14575540904, 0.34532623815, 0.31427432498, 0.39115899255, 0.84095403242, 0.63104921656, 0.68572567502, 0.60884100745, 0.15904596758, 0.36895078344, 0.42870164358, 0.5130404912, 0.89673077793, 0.73759581996, 0.57129835642, 0.4869595088, 0.10326922207, 0.26240418004, 0.31944258631, 0.39691457039, 0.84429668653, 0.63679278246, 0.68055741369, 0.60308542961, 0.15570331347, 0.36320721754, 0.27868957331, 0.35118549981, 0.81643633742, 0.59000994016],
      [0.72131042669, 0.64881450019, 0.18356366258, 0.40999005984, 0.35718165104, 0.43777181411, 0.86450635707, 0.67416006987, 0.64281834896, 0.56222818589, 0.13549364293, 0.32583993013, 0.32307887139, 0.40071196305, 0.84569486545, 0.6398192695, 0.67692112861, 0.59928803695, 0.15430513455, 0.3601807305, 0.2953100419, 0.36986574173, 0.82793922835, 0.60922573614, 0.7046899581, 0.63013425827, 0.17206077165, 0.39077426386, 0.30271021746, 0.37812583763, 0.83283286106, 0.61754475254, 0.69728978254, 0.62187416237, 0.16716713894, 0.38245524746, 0.28554973832, 0.35886758549, 0.8210348485, 0.59780582166, 0.71445026168, 0.64113241451, 0.1789651515, 0.40219417834, 0.31048853177, 0.38680625619, 0.8379717257, 0.62628292448, 0.68951146823, 0.61319374381],
