{
  "W": [
    [52, 18, 17, 13],
    [47, 16, 20, 17],
    [50, 17, 18, 15],
    [54, 10, 21, 15],
    [47, 16, 12, 25],
    [56, 16, 14, 14],
    [51, 25, 13, 11],
    [60, 11, 12, 17],
    [56, 15, 15, 14],
    [52, 22, 16, 10],
    [59, 10, 12, 19],
    [62, 11, 14, 13],
    [37, 35, 13, 15],
    [16, 52, 16, 16],
    [14, 49, 24, 13],
    [16, 59, 13, 12],
    [14, 56, 12, 18],
    [14, 58, 13, 15],
    [16, 57, 11, 16],
    [14, 54, 20, 12],
    [14, 51, 21, 14],
    [21, 48, 14, 17],
    [21, 57, 12, 10],
    [18, 58, 13, 11],
    [19, 53, 13, 15],
    [18, 14, 55, 13],
    [23, 13, 49, 15],
    [15, 12, 60, 13],
    [17, 8, 57, 18],
    [10, 17, 58, 15],
    [15, 15, 57, 13],
    [17, 18, 52, 13],
    [13, 16, 57, 14],
    [15, 22, 52, 11],
    [17, 16, 55, 12],
    [10, 20, 55, 15],
    [15, 17, 50, 18],
    [12, 25, 35, 28],
    [10, 9, 13, 68],
    [10, 17, 15, 58],
    [16, 18, 13, 53],
    [16, 14, 12, 58],
    [13, 13, 20, 54],
    [11, 9, 19, 61],
    [18, 11, 11, 60],
    [15, 11, 16, 58],
    [20, 11, 16, 53],
    [10, 20, 18, 52],
    [12, 17, 16, 55],
    [22, 13, 10, 55]
  ],
  "X": [
    [18, 82],
    [18, 82],
    [18, 82],
    [19, 81],
    [26, 74],
    [24, 76],
    [22, 78],
    [17, 83],
    [15, 85],
    [15, 85],
    [21, 79],
    [16, 84],
    [25, 75],
    [28, 72],
    [26, 74],
    [25, 75],
    [26, 74],
    [26, 74],
    [25, 75],
    [28, 72],
    [30, 70],
    [31, 69],
    [28, 72],
    [25, 75],
    [28, 72],
    [27, 73],
    [22, 78],
    [27, 73],
    [31, 69],
    [40, 60],
    [27, 73],
    [32, 68],
    [35, 65],
    [32, 68],
    [29, 71],
    [36, 64],
    [28, 72],
    [28, 72],
    [40, 60],
    [35, 65],
    [41, 59],
    [46, 54],
    [39, 61],
    [38, 62],
    [35, 65],
    [43, 57],
    [35, 65],
    [41, 59],
    [38, 62],
    [42, 58]
  ],
  "real_prob": [
    [0.045639813617, 0.95436018638],
    [0.26421999484, 0.73578000516],
    [0.34506710083, 0.65493289917],
    [0.51147900979, 0.48852099021]
  ],
  "method": "exact",
  "prob": [
    [0.047763706046, 0.95223629395],
    [0.25768550922, 0.74231449078],
    [0.32223247027, 0.67776752973],
    [0.52991831446, 0.47008168554]
  ],
  "iterations": 27,
  "logLik": -132.9134222106,
  "time": 0.466845,
  "message": "Converged",
  "status": 0,
  "cond_prob": [
    [
      [0.042561144359, 0.23383949312, 0.29604121432, 0.50346222876, 0.95743885564, 0.76616050688, 0.70395878568, 0.49653777124, 0.03609211504, 0.20416346289, 0.26106285205, 0.45975283211, 0.96390788496, 0.79583653711, 0.73893714795, 0.54024716789, 0.039478475066, 0.21992333277, 0.27973042372, 0.48348213085, 0.96052152493, 0.78007666723, 0.72026957628, 0.51651786915, 0.044577929069, 0.24267257053, 0.30629024181, 0.5155980698, 0.95542207093, 0.75732742947, 0.69370975819, 0.4844019302, 0.056230262345, 0.29035138555, 0.36043205424, 0.575454834, 0.94376973765, 0.70964861445, 0.63956794576, 0.424545166, 0.069642082042, 0.34031993112, 0.41556085638, 0.6312194656, 0.93035791796, 0.65968006888, 0.58443914362, 0.3687805344, 0.059553238801, 0.30342569915],
      [0.37508962994, 0.59099792302, 0.9404467612, 0.69657430085, 0.62491037006, 0.40900207698, 0.041627088113, 0.22992710009, 0.29157535775, 0.49848660701, 0.95837291189, 0.77007289991, 0.70842464225, 0.50151339299, 0.034605054267, 0.19744750634, 0.25319656781, 0.45017541777, 0.96539494573, 0.80255249366, 0.74680343219, 0.54982458223, 0.035564884876, 0.20196191027, 0.25856030604, 0.45704990638, 0.96443511512, 0.79803808973, 0.74143969396, 0.54295009362, 0.054065089413, 0.28234219682, 0.35162875334, 0.56669435349, 0.94593491059, 0.71765780318, 0.64837124666, 0.43330564651, 0.042825499634, 0.23539667388, 0.29800462833, 0.50641467795, 0.95717450037, 0.76460332612, 0.70199537167, 0.49358532205, 0.054450638591, 0.28312194935, 0.35224100105, 0.56646167541],
      [0.94554936141, 0.71687805065, 0.64775899895, 0.43353832459, 0.048607270466, 0.25889241916, 0.32459863682, 0.53539373044, 0.95139272953, 0.74110758084, 0.67540136318, 0.46460626956, 0.043513525702, 0.23714454001, 0.29954314773, 0.50628404878, 0.9564864743, 0.76285545999, 0.70045685227, 0.49371595122, 0.04432842986, 0.24076365312, 0.30376564387, 0.51139468483, 0.95567157014, 0.75923634688, 0.69623435613, 0.48860531517, 0.042128994966, 0.23106506925, 0.29247524276, 0.49782484887, 0.95787100503, 0.76893493075, 0.70752475724, 0.50217515113, 0.043858264098, 0.23866615189, 0.30131514123, 0.50841671047, 0.9561417359, 0.76133384811, 0.69868485877, 0.49158328953, 0.042049427008, 0.23076414181, 0.29214412087, 0.49750423469, 0.95795057299, 0.76923585819],
      [0.70785587913, 0.50249576531, 0.049679924226, 0.2633176521, 0.32964067287, 0.54104286581, 0.95032007577, 0.7366823479, 0.67035932713, 0.45895713419, 0.053229777844, 0.27771246796, 0.34595565974, 0.55902702786, 0.94677022216, 0.72228753204, 0.65404434026, 0.44097297214, 0.059536269429, 0.30239100477, 0.3736196192, 0.5884879673, 0.94046373057, 0.69760899523, 0.6263803808, 0.4115120327, 0.056968194332, 0.29260922097, 0.36274495293, 0.57720028889, 0.94303180567, 0.70739077903, 0.63725504707, 0.42279971111, 0.04599383558, 0.24796328859, 0.31209228242, 0.52118550455, 0.95400616442, 0.75203671141, 0.68790771758, 0.47881449545, 0.051520623975, 0.2709449566, 0.33834328786, 0.55083751349, 0.94847937602, 0.7290550434, 0.66165671214, 0.44916248651]
    ],
    [
      [0.043160094379, 0.23556110354, 0.29769057372, 0.50402163822, 0.95683990562, 0.76443889646, 0.70230942628, 0.49597836178, 0.03376681781, 0.19265198396, 0.24713083209, 0.4406317751, 0.96623318219, 0.80734801604, 0.75286916791, 0.5593682249, 0.041236575709, 0.22701140842, 0.28770953831, 0.49190324346, 0.95876342429, 0.77298859158, 0.71229046169, 0.50809675654, 0.048564881192, 0.25858754109, 0.32420409246, 0.53478130116, 0.95143511881, 0.74141245891, 0.67579590754, 0.46521869884, 0.070108347457, 0.3403096086, 0.41505195596, 0.62937598225, 0.92989165254, 0.6596903914, 0.58494804404, 0.37062401775, 0.041629966362, 0.22876925769, 0.28976532835, 0.49441445563, 0.95837003364, 0.77123074231, 0.71023467165, 0.50558554437, 0.055438358056, 0.28641746138],
      [0.3557361069, 0.56951969613, 0.94456164194, 0.71358253862, 0.6442638931, 0.43048030387, 0.05924320257, 0.30099795466, 0.37197974698, 0.58650182243, 0.94075679743, 0.69900204534, 0.62802025302, 0.41349817757, 0.055720829393, 0.28749739632, 0.35693789967, 0.57077036882, 0.94427917061, 0.71250260368, 0.64306210033, 0.42922963118, 0.048036061356, 0.25642470094, 0.32174595182, 0.53204703264, 0.95196393864, 0.74357529906, 0.67825404818, 0.46795296736, 0.059604972926, 0.30231631829, 0.37342630008, 0.58794516006, 0.94039502707, 0.69768368171, 0.62657369992, 0.41205483994, 0.041849436359, 0.2297255348, 0.29087454323, 0.49573317785, 0.95815056364, 0.7702744652, 0.70912545677, 0.50426682215, 0.037224305055, 0.20872098047, 0.26617356495, 0.46497175194],
      [0.96277569494, 0.79127901953, 0.73382643505, 0.53502824806, 0.042024828435, 0.23022416943, 0.29135034991, 0.49588499473, 0.95797517156, 0.76977583057, 0.70864965009, 0.50411500527, 0.037505727202, 0.20985501798, 0.26744897439, 0.46630470356, 0.9624942728, 0.79014498202, 0.73255102561, 0.53369529644, 0.055862734796, 0.28797409541, 0.35744801644, 0.57124223231, 0.9441372652, 0.71202590459, 0.64255198356, 0.42875776769, 0.065856439952, 0.32545409206, 0.39894405359, 0.61383812119, 0.93414356005, 0.67454590794, 0.60105594641, 0.38616187881, 0.04786481755, 0.255488468, 0.32059549646, 0.53045365479, 0.95213518245, 0.744511532, 0.67940450354, 0.46954634521, 0.041410759388, 0.22753398282, 0.2882234626, 0.49213819692, 0.95858924061, 0.77246601718],
