{
  "W": [
    [69, 17, 14],
    [74, 11, 15],
    [64, 19, 17],
    [64, 17, 19],
    [70, 15, 15],
    [69, 16, 15],
    [67, 11, 22],
    [72, 8, 20],
    [68, 14, 18],
    [72, 15, 13],
    [69, 16, 15],
    [61, 16, 23],
    [59, 22, 19],
    [65, 15, 20],
    [78, 13, 9],
    [69, 14, 17],
    [44, 35, 21],
    [18, 64, 18],
    [12, 74, 14],
    [23, 67, 10],
    [19, 67, 14],
    [17, 60, 23],
    [19, 69, 12],
    [14, 74, 12],
    [11, 76, 13],
    [15, 63, 22],
    [23, 62, 15],
    [21, 59, 20],
    [20, 65, 15],
    [14, 69, 17],
    [13, 70, 17],
    [11, 68, 21],
    [16, 71, 13],
    [13, 32, 55],
    [18, 14, 68],
    [15, 20, 65],
    [11, 21, 68],
    [14, 13, 73],
    [17, 17, 66],
    [18, 17, 65],
    [13, 16, 71],
    [21, 15, 64],
    [14, 17, 69],
    [14, 19, 67],
    [20, 19, 61],
    [12, 16, 72],
    [13, 24, 63],
    [16, 19, 65],
    [17, 22, 61],
    [21, 14, 65]
  ],
  "X": [
    [9, 35, 56],
    [11, 32, 57],
    [13, 27, 60],
    [10, 33, 57],
    [13, 36, 51],
    [13, 23, 64],
    [11, 27, 62],
    [14, 40, 46],
    [9, 28, 63],
    [8, 37, 55],
    [12, 37, 51],
    [11, 35, 54],
    [11, 32, 57],
    [6, 35, 59],
    [12, 40, 48],
    [15, 28, 57],
    [13, 28, 59],
    [11, 16, 73],
    [8, 19, 73],
    [6, 24, 70],
    [10, 19, 71],
    [6, 15, 79],
    [11, 17, 72],
    [16, 16, 68],
    [7, 27, 66],
    [10, 20, 70],
    [10, 20, 70],
    [10, 28, 62],
    [11, 20, 69],
    [7, 19, 74],
    [7, 14, 79],
    [6, 27, 67],
    [8, 18, 74],
    [13, 23, 64],
    [4, 18, 78],
    [10, 16, 74],
    [4, 20, 76],
    [11, 17, 72],
    [8, 24, 68],
    [8, 21, 71],
    [6, 20, 74],
    [8, 24, 68],
    [8, 20, 72],
    [9, 12, 79],
    [8, 21, 71],
    [9, 20, 71],
    [6, 16, 78],
    [8, 23, 69],
    [9, 19, 72],
    [5, 12, 83]
  ],
  "real_prob": [
    [0.13343070919, 0.43323190024, 0.43333739057],
    [0.079357240095, 0.15665391379, 0.76398884612],
    [0.05579141024, 0.13463444516, 0.8095741446]
  ],
  "method": "mult",
  "prob": [
    [0.12966659662, 0.40640345385, 0.46392994953],
    [0.088364473705, 0.16292065765, 0.74871486864],
    [0.063386343948, 0.14950693407, 0.78710672198]
  ],
  "iterations": 13,
  "logLik": -256.968471277,
  "time": 3.4e-05,
  "message": "Converged",
  "status": 0,
  "cond_prob": [
    [
      [0.10286823342, 0.070274340637, 0.050190307878, 0.43235596448, 0.17340220851, 0.15846041919, 0.46477580209, 0.75632345086, 0.79134927293, 0.12496282408, 0.08229960633, 0.058823720647, 0.3850107242, 0.14889392939, 0.1361651262, 0.49002645172, 0.76880646428, 0.80501115316, 0.15489888552, 0.10091470654, 0.07243831287, 0.352608875, 0.13483683914, 0.12384627728, 0.49249223948, 0.76424845432, 0.80371540985, 0.11754880815, 0.080559022447, 0.057707230902, 0.42359283574, 0.17039557564, 0.15618495303, 0.45885835611, 0.74904540192, 0.78610781606, 0.14615986898, 0.10445614005, 0.075552114396, 0.43500888423, 0.18252481379, 0.16891860816, 0.41883124678, 0.71301904616, 0.75552927744, 0.15448476138, 0.094239674025, 0.067237398702, 0.29486241421, 0.10560085429],
      [0.096402810898, 0.55065282442, 0.80015947169, 0.8363597904, 0.13223013732, 0.08400603917, 0.059922999171, 0.34833363426, 0.12991349258, 0.11857732034, 0.51943622842, 0.78608046825, 0.82149968049, 0.15556426419, 0.11752286226, 0.085676556051, 0.46990001468, 0.20844061738, 0.19443330641, 0.37453572113, 0.67403652036, 0.71989013754, 0.10717211236, 0.067431973222, 0.047855685845, 0.35911058546, 0.13264794595, 0.12045415453, 0.53371730217, 0.79992008083, 0.83169015962, 0.090150077674, 0.061905441582, 0.044129767786, 0.44639685407, 0.17998348611, 0.1641610124, 0.46345306826, 0.75811107231, 0.79170921981, 0.13507153, 0.097250690146, 0.070239617521, 0.44929706774, 0.18991634461, 0.17550800374, 0.41563140226, 0.71283296525, 0.75425237873, 0.12942063308],
      [0.092965573618, 0.067048123027, 0.45177292858, 0.1904586646, 0.17577045959, 0.41880643834, 0.71657576178, 0.75718141738, 0.13089807436, 0.090961783068, 0.065407542441, 0.42446158784, 0.17309071107, 0.15926452198, 0.4446403378, 0.73594750586, 0.77532793558, 0.070889338148, 0.047956985747, 0.03401940085, 0.44893613911, 0.17827534985, 0.16181946483, 0.48017452274, 0.7737676644, 0.80416113432, 0.12972099741, 0.093738673054, 0.067661111802, 0.45633424157, 0.19365596892, 0.17884028432, 0.41394476102, 0.71260535803, 0.75349860388, 0.17416022833, 0.11502495802, 0.082966867176, 0.34945248646, 0.13549884387, 0.12505395971, 0.47638728521, 0.7494761981, 0.79197917312, 0.16232229739, 0.11511639213, 0.083442267544, 0.41624910399, 0.17308026637, 0.16055110458]
    ],
    [
      [0.42142859862, 0.7118033415, 0.75600662787, 0.16365692308, 0.10534326942, 0.075617702504, 0.33502440259, 0.12613653747, 0.115884483, 0.50131867433, 0.76852019312, 0.8084978145, 0.11643960552, 0.078625816863, 0.056208027431, 0.41163660219, 0.16244727285, 0.14863187532, 0.47192379229, 0.75892691028, 0.79516009725, 0.081379955372, 0.055653858723, 0.039578974227, 0.44913427387, 0.17975552241, 0.16360090037, 0.46948577076, 0.76459061886, 0.79682012541, 0.14233949327, 0.094861706878, 0.068060751195, 0.38093595916, 0.14850967759, 0.13636853549, 0.47672454756, 0.75662861554, 0.79557071332, 0.095841910301, 0.058256444384, 0.041132356056, 0.33621377414, 0.11952304766, 0.10801316137, 0.56794431556, 0.82222050796, 0.85085448257, 0.1588919702, 0.10330974755],
      [0.074170034315, 0.34730836543, 0.13209549937, 0.12137322593, 0.49379966437, 0.76459475308, 0.80445673976, 0.22709193197, 0.15471626939, 0.11302739042, 0.33389301717, 0.13298276669, 0.12433684219, 0.43901505086, 0.71230096392, 0.7626357674, 0.091175074163, 0.069874414918, 0.050302570662, 0.52901465344, 0.23690700294, 0.21828039496, 0.37981027239, 0.69321858214, 0.73141703437, 0.14361499378, 0.099312360515, 0.071519363881, 0.41023356432, 0.16586937552, 0.15288781536, 0.44615144191, 0.73481826397, 0.77559282076, 0.14009729337, 0.093364173555, 0.066961272596, 0.38268785521, 0.14925658467, 0.13700153673, 0.47721485142, 0.75737924178, 0.79603719067, 0.12892742027, 0.09808894972, 0.071131764926, 0.49490867678, 0.22031883, 0.20448557006, 0.37616390296],
      [0.68159222028, 0.72438266501, 0.15356863948, 0.10450722067, 0.075290088601, 0.38959836248, 0.15511429259, 0.1430203859, 0.45683299804, 0.74037848674, 0.7816895255, 0.10331641889, 0.068620274301, 0.04886633782, 0.4080387931, 0.15843354706, 0.14440319265, 0.48864478801, 0.77294617864, 0.80673046953, 0.11186183433, 0.068321361398, 0.048384120914, 0.3281898268, 0.11716594395, 0.10619935142, 0.55994833887, 0.81451269465, 0.84541652767, 0.080268952305, 0.061245230558, 0.043968271455, 0.53423717043, 0.23819926723, 0.2188760581, 0.38549387726, 0.70055550221, 0.73715567044, 0.11743120786, 0.076567404333, 0.05457848246, 0.38156227104, 0.14547815262, 0.13271853417, 0.5010065211, 0.77795444305, 0.81270298337, 0.18891681445, 0.14393990712, 0.1057003089]
    ],
    [
      [0.44995251834, 0.20043270216, 0.18844028791, 0.36113066721, 0.65562739072, 0.70585940319, 0.07040645148, 0.044822854985, 0.031614954647, 0.39762892612, 0.14811367114, 0.13376269464, 0.5319646224, 0.80706347387, 0.83462235071, 0.16980764477, 0.11197406369, 0.080624712918, 0.35130275262, 0.13548420054, 0.12490627731, 0.47888960261, 0.75254173577, 0.79446900977, 0.068867345317, 0.046924247163, 0.03326314626, 0.45609395568, 0.18165226648, 0.16488403889, 0.47503869901, 0.77142348635, 0.80185281485, 0.1861968872, 0.12709216612, 0.092107208878, 0.36737501571, 0.14664624579, 0.1360909032, 0.44642809709, 0.72626158809, 0.77180188793, 0.1234682634, 0.090381185499, 0.065181813799, 0.47062347599, 0.20154095234, 0.18610317316, 0.40590826061, 0.70807786216],
