{
  "W": [
    [68, 14, 18],
    [64, 16, 20],
    [64, 19, 17],
    [67, 20, 13],
    [65, 19, 16],
    [59, 19, 22],
    [76, 6, 18],
    [68, 16, 16],
    [73, 14, 13],
    [67, 18, 15],
    [64, 14, 22],
    [67, 20, 13],
    [69, 15, 16],
    [65, 12, 23],
    [72, 21, 7],
    [56, 24, 20],
    [48, 42, 10],
    [14, 73, 13],
    [13, 65, 22],
    [22, 62, 16],
    [16, 70, 14],
    [15, 66, 19],
    [25, 60, 15],
    [17, 67, 16],
    [21, 63, 16],
    [16, 62, 22],
    [17, 74, 9],
    [22, 66, 12],
    [13, 68, 19],
    [24, 58, 18],
    [17, 63, 20],
    [21, 59, 20],
    [17, 66, 17],
    [16, 39, 45],
    [14, 26, 60],
    [16, 16, 68],
    [17, 23, 60],
    [17, 19, 64],
    [14, 18, 68],
    [17, 18, 65],
    [22, 19, 59],
    [13, 19, 68],
    [11, 14, 75],
    [17, 12, 71],
    [17, 22, 61],
    [15, 10, 75],
    [16, 10, 74],
    [17, 19, 64],
    [16, 17, 67],
    [10, 15, 75]
  ],
  "X": [
    [12, 29, 59],
    [13, 27, 60],
    [10, 29, 61],
    [10, 29, 61],
    [11, 26, 63],
    [12, 33, 55],
    [8, 33, 59],
    [9, 32, 59],
    [6, 28, 66],
    [11, 37, 52],
    [10, 26, 64],
    [12, 34, 54],
    [9, 36, 55],
    [12, 27, 61],
    [7, 38, 55],
    [13, 33, 54],
    [15, 32, 53],
    [17, 26, 57],
    [18, 17, 65],
    [17, 27, 56],
    [26, 23, 51],
    [25, 30, 45],
    [13, 30, 57],
    [13, 25, 62],
    [20, 24, 56],
    [16, 40, 44],
    [29, 22, 49],
    [19, 30, 51],
    [25, 22, 53],
    [18, 30, 52],
    [18, 29, 53],
    [19, 32, 49],
    [18, 18, 64],
    [30, 23, 47],
    [19, 28, 53],
    [25, 23, 52],
    [14, 31, 55],
    [15, 30, 55],
    [16, 24, 60],
    [18, 32, 50],
    [23, 20, 57],
    [20, 33, 47],
    [19, 25, 56],
    [24, 24, 52],
    [20, 18, 62],
    [19, 26, 55],
    [18, 25, 57],
    [20, 20, 60],
    [17, 19, 64],
    [25, 22, 53]
  ],
  "real_prob": [
    [0.030792122231, 0.36120880652, 0.60799907125],
    [0.22224057553, 0.23936548406, 0.53839394041],
    [0.24114022766, 0.23401807343, 0.52484169892]
  ],
  "method": "mult",
  "prob": [
    [0.041546069401, 0.3482132209, 0.6102407097],
    [0.23336665052, 0.25164051825, 0.51499283123],
    [0.22548405317, 0.22611043729, 0.54840550954]
  ],
  "iterations": 15,
  "logLik": -274.4318272634,
  "time": 4.1e-05,
  "message": "Converged",
  "status": 0,
  "cond_prob": [
    [
      [0.05027113673, 0.26963891677, 0.26037940082, 0.32725774652, 0.22654096163, 0.20327713551, 0.62247111675, 0.5038201216, 0.53634346367, 0.050925505502, 0.27154129709, 0.26171637364, 0.31021580679, 0.2137498622, 0.191421246, 0.63885868771, 0.51470884072, 0.54686238036, 0.038246095185, 0.21674483087, 0.20862445797, 0.32517810765, 0.23814642946, 0.21298551709, 0.63657579717, 0.54510873967, 0.57839002494, 0.040388725132, 0.22663108704, 0.21817699942, 0.32229041903, 0.23349841288, 0.208873813, 0.63732085584, 0.53987050008, 0.57294918758, 0.043221999756, 0.23835289422, 0.22879565242, 0.29334044756, 0.20898879374, 0.18640033267, 0.66343755268, 0.55265831204, 0.58480401491, 0.042484314147, 0.23725433174, 0.23020423679, 0.37870830131, 0.27366415921],
      [0.24670325053, 0.57880738454, 0.48908150904, 0.52309251268, 0.038759248651, 0.22078424861, 0.21340401895, 0.35720038652, 0.26173596147, 0.23511741424, 0.60404036483, 0.51747978993, 0.55147856681, 0.036859373483, 0.21123690353, 0.20398330071, 0.35298026021, 0.26108383511, 0.23427320556, 0.6101603663, 0.52767926135, 0.56174349373, 0.026811324628, 0.16070560578, 0.1536682571, 0.30080322055, 0.23226997729, 0.20639761701, 0.67238545483, 0.60702441692, 0.63993412588, 0.044536498991, 0.24774812661, 0.24153021609, 0.41227578963, 0.29610454034, 0.26823574001, 0.54318771137, 0.45614733304, 0.4902340439, 0.038492862432, 0.21704714774, 0.20808165073, 0.29361402968, 0.21393352471, 0.19056699211, 0.66789310789, 0.56901932755, 0.60135135715, 0.048930829678],
      [0.26567872841, 0.25822313419, 0.38147800528, 0.26743664055, 0.24152931598, 0.56959116504, 0.46688463104, 0.50024754983, 0.037513630838, 0.21550391498, 0.2093078848, 0.39535888023, 0.29302949401, 0.26446437995, 0.56712748893, 0.49146659101, 0.52622773525, 0.047694811643, 0.25810030139, 0.2485054712, 0.30838682177, 0.21557638557, 0.19286103511, 0.64391836659, 0.52632331304, 0.55863349369, 0.030463902943, 0.18166338364, 0.17642757363, 0.40702254624, 0.31284451889, 0.2823431828, 0.56251355082, 0.50549209747, 0.54122924357, 0.043967824943, 0.24380480992, 0.23676606179, 0.382740817, 0.27482966286, 0.24796014437, 0.57329135805, 0.48136552723, 0.51527379384, 0.045112832315, 0.24837971991, 0.24116525228, 0.37908360712, 0.27073755892, 0.24420249312]
    ],
    [
      [0.57580356057, 0.48088272117, 0.5146322546, 0.03371715796, 0.19432614464, 0.18709581051, 0.33488007981, 0.25134020993, 0.2247357676, 0.63140276223, 0.55433364544, 0.5881684219, 0.036420092438, 0.204402031, 0.19423416528, 0.22756464539, 0.1663201143, 0.14677637981, 0.73601526218, 0.6292778547, 0.6589894549, 0.037004755249, 0.21025264554, 0.20283538779, 0.34364994377, 0.25409806203, 0.2276699431, 0.61934530098, 0.53564929243, 0.56949466911, 0.057796716209, 0.29769869526, 0.28789700115, 0.32364084913, 0.21705056591, 0.19494157511, 0.61856243466, 0.48525073883, 0.51716142373, 0.053758410527, 0.28487202037, 0.2783753595, 0.41500897486, 0.28635318739, 0.25987315065, 0.53123261461, 0.42877479225, 0.46175148984, 0.028206547653, 0.16786509496],
      [0.16203655459, 0.36495920664, 0.28257829587, 0.25334005737, 0.6068342457, 0.54955660916, 0.58462338803, 0.025836842021, 0.15441181921, 0.14784998085, 0.31075624426, 0.24179344724, 0.21501615112, 0.66340691372, 0.60379473355, 0.63713386803, 0.044429158134, 0.24288991496, 0.23392990383, 0.31601969104, 0.22485106181, 0.20112682163, 0.63955115083, 0.53225902324, 0.56494327454, 0.031461420306, 0.18736883713, 0.18447516573, 0.50028362851, 0.38791244891, 0.35469476183, 0.46825495118, 0.42471871397, 0.46083007244, 0.067173549115, 0.33217597194, 0.32164779808, 0.31740357695, 0.20435605624, 0.18377571465, 0.61542287393, 0.46346797182, 0.49457648727, 0.041830224797, 0.23346082078, 0.22672005541, 0.38533499633, 0.27988303899, 0.25243867902, 0.57283477888],
      [0.48665614023, 0.52084126557, 0.053444320265, 0.28014238658, 0.27022444325, 0.31056740523, 0.21200122748, 0.18991368822, 0.6359882745, 0.50785638594, 0.53986186853, 0.04033325034, 0.22667963482, 0.21998695411, 0.38279713487, 0.27991941747, 0.25230483936, 0.57686961479, 0.49340094771, 0.52770820652, 0.037190228131, 0.21189501589, 0.2052989924, 0.37563973794, 0.27863404962, 0.25071752387, 0.58717003393, 0.5094709345, 0.54398348373, 0.041305603902, 0.23189731328, 0.22600820783, 0.4132871493, 0.30197076334, 0.27333223494, 0.54540724679, 0.46613192337, 0.50065955723, 0.037905730108, 0.21155152276, 0.20136546094, 0.23721735949, 0.17236064798, 0.15236752687, 0.7248769104, 0.61608782926, 0.64626701219, 0.070269814364, 0.3441690314, 0.33462925359]
    ],
    [
      [0.34755132418, 0.22158768138, 0.20008283066, 0.58217886145, 0.43424328721, 0.46528791574, 0.038876892588, 0.21991186814, 0.21336982515, 0.38329013855, 0.282244498, 0.25431353053, 0.57783296886, 0.49784363386, 0.53231664431, 0.056269906014, 0.29233768855, 0.28314117448, 0.3388866481, 0.22914458212, 0.20610619649, 0.60484344588, 0.47851772933, 0.51075262903, 0.028201355708, 0.1685655739, 0.16353959785, 0.40121422138, 0.31211459164, 0.28121460511, 0.57058442291, 0.51931983446, 0.55524579704, 0.030589848613, 0.18049012072, 0.17503562032, 0.39407496314, 0.3026078613, 0.27253446152, 0.57533518825, 0.51690201798, 0.55242991816, 0.032351177049, 0.18753485889, 0.18028756427, 0.32636076394, 0.24626558837, 0.21985884024, 0.64128805901, 0.56619955274],
