{
  "W": [
    [58, 16, 26],
    [68, 18, 14],
    [68, 14, 18],
    [58, 18, 24],
    [69, 14, 17],
    [64, 14, 22],
    [75, 9, 16],
    [70, 14, 16],
    [68, 16, 16],
    [61, 20, 19],
    [62, 16, 22],
    [65, 20, 15],
    [59, 14, 27],
    [65, 16, 19],
    [73, 15, 12],
    [70, 12, 18],
    [52, 33, 15],
    [12, 69, 19],
    [18, 69, 13],
    [14, 77, 9],
    [10, 74, 16],
    [19, 70, 11],
    [18, 71, 11],
    [14, 63, 23],
    [15, 66, 19],
    [22, 68, 10],
    [17, 63, 20],
    [13, 69, 18],
    [15, 63, 22],
    [9, 71, 20],
    [19, 67, 14],
    [16, 61, 23],
    [16, 74, 10],
    [20, 33, 47],
    [16, 19, 65],
    [19, 14, 67],
    [13, 14, 73],
    [21, 10, 69],
    [17, 14, 69],
    [17, 18, 65],
    [15, 13, 72],
    [15, 16, 69],
    [21, 16, 63],
    [18, 12, 70],
    [18, 24, 58],
    [22, 14, 64],
    [17, 18, 65],
    [21, 19, 60],
    [19, 24, 57],
    [26, 15, 59]
  ],
  "X": [
    [66, 10, 24],
    [62, 13, 25],
    [64, 16, 20],
    [65, 11, 24],
    [76, 8, 16],
    [66, 8, 26],
    [67, 16, 17],
    [68, 16, 16],
    [68, 12, 20],
    [71, 11, 18],
    [64, 11, 25],
    [67, 19, 14],
    [69, 10, 21],
    [68, 12, 20],
    [74, 14, 12],
    [79, 11, 10],
    [66, 15, 19],
    [69, 13, 18],
    [70, 14, 16],
    [68, 14, 18],
    [77, 12, 11],
    [75, 10, 15],
    [79, 7, 14],
    [71, 10, 19],
    [66, 17, 17],
    [67, 16, 17],
    [80, 7, 13],
    [64, 13, 23],
    [72, 11, 17],
    [77, 9, 14],
    [66, 19, 15],
    [69, 15, 16],
    [71, 14, 15],
    [64, 8, 28],
    [57, 10, 33],
    [65, 8, 27],
    [50, 6, 44],
    [55, 6, 39],
    [68, 3, 29],
    [70, 5, 25],
    [60, 6, 34],
    [70, 5, 25],
    [64, 6, 30],
    [56, 11, 33],
    [66, 10, 24],
    [64, 7, 29],
    [67, 7, 26],
    [59, 13, 28],
    [65, 9, 26],
    [62, 11, 27]
  ],
  "real_prob": [
    [0.70224855321, 0.15894592838, 0.13880551841],
    [0.70983181136, 0.15035877833, 0.13980941031],
    [0.59196158415, 0.018326028972, 0.38971238687]
  ],
  "method": "mcmc",
  "mcmc_stepsize": 3000,
  "mcmc_samples": 1000,
  "prob": [
    [0.7102240442, 0.15009862318, 0.13967733262],
    [0.73522788904, 0.13833651082, 0.12643560015],
    [0.57228789153, 0.038522588016, 0.38918952045]
  ],
  "iterations": 12,
  "logLik": -376.1523722203,
  "time": 0.412892,
  "message": "Converged",
  "status": 0,
  "cond_prob": [
    [
      [0.7072946802, 0.72239492465, 0.51609960591, 0.1272538488, 0.12108680685, 0.026226456154, 0.165451471, 0.1565182685, 0.45767393793, 0.63886735481, 0.67916760883, 0.45228592242, 0.15147529266, 0.11427138868, 0.045913935898, 0.20965735252, 0.20656100249, 0.50180014169, 0.66336262598, 0.6566009083, 0.53882937319, 0.18801343462, 0.17535973974, 0.042225004956, 0.1486239394, 0.16803935195, 0.41894562185, 0.68964273438, 0.71488156856, 0.50553554881, 0.13871485119, 0.12698063263, 0.027870301808, 0.17164241442, 0.1581377988, 0.46659414938, 0.78396828496, 0.81079206711, 0.6208881999, 0.093702200313, 0.082381565885, 0.022423897411, 0.12232951473, 0.106826367, 0.35668790269, 0.69852499212, 0.73980582756, 0.49714176902, 0.10262642997, 0.075119001768],
      [0.017283748061, 0.19884857791, 0.18507517067, 0.48557448292, 0.68521057445, 0.71627178637, 0.57267255245, 0.18412868728, 0.17566554225, 0.038084910842, 0.13066073827, 0.10806267138, 0.38924253671, 0.69437546338, 0.72084760584, 0.58136569262, 0.18685658559, 0.16110975128, 0.041531405682, 0.11876795104, 0.11804264288, 0.3771029017, 0.70540526154, 0.70878485961, 0.54324277883, 0.13712209616, 0.12668451511, 0.040546576215, 0.1574726423, 0.16453062528, 0.41621064495, 0.73804160096, 0.75113085825, 0.57667606191, 0.12934659779, 0.11799855433, 0.039467707793, 0.13261180125, 0.13087058742, 0.3838562303, 0.68421360873, 0.68004069338, 0.48627750748, 0.13300600985, 0.1295678697, 0.030933703356, 0.18278038142, 0.19039143691, 0.48278878916, 0.68069839484],
      [0.70033384526, 0.58319516203, 0.2164794421, 0.2003890661, 0.061403662761, 0.10282216306, 0.099277088643, 0.35540117521, 0.73055656961, 0.75610530234, 0.56709956148, 0.13101528118, 0.1101555454, 0.026960028691, 0.1384281492, 0.13373915226, 0.40594040983, 0.70827668753, 0.71771373814, 0.55150502634, 0.1421003023, 0.12931811437, 0.036546869501, 0.14962301017, 0.15296814749, 0.41194810416, 0.74561389142, 0.78613396419, 0.64818137193, 0.15681438562, 0.13305824469, 0.046389681585, 0.097571722951, 0.080807791115, 0.30542894649, 0.79393168082, 0.84387779957, 0.73879159711, 0.13149519428, 0.11118035678, 0.025620673301, 0.074573124908, 0.044941843656, 0.23558772959, 0.68100350171, 0.68880997666, 0.52380591209, 0.17227129055, 0.16270220714, 0.044848003735]
    ],
    [
      [0.14672520774, 0.1484878162, 0.43134608418, 0.7005523718, 0.72498361612, 0.55628958033, 0.17046451701, 0.14888459385, 0.0358625695, 0.12898311119, 0.12613179003, 0.40784785017, 0.71582677603, 0.72197849863, 0.56143089432, 0.16171591801, 0.15344824086, 0.038552681264, 0.12245730596, 0.12457326051, 0.40001642442, 0.69297546881, 0.69442302424, 0.53641895226, 0.14825766422, 0.15020783064, 0.039821082411, 0.15876686697, 0.15536914512, 0.42375996533, 0.76678328025, 0.78740462916, 0.69151404, 0.15161741634, 0.13396650247, 0.03564404087, 0.081599303412, 0.078628868375, 0.27284191913, 0.76981897607, 0.76861976927, 0.59727778232, 0.11897368988, 0.1061218341, 0.028270136873, 0.11120733405, 0.12525839663, 0.37445208081, 0.80460573224, 0.8136216387],
      [0.61363277018, 0.079760010008, 0.075202672501, 0.020448188389, 0.11563425775, 0.1111756888, 0.36591904143, 0.72208629198, 0.75757221325, 0.57233662945, 0.11892207197, 0.1161786947, 0.044166662004, 0.15899163606, 0.12624909204, 0.38349670855, 0.66081268309, 0.68691809345, 0.56585345189, 0.20716765467, 0.19294027625, 0.060969839328, 0.13201966224, 0.1201416303, 0.37317670878, 0.67763214851, 0.68544235, 0.54820129325, 0.1702858574, 0.1721051114, 0.055056356189, 0.1520819941, 0.14245253859, 0.39674235056, 0.81644794093, 0.83027540167, 0.69065173496, 0.087568970963, 0.080100470377, 0.023249892993, 0.095983088111, 0.089624127954, 0.28609837205, 0.6571415913, 0.6831458882, 0.46222739042, 0.15013848292, 0.14907364691, 0.042339893612, 0.19271992578],
      [0.16778046489, 0.49543271597, 0.71907248744, 0.76020017162, 0.60551372164, 0.14517878423, 0.12368111374, 0.046836730511, 0.13574872833, 0.11611871464, 0.34764954784, 0.76686744238, 0.80323089435, 0.65343997597, 0.11697371516, 0.10299057036, 0.031745303417, 0.11615884246, 0.093778535291, 0.31481472061, 0.65491907008, 0.68321929537, 0.55577463418, 0.2156561397, 0.2075768464, 0.071063188343, 0.12942479022, 0.10920385823, 0.37316217748, 0.69917293318, 0.71911467333, 0.60640165199, 0.17955301702, 0.17432114826, 0.064937464515, 0.1212740498, 0.10656417841, 0.3286608835, 0.72506398458, 0.7266486264, 0.56269778933, 0.14666837986, 0.15185337509, 0.041615616547, 0.12826763557, 0.12149799851, 0.39568659413, 0.70905001643, 0.73048336094, 0.54708614384]
    ],
    [
      [0.11944364686, 0.12099750687, 0.034429985878, 0.17150633672, 0.14851913219, 0.41848387028, 0.65641062866, 0.66249839753, 0.52169169828, 0.19818683125, 0.17964765647, 0.052549311187, 0.14540254009, 0.157853946, 0.42575899053, 0.72517788506, 0.74144259163, 0.60957349106, 0.15651668341, 0.14248911902, 0.04524381118, 0.11830543153, 0.11606828935, 0.34518269776, 0.64154394749, 0.66245858095, 0.44363710342, 0.14413062155, 0.12959599618, 0.031670657168, 0.21432543096, 0.20794542286, 0.52469223942, 0.69250107423, 0.69635747981, 0.48541887888, 0.12723452715, 0.13037264991, 0.029338383054, 0.18026439861, 0.17326987028, 0.48524273806, 0.79634012023, 0.8148023453, 0.62398529162, 0.069900578948, 0.059094952565, 0.014266098869, 0.13375930082, 0.12610270214],
