{
  "W": [
    [86, 7, 7],
    [86, 10, 4],
    [90, 5, 5],
    [86, 4, 10],
    [90, 8, 2],
    [84, 11, 5],
    [85, 7, 8],
    [90, 7, 3],
    [89, 6, 5],
    [85, 6, 9],
    [85, 10, 5],
    [86, 7, 7],
    [85, 6, 9],
    [84, 12, 4],
    [85, 7, 8],
    [85, 5, 10],
    [63, 31, 6],
    [7, 88, 5],
    [8, 81, 11],
    [9, 89, 2],
    [5, 81, 14],
    [5, 86, 9],
    [6, 86, 8],
    [7, 84, 9],
    [10, 86, 4],
    [6, 85, 9],
    [7, 85, 8],
    [6, 90, 4],
    [5, 90, 5],
    [7, 89, 4],
    [8, 83, 9],
    [7, 87, 6],
    [15, 82, 3],
    [12, 40, 48],
    [6, 4, 90],
    [7, 9, 84],
    [8, 4, 88],
    [4, 5, 91],
    [5, 8, 87],
    [7, 5, 88],
    [5, 6, 89],
    [4, 7, 89],
    [8, 5, 87],
    [6, 12, 82],
    [6, 12, 82],
    [6, 7, 87],
    [4, 4, 92],
    [6, 7, 87],
    [7, 3, 90],
    [4, 8, 88]
  ],
  "X": [
    [79, 21],
    [75, 25],
    [75, 25],
    [79, 21],
    [82, 18],
    [74, 26],
    [80, 20],
    [82, 18],
    [80, 20],
    [87, 13],
    [77, 23],
    [79, 21],
    [79, 21],
    [73, 27],
    [71, 29],
    [80, 20],
    [65, 35],
    [36, 64],
    [45, 55],
    [27, 73],
    [42, 58],
    [40, 60],
    [39, 61],
    [37, 63],
    [39, 61],
    [39, 61],
    [37, 63],
    [33, 67],
    [38, 62],
    [41, 59],
    [49, 51],
    [39, 61],
    [43, 57],
    [67, 33],
    [83, 17],
    [83, 17],
    [77, 23],
    [86, 14],
    [82, 18],
    [84, 16],
    [77, 23],
    [82, 18],
    [79, 21],
    [76, 24],
    [78, 22],
    [81, 19],
    [83, 17],
    [85, 15],
    [83, 17],
    [79, 21]
  ],
  "real_prob": [
    [0.81313655573, 0.18686344427],
    [0.33019183964, 0.66980816036],
    [0.84596013028, 0.15403986972]
  ],
  "method": "exact",
  "prob": [
    [0.81712014953, 0.18287985047],
    [0.31643930905, 0.68356069095],
    [0.85015389109, 0.14984610891]
  ],
  "iterations": 5,
  "logLik": -133.547298,
  "time": 0.012839,
  "message": "Converged",
  "status": 0,
  "cond_prob": [
    [
      [0.82299189053, 0.31925953164, 0.85541152753, 0.17700810947, 0.68074046836, 0.14458847247, 0.79977405103, 0.28770370384, 0.83559864329, 0.20022594897, 0.71229629616, 0.16440135671, 0.77385270272, 0.25740880027, 0.81324255083, 0.22614729728, 0.74259119973, 0.18675744917, 0.80692568607, 0.2967714974, 0.84173050087, 0.19307431393, 0.7032285026, 0.15826949913, 0.85787432244, 0.37771694857, 0.88478769606, 0.14212567756, 0.62228305143, 0.11521230394, 0.7946373312, 0.28132026255, 0.83118825825, 0.2053626688, 0.71867973745, 0.16881174175, 0.83244001073, 0.33361192596, 0.86341445077, 0.16755998927, 0.66638807404, 0.13658554923, 0.85307689085, 0.36867880237, 0.88077606904, 0.14692310915, 0.63132119763, 0.11922393096, 0.828481221, 0.32747378004],
      [0.86006573021, 0.171518779, 0.67252621996, 0.13993426979, 0.89430213355, 0.45822295859, 0.91499787743, 0.10569786645, 0.54177704141, 0.085002122569, 0.8188953498, 0.31342615685, 0.85192673971, 0.1811046502, 0.68657384315, 0.14807326029, 0.82299189053, 0.31925953164, 0.85541152753, 0.17700810947, 0.68074046836, 0.14458847247, 0.8173822853, 0.31111473582, 0.8506463705, 0.1826177147, 0.68888526418, 0.1493536295, 0.7902190232, 0.27600488692, 0.82738585206, 0.2097809768, 0.72399511308, 0.17261414794, 0.74265904771, 0.22658299148, 0.78598750055, 0.25734095229, 0.77341700852, 0.21401249945, 0.82195761265, 0.31764581937, 0.85453738278, 0.17804238735, 0.68235418063, 0.14546261722, 0.80597100634, 0.29608095657, 0.84088615779, 0.19402899366],
      [0.70391904343, 0.15911384221, 0.8060734547, 0.29719141091, 0.84092833139, 0.1939265453, 0.70280858909, 0.15907166861, 0.84309083814, 0.35382532299, 0.87231110299, 0.15690916186, 0.64617467701, 0.12768889701, 0.72717682365, 0.21247958222, 0.77236288471, 0.27282317635, 0.78752041778, 0.22763711529, 0.82223348357, 0.32003850709, 0.85469382201, 0.17776651643, 0.67996149291, 0.14530617799, 0.82682993227, 0.32719283797, 0.85858514147, 0.17317006773, 0.67280716203, 0.14141485853, 0.82006769539, 0.31693941823, 0.85285048246, 0.17993230461, 0.68306058177, 0.14714951754, 0.79670834472, 0.28484294005, 0.83291495804, 0.20329165528, 0.71515705995, 0.16708504196, 0.82098224077, 0.31832177666, 0.85362619994, 0.17901775923, 0.68167822334, 0.14637380006]
    ],
    [
      [0.81619858623, 0.31125579223, 0.84956290478, 0.18380141377, 0.68874420777, 0.15043709522, 0.80113597773, 0.29056919139, 0.83670836097, 0.19886402227, 0.70943080861, 0.16329163903, 0.79048780254, 0.27718672978, 0.82756687624, 0.20951219746, 0.72281327022, 0.17243312376, 0.82760814729, 0.3285084107, 0.85924046017, 0.17239185271, 0.6714915893, 0.14075953983, 0.84367998528, 0.3550903468, 0.87279980954, 0.15632001472, 0.6449096532, 0.12720019046, 0.87147855592, 0.40920267363, 0.89603884902, 0.12852144408, 0.59079732637, 0.10396115098, 0.82403123997, 0.32292535778, 0.85621253224, 0.17596876003, 0.67707464222, 0.14378746776, 0.83488648293, 0.34000621893, 0.86539760128, 0.16511351707, 0.65999378107, 0.13460239872, 0.85056567283, 0.36547022589],
      [0.87863339355, 0.14943432717, 0.63452977411, 0.12136660645, 0.82070984413, 0.3147937662, 0.85351739856, 0.17929015587, 0.6852062338, 0.14648260144, 0.85021993089, 0.3624525306, 0.87840937748, 0.14978006911, 0.6375474694, 0.12159062252, 0.75371858175, 0.23634648758, 0.79573710677, 0.24628141825, 0.76365351242, 0.20426289323, 0.85976149346, 0.3796083487, 0.88640562948, 0.14023850654, 0.6203916513, 0.11359437052, 0.83306577883, 0.33359296779, 0.86397617659, 0.16693422117, 0.66640703221, 0.13602382341, 0.83834299677, 0.34184406159, 0.86843612176, 0.16165700323, 0.65815593841, 0.13156387824, 0.76491776525, 0.24737831626, 0.80551844131, 0.23508223475, 0.75262168374, 0.19448155869, 0.82683603577, 0.32393899951, 0.85870879618, 0.17316396423],
      [0.67606100049, 0.14129120382, 0.78251795842, 0.26624671978, 0.82078876705, 0.21748204158, 0.73375328022, 0.17921123295, 0.79139200783, 0.27667342878, 0.82843374156, 0.20860799217, 0.72332657122, 0.17156625844, 0.81322466554, 0.30465593415, 0.84713147313, 0.18677533446, 0.69534406585, 0.15286852687, 0.81643517568, 0.30888416068, 0.84987586001, 0.18356482432, 0.69111583932, 0.15012413999, 0.81996357085, 0.31369562057, 0.85288438298, 0.18003642915, 0.68630437943, 0.14711561702, 0.86047281091, 0.3812628566, 0.88699221998, 0.13952718909, 0.6187371434, 0.11300778002, 0.81494646918, 0.30663826902, 0.84861622121, 0.18505353082, 0.69336173098, 0.15138377879, 0.7994385434, 0.28638817438, 0.83535386854, 0.2005614566, 0.71361182562, 0.16464613146]
    ]
  ],
  "maxiter": 3600,
  "param_threshold": 0.001,
  "ll_threshold": "-Inf",
  "initial_prob": "group_proportional"
}
