{
  "W": [
    [93, 7],
    [92, 8],
    [85, 15],
    [92, 8],
    [90, 10],
    [86, 14],
    [88, 12],
    [88, 12],
    [87, 13],
    [86, 14],
    [85, 15],
    [90, 10],
    [93, 7],
    [91, 9],
    [88, 12],
    [93, 7],
    [92, 8],
    [91, 9],
    [91, 9],
    [93, 7],
    [92, 8],
    [92, 8],
    [92, 8],
    [92, 8],
    [87, 13],
    [13, 87],
    [6, 94],
    [6, 94],
    [8, 92],
    [4, 96],
    [14, 86],
    [9, 91],
    [9, 91],
    [12, 88],
    [9, 91],
    [9, 91],
    [9, 91],
    [12, 88],
    [9, 91],
    [9, 91],
    [9, 91],
    [12, 88],
    [13, 87],
    [12, 88],
    [8, 92],
    [9, 91],
    [10, 90],
    [12, 88],
    [13, 87],
    [15, 85]
  ],
  "X": [
    [72, 28],
    [64, 36],
    [60, 40],
    [66, 34],
    [68, 32],
    [57, 43],
    [61, 39],
    [65, 35],
    [68, 32],
    [71, 29],
    [62, 38],
    [64, 36],
    [68, 32],
    [66, 34],
    [64, 36],
    [68, 32],
    [72, 28],
    [69, 31],
    [73, 27],
    [66, 34],
    [72, 28],
    [74, 26],
    [66, 34],
    [72, 28],
    [63, 37],
    [11, 89],
    [7, 93],
    [6, 94],
    [12, 88],
    [9, 91],
    [15, 85],
    [12, 88],
    [8, 92],
    [14, 86],
    [9, 91],
    [11, 89],
    [8, 92],
    [13, 87],
    [10, 90],
    [9, 91],
    [9, 91],
    [7, 93],
    [12, 88],
    [14, 86],
    [5, 95],
    [9, 91],
    [12, 88],
    [8, 92],
    [10, 90],
    [14, 86]
  ],
  "real_prob": [
    [0.72899330846, 0.27100669154],
    [0.034472054658, 0.96552794534]
  ],
  "method": "exact",
  "prob": [
    [0.73854027523, 0.26145972477],
    [0.031459724767, 0.96854027523]
  ],
  "iterations": 6,
  "logLik": -123.8263439103,
  "time": 0.003549,
  "message": "Converged",
  "status": 0,
  "cond_prob": [
    [
      [0.77142392384, 0.036796440435, 0.22857607616, 0.96320355957, 0.69345984922, 0.025211734001, 0.30654015078, 0.974788266, 0.7012839923, 0.026057376963, 0.2987160077, 0.97394262304, 0.71497251609, 0.027816064916, 0.28502748391, 0.97218393508, 0.75186367794, 0.033226898529, 0.24813632206, 0.96677310147, 0.65926317336, 0.021669077953, 0.34073682664, 0.97833092205, 0.68980390954, 0.024771330033, 0.31019609046, 0.97522866997, 0.73448093236, 0.030473162706, 0.26551906764, 0.96952683729, 0.77598816827, 0.037617643099, 0.22401183173, 0.9623823569, 0.81780495719, 0.047769548703, 0.18219504281, 0.9522304513, 0.7242957539, 0.028990727876, 0.2757042461, 0.97100927212, 0.70811887224, 0.026930149872, 0.29188112776, 0.97306985013, 0.72894560373, 0.029722693261],
      [0.27105439627, 0.97027730674, 0.72242672574, 0.028796439754, 0.27757327426, 0.97120356025, 0.7233331264, 0.028890406419, 0.2766668736, 0.97110959358, 0.72894560373, 0.029722693261, 0.27105439627, 0.97027730674, 0.7792728797, 0.0383618835, 0.2207271203, 0.9616381165, 0.75490350641, 0.033753435149, 0.24509649359, 0.96624656485, 0.79798867363, 0.042558966614, 0.20201132637, 0.95744103339, 0.70765281784, 0.026898277334, 0.29234718216, 0.97310172267, 0.7792728797, 0.0383618835, 0.2207271203, 0.9616381165, 0.80058979532, 0.043217353822, 0.19941020468, 0.95678264618, 0.71497251609, 0.027816064916, 0.28502748391, 0.97218393508, 0.7792728797, 0.0383618835, 0.2207271203, 0.9616381165, 0.71989194762, 0.028415427441, 0.28010805238, 0.97158457256]
    ],
    [
      [0.69404565024, 0.022728810883, 0.30595434976, 0.97727118912, 0.74173708493, 0.027123164792, 0.25826291507, 0.97287683521, 0.68328690785, 0.020215729286, 0.31671309215, 0.97978427071, 0.85214011817, 0.056335641898, 0.14785988183, 0.9436643581, 0.85639772816, 0.058066761327, 0.14360227184, 0.94193323867, 0.81104902702, 0.042387367694, 0.18895097298, 0.95761263231, 0.83472611727, 0.049312801589, 0.16527388273, 0.95068719841, 0.67990080175, 0.020669151475, 0.32009919825, 0.97933084853, 0.82564558899, 0.046502874228, 0.17435441101, 0.95349712577, 0.73225020091, 0.026480749361, 0.26774979909, 0.97351925064, 0.80811157347, 0.040955998228, 0.19188842653, 0.95904400177, 0.67990080175, 0.020669151475, 0.32009919825, 0.97933084853, 0.79829239282, 0.03886921916],
      [0.20170760718, 0.96113078084, 0.77453610463, 0.033287638004, 0.22546389537, 0.966712362, 0.73225020091, 0.026480749361, 0.26774979909, 0.97351925064, 0.73225020091, 0.026480749361, 0.26774979909, 0.97351925064, 0.50572633251, 0.010582772839, 0.49427366749, 0.98941722716, 0.73688528568, 0.027821738921, 0.26311471432, 0.97217826108, 0.82564558899, 0.046502874228, 0.17435441101, 0.95349712577, 0.50750845092, 0.010216656442, 0.49249154908, 0.98978334356, 0.73225020091, 0.026480749361, 0.26774979909, 0.97351925064, 0.81441263875, 0.042843040139, 0.18558736125, 0.95715695986, 0.56809341211, 0.013441807439, 0.43190658789, 0.98655819256, 0.64571957909, 0.018455695079, 0.35428042091, 0.98154430492, 0.75697909189, 0.031121336726, 0.24302090811, 0.96887866327]
    ]
  ],
  "maxiter": 3600,
  "param_threshold": 0.001,
  "ll_threshold": "-Inf",
  "initial_prob": "group_proportional"
}
