{
  "W": [
    [90, 10],
    [93, 7],
    [88, 12],
    [90, 10],
    [93, 7],
    [86, 14],
    [87, 13],
    [89, 11],
    [87, 13],
    [84, 16],
    [92, 8],
    [91, 9],
    [91, 9],
    [95, 5],
    [90, 10],
    [88, 12],
    [91, 9],
    [90, 10],
    [95, 5],
    [91, 9],
    [89, 11],
    [91, 9],
    [90, 10],
    [88, 12],
    [88, 12],
    [7, 93],
    [9, 91],
    [16, 84],
    [10, 90],
    [15, 85],
    [9, 91],
    [10, 90],
    [9, 91],
    [10, 90],
    [10, 90],
    [17, 83],
    [6, 94],
    [7, 93],
    [13, 87],
    [5, 95],
    [6, 94],
    [11, 89],
    [7, 93],
    [6, 94],
    [10, 90],
    [13, 87],
    [9, 91],
    [17, 83],
    [10, 90],
    [11, 89]
  ],
  "X": [
    [8, 92],
    [4, 96],
    [4, 96],
    [6, 94],
    [10, 90],
    [5, 95],
    [3, 97],
    [5, 95],
    [7, 93],
    [7, 93],
    [2, 98],
    [5, 95],
    [4, 96],
    [5, 95],
    [5, 95],
    [6, 94],
    [2, 98],
    [7, 93],
    [2, 98],
    [7, 93],
    [6, 94],
    [4, 96],
    [2, 98],
    [3, 97],
    [2, 98],
    [23, 77],
    [15, 85],
    [17, 83],
    [16, 84],
    [14, 86],
    [13, 87],
    [19, 81],
    [19, 81],
    [18, 82],
    [20, 80],
    [12, 88],
    [29, 71],
    [13, 87],
    [13, 87],
    [27, 73],
    [23, 77],
    [12, 88],
    [12, 88],
    [26, 74],
    [16, 84],
    [22, 78],
    [20, 80],
    [16, 84],
    [13, 87],
    [18, 82]
  ],
  "real_prob": [
    [0.034753016192, 0.96524698381],
    [0.1906055514, 0.8093944486]
  ],
  "method": "exact",
  "prob": [
    [0.032429876771, 0.96757012323],
    [0.19437012323, 0.80562987677]
  ],
  "iterations": 4,
  "logLik": -127.0151157202,
  "time": 0.00183,
  "message": "Converged",
  "status": 0,
  "cond_prob": [
    [
      [0.0555410258, 0.3001307678, 0.9444589742, 0.6998692322, 0.029350558437, 0.1814854379, 0.97064944156, 0.8185145621, 0.024416477614, 0.15427916416, 0.97558352239, 0.84572083584, 0.040497615805, 0.23552145776, 0.9595023842, 0.76447854224, 0.078641907238, 0.38375751813, 0.92135809276, 0.61624248187, 0.02904705694, 0.17871093594, 0.97095294306, 0.82128906406, 0.017408180402, 0.11426833116, 0.9825918196, 0.88573166884, 0.032101986509, 0.19481120007, 0.96789801349, 0.80518879993, 0.043381371948, 0.24814004927, 0.95661862805, 0.75185995073, 0.039519254573, 0.23002391349, 0.96048074543, 0.76997608651, 0.013701485187, 0.092432920344, 0.98629851481, 0.90756707966, 0.034473868796, 0.20698643773, 0.9655261312, 0.79301356227, 0.027176733937, 0.16965746798],
      [0.97282326606, 0.83034253202, 0.040240611261, 0.23542838605, 0.95975938874, 0.76457161395, 0.03325075474, 0.20074320734, 0.96674924526, 0.79925679266, 0.037822516704, 0.22263487751, 0.9621774833, 0.77736512249, 0.013173679031, 0.089021689797, 0.98682632097, 0.9109783102, 0.047929970812, 0.26863026269, 0.95207002919, 0.73136973731, 0.01556068899, 0.1043469092, 0.98443931101, 0.8956530908, 0.049623252064, 0.27603156247, 0.95037674794, 0.72396843753, 0.039120859202, 0.22893123009, 0.9608791408, 0.77106876991, 0.027176733937, 0.16965746798, 0.97282326606, 0.83034253202, 0.012683894554, 0.085844949015, 0.98731610545, 0.91415505098, 0.018009533067, 0.11793009085, 0.98199046693, 0.88206990915, 0.011803490156, 0.080107738856, 0.98819650984, 0.91989226114]
    ],
    [
      [0.043401637375, 0.24404503805, 0.95659836262, 0.75595496195, 0.026509494029, 0.16221334674, 0.97349050597, 0.83778665326, 0.033129504496, 0.19607057057, 0.9668704955, 0.80392942943, 0.028878802305, 0.17456902197, 0.97112119769, 0.82543097803, 0.026094686522, 0.16010093767, 0.97390531348, 0.83989906233, 0.022502487073, 0.14063162216, 0.97749751293, 0.85936837784, 0.03542889398, 0.20717456734, 0.96457110602, 0.79282543266, 0.03504875701, 0.20532484821, 0.96495124299, 0.79467515179, 0.033198022215, 0.19631133087, 0.96680197779, 0.80368866913, 0.037709343457, 0.21803229517, 0.96229065654, 0.78196770483, 0.022369653387, 0.13999657702, 0.97763034661, 0.86000342298, 0.058006235256, 0.30480811264, 0.94199376474, 0.69519188736, 0.022051864557, 0.13812512847],
      [0.97794813544, 0.86187487153, 0.023459922953, 0.14591978163, 0.97654007705, 0.85408021837, 0.052166162615, 0.28146493881, 0.94783383738, 0.71853506119, 0.042933937878, 0.24194038694, 0.95706606212, 0.75805961306, 0.020985031829, 0.13223780505, 0.97901496817, 0.86776219495, 0.020151602308, 0.12751547079, 0.97984839769, 0.87248452921, 0.050210608197, 0.27339081224, 0.9497893918, 0.72660918776, 0.028878802305, 0.17456902197, 0.97112119769, 0.82543097803, 0.043887839105, 0.24631561025, 0.95611216089, 0.75368438975, 0.037301306629, 0.21609107956, 0.96269869337, 0.78390892044, 0.031180710114, 0.18638467383, 0.96881928989, 0.81361532617, 0.02273461495, 0.14191837612, 0.97726538505, 0.85808162388, 0.033558650969, 0.19809949258, 0.96644134903, 0.80190050742]
    ]
  ],
  "maxiter": 3600,
  "param_threshold": 0.001,
  "ll_threshold": "-Inf",
  "initial_prob": "group_proportional"
}
