{
  "W": [
    [87, 13],
    [89, 11],
    [93, 7],
    [90, 10],
    [89, 11],
    [93, 7],
    [91, 9],
    [90, 10],
    [91, 9],
    [92, 8],
    [91, 9],
    [84, 16],
    [92, 8],
    [89, 11],
    [91, 9],
    [88, 12],
    [91, 9],
    [87, 13],
    [91, 9],
    [90, 10],
    [88, 12],
    [89, 11],
    [89, 11],
    [90, 10],
    [95, 5],
    [14, 86],
    [7, 93],
    [9, 91],
    [6, 94],
    [10, 90],
    [10, 90],
    [8, 92],
    [4, 96],
    [10, 90],
    [13, 87],
    [4, 96],
    [9, 91],
    [10, 90],
    [17, 83],
    [11, 89],
    [9, 91],
    [4, 96],
    [11, 89],
    [9, 91],
    [11, 89],
    [10, 90],
    [21, 79],
    [14, 86],
    [6, 94],
    [13, 87]
  ],
  "X": [
    [71, 29],
    [67, 33],
    [70, 30],
    [67, 33],
    [72, 28],
    [72, 28],
    [65, 35],
    [73, 27],
    [65, 35],
    [64, 36],
    [61, 39],
    [71, 29],
    [68, 32],
    [77, 23],
    [68, 32],
    [66, 34],
    [71, 29],
    [66, 34],
    [71, 29],
    [69, 31],
    [71, 29],
    [76, 24],
    [72, 28],
    [70, 30],
    [64, 36],
    [49, 51],
    [55, 45],
    [55, 45],
    [42, 58],
    [57, 43],
    [46, 54],
    [42, 58],
    [51, 49],
    [55, 45],
    [51, 49],
    [47, 53],
    [57, 43],
    [59, 41],
    [55, 45],
    [47, 53],
    [49, 51],
    [49, 51],
    [54, 46],
    [44, 56],
    [51, 49],
    [59, 41],
    [51, 49],
    [52, 48],
    [61, 39],
    [53, 47]
  ],
  "real_prob": [
    [0.70351843423, 0.29648156577],
    [0.49900745565, 0.50099254435]
  ],
  "method": "exact",
  "prob": [
    [0.71173594131, 0.28826405869],
    [0.49546405869, 0.50453594131]
  ],
  "iterations": 4,
  "logLik": -146.6119583427,
  "time": 0.002398,
  "message": "Converged",
  "status": 0,
  "cond_prob": [
    [
      [0.73749253264, 0.52601151231, 0.26250746736, 0.47398848769, 0.69434566224, 0.47302146009, 0.30565433776, 0.52697853991, 0.71520436796, 0.49799911137, 0.28479563204, 0.50200088863, 0.69216980028, 0.47047179746, 0.30783019972, 0.52952820254, 0.7430839533, 0.53322983239, 0.2569160467, 0.46677016761, 0.73485875109, 0.52259087839, 0.26514124891, 0.47740912161, 0.67023165112, 0.44543552758, 0.32976834888, 0.55456447242, 0.75074668974, 0.54327979233, 0.24925331026, 0.45672020767, 0.67023165112, 0.44543552758, 0.32976834888, 0.55456447242, 0.65808295795, 0.43204598363, 0.34191704205, 0.56795401637, 0.63049011487, 0.40282217185, 0.36950988513, 0.59717782815, 0.7435479773, 0.53387311918, 0.2564520227, 0.46612688082, 0.69766022069, 0.47690746208],
      [0.30233977931, 0.52309253792, 0.79110699122, 0.59922525289, 0.20889300878, 0.40077474711, 0.69983152983, 0.47948119844, 0.30016847017, 0.52051880156, 0.68670805149, 0.46414095573, 0.31329194851, 0.53585904427, 0.72923952924, 0.51546698216, 0.27076047076, 0.48453301784, 0.68888877377, 0.46666743705, 0.31111122623, 0.53333256295, 0.72923952924, 0.51546698216, 0.27076047076, 0.48453301784, 0.71179404974, 0.49385355236, 0.28820595026, 0.50614644764, 0.73544801874, 0.52338119588, 0.26455198126, 0.47661880412, 0.78156371628, 0.58552993194, 0.21843628372, 0.41447006806, 0.7430839533, 0.53322983239, 0.2569160467, 0.46677016761, 0.72157008577, 0.50586922805, 0.27842991423, 0.49413077195, 0.65132951022, 0.42473930586, 0.34867048978, 0.57526069414]
    ],
    [
      [0.68182135119, 0.45877326841, 0.31817864881, 0.54122673159, 0.74432261574, 0.53537356656, 0.25567738426, 0.46462643344, 0.74105775231, 0.53110417834, 0.25894224769, 0.46889582166, 0.63382797498, 0.40635140585, 0.36617202502, 0.59364859415, 0.75496084095, 0.54944879545, 0.24503915905, 0.45055120455, 0.6628586893, 0.43746014563, 0.3371413107, 0.56253985437, 0.62942930388, 0.40178875618, 0.37057069612, 0.59821124382, 0.71756344829, 0.50135152299, 0.28243655171, 0.49864847701, 0.73940524819, 0.52895497242, 0.26059475181, 0.47104502758, 0.70119026974, 0.481431339, 0.29880973026, 0.518568661, 0.68381235291, 0.46109115196, 0.31618764709, 0.53890884804, 0.75652372057, 0.55155259906, 0.24347627943, 0.44844740094, 0.77003621887, 0.56999597568],
      [0.22996378113, 0.43000402432, 0.72746197816, 0.51365236592, 0.27253802184, 0.48634763408, 0.66991037315, 0.44529197635, 0.33008962685, 0.55470802365, 0.6915588158, 0.47006561162, 0.3084411842, 0.52993438838, 0.70097592145, 0.48120933661, 0.29902407855, 0.51879066339, 0.72972984276, 0.51655024415, 0.27027015724, 0.48344975585, 0.64638643668, 0.41958815461, 0.35361356332, 0.58041184539, 0.70492074535, 0.48590867192, 0.29507925465, 0.51409132808, 0.77003621887, 0.56999597568, 0.22996378113, 0.43000402432, 0.68575643501, 0.463279935, 0.31424356499, 0.536720065, 0.70784189876, 0.48942108625, 0.29215810124, 0.51057891375, 0.79011879645, 0.59850305555, 0.20988120355, 0.40149694445, 0.71804051534, 0.50190199196, 0.28195948466, 0.49809800804]
    ]
  ],
  "maxiter": 3600,
  "param_threshold": 0.001,
  "ll_threshold": "-Inf",
  "initial_prob": "group_proportional"
}
