{
  "W": [
    [90, 2, 3, 5],
    [88, 5, 4, 3],
    [83, 5, 4, 8],
    [86, 7, 3, 4],
    [89, 6, 3, 2],
    [86, 7, 4, 3],
    [90, 2, 5, 3],
    [90, 3, 1, 6],
    [86, 6, 5, 3],
    [90, 3, 4, 3],
    [91, 3, 3, 3],
    [91, 3, 2, 4],
    [47, 43, 8, 2],
    [4, 87, 3, 6],
    [4, 89, 5, 2],
    [7, 87, 3, 3],
    [3, 91, 2, 4],
    [5, 86, 3, 6],
    [7, 87, 3, 3],
    [3, 93, 1, 3],
    [2, 86, 4, 8],
    [4, 90, 2, 4],
    [3, 88, 3, 6],
    [4, 87, 5, 4],
    [5, 87, 5, 3],
    [2, 3, 93, 2],
    [1, 2, 93, 4],
    [4, 6, 88, 2],
    [1, 4, 92, 3],
    [6, 1, 89, 4],
    [2, 6, 87, 5],
    [2, 6, 86, 6],
    [4, 5, 87, 4],
    [4, 2, 91, 3],
    [8, 5, 83, 4],
    [4, 4, 92, 0],
    [2, 8, 87, 3],
    [3, 2, 50, 45],
    [4, 4, 2, 90],
    [4, 3, 6, 87],
    [2, 6, 4, 88],
    [3, 2, 6, 89],
    [4, 5, 0, 91],
    [7, 2, 4, 87],
    [5, 3, 5, 87],
    [6, 5, 2, 87],
    [7, 2, 4, 87],
    [3, 3, 4, 90],
    [2, 5, 3, 90],
    [2, 3, 4, 91]
  ],
  "X": [
    [27, 37, 36],
    [23, 41, 36],
    [29, 29, 42],
    [34, 32, 34],
    [27, 46, 27],
    [30, 37, 33],
    [27, 42, 31],
    [25, 34, 41],
    [29, 32, 39],
    [29, 42, 29],
    [41, 36, 23],
    [26, 38, 36],
    [26, 43, 31],
    [41, 35, 24],
    [46, 32, 22],
    [36, 42, 22],
    [41, 34, 25],
    [42, 36, 22],
    [36, 47, 17],
    [36, 43, 21],
    [44, 29, 27],
    [38, 44, 18],
    [41, 39, 20],
    [43, 42, 15],
    [35, 38, 27],
    [43, 15, 42],
    [33, 8, 59],
    [32, 11, 57],
    [43, 18, 39],
    [40, 14, 46],
    [43, 13, 44],
    [30, 18, 52],
    [40, 18, 42],
    [34, 17, 49],
    [50, 14, 36],
    [34, 11, 55],
    [46, 16, 38],
    [32, 8, 60],
    [50, 12, 38],
    [54, 9, 37],
    [54, 12, 34],
    [46, 9, 45],
    [46, 6, 48],
    [57, 6, 37],
    [29, 16, 55],
    [49, 5, 46],
    [58, 5, 37],
    [50, 7, 43],
    [47, 6, 47],
    [44, 2, 54]
  ],
  "real_prob": [
    [0.25869602218, 0.42062420301, 0.32067977481],
    [0.40933439275, 0.41493373606, 0.17573187119],
    [0.36460741934, 0.13575092494, 0.49964165572],
    [0.49718692658, 0.049236790231, 0.45357628319]
  ],
  "method": "exact",
  "prob": [
    [0.26932262593, 0.3953353793, 0.33534199477],
    [0.39785958642, 0.41133987994, 0.19080053364],
    [0.38437056955, 0.12399985427, 0.49162957618],
    [0.4972472181, 0.050124886494, 0.45262789541]
  ],
  "iterations": 4,
  "logLik": -299.0748250091,
  "time": 0.358727,
  "message": "Converged",
  "status": 0,
  "cond_prob": [
    [
      [0.25328767335, 0.38054584674, 0.36120561817, 0.47188017017, 0.3949523968, 0.41679195607, 0.12258819935, 0.050587155653, 0.35175992986, 0.20266219719, 0.51620618248, 0.47753267417, 0.21379795142, 0.32752018799, 0.31767275438, 0.42582943925, 0.43119850567, 0.46397314941, 0.13941864054, 0.058997063815, 0.35500354291, 0.2085066626, 0.54290860507, 0.51517349693, 0.2647533617, 0.408003737, 0.34772204703, 0.44932051321, 0.32047255061, 0.34692278382, 0.091663652576, 0.03743872121, 0.41477408769, 0.24507347918, 0.5606143004, 0.51324076558, 0.31784754688, 0.46234806797, 0.42655419127, 0.5372529797, 0.3386413385, 0.34602281576, 0.098996574052, 0.039423864116, 0.34351111462, 0.19162911627, 0.47444923468, 0.42332315619, 0.25341436655, 0.36623796343],
      [0.3993769513, 0.52528137148, 0.47715791716, 0.48441518305, 0.16354960478, 0.067902730192, 0.2694277163, 0.14934685351, 0.43707344392, 0.40681589832, 0.27918652069, 0.41054149635, 0.3962921819, 0.51033333962, 0.39011407397, 0.40296854511, 0.12055944165, 0.049057351978, 0.33069940534, 0.18648995853, 0.48314837645, 0.44060930841, 0.25357282394, 0.37171156748, 0.38446501896, 0.50423253857, 0.44624791007, 0.45950718933, 0.14716964542, 0.060941829329, 0.30017926599, 0.16878124319, 0.46836533562, 0.4348256321, 0.2339457162, 0.36406825361, 0.32055168131, 0.42202151667, 0.3604676799, 0.39397893355, 0.10755718732, 0.044735803483, 0.4055866039, 0.24195281284, 0.57189113137, 0.53324267985, 0.27102773047, 0.41136076065, 0.36346034746, 0.46871629269],
      [0.33965156386, 0.3620910864, 0.09921864432, 0.04044192271, 0.38932070567, 0.22654815295, 0.53732100822, 0.4908417846, 0.27292664807, 0.39374438042, 0.41261102008, 0.53497481723, 0.44322607393, 0.44917496874, 0.14576721659, 0.059686524595, 0.283847278, 0.15708065084, 0.44162176333, 0.40533865818, 0.39285392114, 0.52623452881, 0.55292820098, 0.67093499567, 0.37856746131, 0.35626170307, 0.11600636546, 0.044518938462, 0.22857861755, 0.11750376812, 0.33106543356, 0.28454606587, 0.2454881095, 0.37087080774, 0.35145402303, 0.46126539164, 0.39864329137, 0.4229923232, 0.12423803669, 0.051501860565, 0.35586859913, 0.20613686905, 0.52430794028, 0.4872327478, 0.20103353784, 0.30934511841, 0.30355166758, 0.41058514453, 0.44593173994, 0.48239211676],
      [0.146631019, 0.062649525074, 0.35303472222, 0.20826276483, 0.54981731342, 0.5267653304, 0.27542166569, 0.41209970139, 0.3770833897, 0.48573152455, 0.36009581376, 0.3790144149, 0.10749559666, 0.043812643109, 0.36448252054, 0.20888588371, 0.51542101364, 0.47045583235, 0.32021024504, 0.46655645966, 0.42517519873, 0.53487905811, 0.33029789455, 0.33847640042, 0.095648071838, 0.038084212505, 0.34949186041, 0.19496713991, 0.47917672944, 0.42703672939, 0.24435370674, 0.36554816609, 0.35799776453, 0.47094676977, 0.42041501718, 0.44237579664, 0.134273687, 0.055859837088, 0.33523127608, 0.19207603727, 0.50772854846, 0.47319339314, 0.27195584707, 0.41308768681, 0.36243554182, 0.46707046876, 0.33567520357, 0.35866530469, 0.097601899738, 0.039806965757]
    ],
    [
      [0.39236894936, 0.2282470085, 0.53996255845, 0.49312256548, 0.28728787627, 0.42181865679, 0.40110614701, 0.51397294892, 0.37707261366, 0.38943330469, 0.11475150971, 0.046519699925, 0.33563951007, 0.18874803852, 0.48414234328, 0.43950735115, 0.25083432886, 0.36173654218, 0.39871664523, 0.52564353087, 0.48597699189, 0.49291000386, 0.16823485635, 0.070095383924, 0.26318867925, 0.14535345396, 0.43304849842, 0.4042610852, 0.2403010217, 0.36055315765, 0.35261615526, 0.46501237272, 0.42209607905, 0.44548039814, 0.13505436003, 0.056326791822, 0.33760289925, 0.19396644421, 0.51232948471, 0.47866083546, 0.29243739212, 0.44263011172, 0.37695703067, 0.48013843566, 0.30332149934, 0.32299117847, 0.085271019548, 0.034378946814, 0.40424110854, 0.23437870981],
      [0.53777194978, 0.48548261753, 0.26097347995, 0.37864874894, 0.3982143335, 0.52032250204, 0.45333023077, 0.46262485365, 0.15070398706, 0.062258568685, 0.28569628928, 0.15872639741, 0.45108167944, 0.41741892927, 0.27965660583, 0.40683590328, 0.40611886855, 0.52351901471, 0.41150824702, 0.42109452866, 0.13020834591, 0.053088616549, 0.30883514716, 0.17206956806, 0.46367278554, 0.42339236874, 0.30591142041, 0.42544145471, 0.47186080737, 0.60091093052, 0.4599686875, 0.44987450498, 0.15445610388, 0.062190699401, 0.23411989209, 0.12468404032, 0.37368308875, 0.33689837008, 0.22954433296, 0.35633395962, 0.31814522863, 0.42016590185, 0.3729134614, 0.4072463241, 0.11273877269, 0.047102877741, 0.39754220565, 0.23641971629, 0.56911599869, 0.53273122041],
      [0.28963758544, 0.41415839252, 0.43090410962, 0.55208372853, 0.42809540679, 0.43060053799, 0.13700393908, 0.055320618816, 0.28226700777, 0.15524106949, 0.4320919513, 0.39259565265, 0.25839340094, 0.40849289595, 0.32520812651, 0.42006626046, 0.27847044835, 0.3103821624, 0.075038574062, 0.030544459765, 0.46313615071, 0.28112494165, 0.59975329943, 0.54938927977, 0.24392811099, 0.38495053981, 0.3169141479, 0.4130696508, 0.30997576391, 0.34472125972, 0.086597501334, 0.035594634322, 0.44609612509, 0.27032820047, 0.59648835076, 0.55133571487, 0.26899293409, 0.3815309331, 0.42964316415, 0.55923741051, 0.48563106897, 0.48454814563, 0.16707192474, 0.068519757587, 0.24537599694, 0.13392092127, 0.40328491111, 0.3722428319, 0.28010863387, 0.40926809019],
