{
  "W": [
    [92, 8],
    [95, 5],
    [89, 11],
    [91, 9],
    [92, 8],
    [94, 6],
    [87, 13],
    [92, 8],
    [90, 10],
    [96, 4],
    [95, 5],
    [93, 7],
    [93, 7],
    [95, 5],
    [94, 6],
    [92, 8],
    [95, 5],
    [89, 11],
    [92, 8],
    [93, 7],
    [92, 8],
    [96, 4],
    [92, 8],
    [99, 1],
    [89, 11],
    [3, 97],
    [5, 95],
    [11, 89],
    [8, 92],
    [6, 94],
    [8, 92],
    [6, 94],
    [7, 93],
    [9, 91],
    [10, 90],
    [10, 90],
    [9, 91],
    [4, 96],
    [8, 92],
    [4, 96],
    [9, 91],
    [4, 96],
    [7, 93],
    [8, 92],
    [11, 89],
    [9, 91],
    [4, 96],
    [8, 92],
    [10, 90],
    [5, 95]
  ],
  "X": [
    [20, 71, 9],
    [17, 76, 7],
    [19, 64, 17],
    [25, 62, 13],
    [26, 62, 12],
    [24, 68, 8],
    [19, 61, 20],
    [16, 69, 15],
    [19, 68, 13],
    [24, 69, 7],
    [27, 62, 11],
    [22, 67, 11],
    [20, 70, 10],
    [18, 72, 10],
    [21, 69, 10],
    [24, 62, 14],
    [27, 66, 7],
    [14, 70, 16],
    [26, 59, 15],
    [27, 64, 9],
    [19, 69, 12],
    [24, 70, 6],
    [21, 68, 11],
    [19, 81, 0],
    [20, 69, 11],
    [7, 5, 88],
    [11, 10, 79],
    [14, 16, 70],
    [12, 6, 82],
    [9, 6, 85],
    [5, 9, 86],
    [8, 7, 85],
    [10, 5, 85],
    [7, 12, 81],
    [6, 11, 83],
    [9, 8, 83],
    [12, 11, 77],
    [11, 5, 84],
    [13, 9, 78],
    [11, 6, 83],
    [7, 11, 82],
    [5, 9, 86],
    [8, 9, 83],
    [8, 9, 83],
    [11, 16, 73],
    [14, 10, 76],
    [9, 3, 88],
    [7, 13, 80],
    [10, 11, 79],
    [16, 7, 77]
  ],
  "real_prob": [
    [0.22953447058, 0.72145709612, 0.049008433294],
    [0.084547520546, 0.041598383576, 0.87385409588]
  ],
  "method": "exact",
  "prob": [
    [0.22558982423, 0.72603713631, 0.048373039468],
    [0.085610175775, 0.038762863694, 0.87562696053]
  ],
  "iterations": 5,
  "logLik": -235.4585374896,
  "time": 0.01764,
  "message": "Converged",
  "status": 0,
  "cond_prob": [
    [
      [0.20763311348, 0.11221919498, 0.766642028, 0.058616677982, 0.025724858518, 0.82916412704, 0.17439137702, 0.086563836526, 0.79704477364, 0.056149300865, 0.028563849336, 0.85728686261, 0.20762029002, 0.047435835316, 0.71622170475, 0.023297116154, 0.076158005238, 0.92926704853, 0.2668769181, 0.07935560587, 0.67848084177, 0.028693711011, 0.054642240131, 0.89195068312, 0.27535826779, 0.083379920407, 0.67139807268, 0.028922164216, 0.053243659532, 0.88769791538, 0.24811332484, 0.1128912442, 0.72043417039, 0.046531330597, 0.031452504774, 0.8405774252, 0.21210158256, 0.042089409043, 0.69820100546, 0.019731732714, 0.089697411987, 0.93817885824, 0.17068603067, 0.037110647254, 0.74798477688, 0.023175065895, 0.081329192448, 0.93971428685, 0.20320570982, 0.071148611602],
      [0.7514054091, 0.037351318059, 0.045388881073, 0.89150007034, 0.24589698401, 0.098472383838, 0.71704799871, 0.040848031054, 0.037055017287, 0.86067958511, 0.28055189384, 0.069514017049, 0.65142075179, 0.023005716017, 0.068027354372, 0.90748026693, 0.23105906304, 0.073072448245, 0.71799857082, 0.032304701926, 0.050942366142, 0.89462284983, 0.2091399997, 0.07856857542, 0.74967605866, 0.040018077742, 0.041183941636, 0.88141334684, 0.18661815016, 0.054255147048, 0.7562465395, 0.031315749446, 0.057135310342, 0.91442910351, 0.21885988531, 0.071195130129, 0.73188008819, 0.0338786184, 0.049260026502, 0.89492625147, 0.25561473737, 0.06043052019, 0.67194523122, 0.022629840987, 0.072440031407, 0.91693963882, 0.27745456288, 0.12836330535, 0.69234246568, 0.045493152015]
    ],
    [
      [0.03020297144, 0.82614354264, 0.15232878957, 0.040248884393, 0.78288050839, 0.029421341228, 0.064790702043, 0.93032977438, 0.27752795854, 0.05842847675, 0.63963536302, 0.019193325317, 0.082836678441, 0.92237819793, 0.2812279093, 0.12082920495, 0.68502745287, 0.041778126092, 0.03374463782, 0.83739266896, 0.20103313406, 0.06311895832, 0.74709914586, 0.033359822553, 0.051867720076, 0.90352121913, 0.24498811371, 0.12028527095, 0.72705378615, 0.050709132449, 0.027958100142, 0.8290055966, 0.22126698457, 0.080429677447, 0.73582629136, 0.037997649372, 0.042906724071, 0.88157267318, 0.18564341579, 0.62130183643, 0.81435658421, 0.37869816357, 0, 0, 0.2093304816, 0.12450792162, 0.76733056719, 0.064325410928, 0.023338951214, 0.81116666745],
      [0.20332112916, 0.065876666109, 0.74015429119, 0.028655021922, 0.056524579654, 0.90546831197, 0.17471268614, 0.10659406915, 0.79731448233, 0.063299237772, 0.027972831528, 0.83010669308, 0.17851117212, 0.13524019221, 0.8002274324, 0.080870766782, 0.021261395481, 0.78388904101, 0.38339977541, 0.097095671703, 0.54740358174, 0.017617079849, 0.069196642853, 0.88528724845, 0.28199889406, 0.077744751443, 0.65304000324, 0.022146382772, 0.064961102695, 0.90010886579, 0.14286767444, 0.041924550049, 0.79457285733, 0.028732795014, 0.062559468227, 0.92934265494, 0.22221258579, 0.070922600907, 0.72126345181, 0.028429992437, 0.056523962392, 0.90064740666, 0.38181978577, 0.07878775806, 0.53213299136, 0.013710420005, 0.086047222869, 0.90750182193, 0.13492985325, 0.063578366162]
    ],
    [
      [0.82698874563, 0.050078036147, 0.038081401118, 0.88634359769, 0.1493300641, 0.050074437322, 0.79647564932, 0.033724927853, 0.054194286581, 0.91620063482, 0.29141932967, 0.067620074481, 0.63177866902, 0.018691258998, 0.076802001311, 0.91368866652, 0.2230489815, 0.10980834249, 0.74216518065, 0.047478168947, 0.034785837848, 0.84271348856, 0.30980860668, 0.10167464139, 0.63647509294, 0.025563537794, 0.053716300372, 0.87276182082, 0.27323255558, 0.11754499517, 0.68699742095, 0.038087180787, 0.039770023474, 0.84436782405, 0.26428592674, 0.10357141972, 0.69095231245, 0.033710320314, 0.04476176081, 0.86271825997, 0.15250755985, 0.061839911664, 0.80302673167, 0.04145889467, 0.044465708485, 0.89670119367, 0.09312334928, 0.04820319378, 0.87147154132, 0.057438685778],
      [0.035405109402, 0.89435812044, 0.18242546372, 0.072290556495, 0.77228866131, 0.038644939471, 0.045285874973, 0.88906450403, 0.20010943997, 0.069555700872, 0.74820308768, 0.032764948898, 0.051687472351, 0.89767935023, 0.14893927147, 0.10518728105, 0.82733800007, 0.077520022463, 0.023722728459, 0.81729269648, 0.27339714424, 0.12680687584, 0.69021508, 0.04162708, 0.036387775763, 0.83156604416, 0.41176612063, 0.076593078307, 0.49210868625, 0.010745471406, 0.096125193113, 0.91266145029, 0.11147833685, 0.0663931881, 0.85874934135, 0.066630492057, 0.029772321802, 0.86697631984, 0.21267131882, 0.087480964575, 0.74461847314, 0.039486836318, 0.042710208039, 0.87303219911, 0.31796538569, 0.15168603233, 0.64738069893, 0.039611542162, 0.034653915386, 0.80870242551]
    ]
  ],
  "maxiter": 3600,
  "param_threshold": 0.001,
  "ll_threshold": "-Inf",
  "initial_prob": "group_proportional"
}
