{
  "W": [
    [65, 22, 13],
    [70, 12, 18],
    [60, 23, 17],
    [70, 11, 19],
    [72, 13, 15],
    [65, 21, 14],
    [63, 21, 16],
    [70, 16, 14],
    [62, 22, 16],
    [70, 11, 19],
    [56, 19, 25],
    [69, 15, 16],
    [63, 20, 17],
    [70, 14, 16],
    [68, 12, 20],
    [66, 15, 19],
    [54, 34, 12],
    [18, 66, 16],
    [24, 58, 18],
    [13, 72, 15],
    [17, 61, 22],
    [23, 66, 11],
    [13, 69, 18],
    [16, 60, 24],
    [14, 64, 22],
    [20, 67, 13],
    [14, 69, 17],
    [12, 72, 16],
    [16, 72, 12],
    [11, 71, 18],
    [12, 63, 25],
    [18, 65, 17],
    [12, 76, 12],
    [22, 26, 52],
    [19, 17, 64],
    [20, 19, 61],
    [12, 18, 70],
    [16, 20, 64],
    [10, 14, 76],
    [18, 12, 70],
    [21, 14, 65],
    [15, 16, 69],
    [22, 21, 57],
    [17, 17, 66],
    [17, 16, 67],
    [21, 14, 65],
    [17, 17, 66],
    [20, 14, 66],
    [20, 20, 60],
    [14, 20, 66]
  ],
  "X": [
    [48, 15, 37],
    [51, 11, 38],
    [41, 19, 40],
    [53, 15, 32],
    [58, 12, 30],
    [48, 17, 35],
    [34, 17, 49],
    [48, 15, 37],
    [43, 17, 40],
    [52, 14, 34],
    [38, 24, 38],
    [51, 16, 33],
    [48, 18, 34],
    [48, 16, 36],
    [52, 12, 36],
    [48, 18, 34],
    [40, 31, 29],
    [27, 46, 27],
    [28, 47, 25],
    [20, 45, 35],
    [16, 53, 31],
    [27, 47, 26],
    [22, 55, 23],
    [24, 44, 32],
    [28, 41, 31],
    [19, 49, 32],
    [30, 43, 27],
    [21, 55, 24],
    [29, 42, 29],
    [25, 54, 21],
    [25, 52, 23],
    [27, 46, 27],
    [26, 40, 34],
    [40, 25, 35],
    [28, 33, 39],
    [29, 30, 41],
    [35, 20, 45],
    [32, 27, 41],
    [38, 18, 44],
    [33, 21, 46],
    [33, 22, 45],
    [34, 29, 37],
    [32, 31, 37],
    [32, 28, 40],
    [45, 25, 30],
    [42, 18, 40],
    [29, 30, 41],
    [36, 31, 33],
    [39, 30, 31],
    [28, 30, 42]
  ],
  "real_prob": [
    [0.58686250835, 0.01706034451, 0.39607714713],
    [0.17251849602, 0.63482282357, 0.19265868041],
    [0.3260128474, 0.23921874986, 0.43476840274]
  ],
  "method": "mvn_pdf",
  "prob": [
    [0.59724175957, 0.030132564271, 0.37262567616],
    [0.14402434855, 0.63833948464, 0.21763616681],
    [0.3274117421, 0.2281131737, 0.4444750842]
  ],
  "iterations": 20,
  "logLik": -6641.9266914275,
  "time": 0.00195,
  "message": "Converged",
  "status": 0,
  "cond_prob": [
    [
      [0.60489063892, 0.18410339772, 0.3565597471, 0.019548194491, 0.53641040236, 0.15664519026, 0.37556116658, 0.27948619992, 0.48679506263, 0.60716973326, 0.17874107262, 0.35579483808, 0.020650295927, 0.55362173667, 0.16496723808, 0.37217997081, 0.26763719071, 0.47923792384, 0.54662930361, 0.13599299376, 0.29523934322, 0.026965881337, 0.60505343244, 0.19856080598, 0.42640481505, 0.2589535738, 0.50619985081, 0.6408057271, 0.13941404134, 0.35095452806, 0.034174553587, 0.68773743084, 0.25789567287, 0.32501971931, 0.17284852782, 0.39114979907, 0.68320171196, 0.20168289956, 0.41970211947, 0.02160269359, 0.58496724067, 0.18156386205, 0.29519559445, 0.21334985977, 0.39873401848, 0.61228581002, 0.16269626796, 0.34975755443, 0.024957629647, 0.60160859791],
      [0.19462523042, 0.36275656034, 0.23569513413, 0.45561721514, 0.44110997661, 0.10872624837, 0.22481569786, 0.025736403225, 0.57159149906, 0.17860174421, 0.53315362017, 0.31968225256, 0.59658255793, 0.58925936741, 0.14462333279, 0.32517514929, 0.027856194681, 0.62592138304, 0.21057293057, 0.3828844379, 0.22945528417, 0.46425192014, 0.55836782814, 0.15050732641, 0.31038181791, 0.023638226472, 0.57438836648, 0.17889998839, 0.41799394538, 0.27510430711, 0.5107181937, 0.62741693453, 0.14628306768, 0.34853180654, 0.030664444785, 0.65892277976, 0.23413032448, 0.34191862068, 0.19479415256, 0.41733786898, 0.53556512129, 0.092438188941, 0.25583821024, 0.046586834875, 0.7316098012, 0.30560145848, 0.41784804384, 0.17595200986, 0.43856033129, 0.62856250158],
      [0.14525962761, 0.34826465634, 0.03119321878, 0.66252892787, 0.2374079038, 0.34024427964, 0.19221144452, 0.41432743985, 0.6201580086, 0.1553432393, 0.34987790797, 0.027645543593, 0.62888610893, 0.21321680728, 0.35219644781, 0.21577065176, 0.43690528476, 0.59080302664, 0.12628125351, 0.31296944242, 0.034428284222, 0.67816170208, 0.25090046078, 0.37476868914, 0.1955570444, 0.4361300968, 0.62680796745, 0.17884319166, 0.36851142323, 0.022172219157, 0.57634323555, 0.17792338146, 0.35101981339, 0.24481357279, 0.45356519532, 0.60773084989, 0.12493960129, 0.32053100395, 0.036884472835, 0.69655272192, 0.26757440361, 0.35538467728, 0.1785076768, 0.41189459244, 0.60344236421, 0.10933322553, 0.30301497646, 0.044743149321, 0.73461078332, 0.30818778804]
    ],
    [
      [0.35181448647, 0.15605599115, 0.3887972355, 0.62427206346, 0.15298253637, 0.34874826484, 0.029415278228, 0.6379302012, 0.22344765098, 0.34631265831, 0.20908726243, 0.42780408418, 0.61829203741, 0.12373380298, 0.32276806789, 0.039767302108, 0.70795493802, 0.28303291155, 0.34194066049, 0.168311259, 0.39419902056, 0.50185489381, 0.12758119533, 0.26464080218, 0.025879447981, 0.57806465436, 0.18506318803, 0.47226565821, 0.2943541503, 0.55029600979, 0.46831289019, 0.075759120683, 0.21035675197, 0.051249105509, 0.73421520821, 0.31370775494, 0.48043800431, 0.1900256711, 0.47593549309, 0.61225612077, 0.1387182985, 0.33170655787, 0.033020820323, 0.66344819307, 0.24351699601, 0.35472305891, 0.19783350844, 0.42477644612, 0.61136273876, 0.11879719021],
      [0.31435496982, 0.04147904956, 0.71495501555, 0.29073039988, 0.34715821168, 0.16624779424, 0.3949146303, 0.56053553788, 0.13001560485, 0.29736936786, 0.031124832907, 0.63749230126, 0.22432354642, 0.40833962922, 0.23249209389, 0.47830708571, 0.62274027334, 0.17687254142, 0.3625322888, 0.022970407519, 0.57524887278, 0.18141654697, 0.35428931914, 0.24787858581, 0.45605116423, 0.48722666028, 0.097840410653, 0.23785493392, 0.037693142939, 0.66862251314, 0.25026451874, 0.47508019678, 0.23353707621, 0.51188054734, 0.67625317924, 0.202724611, 0.41254756033, 0.021653225023, 0.57339220464, 0.17935594391, 0.30209359574, 0.22388318435, 0.40809649576, 0.59900533402, 0.12101353861, 0.31004721979, 0.039051217554, 0.69880569445, 0.27536660902, 0.36194344842],
      [0.18018076694, 0.41458617119, 0.64740125911, 0.19810619093, 0.39004071732, 0.02041283103, 0.55089175617, 0.16684841558, 0.33218590986, 0.2510020529, 0.4431108671, 0.6703370529, 0.14952221395, 0.3729897615, 0.034749163077, 0.68777583969, 0.26348998295, 0.29491378402, 0.16270194636, 0.36352025554, 0.64428776609, 0.13242687348, 0.34390467604, 0.038753376115, 0.70689507757, 0.28189249751, 0.31695885779, 0.16067804896, 0.37420282646, 0.62337287096, 0.15063657668, 0.34661538355, 0.03006418525, 0.64307532419, 0.22733492073, 0.34656294379, 0.20628809913, 0.42604969572, 0.59201492778, 0.19074148349, 0.34921685299, 0.017650351475, 0.49931481701, 0.14099541439, 0.39033472075, 0.3099436995, 0.50978773262, 0.66112108909, 0.19371020031, 0.39800441937]
    ],
    [
      [0.022297568226, 0.57853071896, 0.18204664853, 0.31658134268, 0.22775908072, 0.4199489321, 0.5384733453, 0.09211932866, 0.25579575254, 0.04823477961, 0.73513261528, 0.31241495734, 0.41329187509, 0.17274805606, 0.43178929012, 0.53737053227, 0.10695977827, 0.26893778126, 0.038851499019, 0.68694482739, 0.26456494644, 0.42377796871, 0.20609539434, 0.4664972723, 0.59227587645, 0.18143062889, 0.34609217001, 0.019568110482, 0.52741744691, 0.15460476832, 0.38815601307, 0.29115192419, 0.49930306167, 0.5757989106, 0.13870683223, 0.31212609555, 0.02949142008, 0.62861558115, 0.21697195205, 0.39470966932, 0.23267758662, 0.4709019524, 0.62580925137, 0.20159476636, 0.37785696404, 0.018253847585, 0.51737803344, 0.14897890767, 0.35593690104, 0.2810272002],
