{
  "W": [
    [66, 16, 18],
    [66, 13, 21],
    [65, 19, 16],
    [64, 18, 18],
    [62, 16, 22],
    [74, 18, 8],
    [72, 20, 8],
    [66, 20, 14],
    [68, 22, 10],
    [71, 16, 13],
    [63, 17, 20],
    [70, 16, 14],
    [67, 21, 12],
    [71, 18, 11],
    [58, 15, 27],
    [61, 19, 20],
    [59, 29, 12],
    [16, 58, 26],
    [9, 72, 19],
    [20, 66, 14],
    [21, 60, 19],
    [13, 69, 18],
    [20, 58, 22],
    [22, 57, 21],
    [19, 67, 14],
    [18, 68, 14],
    [15, 68, 17],
    [6, 80, 14],
    [13, 67, 20],
    [16, 67, 17],
    [18, 72, 10],
    [12, 69, 19],
    [20, 65, 15],
    [23, 31, 46],
    [20, 18, 62],
    [11, 19, 70],
    [15, 11, 74],
    [19, 25, 56],
    [19, 8, 73],
    [16, 21, 63],
    [14, 16, 70],
    [23, 9, 68],
    [15, 15, 70],
    [20, 12, 68],
    [12, 22, 66],
    [16, 16, 68],
    [9, 20, 71],
    [21, 12, 67],
    [13, 19, 68],
    [20, 17, 63]
  ],
  "X": [
    [19, 23, 58],
    [15, 17, 68],
    [13, 18, 69],
    [17, 16, 67],
    [17, 18, 65],
    [18, 15, 67],
    [15, 13, 72],
    [18, 18, 64],
    [19, 11, 70],
    [14, 15, 71],
    [16, 21, 63],
    [15, 14, 71],
    [20, 10, 70],
    [16, 16, 68],
    [17, 23, 60],
    [16, 22, 62],
    [23, 17, 60],
    [29, 39, 32],
    [43, 36, 21],
    [40, 26, 34],
    [30, 32, 38],
    [39, 34, 27],
    [30, 30, 40],
    [36, 32, 32],
    [35, 29, 36],
    [41, 32, 27],
    [31, 26, 43],
    [45, 32, 23],
    [38, 32, 30],
    [37, 36, 27],
    [42, 26, 32],
    [40, 31, 29],
    [32, 28, 40],
    [29, 31, 40],
    [19, 40, 41],
    [19, 51, 30],
    [14, 56, 30],
    [23, 42, 35],
    [17, 50, 33],
    [18, 49, 33],
    [17, 53, 30],
    [11, 46, 43],
    [13, 52, 35],
    [15, 45, 40],
    [21, 46, 33],
    [13, 46, 41],
    [22, 51, 27],
    [13, 46, 41],
    [17, 54, 29],
    [19, 42, 39]
  ],
  "real_prob": [
    [0.09881636624, 0.021614039455, 0.87956959431],
    [0.49940121443, 0.28390221705, 0.21669656852],
    [0.099760780431, 0.6418105321, 0.25842868747]
  ],
  "method": "mvn_pdf",
  "prob": [
    [0.07834647656, 0.032205452975, 0.88944807046],
    [0.51780168658, 0.28241291295, 0.19978540047],
    [0.10690109888, 0.63846327412, 0.25463562701]
  ],
  "iterations": 18,
  "logLik": -2590.1879863208,
  "time": 0.001666,
  "message": "Converged",
  "status": 0,
  "cond_prob": [
    [
      [0.1267503607, 0.55029581483, 0.10584078676, 0.060845135501, 0.33696703037, 0.75660302768, 0.8124045038, 0.1127371548, 0.13755618556, 0.07573229293, 0.55627993576, 0.12085101167, 0.025145821044, 0.23292745891, 0.58758685366, 0.89912188603, 0.21079260533, 0.29156213467, 0.052729998603, 0.44410651026, 0.08020128874, 0.028429523343, 0.30683751161, 0.63639640396, 0.91884047805, 0.24905597813, 0.2834023073, 0.073080703161, 0.55272367457, 0.12062572628, 0.023910723633, 0.22880143722, 0.57685774802, 0.90300857321, 0.21847488822, 0.3025165257, 0.079540018512, 0.56867911609, 0.12657356854, 0.025166321795, 0.22686465551, 0.58407063645, 0.89529365969, 0.20445622839, 0.28935579501, 0.10045310218, 0.53546968165, 0.10314522582, 0.04656287955, 0.31903119171],
      [0.71959259943, 0.85298401827, 0.14549912664, 0.17726217475, 0.062307890476, 0.48615186441, 0.09287919363, 0.028549225315, 0.28612611524, 0.63272860044, 0.90914288421, 0.22772202035, 0.27439220593, 0.086822715309, 0.5321182315, 0.10545928468, 0.037811459099, 0.29595234835, 0.67913157707, 0.87536582559, 0.17192942015, 0.21540913825, 0.07226019202, 0.56945394507, 0.13086205952, 0.020195283229, 0.20175577742, 0.53602172437, 0.90754452475, 0.22879027751, 0.3331162161, 0.065768041186, 0.4969098991, 0.095978314172, 0.029401903087, 0.28391775181, 0.63615887434, 0.90483005573, 0.21917234908, 0.26786281149, 0.079978062473, 0.51524805582, 0.09977625996, 0.036863006927, 0.30237546908, 0.6766663501, 0.8831589306, 0.18237647511, 0.22355738994, 0.068389362318],
      [0.5299809516, 0.11039174317, 0.024903175605, 0.24518625383, 0.59259352364, 0.90670746208, 0.22483279458, 0.29701473319, 0.076566986093, 0.60376643271, 0.15095997704, 0.016930729197, 0.16808963245, 0.4864510179, 0.90650228471, 0.22814393484, 0.36258900506, 0.079338817667, 0.50624076513, 0.095745170165, 0.03826535101, 0.3132427967, 0.68853336682, 0.88239583132, 0.18051643817, 0.21572146302, 0.089027252325, 0.56350268046, 0.12027241433, 0.032416313823, 0.25882664587, 0.6386087367, 0.87855643385, 0.17767067367, 0.24111884898, 0.074837463916, 0.4943373114, 0.092599039303, 0.037651983863, 0.31741180311, 0.68468853936, 0.88751055222, 0.18825088549, 0.22271242133, 0.088116411704, 0.56328906891, 0.12130417312, 0.031422568849, 0.25609571573, 0.63342326354]
    ],
    [
      [0.88046101945, 0.18061521536, 0.24527256334, 0.064957329376, 0.4474202073, 0.079194336848, 0.039891010412, 0.35216440284, 0.69960146803, 0.89515166021, 0.20041538986, 0.22120419512, 0.10596563173, 0.55155309949, 0.1131574893, 0.045807872546, 0.30514701435, 0.70338021963, 0.84822649572, 0.14329988616, 0.18346229107, 0.084307174681, 0.55722502315, 0.12142347064, 0.0299461986, 0.25301707038, 0.620101791, 0.88574662672, 0.18975790647, 0.25847473836, 0.058650993035, 0.45537586853, 0.083967684762, 0.031652696756, 0.31514077838, 0.65214676218, 0.90969631021, 0.2294833531, 0.26388555306, 0.08656902532, 0.52210930841, 0.10370413081, 0.039717109143, 0.30679178662, 0.68428823727, 0.87371386554, 0.17109890498, 0.21200763193, 0.053921111221, 0.46488770918],
      [0.089647740568, 0.025135745763, 0.27718433294, 0.59969943233, 0.92094314302, 0.25792795787, 0.3106528271, 0.098206497013, 0.55156118583, 0.11435880625, 0.040685377734, 0.29188668154, 0.68253275935, 0.86110812525, 0.15655213263, 0.2031084344, 0.064177655807, 0.48629239621, 0.094643201125, 0.029921849074, 0.2907182275, 0.63474030243, 0.90590049512, 0.22298937629, 0.27061649645, 0.10634505079, 0.54914220165, 0.11176105054, 0.046713294863, 0.30911024431, 0.70821254084, 0.84694165435, 0.14174755405, 0.18002640861, 0.036988135792, 0.41615037181, 0.079637646463, 0.016442518951, 0.23691283919, 0.50639389986, 0.94656934526, 0.346936789, 0.41396845368, 0.085807401897, 0.53869265649, 0.11186272665, 0.035050014293, 0.28187063381, 0.65587129294, 0.87914258381],
      [0.17943670971, 0.2322659804, 0.076549424079, 0.52245977189, 0.10665615145, 0.032077855159, 0.27997712861, 0.64150217532, 0.89137272076, 0.1975630995, 0.25184167324, 0.090931260966, 0.50203630528, 0.094245491296, 0.048524561788, 0.34374309078, 0.72530701989, 0.86054417725, 0.15422060394, 0.18044748881, 0.084127642762, 0.54866627215, 0.11711570822, 0.031633786829, 0.2642521102, 0.63365480993, 0.88423857041, 0.18708161765, 0.24922948185, 0.079999643631, 0.5370457058, 0.11261556662, 0.031375157301, 0.26925523989, 0.63370365858, 0.88862519907, 0.19369905431, 0.25368077479, 0.052082104387, 0.45673054481, 0.087220289533, 0.024913307295, 0.28012607293, 0.59944955772, 0.92300458832, 0.26314338226, 0.31333015274, 0.097298949253, 0.6309619893, 0.16153263708]
    ],
    [
      [0.022858806866, 0.18599077796, 0.54132822959, 0.87984224388, 0.18304723274, 0.29713913333, 0.072029552946, 0.54923117582, 0.12023570304, 0.024094156029, 0.22995259959, 0.57271230275, 0.90387629102, 0.22081622459, 0.30705199421, 0.082969764706, 0.53730893214, 0.1102813931, 0.034372317912, 0.27923296845, 0.6509707326, 0.88265791738, 0.18345809941, 0.2387478743, 0.082067045732, 0.50102892808, 0.094115497178, 0.042845161046, 0.32783097682, 0.70166935937, 0.87508779322, 0.1711400951, 0.20421514346, 0.090684447589, 0.57038687283, 0.12506286271, 0.031922437322, 0.25238432733, 0.62881289372, 0.87739311509, 0.17722879985, 0.24612424357, 0.11186711892, 0.60626352608, 0.13826520053, 0.036752296009, 0.24719471268, 0.64761335517, 0.85138058508, 0.14654176124],
