{
  "W": [
    [58, 16, 26],
    [68, 18, 14],
    [68, 14, 18],
    [58, 18, 24],
    [69, 14, 17],
    [64, 14, 22],
    [75, 9, 16],
    [70, 14, 16],
    [68, 16, 16],
    [61, 20, 19],
    [62, 16, 22],
    [65, 20, 15],
    [59, 14, 27],
    [65, 16, 19],
    [73, 15, 12],
    [70, 12, 18],
    [52, 33, 15],
    [12, 69, 19],
    [18, 69, 13],
    [14, 77, 9],
    [10, 74, 16],
    [19, 70, 11],
    [18, 71, 11],
    [14, 63, 23],
    [15, 66, 19],
    [22, 68, 10],
    [17, 63, 20],
    [13, 69, 18],
    [15, 63, 22],
    [9, 71, 20],
    [19, 67, 14],
    [16, 61, 23],
    [16, 74, 10],
    [20, 33, 47],
    [16, 19, 65],
    [19, 14, 67],
    [13, 14, 73],
    [21, 10, 69],
    [17, 14, 69],
    [17, 18, 65],
    [15, 13, 72],
    [15, 16, 69],
    [21, 16, 63],
    [18, 12, 70],
    [18, 24, 58],
    [22, 14, 64],
    [17, 18, 65],
    [21, 19, 60],
    [19, 24, 57],
    [26, 15, 59]
  ],
  "X": [
    [66, 10, 24],
    [62, 13, 25],
    [64, 16, 20],
    [65, 11, 24],
    [76, 8, 16],
    [66, 8, 26],
    [67, 16, 17],
    [68, 16, 16],
    [68, 12, 20],
    [71, 11, 18],
    [64, 11, 25],
    [67, 19, 14],
    [69, 10, 21],
    [68, 12, 20],
    [74, 14, 12],
    [79, 11, 10],
    [66, 15, 19],
    [69, 13, 18],
    [70, 14, 16],
    [68, 14, 18],
    [77, 12, 11],
    [75, 10, 15],
    [79, 7, 14],
    [71, 10, 19],
    [66, 17, 17],
    [67, 16, 17],
    [80, 7, 13],
    [64, 13, 23],
    [72, 11, 17],
    [77, 9, 14],
    [66, 19, 15],
    [69, 15, 16],
    [71, 14, 15],
    [64, 8, 28],
    [57, 10, 33],
    [65, 8, 27],
    [50, 6, 44],
    [55, 6, 39],
    [68, 3, 29],
    [70, 5, 25],
    [60, 6, 34],
    [70, 5, 25],
    [64, 6, 30],
    [56, 11, 33],
    [66, 10, 24],
    [64, 7, 29],
    [67, 7, 26],
    [59, 13, 28],
    [65, 9, 26],
    [62, 11, 27]
  ],
  "real_prob": [
    [0.70224855321, 0.15894592838, 0.13880551841],
    [0.70983181136, 0.15035877833, 0.13980941031],
    [0.59196158415, 0.018326028972, 0.38971238687]
  ],
  "method": "mvn_pdf",
  "prob": [
    [0.69982676508, 0.14520890796, 0.15496432695],
    [0.74940915109, 0.14139308603, 0.10919776288],
    [0.57046844622, 0.038720389515, 0.39081116427]
  ],
  "iterations": 13,
  "logLik": -2778.2284080368,
  "time": 0.001266,
  "message": "Converged",
  "status": 0,
  "cond_prob": [
    [
      [0.6958826062, 0.75112992826, 0.5327694691, 0.12187073923, 0.11964687605, 0.030938260736, 0.18224665457, 0.12922319568, 0.43629227017, 0.63052196457, 0.69410717772, 0.45096973624, 0.13976554175, 0.13994614149, 0.033139835497, 0.22971249368, 0.16594668079, 0.51589042826, 0.65572250476, 0.70601115006, 0.54045784552, 0.18558613287, 0.18172610037, 0.050548032195, 0.15869136237, 0.11226274958, 0.40899412229, 0.68128277528, 0.73759329163, 0.51893673117, 0.13071827689, 0.12872080855, 0.032998558272, 0.18799894783, 0.13368589982, 0.44806471056, 0.77531416387, 0.81850476917, 0.64153669076, 0.096063597382, 0.092236546318, 0.026424595303, 0.12862223875, 0.089258684517, 0.33203871394, 0.68776660526, 0.74935664256, 0.49526134563, 0.098979947873, 0.098095641466],
      [0.023689257189, 0.21325344687, 0.15254771598, 0.48104939718, 0.68312142841, 0.72893361191, 0.58586743762, 0.18143796556, 0.17606940471, 0.051438419544, 0.13544060603, 0.094996983378, 0.36269414284, 0.68936959549, 0.73389042547, 0.59828998768, 0.1815806547, 0.1757966706, 0.052089999231, 0.12904974982, 0.090312903934, 0.34962001309, 0.69971869319, 0.75184321424, 0.55268870545, 0.13340149661, 0.13036806382, 0.034936685715, 0.1668798102, 0.11778872194, 0.41237460883, 0.73016575062, 0.7773963914, 0.59768930722, 0.12583590498, 0.1218487381, 0.034157909289, 0.14399834439, 0.1007548705, 0.36815278349, 0.66886074952, 0.72803217906, 0.49657814421, 0.12819263899, 0.12691426249, 0.031554340883, 0.20294661149, 0.14505355845, 0.47186751491, 0.66111718343],
      [0.70302200549, 0.60483347868, 0.22415017317, 0.21675544772, 0.067642056344, 0.1147326434, 0.080222546794, 0.32752446498, 0.72524550091, 0.77420183154, 0.58457432669, 0.12266296289, 0.1190911202, 0.032776006682, 0.15209153621, 0.10670704826, 0.38264966663, 0.70338446651, 0.75408719193, 0.5632515616, 0.13662819048, 0.13322005616, 0.036257282259, 0.15998734301, 0.11269275191, 0.40049115614, 0.74383348241, 0.78307229682, 0.66038286244, 0.14930843101, 0.14294586636, 0.043900953714, 0.10685808658, 0.073981836823, 0.29571618385, 0.791366885, 0.82515436481, 0.7167464767, 0.12094376423, 0.11467963242, 0.036320078575, 0.087689350764, 0.060166002766, 0.24693344473, 0.66614798947, 0.71795723256, 0.53654178131, 0.16785576044, 0.16453607323, 0.044731652112]
    ],
    [
      [0.16599625009, 0.11750669421, 0.41872656658, 0.68545119769, 0.73705205661, 0.54821234648, 0.15020621134, 0.14690127829, 0.039765298043, 0.16434259097, 0.1160466651, 0.41202235547, 0.68740549996, 0.7377698495, 0.55683870744, 0.15449398373, 0.15080914699, 0.041438484808, 0.15810051631, 0.1114210035, 0.40172280775, 0.65177976075, 0.71036012975, 0.48875261304, 0.14725078616, 0.14597194995, 0.036594202219, 0.20096945309, 0.1436679203, 0.47465318474, 0.75648909958, 0.79565117632, 0.6646907492, 0.13569953311, 0.12979951806, 0.039500442278, 0.1078113673, 0.074549305622, 0.29580880852, 0.73491287601, 0.78418776014, 0.58620504907, 0.11146084524, 0.10817605938, 0.029527806719, 0.15362627874, 0.10763618048, 0.38426714422, 0.76984662569, 0.81625664067],
      [0.61805769396, 0.087603258043, 0.084484171812, 0.023404395202, 0.14255011627, 0.099259187516, 0.35853791084, 0.71626628536, 0.76761679553, 0.5653122632, 0.12059442113, 0.11755056124, 0.031561149669, 0.16313929351, 0.11483264323, 0.40312658714, 0.64560726367, 0.69389426507, 0.54773034851, 0.20590278277, 0.20126561273, 0.057641219526, 0.14848995356, 0.1048401222, 0.39462843197, 0.64983149891, 0.70357027047, 0.51487629272, 0.17363658818, 0.17098501617, 0.045521463067, 0.17653191291, 0.12544471337, 0.43960224422, 0.79440627339, 0.83404673022, 0.67174294082, 0.090882973259, 0.086782495804, 0.025547941146, 0.11471075335, 0.079170773977, 0.30270911803, 0.62596602364, 0.68934292925, 0.44868198599, 0.14485891304, 0.14510752226, 0.034387276691, 0.22917506332],
      [0.16554954849, 0.51693073732, 0.72384112119, 0.77146350441, 0.59220808744, 0.13065143566, 0.12664640681, 0.035418383803, 0.14550744314, 0.10189008878, 0.37237352876, 0.76562795528, 0.80839041235, 0.64112386753, 0.10877802683, 0.104459526, 0.030233824063, 0.12559401789, 0.087150061654, 0.32864230841, 0.63436269721, 0.68086040715, 0.55373956998, 0.22632226248, 0.22091204817, 0.065163369443, 0.13931504032, 0.098227544684, 0.38109706058, 0.68519416756, 0.73015120093, 0.59294553175, 0.18370789904, 0.17803091527, 0.052489540322, 0.1310979334, 0.091817883796, 0.35456492793, 0.69147376021, 0.74176253937, 0.55930300878, 0.15088836725, 0.14721584256, 0.040430420988, 0.15763787254, 0.11102161807, 0.40026657023, 0.70019423217, 0.75478132072, 0.53897050943]
    ],
    [
      [0.12070433282, 0.11834269972, 0.030743976252, 0.17910143501, 0.12687597956, 0.43028551432, 0.63967910766, 0.69187405101, 0.51963352147, 0.19050332367, 0.18735990826, 0.050730344549, 0.16981756867, 0.12076604073, 0.42963613398, 0.71985361716, 0.76456836635, 0.6114351889, 0.14868729273, 0.14357794929, 0.041545166474, 0.1314590901, 0.091853684367, 0.34701964463, 0.62580966953, 0.69251515352, 0.43467309282, 0.12667869103, 0.12751206561, 0.028972995769, 0.24751163944, 0.17997278087, 0.53635391141, 0.6670712774, 0.72813870479, 0.48664671067, 0.11987579092, 0.11901141365, 0.028853546054, 0.21305293167, 0.15284988156, 0.48449974327, 0.77964352335, 0.82625669256, 0.62121416972, 0.075548172987, 0.072809482067, 0.02000059361, 0.14480830367, 0.10093382537],
