{
  "W": [
    [65, 22, 13],
    [70, 12, 18],
    [60, 23, 17],
    [70, 11, 19],
    [72, 13, 15],
    [65, 21, 14],
    [63, 21, 16],
    [70, 16, 14],
    [62, 22, 16],
    [70, 11, 19],
    [56, 19, 25],
    [69, 15, 16],
    [63, 20, 17],
    [70, 14, 16],
    [68, 12, 20],
    [66, 15, 19],
    [54, 34, 12],
    [18, 66, 16],
    [24, 58, 18],
    [13, 72, 15],
    [17, 61, 22],
    [23, 66, 11],
    [13, 69, 18],
    [16, 60, 24],
    [14, 64, 22],
    [20, 67, 13],
    [14, 69, 17],
    [12, 72, 16],
    [16, 72, 12],
    [11, 71, 18],
    [12, 63, 25],
    [18, 65, 17],
    [12, 76, 12],
    [22, 26, 52],
    [19, 17, 64],
    [20, 19, 61],
    [12, 18, 70],
    [16, 20, 64],
    [10, 14, 76],
    [18, 12, 70],
    [21, 14, 65],
    [15, 16, 69],
    [22, 21, 57],
    [17, 17, 66],
    [17, 16, 67],
    [21, 14, 65],
    [17, 17, 66],
    [20, 14, 66],
    [20, 20, 60],
    [14, 20, 66]
  ],
  "X": [
    [49, 6, 33, 12],
    [40, 13, 28, 19],
    [45, 5, 21, 29],
    [37, 9, 30, 24],
    [46, 10, 31, 13],
    [42, 6, 35, 17],
    [46, 7, 26, 21],
    [40, 9, 29, 22],
    [44, 9, 32, 15],
    [45, 6, 30, 19],
    [40, 19, 29, 12],
    [43, 10, 31, 16],
    [46, 6, 30, 18],
    [55, 10, 23, 12],
    [44, 5, 24, 27],
    [41, 9, 34, 16],
    [53, 4, 30, 13],
    [51, 16, 20, 13],
    [47, 17, 23, 13],
    [44, 12, 24, 20],
    [44, 14, 28, 14],
    [45, 8, 20, 27],
    [39, 12, 27, 22],
    [45, 16, 21, 18],
    [45, 16, 21, 18],
    [45, 15, 19, 21],
    [46, 20, 23, 11],
    [50, 13, 19, 18],
    [41, 15, 17, 27],
    [39, 9, 33, 19],
    [46, 17, 27, 10],
    [46, 17, 16, 21],
    [61, 8, 16, 15],
    [35, 14, 24, 27],
    [25, 17, 19, 39],
    [32, 15, 28, 25],
    [23, 24, 16, 37],
    [30, 15, 25, 30],
    [21, 19, 22, 38],
    [25, 13, 28, 34],
    [35, 13, 27, 25],
    [27, 20, 25, 28],
    [27, 13, 21, 39],
    [34, 18, 19, 29],
    [19, 21, 26, 34],
    [30, 10, 30, 30],
    [27, 16, 23, 34],
    [30, 13, 24, 33],
    [29, 18, 24, 29],
    [21, 22, 27, 30]
  ],
  "real_prob": [
    [0.50933539076, 0.014806597992, 0.34375361458, 0.13210439668],
    [0.53407980194, 0.16208476768, 0.17524542909, 0.12859000128],
    [0.1399710962, 0.2064847105, 0.24162548317, 0.41191871012]
  ],
  "method": "mvn_cdf",
  "mvnc_method": "genz",
  "mvnc_samples": 5000,
  "mvnc_error": 1e-06,
  "prob": [
    [0.49393773042, 0.040421564786, 0.32730080577, 0.13833989902],
    [0.5257027829, 0.13502602929, 0.19496461033, 0.14430657748],
    [0.14282286757, 0.21247897769, 0.23910211, 0.40559604475]
  ],
  "iterations": 51,
  "logLik": -418.2410303408,
  "time": 0.040926,
  "message": "Converged",
  "status": 0,
  "cond_prob": [
    [
      [0.54888391746, 0.52963059543, 0.19147785442, 0.023029232252, 0.096962549769, 0.19344910588, 0.34418522454, 0.27783529678, 0.33383731104, 0.083901625741, 0.095571558025, 0.28123572866, 0.47493430725, 0.44630393352, 0.10623705271, 0.073834391333, 0.24025968786, 0.3376789458, 0.30906498517, 0.17352944302, 0.18865886974, 0.14216631625, 0.1399069356, 0.36742513175, 0.41832970121, 0.50783098035, 0.10075763741, 0.037833554594, 0.076897197663, 0.098055843018, 0.31865437735, 0.14528864026, 0.12486949926, 0.22518236684, 0.26998318172, 0.67631702031, 0.45338888476, 0.43052532139, 0.10069730598, 0.040459979364, 0.16822211847, 0.21383222037, 0.33404878647, 0.20601807164, 0.20793114519, 0.17210234941, 0.1952344885, 0.47753932846, 0.50895648327, 0.54444905356],
      [0.14787375885, 0.051288653812, 0.16363969093, 0.22848105261, 0.34230917084, 0.18701771485, 0.27019151648, 0.097445692077, 0.10489354067, 0.35345367206, 0.45886002763, 0.5145458472, 0.13284555055, 0.02604157187, 0.10387446165, 0.16125860166, 0.39167325973, 0.26382500912, 0.30034423534, 0.12342514077, 0.11775468204, 0.40555161245, 0.50423547709, 0.54703868281, 0.15349757855, 0.030191146762, 0.10485875033, 0.17309795699, 0.29697835804, 0.1851756974, 0.23661463145, 0.16859501812, 0.16292686946, 0.43678983302, 0.45248392484, 0.46314235807, 0.095313769482, 0.03766135097, 0.13998375307, 0.21759365377, 0.34509438333, 0.21097469004, 0.18547197281, 0.16476034086, 0.18589919882, 0.50162060393, 0.47035368863, 0.52880614703, 0.15706215075, 0.036012664025],
      [0.14336530363, 0.20680199124, 0.38851420791, 0.22538987512, 0.29590758099, 0.10511943943, 0.10243867423, 0.34022827702, 0.51381452747, 0.55832064167, 0.15789406114, 0.027125833822, 0.097126987651, 0.15924620777, 0.32992973584, 0.20200233547, 0.2596651724, 0.12912990287, 0.14255003521, 0.4231945587, 0.4046385503, 0.48468101515, 0.14141633184, 0.11511916218, 0.23341769699, 0.41157805039, 0.37643489836, 0.18097265425, 0.26265372458, 0.10380738916, 0.10092863361, 0.18435189319, 0.47720240063, 0.48485507852, 0.13873432507, 0.043877602687, 0.17204483108, 0.26772450207, 0.3542931991, 0.21826456524, 0.23667849586, 0.12462679759, 0.12483552516, 0.356862677, 0.49923748346, 0.55679796247, 0.16219298961, 0.025891540061, 0.094577041896, 0.15162688671]
    ],
    [
      [0.34700357487, 0.21095372936, 0.27148838242, 0.12786740161, 0.13767126628, 0.41469174127, 0.6229388091, 0.6341896273, 0.1938296659, 0.041648609318, 0.14824240312, 0.27507452595, 0.24223040534, 0.13259413217, 0.21761455355, 0.093182176242, 0.084973837404, 0.31348125461, 0.48973666594, 0.56607682109, 0.13688526881, 0.036406377393, 0.072243463105, 0.11441718595, 0.23329656009, 0.12525907938, 0.15449629511, 0.24056039657, 0.23642063643, 0.59420125013, 0.47509785868, 0.47247511911, 0.14299231887, 0.043850926558, 0.13698294251, 0.18754950769, 0.38195776925, 0.26050969316, 0.27527849996, 0.099093445511, 0.13003224522, 0.39417967348, 0.55031479345, 0.64214722757, 0.19946431543, 0.016802333433, 0.061753389928, 0.12319135355, 0.34360500554, 0.19467308412],
      [0.32350634981, 0.089277867576, 0.10142629838, 0.35383798121, 0.55496247518, 0.5653028057, 0.156019828, 0.049564570039, 0.15580696175, 0.28889665248, 0.29475197551, 0.16244187814, 0.22782504115, 0.10072097927, 0.11644835441, 0.32725847837, 0.51907985261, 0.50724163475, 0.12308425193, 0.058948660802, 0.17754821682, 0.2881760553, 0.30744130423, 0.19840759422, 0.26972071234, 0.11453018235, 0.11680255421, 0.31901898043, 0.46940898625, 0.50609755366, 0.12842644159, 0.033743799374, 0.11771940911, 0.18072765395, 0.34842789066, 0.21783404719, 0.25703123339, 0.14841932371, 0.15834899004, 0.43381467107, 0.45012963005, 0.54834853779, 0.14670428658, 0.033550695071, 0.12730729173, 0.24329524287, 0.41102777493, 0.24389037176, 0.323829544, 0.10529189994],
      [0.080453798715, 0.28617092655, 0.40659866868, 0.44691257434, 0.079198342755, 0.016963828637, 0.086410271038, 0.13223904985, 0.23988586057, 0.19463695634, 0.19454975524, 0.33655164211, 0.27204019829, 0.59401285215, 0.40248654951, 0.45576240061, 0.10963586313, 0.031767260547, 0.12452655045, 0.16629811439, 0.40426063025, 0.24586885938, 0.277260434, 0.16148555969, 0.17384218956, 0.44680558849, 0.53775417347, 0.54322685242, 0.15113097398, 0.044616888901, 0.15827786853, 0.25013042739, 0.29955224241, 0.1775409537, 0.22024871413, 0.11807669521, 0.12095432535, 0.3784898845, 0.53406420607, 0.53669542388, 0.14638817222, 0.045196905451, 0.1572425913, 0.24313584575, 0.30753582664, 0.1859862911, 0.23047805591, 0.11320306184, 0.12007569371, 0.37999792612]
    ],
    [
