{
  "W": [
    [63, 12, 13, 12],
    [63, 9, 15, 13],
    [63, 13, 10, 14],
    [60, 10, 17, 13],
    [60, 10, 12, 18],
    [71, 15, 7, 7],
    [68, 18, 8, 6],
    [62, 16, 12, 10],
    [66, 12, 13, 9],
    [67, 12, 13, 8],
    [58, 16, 9, 17],
    [63, 17, 9, 11],
    [31, 49, 10, 10],
    [10, 71, 11, 8],
    [7, 60, 17, 16],
    [18, 52, 11, 19],
    [19, 63, 9, 9],
    [14, 51, 14, 21],
    [8, 67, 12, 13],
    [14, 63, 13, 10],
    [15, 60, 11, 14],
    [8, 68, 11, 13],
    [15, 57, 12, 16],
    [15, 57, 14, 14],
    [13, 68, 7, 12],
    [10, 14, 62, 14],
    [10, 13, 65, 12],
    [4, 13, 72, 11],
    [9, 10, 61, 20],
    [12, 14, 60, 14],
    [13, 11, 70, 6],
    [10, 9, 66, 15],
    [15, 9, 61, 15],
    [17, 12, 61, 10],
    [15, 10, 60, 15],
    [8, 12, 68, 12],
    [10, 13, 63, 14],
    [17, 18, 35, 30],
    [13, 11, 9, 67],
    [13, 11, 18, 58],
    [13, 7, 17, 63],
    [18, 9, 10, 63],
    [9, 15, 14, 62],
    [14, 13, 11, 62],
    [8, 18, 14, 60],
    [12, 10, 17, 61],
    [7, 12, 14, 67],
    [20, 9, 7, 64],
    [10, 14, 12, 64],
    [12, 17, 13, 58]
  ],
  "X": [
    [12, 10, 45, 33],
    [7, 15, 46, 32],
    [11, 11, 50, 28],
    [12, 16, 48, 24],
    [10, 12, 50, 28],
    [15, 10, 48, 27],
    [9, 14, 46, 31],
    [9, 17, 44, 30],
    [8, 11, 55, 26],
    [11, 16, 52, 21],
    [10, 15, 42, 33],
    [16, 11, 49, 24],
    [23, 17, 35, 25],
    [22, 29, 15, 34],
    [28, 25, 18, 29],
    [15, 24, 21, 40],
    [23, 31, 20, 26],
    [21, 39, 20, 20],
    [32, 25, 13, 30],
    [29, 23, 20, 28],
    [30, 21, 20, 29],
    [21, 24, 17, 38],
    [21, 26, 26, 27],
    [26, 27, 23, 24],
    [24, 31, 15, 30],
    [12, 36, 38, 14],
    [16, 33, 46, 5],
    [16, 32, 43, 9],
    [11, 32, 38, 19],
    [13, 24, 45, 18],
    [14, 31, 49, 6],
    [10, 38, 44, 8],
    [14, 35, 41, 10],
    [11, 31, 45, 13],
    [13, 32, 39, 16],
    [13, 36, 38, 13],
    [17, 39, 31, 13],
    [19, 28, 32, 21],
    [10, 33, 23, 34],
    [19, 32, 21, 28],
    [12, 26, 25, 37],
    [11, 37, 21, 31],
    [15, 30, 20, 35],
    [9, 34, 24, 33],
    [12, 28, 24, 36],
    [13, 29, 27, 31],
    [14, 33, 14, 39],
    [15, 29, 23, 33],
    [18, 22, 18, 42],
    [16, 32, 20, 32]
  ],
  "real_prob": [
    [0.072644781694, 0.015889545805, 0.64661496465, 0.26485070785],
    [0.34867185791, 0.26613386798, 0.05181872701, 0.3333755471],
    [0.11727052934, 0.34856357676, 0.51743384049, 0.016732053411],
    [0.1192030729, 0.37166769237, 0.10529128682, 0.40383794791]
  ],
  "method": "exact",
  "prob": [
    [0.054918147605, 0.027290665401, 0.6396607557, 0.27813043129],
    [0.34690698543, 0.27357742276, 0.059501263726, 0.32001432808],
    [0.10900648133, 0.38126488603, 0.4992690542, 0.010459578444],
    [0.11956838563, 0.35146702581, 0.10316892637, 0.42579566219]
  ],
  "iterations": 19,
  "logLik": -387.7654757975,
  "time": 2044.317424,
  "message": "Converged",
  "status": 0,
  "cond_prob": [
    [
      [0.061037549107, 0.38663609156, 0.14541950084, 0.13537898306, 0.01819985199, 0.17487311853, 0.30275750813, 0.23492369139, 0.5761706136, 0.052223889583, 0.53514965282, 0.093134931799, 0.3445919853, 0.38626690033, 0.016673338219, 0.53656239375, 0.038633848427, 0.25649138143, 0.081855669012, 0.079216160084, 0.028271830539, 0.28436485858, 0.418075462, 0.33757377068, 0.58851905578, 0.055718665918, 0.48524997885, 0.087929370013, 0.34457526526, 0.40342509408, 0.014818890141, 0.49528069922, 0.051200922687, 0.37276508497, 0.11377185193, 0.12790551763, 0.019458094231, 0.21491602335, 0.30115671481, 0.2834760437, 0.66191370029, 0.068499027512, 0.57297076166, 0.11994585056, 0.2674272828, 0.34381986417, 0.012100671598, 0.46867258811, 0.067109265351, 0.39789697017],
      [0.12680622808, 0.14144373076, 0.030008446084, 0.26993136466, 0.39471820774, 0.36845923513, 0.63717095897, 0.053947604194, 0.46827353427, 0.097662795158, 0.26571132959, 0.27822406098, 0.010202029905, 0.39243423894, 0.048197897802, 0.36133120728, 0.1077526497, 0.12232123682, 0.019184801467, 0.21748992914, 0.29792492668, 0.28327297224, 0.66810796975, 0.071138423432, 0.58227586115, 0.12304595815, 0.26450933098, 0.35004044015, 0.012046562467, 0.47135983279, 0.082228352261, 0.45512409381, 0.16128623041, 0.17227456706, 0.026257965463, 0.22227118268, 0.36243201114, 0.32351323343, 0.61083169853, 0.04830438478, 0.46510192973, 0.09295287498, 0.28068198375, 0.27430033874, 0.011179828713, 0.41125932453, 0.043318203887, 0.27079485312, 0.083560205138, 0.08526218974],
      [0.033526107483, 0.32060088918, 0.45374562174, 0.38657395198, 0.60172714298, 0.053660068912, 0.45010665841, 0.085969961629, 0.32142854565, 0.35494418879, 0.012587514715, 0.44219389665, 0.044682034145, 0.2724121527, 0.084270377417, 0.085987491091, 0.035341659739, 0.32839922001, 0.46551796698, 0.39682139724, 0.59800275082, 0.052067610374, 0.43787693031, 0.083622451922, 0.32197355529, 0.34712101692, 0.012334725299, 0.43356865975, 0.036944577649, 0.30188630119, 0.082608903703, 0.096122945865, 0.019861154655, 0.24582172856, 0.30965301592, 0.30153487145, 0.68393051035, 0.079236966615, 0.59594450261, 0.12916268704, 0.25926375734, 0.37305500364, 0.01179357777, 0.47317949564, 0.062636522709, 0.36763479853, 0.10591585459, 0.12685366081, 0.037812960915, 0.33838291993],
      [0.44724423733, 0.44897018677, 0.66919535858, 0.055933655268, 0.43893109361, 0.098325361856, 0.23035515779, 0.23804862627, 0.0079088144672, 0.32585079056, 0.045896945241, 0.30095010929, 0.096750735316, 0.097177577035, 0.026822384193, 0.2674787911, 0.39375615486, 0.33063739208, 0.60441630537, 0.05651794983, 0.49563583466, 0.092873210567, 0.3228643652, 0.37505314978, 0.013857275166, 0.47931182032, 0.074503302521, 0.46852045291, 0.15233851674, 0.17912705373, 0.021620298371, 0.20707249211, 0.30834665774, 0.30386990155, 0.66580703524, 0.059645653524, 0.52940647096, 0.11595658468, 0.23806936387, 0.26476140145, 0.009908354551, 0.40104646004, 0.046652968041, 0.39111251754, 0.10172377004, 0.1372006931, 0.017375717383, 0.22226373373, 0.26131821446, 0.29572476637]
    ],
    [
      [0.73756331814, 0.087733262608, 0.6280874285, 0.15557329848, 0.19840799643, 0.29889048612, 0.0088705870105, 0.41150124204, 0.045791920029, 0.27905672217, 0.09196357086, 0.089681780759, 0.031736831314, 0.29547889429, 0.43970049504, 0.35836559338, 0.58135360716, 0.049908241318, 0.45430360549, 0.080704891806, 0.3411176415, 0.37555614222, 0.01403232861, 0.47124773406, 0.061572765222, 0.38654031549, 0.12838227235, 0.13712956777, 0.024277535171, 0.23204082269, 0.3487043307, 0.31122714191, 0.6270420092, 0.055642160807, 0.5106497895, 0.099445616602, 0.28710769041, 0.32577670102, 0.012263607447, 0.45219767372, 0.033659578929, 0.23436323726, 0.07651551074, 0.071872032809, 0.024571408834, 0.26092682594, 0.38553380938, 0.30256040996, 0.58582901974, 0.058007333501],
      [0.52137391482, 0.089662275771, 0.3559399925, 0.4467026033, 0.016576765062, 0.53590528146, 0.055213624565, 0.31956330209, 0.095284382133, 0.10676596252, 0.039518283636, 0.34982339928, 0.47052266006, 0.44173050172, 0.63755964138, 0.052000912854, 0.42474422646, 0.087512362865, 0.26770845041, 0.27861238578, 0.0094487313502, 0.3639911729, 0.057596526141, 0.32631611768, 0.089023813954, 0.10977110652, 0.046731280547, 0.40375341911, 0.49715826716, 0.51400580749, 0.68414170318, 0.054513179067, 0.40712815254, 0.092478566067, 0.21153049013, 0.21541728414, 0.0066897663471, 0.28374451992, 0.080178211705, 0.41049889518, 0.1583179574, 0.15041021851, 0.02992005222, 0.23372633388, 0.40783852791, 0.32360868289, 0.54733262251, 0.039362077685, 0.42001166204, 0.072610759275],
