{
  "W": [
    [64, 13, 13, 10],
    [64, 14, 7, 15],
    [54, 20, 14, 12],
    [62, 14, 9, 15],
    [67, 12, 12, 9],
    [61, 19, 12, 8],
    [54, 20, 15, 11],
    [64, 14, 10, 12],
    [58, 17, 10, 15],
    [68, 7, 10, 15],
    [55, 13, 13, 19],
    [66, 10, 13, 11],
    [33, 39, 16, 12],
    [10, 70, 10, 10],
    [16, 57, 12, 15],
    [14, 60, 10, 16],
    [9, 71, 10, 10],
    [16, 58, 16, 10],
    [18, 56, 17, 9],
    [10, 62, 15, 13],
    [15, 54, 13, 18],
    [18, 57, 15, 10],
    [11, 61, 11, 17],
    [11, 57, 15, 17],
    [11, 65, 6, 18],
    [14, 12, 64, 10],
    [8, 15, 64, 13],
    [10, 13, 65, 12],
    [15, 13, 63, 9],
    [9, 9, 69, 13],
    [9, 8, 66, 17],
    [14, 14, 58, 14],
    [10, 10, 73, 7],
    [17, 10, 60, 13],
    [15, 13, 61, 11],
    [15, 16, 59, 10],
    [7, 15, 64, 14],
    [12, 17, 37, 34],
    [9, 8, 12, 71],
    [14, 8, 18, 60],
    [16, 11, 9, 64],
    [12, 12, 10, 66],
    [18, 19, 8, 55],
    [11, 15, 10, 64],
    [15, 10, 9, 66],
    [14, 15, 11, 60],
    [16, 10, 12, 62],
    [16, 10, 12, 62],
    [15, 15, 15, 55],
    [10, 12, 17, 61]
  ],
  "X": [
    [36, 7, 41, 16],
    [50, 2, 33, 15],
    [32, 12, 33, 23],
    [38, 5, 28, 29],
    [43, 5, 38, 14],
    [46, 7, 30, 17],
    [46, 3, 36, 15],
    [54, 5, 29, 12],
    [36, 9, 45, 10],
    [44, 8, 32, 16],
    [39, 10, 45, 6],
    [47, 3, 34, 16],
    [43, 11, 21, 25],
    [48, 15, 24, 13],
    [45, 14, 29, 12],
    [43, 15, 28, 14],
    [53, 15, 23, 9],
    [40, 13, 26, 21],
    [44, 13, 26, 17],
    [46, 16, 25, 13],
    [40, 14, 33, 13],
    [47, 16, 29, 8],
    [48, 18, 18, 16],
    [36, 12, 25, 27],
    [51, 12, 21, 16],
    [23, 20, 26, 31],
    [21, 14, 29, 36],
    [21, 17, 31, 31],
    [27, 17, 29, 27],
    [17, 20, 27, 36],
    [24, 21, 36, 19],
    [28, 8, 32, 32],
    [26, 23, 31, 20],
    [29, 13, 26, 32],
    [32, 21, 24, 23],
    [24, 15, 28, 33],
    [27, 14, 34, 25],
    [30, 12, 33, 25],
    [27, 21, 40, 12],
    [30, 19, 36, 15],
    [27, 13, 53, 7],
    [28, 14, 40, 18],
    [32, 9, 51, 8],
    [23, 20, 47, 10],
    [21, 17, 50, 12],
    [32, 13, 37, 18],
    [21, 13, 47, 19],
    [17, 18, 47, 18],
    [24, 14, 46, 16],
    [24, 9, 51, 16]
  ],
  "real_prob": [
    [0.50933539076, 0.014806597992, 0.34375361458, 0.13210439668],
    [0.53407980194, 0.16208476768, 0.17524542909, 0.12859000128],
    [0.1399710962, 0.2064847105, 0.24162548317, 0.41191871012],
    [0.19332863025, 0.15187970872, 0.5424621551, 0.11232950594]
  ],
  "method": "exact",
  "prob": [
    [0.49290990802, 0.0086321301427, 0.36174798174, 0.13670998009],
    [0.56918740447, 0.14764138039, 0.15954219097, 0.12362902417],
    [0.15881526224, 0.20072779435, 0.25889984615, 0.38155709725],
    [0.16308742527, 0.16699869511, 0.56620998114, 0.10370389848]
  ],
  "iterations": 18,
  "logLik": -423.416714041,
  "time": 1602.415149,
  "message": "Converged",
  "status": 0,
  "cond_prob": [
    [
      [0.41517006122, 0.50363837141, 0.12716915763, 0.12286182046, 0.0096810062111, 0.16362183557, 0.20475736844, 0.15914859504, 0.44051839076, 0.20350364775, 0.30052853086, 0.62544046694, 0.13463054181, 0.12923614527, 0.36754494307, 0.092549117556, 0.55557733555, 0.68547112003, 0.21544450297, 0.22255622156, 0.0024235858588, 0.041429941541, 0.064864248263, 0.054054772375, 0.31260271538, 0.14690775573, 0.27031610981, 0.60296699113, 0.12939636321, 0.1261911827, 0.44937513896, 0.12042201493, 0.3880685054, 0.42248623596, 0.092627562709, 0.10814917596, 0.015559223182, 0.23557731392, 0.25448556745, 0.24045481046, 0.38473498837, 0.15954742476, 0.20431446393, 0.51441330317, 0.21163728305, 0.18238902536, 0.44857240592, 0.13698271042, 0.44175281984, 0.51642902865],
      [0.11269046562, 0.15780697187, 0.0067078317212, 0.10897410143, 0.1172478649, 0.13354974862, 0.28246972239, 0.12583980651, 0.16045437325, 0.48540203744, 0.26906962605, 0.24875706341, 0.60960729623, 0.22324124208, 0.48426565673, 0.59017980343, 0.16942907679, 0.15987715958, 0.0068789610294, 0.11669466781, 0.16676365724, 0.12640107893, 0.39501489228, 0.18336374001, 0.3080073574, 0.62639433869, 0.11384048996, 0.10976178874, 0.35579990857, 0.08732742279, 0.51652199948, 0.58558626133, 0.16350912241, 0.17548869971, 0.0090516856049, 0.14260567279, 0.19751382515, 0.17102168667, 0.33064813208, 0.14280769277, 0.23310131237, 0.53998775398, 0.14377818283, 0.12900037312, 0.40587574007, 0.11350185964, 0.51381448213, 0.65652837963, 0.20334925177, 0.18847378143],
      [0.0028924687634, 0.051019093827, 0.078568004474, 0.05862770392, 0.37351683317, 0.18161403664, 0.32968521497, 0.65932109561, 0.10977621594, 0.11083848991, 0.38839752879, 0.093577419045, 0.6101330463, 0.69229090484, 0.23944205694, 0.23874931665, 0.0061129621252, 0.096186343387, 0.16616256129, 0.13337800031, 0.28591746344, 0.12368349736, 0.25036309558, 0.53884020175, 0.097836528136, 0.087839254418, 0.34403228619, 0.089032481293, 0.41844374371, 0.50558407767, 0.1370435843, 0.11765984677, 0.011211127736, 0.1882593919, 0.25306176854, 0.17458181624, 0.48207562855, 0.2217778801, 0.35176358315, 0.65011691672, 0.088269500004, 0.084378650324, 0.25813106401, 0.057641420275, 0.52782093439, 0.56567155061, 0.15701158077, 0.17189065329, 0.012253397558, 0.18328000225],
      [0.2529972583, 0.22358909115, 0.3168723069, 0.12961888936, 0.21029068148, 0.49616293936, 0.14305336115, 0.12142955778, 0.37970047945, 0.10835731619, 0.48310372901, 0.5695342407, 0.17900334458, 0.14201612082, 0.010999361069, 0.17968167878, 0.28125648678, 0.17909678889, 0.45722160025, 0.20536790103, 0.3782081891, 0.64559593762, 0.048675309668, 0.045416179494, 0.16153197954, 0.033291152675, 0.53809154402, 0.66035850326, 0.20323159091, 0.20366930732, 0.0037146524161, 0.063220401567, 0.097047517915, 0.078273744724, 0.33444185309, 0.15633920769, 0.28173283552, 0.60917443249, 0.12375195048, 0.12008188748, 0.41798805565, 0.10888251547, 0.50986556162, 0.55839762118, 0.13883477977, 0.18129773035, 0.0095351952232, 0.14398666704, 0.17658944504, 0.18703561854]
    ],
    [
      [0.26407271615, 0.11005263726, 0.16005914016, 0.45271677262, 0.21652652701, 0.18756307452, 0.52451663504, 0.17894987849, 0.49340628715, 0.56965865205, 0.16153248542, 0.15745066308, 0.0098893617292, 0.15686998355, 0.21915492996, 0.17286582346, 0.37904102835, 0.1660817168, 0.27581909399, 0.58256786005, 0.11766332278, 0.1073896476, 0.34349349063, 0.087115653406, 0.49153272098, 0.57534653169, 0.16719165971, 0.15562828278, 0.0095229908416, 0.15317741014, 0.21967790567, 0.16535899338, 0.39566929464, 0.17592609112, 0.29960809281, 0.60308046523, 0.10327499353, 0.095549967063, 0.3135223418, 0.075932258617, 0.4683796821, 0.54410933471, 0.14692408738, 0.1454302184, 0.010296739934, 0.16438879304, 0.21878447715, 0.17529208044, 0.39239389295, 0.17311736713],
      [0.2737553093, 0.58636814861, 0.12892968501, 0.11838450512, 0.36053612618, 0.092909552549, 0.54981658491, 0.62259474632, 0.20191883626, 0.18282353842, 0.0097117680333, 0.15105945838, 0.24175816696, 0.17697908729, 0.36090976517, 0.15512154409, 0.29504366324, 0.57877458507, 0.079561881887, 0.071224251203, 0.26127933354, 0.06142278922, 0.43048647861, 0.5132144468, 0.12449257756, 0.13538971865, 0.0089527836852, 0.14671102483, 0.17525536062, 0.15434302509, 0.38422011563, 0.17390735582, 0.24690244408, 0.58154124068, 0.17634062207, 0.16616717254, 0.45334961773, 0.12872601558, 0.47808192042, 0.56100352394, 0.15240649515, 0.1541575194, 0.0089781770951, 0.14482862884, 0.19405567468, 0.15878256973, 0.37688458107, 0.16796067154, 0.26728039872, 0.58516812846],
