{
  "W": [
    [64, 13, 13, 10],
    [64, 14, 7, 15],
    [54, 20, 14, 12],
    [62, 14, 9, 15],
    [67, 12, 12, 9],
    [61, 19, 12, 8],
    [54, 20, 15, 11],
    [64, 14, 10, 12],
    [58, 17, 10, 15],
    [68, 7, 10, 15],
    [55, 13, 13, 19],
    [66, 10, 13, 11],
    [33, 39, 16, 12],
    [10, 70, 10, 10],
    [16, 57, 12, 15],
    [14, 60, 10, 16],
    [9, 71, 10, 10],
    [16, 58, 16, 10],
    [18, 56, 17, 9],
    [10, 62, 15, 13],
    [15, 54, 13, 18],
    [18, 57, 15, 10],
    [11, 61, 11, 17],
    [11, 57, 15, 17],
    [11, 65, 6, 18],
    [14, 12, 64, 10],
    [8, 15, 64, 13],
    [10, 13, 65, 12],
    [15, 13, 63, 9],
    [9, 9, 69, 13],
    [9, 8, 66, 17],
    [14, 14, 58, 14],
    [10, 10, 73, 7],
    [17, 10, 60, 13],
    [15, 13, 61, 11],
    [15, 16, 59, 10],
    [7, 15, 64, 14],
    [12, 17, 37, 34],
    [9, 8, 12, 71],
    [14, 8, 18, 60],
    [16, 11, 9, 64],
    [12, 12, 10, 66],
    [18, 19, 8, 55],
    [11, 15, 10, 64],
    [15, 10, 9, 66],
    [14, 15, 11, 60],
    [16, 10, 12, 62],
    [16, 10, 12, 62],
    [15, 15, 15, 55],
    [10, 12, 17, 61]
  ],
  "X": [
    [36, 7, 41, 16],
    [50, 2, 33, 15],
    [32, 12, 33, 23],
    [38, 5, 28, 29],
    [43, 5, 38, 14],
    [46, 7, 30, 17],
    [46, 3, 36, 15],
    [54, 5, 29, 12],
    [36, 9, 45, 10],
    [44, 8, 32, 16],
    [39, 10, 45, 6],
    [47, 3, 34, 16],
    [43, 11, 21, 25],
    [48, 15, 24, 13],
    [45, 14, 29, 12],
    [43, 15, 28, 14],
    [53, 15, 23, 9],
    [40, 13, 26, 21],
    [44, 13, 26, 17],
    [46, 16, 25, 13],
    [40, 14, 33, 13],
    [47, 16, 29, 8],
    [48, 18, 18, 16],
    [36, 12, 25, 27],
    [51, 12, 21, 16],
    [23, 20, 26, 31],
    [21, 14, 29, 36],
    [21, 17, 31, 31],
    [27, 17, 29, 27],
    [17, 20, 27, 36],
    [24, 21, 36, 19],
    [28, 8, 32, 32],
    [26, 23, 31, 20],
    [29, 13, 26, 32],
    [32, 21, 24, 23],
    [24, 15, 28, 33],
    [27, 14, 34, 25],
    [30, 12, 33, 25],
    [27, 21, 40, 12],
    [30, 19, 36, 15],
    [27, 13, 53, 7],
    [28, 14, 40, 18],
    [32, 9, 51, 8],
    [23, 20, 47, 10],
    [21, 17, 50, 12],
    [32, 13, 37, 18],
    [21, 13, 47, 19],
    [17, 18, 47, 18],
    [24, 14, 46, 16],
    [24, 9, 51, 16]
  ],
  "real_prob": [
    [0.50933539076, 0.014806597992, 0.34375361458, 0.13210439668],
    [0.53407980194, 0.16208476768, 0.17524542909, 0.12859000128],
    [0.1399710962, 0.2064847105, 0.24162548317, 0.41191871012],
    [0.19332863025, 0.15187970872, 0.5424621551, 0.11232950594]
  ],
  "method": "exact",
  "prob": [
    [0.49096301091, 0.0082180816246, 0.36095945785, 0.13985944962],
    [0.56901893707, 0.14803098387, 0.16197412743, 0.12097595164],
    [0.15915419516, 0.20072316108, 0.25837729438, 0.38174534938],
    [0.16486385686, 0.16702777343, 0.56508912034, 0.10301924936]
  ],
  "iterations": 18,
  "logLik": -423.3285180996,
  "time": 1600.878369,
  "message": "Converged",
  "status": 0,
  "cond_prob": [
    [
      [0.41435776087, 0.50459909086, 0.12852072441, 0.12505457056, 0.0092238409018, 0.16428815947, 0.2060135525, 0.15957519266, 0.4397214667, 0.2071647749, 0.30132555796, 0.62474518041, 0.13669693152, 0.12394797477, 0.36414016513, 0.090625056369, 0.55409617213, 0.68726453292, 0.21770590802, 0.22614667777, 0.0023089448112, 0.041653454268, 0.065290592237, 0.054136335111, 0.31212826417, 0.14980368393, 0.27126142535, 0.6018473027, 0.13146661889, 0.12127832888, 0.44574207439, 0.11786968442, 0.38663449894, 0.42444786322, 0.093620921895, 0.11017390721, 0.014770818563, 0.23672417294, 0.25555858705, 0.24083934335, 0.38338342745, 0.16286223402, 0.20488468067, 0.51430539231, 0.21521125505, 0.17596572982, 0.44593581039, 0.13468135714, 0.43973981708, 0.52093444585],
      [0.11428476559, 0.16096574724, 0.0063548605773, 0.10981878913, 0.11800081553, 0.13376855044, 0.28139628718, 0.12904314856, 0.16153850704, 0.48619863678, 0.27250903516, 0.24020361646, 0.60617591184, 0.21906706554, 0.48343235447, 0.5910378508, 0.17117862353, 0.16260383985, 0.0065592688048, 0.11718142931, 0.1678312587, 0.126708526, 0.39444716647, 0.18660352701, 0.30877077935, 0.62528313004, 0.11556121026, 0.10517719288, 0.35221933843, 0.085404504107, 0.51529879861, 0.58719949144, 0.1651650485, 0.17850029567, 0.0086171958858, 0.14324552636, 0.19853349855, 0.17128550845, 0.32986416961, 0.14547636237, 0.23356804339, 0.53892728105, 0.1462198359, 0.12407861983, 0.40273340956, 0.11128691484, 0.51248026737, 0.65718905994, 0.2050115855, 0.19155550731],
      [0.0027536380337, 0.051167567079, 0.078831172815, 0.058680419307, 0.37265990579, 0.1847457437, 0.32979796076, 0.65768007291, 0.11210618881, 0.10689762928, 0.38635928092, 0.092084000475, 0.60897400313, 0.69308781897, 0.24149418124, 0.24229104348, 0.005833816972, 0.096657799102, 0.16709785299, 0.13353733304, 0.28568911783, 0.12593247949, 0.25074473521, 0.53711619947, 0.099503062066, 0.084321902437, 0.34066323056, 0.087055424003, 0.41787603217, 0.5051375044, 0.13813095956, 0.11963619759, 0.010703707741, 0.188779177, 0.25430479431, 0.17512606659, 0.48146777551, 0.22513563095, 0.35173445767, 0.64868124785, 0.089952484585, 0.080947687651, 0.25582978845, 0.056556487969, 0.5268011437, 0.56713441686, 0.15870269962, 0.17470362096, 0.011693569388, 0.18446206942],
      [0.25502039926, 0.22422658687, 0.31665293848, 0.13218136942, 0.21110496374, 0.49541873067, 0.14485234844, 0.11622214431, 0.37517193739, 0.10565106149, 0.48250776346, 0.56799419315, 0.17998980441, 0.14412005482, 0.010515747584, 0.1800732509, 0.28229670462, 0.1795170769, 0.45727978041, 0.20836225385, 0.37773119889, 0.64370511535, 0.049696708546, 0.043570302101, 0.15998229207, 0.032657752934, 0.53686340126, 0.66191910296, 0.20542113614, 0.20703179251, 0.0035379888213, 0.063501818696, 0.097647052268, 0.078369351941, 0.33397096561, 0.15933696567, 0.28271792288, 0.60811032868, 0.12562764431, 0.11524211267, 0.41421388872, 0.10648852687, 0.50637260926, 0.56022498179, 0.13943859262, 0.18415934358, 0.0090296611373, 0.14457487992, 0.1763051618, 0.18689318972]
    ],
    [
      [0.26232785067, 0.1121952677, 0.15949902236, 0.45129842748, 0.22226987893, 0.18300487059, 0.52475722321, 0.17764903922, 0.49195387156, 0.56942414985, 0.16175097238, 0.16032610707, 0.0094059110324, 0.15701161601, 0.21826386809, 0.17324890882, 0.3756275723, 0.16765605237, 0.27230507461, 0.57847498653, 0.1230126451, 0.10590818177, 0.34768008492, 0.087949997578, 0.49020803201, 0.57491751782, 0.16764331979, 0.15831020898, 0.0090639596055, 0.15333786663, 0.21918453173, 0.16563359119, 0.3932619108, 0.17800470897, 0.29698311848, 0.59984957294, 0.10746609758, 0.093739906585, 0.31618903001, 0.076206626884, 0.46652079034, 0.5438401991, 0.14713515761, 0.14793408834, 0.0097863238196, 0.16457359126, 0.21797689532, 0.17555043984, 0.3894053911, 0.17516278808],
      [0.27094719583, 0.5830678301, 0.13428749475, 0.11642342156, 0.36394075124, 0.093447641712, 0.5491815513, 0.62213100626, 0.20247545582, 0.18613100359, 0.0092538818156, 0.15115406686, 0.24112875441, 0.17734887728, 0.35827507343, 0.15652710407, 0.29166263853, 0.57454735646, 0.083289493448, 0.070187822814, 0.26473315124, 0.061972762675, 0.42791285882, 0.51349069579, 0.12460118235, 0.13773149854, 0.0084911864991, 0.14701039164, 0.1744913686, 0.15456764032, 0.38058745205, 0.17617155833, 0.24427740643, 0.57842118813, 0.18300850263, 0.16332735424, 0.45663004262, 0.12927967301, 0.47617749008, 0.56107754706, 0.15277168679, 0.15681598529, 0.00853355564, 0.14508890684, 0.19353778164, 0.15903054751, 0.37410496277, 0.17009116743, 0.26486007327, 0.58204267203],
