{
  "W": [
    [98, 2, 0],
    [98, 1, 1],
    [95, 3, 2],
    [95, 1, 4],
    [98, 1, 1],
    [96, 0, 4],
    [97, 1, 2],
    [99, 0, 1],
    [97, 1, 2],
    [98, 0, 2],
    [93, 2, 5],
    [94, 2, 4],
    [96, 2, 2],
    [98, 1, 1],
    [100, 0, 0],
    [94, 3, 3],
    [64, 34, 2],
    [1, 98, 1],
    [1, 97, 2],
    [0, 100, 0],
    [3, 97, 0],
    [3, 96, 1],
    [1, 96, 3],
    [1, 96, 3],
    [0, 99, 1],
    [1, 98, 1],
    [0, 95, 5],
    [2, 97, 1],
    [3, 95, 2],
    [1, 97, 2],
    [2, 98, 0],
    [1, 99, 0],
    [2, 95, 3],
    [0, 33, 67],
    [3, 2, 95],
    [3, 1, 96],
    [1, 1, 98],
    [1, 1, 98],
    [3, 0, 97],
    [2, 5, 93],
    [3, 1, 96],
    [1, 2, 97],
    [2, 1, 97],
    [4, 2, 94],
    [3, 2, 95],
    [1, 2, 97],
    [0, 1, 99],
    [2, 3, 95],
    [3, 2, 95],
    [3, 1, 96]
  ],
  "X": [
    [24, 36, 40],
    [34, 33, 33],
    [29, 36, 35],
    [19, 38, 43],
    [27, 35, 38],
    [22, 41, 37],
    [24, 39, 37],
    [30, 32, 38],
    [27, 31, 42],
    [32, 31, 37],
    [34, 32, 34],
    [28, 31, 41],
    [22, 36, 42],
    [32, 29, 39],
    [28, 26, 46],
    [27, 35, 38],
    [39, 22, 39],
    [45, 10, 45],
    [54, 8, 38],
    [54, 8, 38],
    [63, 11, 26],
    [51, 11, 38],
    [51, 15, 34],
    [54, 9, 37],
    [58, 7, 35],
    [52, 10, 38],
    [49, 17, 34],
    [51, 9, 40],
    [52, 16, 32],
    [48, 11, 41],
    [41, 10, 49],
    [54, 8, 38],
    [50, 12, 38],
    [28, 52, 20],
    [25, 61, 14],
    [23, 70, 7],
    [27, 55, 18],
    [16, 69, 15],
    [23, 60, 17],
    [34, 51, 15],
    [21, 57, 22],
    [31, 60, 9],
    [24, 66, 10],
    [23, 62, 15],
    [23, 58, 19],
    [26, 56, 18],
    [23, 61, 16],
    [24, 58, 18],
    [25, 61, 14],
    [26, 59, 15]
  ],
  "real_prob": [
    [0.27761588845, 0.32369567236, 0.39868843919],
    [0.53259614401, 0.10558289281, 0.36182096318],
    [0.2314291531, 0.62218411099, 0.14638673591]
  ],
  "method": "exact",
  "prob": [
    [0.27350667989, 0.33295650162, 0.39353681848],
    [0.52523437593, 0.095765081042, 0.37900054303],
    [0.23739415363, 0.62204148961, 0.14056435676]
  ],
  "iterations": 2,
  "logLik": -271.2001071329,
  "time": 0.017119,
  "message": "Converged",
  "status": 0,
  "cond_prob": [
    [
      [0.23506532729, 0.48179896297, 0.23758383846, 0.36508043118, 0.11105887207, 0.62144983533, 0.39985424153, 0.40714216496, 0.14096632621, 0.33780092091, 0.611733308, 0.28377644328, 0.32969076998, 0.088795056282, 0.60150948541, 0.33250830911, 0.29947163572, 0.11471407131, 0.28294905983, 0.55135245147, 0.23289098105, 0.36201536989, 0.10478445367, 0.64709324959, 0.35503557028, 0.34386309486, 0.12001576936, 0.18892443721, 0.40821754069, 0.16099023115, 0.36992427691, 0.11853069478, 0.68466574971, 0.44115128588, 0.47325176453, 0.15434401914, 0.26784219692, 0.52528140706, 0.22618329527, 0.34956161268, 0.10182739298, 0.64113456455, 0.38259619041, 0.37289119996, 0.13268214018, 0.22172799893, 0.52487729948, 0.17852802558, 0.39809338584, 0.096423954421],
      [0.69575873992, 0.38017861523, 0.3786987461, 0.1257132345, 0.23833560989, 0.49454514963, 0.19345034566, 0.38678100593, 0.11909447677, 0.68157397423, 0.37488338419, 0.3863603736, 0.12497568011, 0.30038367902, 0.52487729948, 0.262015777, 0.31716154123, 0.096423954421, 0.60100741857, 0.38245477975, 0.3786987461, 0.13697680443, 0.26810106787, 0.51048631192, 0.24185505234, 0.306311704, 0.086678177846, 0.60054326723, 0.42558722813, 0.40283551024, 0.15760168043, 0.32076834696, 0.52487729948, 0.28235099903, 0.30444473935, 0.096423954421, 0.58220777167, 0.37478691369, 0.3786987461, 0.1354412293, 0.33695461584, 0.60348121302, 0.29125166019, 0.31091741228, 0.082838130822, 0.58380087926, 0.35212797188, 0.31368065616, 0.12494746054, 0.27617936028],
      [0.52055365125, 0.24950820779, 0.3026921075, 0.084805975334, 0.594332486, 0.42112853222, 0.39464037342, 0.15615930621, 0.21595636583, 0.44952059924, 0.18457384084, 0.35881217045, 0.11082604113, 0.6661897774, 0.42523146372, 0.43965335963, 0.14923638176, 0.31777420219, 0.57130687184, 0.28682131348, 0.28933702363, 0.077373180871, 0.56759850379, 0.39288877418, 0.35131994729, 0.14558018273, 0.28, 0.52487729948, 0.23758383846, 0.26, 0.096423954421, 0.62144983533, 0.46, 0.3786987461, 0.14096632621, 0.26355157465, 0.51871591248, 0.22333474835, 0.34860791162, 0.10190553226, 0.64171323708, 0.38784051373, 0.37937855526, 0.13495201457, 0.30604170794, 0.55456015248, 0.27914275364, 0.28524724472, 0.076721351273, 0.56782519722]
    ],
    [
      [0.40871104733, 0.36871849625, 0.15303204914, 0.22839899277, 0.45476779145, 0.20435744479, 0.31614696518, 0.092402362412, 0.62842151843, 0.45545404205, 0.45282984613, 0.16722103679, 0.30688635967, 0.54761947786, 0.2870121438, 0.26200934063, 0.068480946149, 0.54766944148, 0.4311042997, 0.38389957599, 0.16531841471, 0.27367418531, 0.54, 0.23758383846, 0.3328889276, 0.08, 0.62144983533, 0.39343688709, 0.38, 0.14096632621, 0.34469148782, 0.6388239746, 0.23758383846, 0.37490266531, 0.10180713406, 0.62144983533, 0.28040584687, 0.25936889133, 0.14096632621, 0.26709545391, 0.52054765179, 0.22613906636, 0.34013935739, 0.097314342794, 0.63740501964, 0.39276518871, 0.38213800542, 0.13645591401, 0.24875920137, 0.52271578097],
      [0.19017527525, 0.42015306472, 0.12981318483, 0.70592706399, 0.3310877339, 0.34747103421, 0.10389766076, 0.30522968444, 0.55059925312, 0.27908067186, 0.27691915389, 0.073232292046, 0.56426026989, 0.41785116168, 0.37616845483, 0.15665905825, 0.27367418531, 0.5827164379, 0.31107264813, 0.3328889276, 0.065307506462, 0.53455686027, 0.39343688709, 0.35197605564, 0.1543704916, 0.27356008254, 0.52542337714, 0.23494895729, 0.32779939327, 0.092322624133, 0.62458344166, 0.39864052418, 0.38225399872, 0.14046760105, 0.27367418531, 0.50658178777, 0.17494603234, 0.3328889276, 0.14079051323, 0.72498024871, 0.39343688709, 0.352627699, 0.10007371895, 0.27635364559, 0.5175006734, 0.24972738887, 0.29371211168, 0.080635820524, 0.59090118585, 0.42993424273],
      [0.40186350607, 0.15937142527, 0.25104943959, 0.53552382118, 0.18604433447, 0.44365438969, 0.13923052933, 0.72106827213, 0.30529617072, 0.32524564948, 0.0928873934, 0.24654470313, 0.48791148186, 0.21302077801, 0.33319493958, 0.096812727609, 0.63798524115, 0.42026035728, 0.41527579053, 0.14899398084, 0.20242410095, 0.41423624284, 0.23758383846, 0.31788679449, 0.095553330725, 0.62144983533, 0.47968910456, 0.49021042644, 0.14096632621, 0.29558916235, 0.54246879634, 0.23758383846, 0.28994999271, 0.077879293003, 0.62144983533, 0.41446084494, 0.37965191066, 0.14096632621, 0.26180546565, 0.51381173441, 0.22142476671, 0.34286911782, 0.098843059448, 0.64139037226, 0.39532541654, 0.38734520615, 0.13718486103, 0.27367418531, 0.48870497748, 0.17720501109]
    ],
    [
      [0.3328889276, 0.13334875493, 0.71044016548, 0.39343688709, 0.37794626759, 0.11235482343, 0.28579818367, 0.54836384786, 0.24258818688, 0.34239683822, 0.097784199244, 0.6292341167, 0.37180497811, 0.35385195289, 0.12817769642, 0.3144901015, 0.6379768812, 0.22310992515, 0.46386979865, 0.13948305873, 0.71321778693, 0.22164009985, 0.22254006007, 0.063672287921, 0.27988911617, 0.51482013496, 0.26740092601, 0.26989486315, 0.074067275034, 0.55771467206, 0.45021602068, 0.41111259, 0.17488440193, 0.18821755363, 0.41230534619, 0.15713752143, 0.38666984191, 0.12567877273, 0.69885358556, 0.42511260446, 0.46201588108, 0.144008893, 0.25233237836, 0.52487729948, 0.22930930789, 0.3097428237, 0.096423954421, 0.60897702607, 0.43792479794, 0.3786987461],
