{
  "W": [
    [77, 23],
    [78, 22],
    [74, 26],
    [76, 24],
    [79, 21],
    [80, 20],
    [74, 26],
    [78, 22],
    [75, 25],
    [75, 25],
    [68, 32],
    [76, 24],
    [72, 28],
    [80, 20],
    [73, 27],
    [74, 26],
    [80, 20],
    [74, 26],
    [74, 26],
    [72, 28],
    [69, 31],
    [75, 25],
    [72, 28],
    [68, 32],
    [76, 24],
    [26, 74],
    [23, 77],
    [23, 77],
    [28, 72],
    [18, 82],
    [17, 83],
    [28, 72],
    [20, 80],
    [27, 73],
    [28, 72],
    [31, 69],
    [22, 78],
    [29, 71],
    [17, 83],
    [22, 78],
    [27, 73],
    [24, 76],
    [37, 63],
    [26, 74],
    [25, 75],
    [29, 71],
    [26, 74],
    [26, 74],
    [30, 70],
    [22, 78]
  ],
  "X": [
    [56, 4, 25, 15],
    [44, 9, 37, 10],
    [46, 6, 37, 11],
    [44, 6, 40, 10],
    [47, 6, 24, 23],
    [49, 11, 22, 18],
    [51, 10, 24, 15],
    [51, 4, 31, 14],
    [62, 1, 22, 15],
    [56, 2, 31, 11],
    [51, 7, 28, 14],
    [56, 7, 29, 8],
    [46, 5, 37, 12],
    [52, 5, 34, 9],
    [56, 3, 30, 11],
    [51, 5, 28, 16],
    [54, 3, 29, 14],
    [55, 5, 30, 10],
    [55, 7, 26, 12],
    [62, 6, 23, 9],
    [57, 2, 27, 14],
    [54, 2, 29, 15],
    [55, 3, 32, 10],
    [57, 4, 27, 12],
    [51, 6, 31, 12],
    [55, 15, 18, 12],
    [53, 15, 22, 10],
    [52, 14, 25, 9],
    [60, 14, 20, 6],
    [53, 12, 19, 16],
    [55, 12, 20, 13],
    [56, 10, 22, 12],
    [56, 10, 22, 12],
    [58, 12, 18, 12],
    [45, 15, 24, 16],
    [55, 14, 27, 4],
    [58, 17, 16, 9],
    [52, 9, 26, 13],
    [51, 21, 19, 9],
    [50, 8, 29, 13],
    [53, 8, 23, 16],
    [53, 14, 18, 15],
    [53, 15, 20, 12],
    [62, 9, 21, 8],
    [51, 13, 26, 10],
    [44, 16, 24, 16],
    [52, 13, 24, 11],
    [58, 9, 26, 7],
    [51, 16, 18, 15],
    [52, 11, 26, 11]
  ],
  "real_prob": [
    [0.50933539076, 0.014806597992, 0.34375361458, 0.13210439668],
    [0.53407980194, 0.16208476768, 0.17524542909, 0.12859000128]
  ],
  "method": "mvn_cdf",
  "mvnc_method": "genz",
  "mvnc_samples": 5000,
  "mvnc_error": 1e-06,
  "prob": [
    [0.51521648358, 0.021941835488, 0.32340451731, 0.13943716363],
    [0.54876503413, 0.15865805443, 0.18653814758, 0.10603876386]
  ],
  "iterations": 50,
  "logLik": -392.0948468801,
  "time": 0.033481,
  "message": "Converged",
  "status": 0,
  "cond_prob": [
    [
      [0.51799380581, 0.60805990598, 0.013896341535, 0.099444798508, 0.30989014518, 0.17517052908, 0.15821970747, 0.11732476644, 0.46986941842, 0.50275768415, 0.046515087983, 0.24796147646, 0.39444600075, 0.1705105699, 0.089169492847, 0.078770269486, 0.42787050679, 0.51972419038, 0.021515426997, 0.14756735591, 0.40525447966, 0.24253678954, 0.14535958655, 0.090171664163, 0.39310163804, 0.54014578498, 0.021226591666, 0.15716786177, 0.46612931271, 0.22804175383, 0.11954245758, 0.074644599416, 0.44275458867, 0.46456464213, 0.020854626806, 0.2127944121, 0.22696963185, 0.10389620678, 0.30942115267, 0.21874473899, 0.50359807982, 0.40500739544, 0.059636286011, 0.36833503399, 0.25835484046, 0.13003327947, 0.17841079371, 0.096624291102, 0.54233861, 0.44058338436],
      [0.046449908101, 0.32875891022, 0.24893717483, 0.13878894758, 0.16227430707, 0.091868757847, 0.50001001287, 0.55886450274, 0.015420342864, 0.12541263221, 0.34489186431, 0.19941258299, 0.13967777996, 0.11631028206, 0.59808937689, 0.66739772989, 0.012070777094, 0.060709607968, 0.21673791587, 0.14536500249, 0.17310193015, 0.12652765965, 0.53959206504, 0.63030591498, 0.010647463925, 0.074780583863, 0.33633932952, 0.20753644793, 0.11342114152, 0.087377053232, 0.50286619784, 0.53932984135, 0.021327490312, 0.16317638049, 0.3293209486, 0.18503603983, 0.14648536325, 0.11245773833, 0.56565941159, 0.55191679849, 0.028150454619, 0.20259710784, 0.31067709285, 0.1735298528, 0.09551304094, 0.071956240867, 0.439896797, 0.49803462347, 0.01644290819, 0.13297609621]
    ],
    [
      [0.43538973287, 0.263172283, 0.10827056194, 0.10581699732, 0.50474186, 0.56982187729, 0.021175862802, 0.15244291506, 0.36176813482, 0.19225820797, 0.11231414238, 0.085476999673, 0.53605690309, 0.61158995756, 0.011606452011, 0.091002427932, 0.33123220649, 0.2069067013, 0.12110443841, 0.090500913208, 0.50107621002, 0.52676869033, 0.018436978445, 0.132742769, 0.32899215493, 0.20835835247, 0.15149465661, 0.1321301882, 0.51964216863, 0.59504176841, 0.013265743722, 0.095991842298, 0.32658720281, 0.19230742727, 0.14050488484, 0.11665896203, 0.55988774477, 0.60630298546, 0.01872296127, 0.10909064506, 0.31355501633, 0.19382448441, 0.10783427763, 0.090781885078, 0.54206461878, 0.56297730745, 0.026233659712, 0.18871942375, 0.30301664499, 0.15431522234],
      [0.12868507652, 0.093988046462, 0.63077281856, 0.65193820808, 0.020534504937, 0.14116125672, 0.24882599875, 0.13809760105, 0.099866677757, 0.068802934158, 0.58575512821, 0.63685275901, 0.0090321702222, 0.072052270276, 0.26743895703, 0.18208963177, 0.13777374454, 0.10900533895, 0.54057325803, 0.57046911993, 0.010082772827, 0.085892892073, 0.29221630169, 0.21143386427, 0.15712766746, 0.13220412373, 0.50649315759, 0.59950253836, 0.011800864846, 0.099326794241, 0.36499546799, 0.2188534718, 0.11671050958, 0.082317195594, 0.5494226655, 0.61167645871, 0.013232599406, 0.10614347495, 0.30989661962, 0.18037408268, 0.12744811548, 0.10180598366, 0.5058872341, 0.55005723973, 0.020873070187, 0.16693966075, 0.34049153791, 0.18282457974, 0.1327481578, 0.10017851979]
    ],
    [
      [0.56684481115, 0.55851126389, 0.026751149443, 0.19547489367, 0.26725801476, 0.14523637458, 0.13914602465, 0.10077746787, 0.53643762846, 0.52606253704, 0.025260756227, 0.1911187262, 0.32022146674, 0.19574915407, 0.11808014857, 0.087069582698, 0.45001484378, 0.50580714888, 0.02199212501, 0.1631160077, 0.39438170773, 0.23773013809, 0.13361132348, 0.093346705332, 0.53060218164, 0.61321065366, 0.025110785626, 0.17883125501, 0.36723094397, 0.14168713244, 0.077056088765, 0.066270958883, 0.4285429915, 0.61085378895, 0.018976567728, 0.10791045897, 0.32052817566, 0.15062151717, 0.23195226512, 0.13061423491, 0.49231578122, 0.56713232427, 0.020927309886, 0.13824383826, 0.33570513053, 0.16985947352, 0.15105177837, 0.12476436395, 0.53210901993, 0.57178715082],
      [0.019111958455, 0.1304045002, 0.30963822426, 0.1876076032, 0.13914079736, 0.11020074578, 0.50974001218, 0.58207353213, 0.017103488126, 0.11723958542, 0.32877290203, 0.18789866066, 0.14438359766, 0.11278822179, 0.57425576386, 0.64648476055, 0.020561934624, 0.13912067521, 0.26904833681, 0.12086726339, 0.13613396471, 0.093527300845, 0.44811587997, 0.47052209377, 0.024610916618, 0.19172780625, 0.33187586487, 0.17493291512, 0.19539733854, 0.16281718485, 0.61100689941, 0.42546633392, 0.025300079666, 0.19285233613, 0.32451670964, 0.32735716738, 0.039176311281, 0.054324162572, 0.58339510368, 0.57337076668, 0.033495376283, 0.21211099343, 0.25916525185, 0.13857548013, 0.12394426819, 0.075942759757, 0.45751235417, 0.5391062029, 0.01665519673, 0.12377635911]
    ],
    [
      [0.37669147572, 0.22224495132, 0.14914097338, 0.11487248667, 0.50570175386, 0.47361113151, 0.041267986638, 0.27281022828, 0.31424619999, 0.16947144065, 0.13878405951, 0.084107199557, 0.41483218482, 0.52712571236, 0.014038862512, 0.098838465667, 0.42778784119, 0.2483725578, 0.14334111147, 0.12566326416, 0.47898094574, 0.51971395245, 0.016296322018, 0.10782788796, 0.31095703421, 0.20450606476, 0.19376569802, 0.16795209482, 0.57695193017, 0.60812972952, 0.027197062481, 0.14471642892, 0.21930228233, 0.14030989603, 0.17654872501, 0.10684394554, 0.53594475027, 0.52055070371, 0.034214101172, 0.21744215359, 0.286618706, 0.16103795064, 0.14322244255, 0.10096919206, 0.56787543247, 0.66614203033, 0.014746355241, 0.11447514142, 0.31314974396, 0.14606934159],
