{
  "W": [
    [79, 21],
    [75, 25],
    [75, 25],
    [83, 17],
    [75, 25],
    [76, 24],
    [67, 33],
    [79, 21],
    [78, 22],
    [77, 23],
    [81, 19],
    [74, 26],
    [66, 34],
    [71, 29],
    [68, 32],
    [76, 24],
    [75, 25],
    [74, 26],
    [75, 25],
    [78, 22],
    [70, 30],
    [81, 19],
    [59, 41],
    [80, 20],
    [76, 24],
    [27, 73],
    [25, 75],
    [20, 80],
    [23, 77],
    [28, 72],
    [23, 77],
    [17, 83],
    [27, 73],
    [27, 73],
    [20, 80],
    [27, 73],
    [25, 75],
    [29, 71],
    [25, 75],
    [34, 66],
    [23, 77],
    [29, 71],
    [21, 79],
    [28, 72],
    [19, 81],
    [27, 73],
    [31, 69],
    [23, 77],
    [28, 72],
    [26, 74]
  ],
  "X": [
    [33, 21, 2, 44],
    [45, 23, 3, 29],
    [33, 26, 2, 39],
    [39, 15, 3, 43],
    [44, 19, 0, 37],
    [51, 19, 6, 24],
    [47, 19, 3, 31],
    [38, 15, 5, 42],
    [40, 22, 11, 27],
    [41, 17, 6, 36],
    [46, 15, 2, 37],
    [33, 23, 8, 36],
    [50, 20, 4, 26],
    [36, 26, 3, 35],
    [44, 23, 3, 30],
    [38, 25, 5, 32],
    [48, 18, 6, 28],
    [46, 20, 4, 30],
    [49, 15, 2, 34],
    [45, 16, 4, 35],
    [44, 19, 4, 33],
    [42, 22, 2, 34],
    [46, 24, 2, 28],
    [46, 15, 4, 35],
    [54, 16, 3, 27],
    [49, 35, 3, 13],
    [58, 24, 3, 15],
    [51, 33, 6, 10],
    [41, 42, 3, 14],
    [60, 25, 3, 12],
    [44, 41, 5, 10],
    [59, 33, 3, 5],
    [46, 37, 2, 15],
    [50, 32, 2, 16],
    [46, 35, 2, 17],
    [50, 31, 6, 13],
    [61, 25, 2, 12],
    [48, 32, 3, 17],
    [49, 34, 4, 13],
    [57, 26, 1, 16],
    [52, 31, 3, 14],
    [55, 31, 3, 11],
    [56, 29, 2, 13],
    [50, 35, 2, 13],
    [48, 33, 4, 15],
    [50, 40, 1, 9],
    [52, 37, 3, 8],
    [48, 35, 5, 12],
    [52, 28, 3, 17],
    [62, 17, 4, 17]
  ],
  "real_prob": [
    [0.38043712873, 0.14960676102, 0.046742396607, 0.42321371364],
    [0.57921940031, 0.36118863515, 0.020774330276, 0.038817634267]
  ],
  "method": "mvn_cdf",
  "mvnc_method": "genz",
  "mvnc_samples": 5000,
  "mvnc_error": 1e-06,
  "prob": [
    [0.39364101618, 0.13153209616, 0.046547472675, 0.42827941499],
    [0.56082219927, 0.38442267263, 0.023660959534, 0.031094168562]
  ],
  "iterations": 53,
  "logLik": -380.3539524751,
  "time": 0.026826,
  "message": "Converged",
  "status": 0,
  "cond_prob": [
    [
      [0.30410599598, 0.47648034048, 0.13203984929, 0.46706245505, 0.024687586513, 0.012663924356, 0.53916656822, 0.043793280114, 0.42754068217, 0.50392770508, 0.16517563993, 0.45647769666, 0.035045012298, 0.01359152841, 0.3722386656, 0.026003069857, 0.30551441372, 0.43199600924, 0.17757150339, 0.51991534728, 0.026552347498, 0.012032237911, 0.4903617354, 0.036056405566, 0.35817638503, 0.56450193986, 0.1112123231, 0.37124677544, 0.030950354864, 0.01889715615, 0.49966093701, 0.045354128549, 0.40106853204, 0.54557533815, 0.13130185982, 0.40649980754, 0.016183623001, 0.0080931669279, 0.45144598513, 0.039831687379, 0.46080680208, 0.60445526837, 0.13393219706, 0.3495670021, 0.070342245152, 0.026075080876, 0.33491875571, 0.019902648654, 0.41364503514, 0.59574694316],
      [0.11228243266, 0.35375930888, 0.031562940381, 0.016428651262, 0.44250959182, 0.034065096702, 0.34479755779, 0.55825527538, 0.092241542899, 0.36299597508, 0.046699918824, 0.030371202099, 0.51626098048, 0.048377547441, 0.3674527888, 0.48816113157, 0.14314615563, 0.40477416794, 0.17338565621, 0.08102140826, 0.31601539937, 0.026043292233, 0.36922636567, 0.57516136449, 0.10788272718, 0.35472517979, 0.063961872312, 0.033888473668, 0.45892903484, 0.036224982054, 0.43616395023, 0.61466794191, 0.10526634019, 0.34271874526, 0.025661005904, 0.011722926615, 0.43290870367, 0.030890386214, 0.29711853905, 0.44845823228, 0.13748070153, 0.46037886061, 0.099177578935, 0.052878984654, 0.46622318049, 0.038283922457, 0.45740393939, 0.6026899074, 0.12580155096, 0.35023537976]
    ],
    [
      [0.04427663526, 0.01991028193, 0.37251787439, 0.027164430908, 0.32334169208, 0.45615174335, 0.16750527211, 0.49360909589, 0.03355207994, 0.015809695139, 0.47560095587, 0.034429465621, 0.39594200686, 0.55142482771, 0.14274824808, 0.40346171135, 0.032586989142, 0.015465458538, 0.42872275592, 0.029648002406, 0.35123413893, 0.47738029002, 0.17760689912, 0.47041104292, 0.055763996685, 0.023590853727, 0.41539496527, 0.028617813339, 0.45145293996, 0.60910540711, 0.12597454834, 0.33427281357, 0.068896508442, 0.030939536999, 0.35367600326, 0.025682242319, 0.42089760612, 0.58025229679, 0.13457311128, 0.37449305132, 0.042157346193, 0.018643468236, 0.40237193641, 0.026611183653, 0.41507820172, 0.6555986473, 0.10252708732, 0.29623194448, 0.027336035953, 0.013784526393],
      [0.45505867501, 0.03438488183, 0.41465064838, 0.6201992577, 0.10620400889, 0.32645858503, 0.038581198813, 0.019956215954, 0.44056414392, 0.033385941321, 0.38936370002, 0.59175464058, 0.11023407803, 0.35165377631, 0.042056377081, 0.02142482379, 0.45834584486, 0.035166759323, 0.37857327835, 0.50826690563, 0.17017936465, 0.45471177217, 0.024894344057, 0.011176328266, 0.42635301294, 0.02584499393, 0.38944396652, 0.56327687252, 0.13253505914, 0.39103039876, 0.02602921574, 0.013009586749, 0.4519917586, 0.032683141971, 0.41361842923, 0.62347066169, 0.11024031632, 0.32539934617, 0.039755601376, 0.019719731036, 0.43638565307, 0.031410261109, 0.51412129308, 0.66353056515, 0.11198305703, 0.29877525642, 0.031969409462, 0.014330689321, 0.34192624043, 0.023363489104]
    ],
    [
      [0.40550365137, 0.51602452375, 0.16187626708, 0.43863848989, 0.040987666908, 0.020717147993, 0.39163241463, 0.024619838369, 0.41425419225, 0.62952167936, 0.090141067665, 0.31125474036, 0.033581111927, 0.021497813257, 0.46202362816, 0.03772576702, 0.37080119911, 0.56664613965, 0.13729885575, 0.34506044906, 0.11080266378, 0.062705966442, 0.38109728136, 0.025587444857, 0.30947882095, 0.43519759657, 0.17633565367, 0.51280179905, 0.040642715841, 0.019975421759, 0.47354280954, 0.032025182618, 0.48884954303, 0.65408517825, 0.10961600227, 0.30074952166, 0.041629935222, 0.019282254374, 0.35990451948, 0.025883045716, 0.37575181852, 0.39717271957, 0.19840278974, 0.5408707715, 0.1029235981, 0.038047113502, 0.32292179364, 0.023909395433, 0.56346161765, 0.61394766242],
      [0.1529772886, 0.35184721179, 0.063014655125, 0.023668278007, 0.22054643862, 0.010536847787, 0.36472029016, 0.50610867733, 0.15578966198, 0.44935036134, 0.031373101984, 0.013495982155, 0.44811694588, 0.031044979175, 0.37136276802, 0.56556179682, 0.12218158003, 0.38077154502, 0.028029829614, 0.016284411346, 0.47842582234, 0.037382246811, 0.23377636298, 0.51541732801, 0.13285976664, 0.40278242779, 0.028834986803, 0.023389547231, 0.60452888358, 0.058410696968, 0.3635400129, 0.56204223197, 0.12913348026, 0.35863371367, 0.10559331149, 0.051604591131, 0.40173319535, 0.027719463235, 0.47067798516, 0.65195022441, 0.10591991135, 0.30497860195, 0.02967799118, 0.014808042509, 0.39372411231, 0.028263131137, 0.35329433819, 0.52195572706, 0.13156961312, 0.41632168535]
    ],
    [
      [0.039940144172, 0.022032214371, 0.47519590451, 0.03969037322, 0.38558550478, 0.52900737599, 0.13717791082, 0.41118638853, 0.060151394037, 0.028587251461, 0.41708519037, 0.031218984014, 0.46920817333, 0.62851711195, 0.10632546531, 0.33207410271, 0.021697407637, 0.010075233159, 0.40276895373, 0.029333552175, 0.36405872724, 0.58433975005, 0.11387025819, 0.36055049621, 0.040484435489, 0.018768267359, 0.48158657908, 0.036341486386, 0.4524359998, 0.59801064826, 0.15049736005, 0.3619008529, 0.050202728971, 0.018311714006, 0.34686391118, 0.021776784837, 0.36794497037, 0.59936091882, 0.091124115885, 0.34971861918, 0.027040485016, 0.014814735257, 0.51389042873, 0.036105726745, 0.43210923493, 0.53981449851, 0.15407597791, 0.42438012961, 0.031642459791, 0.012947467971],
