{
  "W": [
    [38, 37, 25],
    [39, 33, 28],
    [31, 29, 40],
    [39, 25, 36],
    [40, 28, 32],
    [34, 36, 30],
    [26, 31, 43],
    [39, 31, 30],
    [35, 30, 35],
    [35, 28, 37],
    [29, 37, 34],
    [37, 28, 35],
    [40, 30, 30],
    [32, 39, 29],
    [40, 28, 32],
    [42, 31, 27],
    [41, 26, 33],
    [28, 35, 37],
    [29, 44, 27],
    [39, 37, 24],
    [31, 36, 33],
    [33, 34, 33],
    [37, 34, 29],
    [30, 34, 36],
    [33, 32, 35],
    [31, 47, 22],
    [28, 35, 37],
    [36, 36, 28],
    [34, 33, 33],
    [32, 35, 33],
    [33, 38, 29],
    [28, 39, 33],
    [32, 39, 29],
    [36, 28, 36],
    [38, 27, 35],
    [31, 36, 33],
    [38, 27, 35],
    [33, 33, 34],
    [31, 32, 37],
    [33, 34, 33],
    [41, 26, 33],
    [27, 33, 40],
    [24, 34, 42],
    [28, 39, 33],
    [37, 28, 35],
    [25, 38, 37],
    [23, 40, 37],
    [35, 32, 33],
    [31, 36, 33],
    [25, 29, 46]
  ],
  "X": [
    [6, 42, 52],
    [6, 40, 54],
    [15, 35, 50],
    [8, 53, 39],
    [14, 43, 43],
    [11, 43, 46],
    [12, 44, 44],
    [14, 51, 35],
    [10, 44, 46],
    [12, 42, 46],
    [9, 32, 59],
    [12, 48, 40],
    [10, 42, 48],
    [11, 40, 49],
    [8, 49, 43],
    [14, 49, 37],
    [6, 54, 40],
    [17, 35, 48],
    [7, 40, 53],
    [9, 45, 46],
    [5, 48, 47],
    [12, 43, 45],
    [15, 43, 42],
    [14, 43, 43],
    [14, 35, 51],
    [11, 36, 53],
    [7, 43, 50],
    [13, 36, 51],
    [13, 46, 41],
    [9, 45, 46],
    [12, 35, 53],
    [10, 37, 53],
    [9, 45, 46],
    [11, 39, 50],
    [9, 52, 39],
    [11, 39, 50],
    [8, 50, 42],
    [16, 43, 41],
    [10, 42, 48],
    [13, 44, 43],
    [11, 52, 37],
    [5, 45, 50],
    [10, 47, 43],
    [11, 42, 47],
    [10, 49, 41],
    [8, 45, 47],
    [10, 38, 52],
    [11, 37, 52],
    [14, 41, 45],
    [17, 44, 39]
  ],
  "real_prob": [
    [0.11219865714, 0.64631403395, 0.24148730891],
    [0.090905819606, 0.11013370022, 0.79896048017],
    [0.1041473014, 0.54109020445, 0.35476249414]
  ],
  "method": "exact",
  "prob": [
    [0.085744030309, 0.68100966694, 0.23324630275],
    [0.060210290422, 0.11798401853, 0.82180569105],
    [0.17808772349, 0.49404413344, 0.32786814306]
  ],
  "iterations": 145,
  "logLik": -264.756445446,
  "time": 233.99342,
  "message": "Converged",
  "status": 0,
  "cond_prob": [
    [
      [0.05239579634, 0.03273361767, 0.11191263541, 0.67658653116, 0.10355221553, 0.49833119366, 0.2710176725, 0.8637141668, 0.38975617093, 0.052158178137, 0.028624675522, 0.10790059859, 0.63065264978, 0.084900363273, 0.45010123823, 0.31718917208, 0.8864749612, 0.44199816318, 0.12193775709, 0.067012998976, 0.231913814, 0.57208440841, 0.077107373639, 0.3757317376, 0.3059778345, 0.85587962739, 0.39235444841, 0.057636704395, 0.045431179364, 0.12823302901, 0.74106941496, 0.14328066627, 0.56989656, 0.20129388065, 0.81128815437, 0.30187041099, 0.11408844746, 0.075878282686, 0.22849594333, 0.64467202305, 0.10516720201, 0.44588866943, 0.2412395295, 0.81895451531, 0.32561538724, 0.089269854343, 0.064814029153, 0.1877173301, 0.6916429409, 0.12294391401],
      [0.50193863684, 0.21908720476, 0.81224205684, 0.31034403307, 0.085859697069, 0.063168164071, 0.18161476256, 0.69817735425, 0.12585068842, 0.5103724988, 0.21596294868, 0.81098114751, 0.30801273864, 0.10526323785, 0.099521081997, 0.22698600606, 0.7442731898, 0.17227533018, 0.55442701207, 0.15046357234, 0.72820358783, 0.21858698187, 0.077990559375, 0.051845581759, 0.16328465626, 0.67487257676, 0.10999552407, 0.48798840261, 0.24713686387, 0.83815889417, 0.34872694113, 0.094005192002, 0.059168138627, 0.19062460536, 0.64378196683, 0.099389411059, 0.45093858517, 0.26221284116, 0.84144245031, 0.35843680947, 0.079181989649, 0.039317709296, 0.15438138401, 0.56774183179, 0.069073612158, 0.38175774201, 0.35307617856, 0.89160867855, 0.46386087399, 0.090379616628],
      [0.069456459391, 0.1917478092, 0.70660407033, 0.13311889884, 0.51795200658, 0.20301631305, 0.79742464177, 0.29030018422, 0.083780343546, 0.050876528825, 0.17074967978, 0.64048491478, 0.095412816728, 0.4506072969, 0.27573474168, 0.85371065445, 0.37864302332, 0.092388580143, 0.063769111133, 0.19160586556, 0.67415451282, 0.11386797143, 0.48228292082, 0.23345690704, 0.82236291743, 0.32611121362, 0.061758347931, 0.04421011114, 0.13411821784, 0.71097633925, 0.12482119521, 0.53331103014, 0.22726531282, 0.83096869365, 0.33257075202, 0.11137818961, 0.096116193637, 0.23490792717, 0.7183158285, 0.15181224991, 0.52313168354, 0.17030598189, 0.75207155645, 0.24196038929, 0.044060375063, 0.034611812264, 0.099806591017, 0.75166498413, 0.14482403799, 0.58837305039]
    ],
    [
      [0.20427464081, 0.82056414975, 0.31182035859, 0.14044596331, 0.088384782072, 0.26956880148, 0.60446177363, 0.093144901912, 0.4004053722, 0.25509226307, 0.81847031602, 0.33002582631, 0.059175010283, 0.041297448794, 0.1284013687, 0.70540951598, 0.1203438737, 0.52770346644, 0.23541547374, 0.8383586775, 0.34389516486, 0.076275400354, 0.056562137242, 0.16385251284, 0.70866198545, 0.12863998476, 0.52510429714, 0.2150626142, 0.814797878, 0.31104319002, 0.037308524485, 0.028814861128, 0.085033355769, 0.7525652796, 0.14231242174, 0.59234027726, 0.21012619591, 0.82887271713, 0.32262636697, 0.094985010836, 0.068558609383, 0.1980152098, 0.68513377561, 0.12111387302, 0.49311253704, 0.21988121356, 0.8103275176, 0.30887225316, 0.12320498195, 0.093514567653],
      [0.25041104716, 0.67541802422, 0.12553363144, 0.4738410219, 0.20137699383, 0.78095180091, 0.27574793095, 0.10704459333, 0.081992943248, 0.22224728138, 0.69143944122, 0.12967326096, 0.49577571919, 0.20151596545, 0.78833379579, 0.28197699943, 0.11888253391, 0.066020590893, 0.22754907064, 0.57870750845, 0.078796570058, 0.3823189137, 0.30240995764, 0.85518283905, 0.39013201566, 0.10177487034, 0.069412624412, 0.20829934873, 0.66251776763, 0.11037271185, 0.46701962483, 0.23570736203, 0.82021466373, 0.32468102644, 0.053128582244, 0.035762437356, 0.11515444296, 0.69959116252, 0.11534703801, 0.52362975998, 0.24728025524, 0.84889052464, 0.36121579706, 0.11654206615, 0.068311486683, 0.22661686064, 0.6005064579, 0.086249794139, 0.40274196166, 0.28295147594],
      [0.84543871918, 0.3706411777, 0.099636827103, 0.080447498667, 0.21083577038, 0.7116256319, 0.1406956661, 0.52005368285, 0.188737541, 0.77885683523, 0.26911054677, 0.069560147357, 0.051551993982, 0.15059865137, 0.71406055062, 0.12958714991, 0.53377309494, 0.21637930202, 0.8188608561, 0.31562825369, 0.10730839784, 0.06208467872, 0.21033120966, 0.60360153749, 0.085528914691, 0.40796725878, 0.28909006467, 0.85238640659, 0.38170153157, 0.083547190107, 0.051672852869, 0.17107386106, 0.64670569607, 0.097899411559, 0.4567928321, 0.26974711383, 0.85042773557, 0.37213330684, 0.071125595879, 0.056545863092, 0.15581697487, 0.7315861496, 0.14227877752, 0.55311623757, 0.19728825452, 0.80117535939, 0.29106678756, 0.089446005522, 0.049855074383, 0.17733338107]
    ],
    [
      [0.60485712204, 0.082730137742, 0.4141305486, 0.30569687244, 0.86741478788, 0.40853607033, 0.065534651543, 0.053090488167, 0.14503543031, 0.74146291922, 0.14726746972, 0.5670910682, 0.19300242924, 0.79964204211, 0.28787350149, 0.090601600038, 0.057811007748, 0.18515618545, 0.65110669911, 0.10174738437, 0.45917534819, 0.25829170085, 0.84044160788, 0.35566846636, 0.059466700943, 0.043776854565, 0.13023686546, 0.72086595225, 0.13015072036, 0.54551498185, 0.21966734681, 0.82607242507, 0.32424815269, 0.12509255936, 0.097329134632, 0.25470835583, 0.68044648582, 0.12963898981, 0.47844645012, 0.19446095482, 0.77303187556, 0.26684519405, 0.077488280135, 0.050525435674, 0.16164998309, 0.66911584069, 0.10692438518, 0.48204942197, 0.25339587918, 0.84255017915],
