{
  "W": [
    [65, 21, 14],
    [65, 20, 15],
    [69, 18, 13],
    [61, 18, 21],
    [59, 24, 17],
    [67, 17, 16],
    [74, 14, 12],
    [59, 21, 20],
    [68, 16, 16],
    [78, 13, 9],
    [67, 13, 20],
    [58, 19, 23],
    [65, 19, 16],
    [68, 14, 18],
    [71, 14, 15],
    [61, 21, 18],
    [57, 30, 13],
    [18, 69, 13],
    [21, 60, 19],
    [16, 67, 17],
    [22, 65, 13],
    [19, 67, 14],
    [20, 63, 17],
    [13, 75, 12],
    [14, 74, 12],
    [26, 63, 11],
    [18, 61, 21],
    [16, 66, 18],
    [16, 69, 15],
    [13, 71, 16],
    [11, 73, 16],
    [19, 60, 21],
    [22, 64, 14],
    [13, 34, 53],
    [19, 22, 59],
    [13, 17, 70],
    [14, 13, 73],
    [16, 12, 72],
    [12, 18, 70],
    [17, 18, 65],
    [23, 17, 60],
    [15, 19, 66],
    [21, 17, 62],
    [10, 14, 76],
    [21, 14, 65],
    [15, 20, 65],
    [20, 8, 72],
    [13, 15, 72],
    [13, 12, 75],
    [16, 18, 66]
  ],
  "X": [
    [27, 17, 22, 29, 5],
    [22, 26, 14, 31, 7],
    [25, 15, 13, 42, 5],
    [25, 26, 8, 36, 5],
    [19, 23, 19, 31, 8],
    [19, 26, 11, 39, 5],
    [24, 14, 26, 33, 3],
    [17, 26, 16, 35, 6],
    [25, 17, 15, 37, 6],
    [20, 18, 19, 37, 6],
    [20, 19, 18, 35, 8],
    [18, 26, 17, 32, 7],
    [25, 24, 17, 27, 7],
    [20, 23, 13, 39, 5],
    [17, 20, 17, 41, 5],
    [21, 26, 13, 34, 6],
    [27, 22, 15, 28, 8],
    [28, 28, 8, 15, 21],
    [26, 35, 11, 16, 12],
    [27, 39, 13, 12, 9],
    [31, 17, 15, 23, 14],
    [23, 24, 13, 20, 20],
    [21, 33, 13, 21, 12],
    [35, 31, 11, 7, 16],
    [37, 32, 8, 13, 10],
    [31, 30, 10, 19, 10],
    [25, 44, 7, 13, 11],
    [29, 28, 9, 13, 21],
    [25, 38, 9, 12, 16],
    [35, 27, 8, 14, 16],
    [31, 37, 11, 11, 10],
    [32, 40, 4, 11, 13],
    [26, 34, 10, 17, 13],
    [24, 53, 5, 12, 6],
    [13, 52, 13, 16, 6],
    [15, 64, 11, 7, 3],
    [6, 62, 13, 13, 6],
    [9, 68, 12, 6, 5],
    [14, 58, 12, 9, 7],
    [22, 52, 16, 8, 2],
    [11, 52, 12, 20, 5],
    [7, 56, 22, 7, 8],
    [11, 53, 13, 16, 7],
    [11, 71, 8, 6, 4],
    [11, 63, 10, 15, 1],
    [14, 55, 14, 11, 6],
    [10, 59, 18, 9, 4],
    [7, 66, 11, 11, 5],
    [9, 69, 13, 6, 3],
    [11, 62, 11, 12, 4]
  ],
  "real_prob": [
    [0.22710666091, 0.050873810625, 0.1545286814, 0.54649404308, 0.020996803973],
    [0.38679824759, 0.27951049607, 0.06341822903, 0.087084624354, 0.18318840295],
    [0.020435537414, 0.81567899043, 0.13488215752, 0.0050887241305, 0.023914590506]
  ],
  "method": "mcmc",
  "mcmc_stepsize": 3000,
  "mcmc_samples": 100,
  "prob": [
    [0.23581826124, 0.06448017463, 0.23075031073, 0.4419246482, 0.027026605196],
    [0.25404777677, 0.36100063934, 0.049429206937, 0.14706376959, 0.18845860736],
    [0.13288914444, 0.71471997786, 0.10800764949, 0.015099824452, 0.029283403764]
  ],
  "iterations": 32,
  "logLik": -1144.3426668119,
  "time": 0.084417,
  "message": "Converged",
  "status": 0,
  "cond_prob": [
    [
      [0.27705762661, 0.23790643036, 0.28537280232, 0.046126101498, 0.28567022757, 0.57162347312, 0.29229091897, 0.095200487219, 0.071562859655, 0.35378829885, 0.28589031205, 4.5729821432e-06, 0.030737054067, 0.095332542793, 0.071436291928, 0.26151341361, 0.050519041419, 0.26608315245, 0.077173616206, 0.5992163784, 0.59995915858, 0.21522988238, 0.00026241006575, 0.00032062961862, 0.43046904017, 0.15073046193, 0.00032687667296, 0.015614047631, 0.19927170819, 0.13331018268, 0.27255436795, 0.11589647614, 0.31597015701, 0.055064222995, 0.24113401434, 0.52770433502, 0.15257421398, 0.089336095733, 0.066486885545, 0.49641319735, 0.41818780936, 0.016931447256, 0.023393997726, 0.13544560443, 0.072907175171, 0.30992664716, 0.063337879243, 0.23592346176, 0.035157788612, 0.55525714088],
      [0.66003554089, 0.12960123713, 8.4246250564e-05, 0.0044194334647, 0.52308231189, 0.22217192784, 0.0044230606418, 0.0022320152125, 0.15914880578, 0.095198503237, 0.23699756086, 0.083676326357, 0.17699482805, 0.034364248499, 0.41595184528, 0.6464508854, 0.28783295985, 0.042722891055, 0.058382704897, 0.44035161763, 0.20879313841, 0.00048348458887, 0.00045361315664, 0.2488557989, 0.11768809706, 0.20972439634, 0.067936623213, 0.23709642815, 0.08955668482, 0.58518354275, 0.62822386814, 0.16263618225, 6.4524971118e-06, 0.00645413107, 0.53500003596, 0.17951551402, 0.0064521157497, 0.0030827006266, 0.16735786751, 0.12177345689, 0.24944445485, 0.18045099373, 0.25123303571, 0.02744273547, 0.35874332892, 0.57890258087, 0.33063411954, 0.02867564819, 0.094301339921, 0.38865496604],
      [0.30021055398, 0.003048729794, 0.0038237240932, 0.13191947519, 0.072514313703, 0.18648063042, 0.047956388708, 0.24952793212, 0.034177449671, 0.47569642399, 0.69969527828, 0.27098841886, 0.00024320255728, 0.00032880167999, 0.5082132297, 0.23869600674, 0.00014016529793, 0.00014027134901, 0.237407978, 0.050307822619, 0.26538118936, 0.089454753479, 0.34517519176, 0.037675625451, 0.38991811116, 0.51246048067, 0.21158071699, 0.022049804304, 0.016232148478, 0.47880608046, 0.27390488796, 0.0036692700724, 0.0065563877388, 0.22467244309, 0.12246290902, 0.21687945144, 0.22016883733, 0.024578655835, 0.079844081794, 0.38772698487, 0.74796786853, 0.20704491567, 0.14871026312, 0.10191812854, 0.44742286699, 0.15311505408, 0.012280074603, 0.048808684099, 0.090278860607, 0.11325527249]
    ],
    [
      [0.21100871883, 0.14315333397, 0.20007112482, 0.042735620737, 0.24142321792, 0.64991057888, 0.24293822536, 0.066428315549, 0.042978539926, 0.44778932525, 0.38436671149, 6.73979251e-05, 0.05552810981, 0.16462842106, 0.10697235845, 0.20689651692, 0.10526921066, 0.17390813114, 0.052448480682, 0.31802465532, 0.73545737693, 0.27513477848, 0.0022201665617, 0.043478247106, 0.46406170715, 0.26759505222, 4.9996995183e-06, 0.0014585167703, 0.30689091524, 0.047151245124, 0.30757626664, 0.053213820141, 0.24978000536, 0.077260205763, 0.47288184517, 0.62458322295, 0.26100797249, 0.0017651700249, 5.8972365744e-05, 0.35368581326, 0.21054177864, 0.00063302151367, 0.00046974185422, 0.26159738603, 0.12494477781, 0.22335322571, 0.084886556462, 0.20130938117, 0.054698036159, 0.57136212137],
      [0.62674799122, 0.18976994598, 4.0525491053e-05, 0.0052820175939, 0.52663813332, 0.21430250441, 0.010465104041, 0.0055406588367, 0.12940829226, 0.15619550597, 0.1707580268, 0.079213715354, 0.25114587215, 0.067709866693, 0.43444587877, 0.60735714413, 0.23802125895, 0.0017293855574, 0.0050852811127, 0.52003476806, 0.2835873289, 0.0071539241881, 0.0034760794924, 0.20102369141, 0.12925777842, 0.24593247998, 0.047782106969, 0.27748302638, 0.049207217084, 0.52375734309, 0.66663641961, 0.21306559168, 5.060847446e-05, 0.00010756276013, 0.49172242115, 0.19061800081, 0.00010857181638, 7.2290106082e-05, 0.23779194065, 0.055664419437, 0.30202022543, 0.22382144452, 0.23616952423, 0.1170012517, 0.24946540252, 0.60361281366, 0.14746398091, 0.15645618973, 0.14622056891, 0.38146563655],
      [0.20827500993, 0.0006314168385, 0.052048905413, 0.16198195329, 0.013365676367, 0.13368093311, 0.33818701697, 0.17375684871, 0.10606840158, 0.26609616833, 0.59462562742, 0.2106862137, 0.020177284461, 0.21657042505, 0.33980901567, 0.12644360452, 0.012217615849, 0.20975543595, 0.24909592571, 0.0028294829734, 0.15084204088, 0.29720624025, 0.26315488034, 0.13491430746, 0.35833062426, 0.56141905726, 0.2817201373, 0.030573780469, 0.17102369939, 0.30155955186, 0.15973095348, 0.0043890632793, 0.1309639625, 0.15415840155, 1.329972335e-05, 0.23129511693, 0.28948022607, 0.22965311659, 0.092769125452, 0.44327609462, 0.45977621489, 0.29249509702, 0.055075381806, 0.27235458039, 0.32302518664, 0.092268575806, 0.038211907925, 0.060415473954, 0.11989972169, 4.1801935399e-06]
    ],
    [
