{
  "W": [
    [71, 12, 17],
    [65, 12, 23],
    [66, 16, 18],
    [75, 14, 11],
    [71, 13, 16],
    [66, 18, 16],
    [69, 10, 21],
    [67, 13, 20],
    [62, 20, 18],
    [63, 21, 16],
    [66, 14, 20],
    [69, 13, 18],
    [73, 8, 19],
    [58, 24, 18],
    [67, 19, 14],
    [58, 22, 20],
    [56, 28, 16],
    [20, 63, 17],
    [13, 75, 12],
    [17, 59, 24],
    [14, 67, 19],
    [16, 71, 13],
    [11, 70, 19],
    [20, 70, 10],
    [15, 65, 20],
    [18, 69, 13],
    [21, 64, 15],
    [15, 69, 16],
    [13, 71, 16],
    [16, 63, 21],
    [18, 67, 15],
    [18, 60, 22],
    [12, 77, 11],
    [21, 23, 56],
    [17, 16, 67],
    [17, 18, 65],
    [13, 11, 76],
    [21, 17, 62],
    [19, 18, 63],
    [11, 18, 71],
    [16, 15, 69],
    [18, 16, 66],
    [15, 21, 64],
    [13, 20, 67],
    [13, 20, 67],
    [17, 22, 61],
    [23, 18, 59],
    [16, 17, 67],
    [23, 20, 57],
    [15, 20, 65]
  ],
  "X": [
    [6, 23, 32, 29, 10],
    [6, 7, 29, 38, 20],
    [3, 10, 34, 35, 18],
    [3, 13, 29, 37, 18],
    [1, 14, 34, 35, 16],
    [2, 22, 31, 29, 16],
    [3, 12, 39, 29, 17],
    [1, 9, 39, 33, 18],
    [6, 12, 33, 34, 15],
    [4, 14, 34, 37, 11],
    [5, 10, 42, 33, 10],
    [1, 15, 36, 26, 22],
    [4, 20, 31, 30, 15],
    [0, 17, 29, 42, 12],
    [3, 6, 38, 34, 19],
    [5, 7, 33, 40, 15],
    [3, 17, 25, 38, 17],
    [2, 15, 19, 54, 10],
    [6, 12, 14, 60, 8],
    [7, 19, 15, 47, 12],
    [6, 13, 23, 49, 9],
    [6, 19, 16, 50, 9],
    [8, 5, 18, 59, 10],
    [3, 12, 17, 60, 8],
    [7, 17, 21, 46, 9],
    [5, 16, 19, 54, 6],
    [6, 14, 20, 51, 9],
    [9, 20, 18, 45, 8],
    [7, 15, 17, 51, 10],
    [6, 16, 21, 49, 8],
    [9, 24, 21, 41, 5],
    [7, 14, 16, 55, 8],
    [8, 11, 14, 59, 8],
    [9, 10, 42, 28, 11],
    [6, 10, 41, 27, 16],
    [7, 8, 39, 33, 13],
    [8, 3, 46, 28, 15],
    [9, 8, 39, 28, 16],
    [7, 10, 43, 27, 13],
    [11, 4, 34, 37, 14],
    [7, 14, 42, 24, 13],
    [6, 4, 56, 26, 8],
    [9, 5, 42, 31, 13],
    [13, 6, 41, 26, 14],
    [13, 9, 42, 22, 14],
    [10, 10, 44, 23, 13],
    [10, 9, 39, 32, 10],
    [11, 3, 50, 22, 14],
    [5, 12, 31, 36, 16],
    [5, 7, 47, 26, 15]
  ],
  "real_prob": [
    [0.0026084367047, 0.14834764752, 0.36237889148, 0.30305893405, 0.18360609025],
    [0.05423474425, 0.18887491189, 0.060888267204, 0.62904922436, 0.066952852302],
    [0.12150150483, 0.025783890571, 0.5334794899, 0.1903921564, 0.1288429583]
  ],
  "method": "mcmc",
  "mcmc_stepsize": 3000,
  "mcmc_samples": 100,
  "prob": [
    [0.069072025833, 0.14537502627, 0.31608026271, 0.33638736435, 0.13308532083],
    [0.052007801202, 0.13219447743, 0.26047520798, 0.46578384093, 0.089538672461],
    [0.061320485194, 0.083608425768, 0.36847660886, 0.32879988043, 0.15779459975]
  ],
  "iterations": 3,
  "logLik": -1124.4794427334,
  "time": 0.040306,
  "message": "Converged",
  "status": 0,
  "cond_prob": [
    [
      [0.066035383029, 0.029271694784, 0.056483968677, 0.23796270763, 0.25955755819, 0.17587982707, 0.31120198069, 0.38842907145, 0.30844179492, 0.28033287464, 0.25373225053, 0.35597522908, 0.10446705402, 0.069009425044, 0.10321918025, 0.074298661146, 0.016136021852, 0.042476294056, 0.076863943558, 0.081260514245, 0.044726847729, 0.28101012261, 0.32235952256, 0.29852294608, 0.37347866185, 0.43413750603, 0.37018421337, 0.19434861084, 0.14610643532, 0.24408969876, 0.041268245845, 0.015608845154, 0.0014752362109, 0.10600307936, 0.11726482828, 0.062642194972, 0.33337331534, 0.36653677475, 0.34070959955, 0.34844339566, 0.38506882336, 0.32453526181, 0.17091196379, 0.11552072846, 0.27063770746, 0.037838731952, 0.0036617823447, 0.010075468252, 0.14672535339, 0.075214860899],
      [0.085690040264, 0.27990128595, 0.35714808594, 0.27339366826, 0.35791809012, 0.43358421646, 0.37145129186, 0.17761653859, 0.13039105436, 0.25938953137, 0.0099621640841, 0.0089381398332, 0.011030658262, 0.15081666011, 0.090520156379, 0.13220344369, 0.3423628171, 0.35991343625, 0.31333533215, 0.33718940169, 0.40153059396, 0.36497842239, 0.159668957, 0.13909767358, 0.17845214351, 0.029768346465, 0.0012335794568, 0.00081779394458, 0.24978590895, 0.16771874611, 0.15594953622, 0.28088185066, 0.38619438094, 0.34439368746, 0.27883513434, 0.3340458719, 0.28650346495, 0.16072875958, 0.11080742159, 0.21233551743, 0.041563980717, 0.0062740922035, 0.0033021146893, 0.12923804993, 0.10379557382, 0.097362800783, 0.37987369961, 0.47793060005, 0.38140041555, 0.28742033553],
      [0.31415554944, 0.28697339781, 0.16190393421, 0.097844184491, 0.23096127117, 0.013430328749, 0.0043356061033, 0.0021902547248, 0.090296574775, 0.14347194817, 0.054249708191, 0.38936409929, 0.3710737986, 0.40443229829, 0.32615122692, 0.33328000274, 0.34076138805, 0.18075777027, 0.14783864439, 0.19836635075, 0.063423086037, 0.049488458612, 0.059888860748, 0.12830734642, 0.099741201691, 0.11389558266, 0.32590967742, 0.38788810172, 0.27976877588, 0.33720682387, 0.31313601718, 0.37946980979, 0.14515306625, 0.14974622079, 0.16697697092, 0.05768104835, 0.010618757506, 0.0089437528959, 0.14509599321, 0.13480424113, 0.12675396024, 0.33747069333, 0.36825827017, 0.3128701654, 0.36399291433, 0.39671564277, 0.3585886187, 0.095759350774, 0.089603088421, 0.19284350277]
    ],
    [
      [0.059742076088, 0.0059728751401, 0.04867013631, 0.10494735229, 0.08292684973, 0.095624942642, 0.42507174337, 0.41285454327, 0.4082650666, 0.31930650895, 0.42666815245, 0.29762081374, 0.090932319307, 0.071577579406, 0.1498190407, 0.013075607274, 0.00041463512862, 0.0051329356355, 0.17105493962, 0.084316686786, 0.11672734655, 0.35186903377, 0.43708620056, 0.3354953368, 0.24381504084, 0.32185284124, 0.27737084698, 0.22018537849, 0.15632963629, 0.26527353403, 0.043860241436, 0.060672825302, 0.016464198565, 0.21397322337, 0.17773029732, 0.15569012186, 0.30024918566, 0.27280430902, 0.36312499868, 0.29307723537, 0.39950074015, 0.28470294196, 0.14884011417, 0.08929182821, 0.18001773894, 0, 0, 0, 0.17235400639, 0.16840063914],
      [0.16454734945, 0.30759499347, 0.24947094997, 0.28734375443, 0.41578682577, 0.45750725201, 0.3835661143, 0.10426417438, 0.12462115888, 0.16454278182, 0.044085769089, 0.0015579268553, 0.0011894900558, 0.073680461867, 0.054054114794, 0.0025986338446, 0.37467488324, 0.4178417101, 0.3541278808, 0.32734269693, 0.36989472424, 0.36000282467, 0.18021618888, 0.15665152402, 0.28208117062, 0.049438557642, 0.05183400668, 0.049610775491, 0.083835953792, 0.045526376789, 0.056796719534, 0.33654881311, 0.33555473963, 0.30489822838, 0.39438249377, 0.43301960661, 0.37996920081, 0.13579418169, 0.13406527029, 0.20872507578, 0.052446607324, 0.00065537265304, 0.0027899722216, 0.16202281195, 0.21009866659, 0.12774749163, 0.25035981281, 0.24809239692, 0.25207896055, 0.37298248163],
      [0.39776210078, 0.37347763792, 0.16218828628, 0.14339146305, 0.24390593768, 0.049189597329, 0.015842361512, 0.0010670163626, 0.20119202942, 0.14248884998, 0.11760952136, 0.15348402548, 0.20470277103, 0.17847323032, 0.49102073068, 0.54342099443, 0.5849448669, 0.10511361709, 0.09354502305, 0.11790536506, 0.15054310829, 0.052778177345, 0.0070480242764, 0.15269185707, 0.12039048579, 0.082143285315, 0.084810912369, 0.14532509738, 0.16650631965, 0.52996758764, 0.60273739487, 0.6587597288, 0.081986534626, 0.078768844618, 0.085542641962, 0.12107227038, 0.058762405068, 0.061449562692, 0.24773865177, 0.19393478406, 0.13942877751, 0.12932709621, 0.15188930248, 0.15999877158, 0.38285408707, 0.48246380332, 0.50108817183, 0.11900789458, 0.11294970506, 0.13803471639]
    ],
    [
