{
  "W": [
    [79, 12, 9],
    [74, 17, 9],
    [75, 11, 14],
    [72, 10, 18],
    [75, 13, 12],
    [73, 10, 17],
    [90, 5, 5],
    [76, 13, 11],
    [77, 16, 7],
    [76, 10, 14],
    [80, 11, 9],
    [73, 15, 12],
    [80, 12, 8],
    [82, 11, 7],
    [70, 18, 12],
    [71, 11, 18],
    [50, 37, 13],
    [10, 74, 16],
    [12, 78, 10],
    [12, 78, 10],
    [8, 79, 13],
    [9, 79, 12],
    [18, 68, 14],
    [13, 78, 9],
    [15, 76, 9],
    [14, 75, 11],
    [12, 80, 8],
    [13, 77, 10],
    [8, 74, 18],
    [16, 72, 12],
    [13, 77, 10],
    [13, 79, 8],
    [8, 80, 12],
    [10, 29, 61],
    [11, 19, 70],
    [15, 8, 77],
    [12, 15, 73],
    [13, 9, 78],
    [12, 10, 78],
    [12, 16, 72],
    [16, 11, 73],
    [11, 10, 79],
    [9, 9, 82],
    [9, 15, 76],
    [13, 12, 75],
    [11, 8, 81],
    [11, 9, 80],
    [16, 10, 74],
    [10, 15, 75],
    [9, 6, 85]
  ],
  "X": [
    [72, 28],
    [68, 32],
    [66, 34],
    [62, 38],
    [69, 31],
    [69, 31],
    [67, 33],
    [72, 28],
    [75, 25],
    [68, 32],
    [76, 24],
    [70, 30],
    [69, 31],
    [74, 26],
    [74, 26],
    [64, 36],
    [64, 36],
    [66, 34],
    [64, 36],
    [68, 32],
    [69, 31],
    [63, 37],
    [60, 40],
    [69, 31],
    [65, 35],
    [63, 37],
    [78, 22],
    [63, 37],
    [60, 40],
    [72, 28],
    [65, 35],
    [72, 28],
    [66, 34],
    [30, 70],
    [28, 72],
    [19, 81],
    [20, 80],
    [18, 82],
    [15, 85],
    [23, 77],
    [24, 76],
    [22, 78],
    [15, 85],
    [20, 80],
    [28, 72],
    [22, 78],
    [20, 80],
    [28, 72],
    [23, 77],
    [19, 81]
  ],
  "real_prob": [
    [0.80281022833, 0.19718977167],
    [0.74156803358, 0.25843196642],
    [0.038443906215, 0.96155609378]
  ],
  "method": "exact",
  "prob": [
    [0.78265129799, 0.21734870201],
    [0.73445605353, 0.26554394647],
    [0.052210111054, 0.94778988895]
  ],
  "iterations": 11,
  "logLik": -133.7767762084,
  "time": 0.056737,
  "message": "Converged",
  "status": 0,
  "cond_prob": [
    [
      [0.7921212966, 0.74488381662, 0.053756863264, 0.2078787034, 0.25511618338, 0.94624313674, 0.75279116732, 0.70000569428, 0.043706312844, 0.24720883268, 0.29999430572, 0.95629368716, 0.76635838548, 0.71534342286, 0.046738816987, 0.23364161452, 0.28465657714, 0.95326118301, 0.75296906929, 0.70014892123, 0.043596544376, 0.24703093071, 0.29985107877, 0.95640345562, 0.78423470521, 0.73579004753, 0.051427207626, 0.21576529479, 0.26420995247, 0.94857279237, 0.82322681806, 0.78107757946, 0.064333322764, 0.17677318194, 0.21892242054, 0.93566667724, 0.70647183388, 0.64843198416, 0.035075005911, 0.29352816612, 0.35156801584, 0.96492499409, 0.80823364257, 0.76355883882, 0.058907114531, 0.19176635743, 0.23644116118, 0.94109288547, 0.80961842242, 0.76518986718],
      [0.059477656984, 0.19038157758, 0.23481013282, 0.94052234302, 0.78774452508, 0.73981451088, 0.052376498918, 0.21225547492, 0.26018548912, 0.94762350108, 0.83324347751, 0.79290928088, 0.068724412204, 0.16675652249, 0.20709071912, 0.9312755878, 0.79592471903, 0.74926852877, 0.054872298274, 0.20407528097, 0.25073147123, 0.94512770173, 0.7530740359, 0.70032575591, 0.043771007175, 0.2469259641, 0.29967424409, 0.95622899282, 0.79703324604, 0.75056765995, 0.055289937874, 0.20296675396, 0.24943234005, 0.94471006213, 0.83919471202, 0.79995413479, 0.071432977705, 0.16080528798, 0.20004586521, 0.92856702229, 0.77634960883, 0.7267181, 0.049182148505, 0.22365039117, 0.2732819, 0.95081785149, 0.7516526249, 0.69871780225, 0.043446928608, 0.2483473751],
      [0.30128219775, 0.95655307139, 0.81280224181, 0.76892657346, 0.060713196634, 0.18719775819, 0.23107342654, 0.93928680337, 0.75205193461, 0.69921587859, 0.043653825495, 0.24794806539, 0.30078412141, 0.9563461745, 0.79069137685, 0.74328685476, 0.053532880663, 0.20930862315, 0.25671314524, 0.94646711934, 0.82191480118, 0.7796114614, 0.064259703055, 0.17808519882, 0.2203885386, 0.93574029695, 0.75671477835, 0.70447484624, 0.044671178511, 0.24328522165, 0.29552515376, 0.95532882149, 0.73464701166, 0.67965009267, 0.040010534915, 0.26535298834, 0.32034990733, 0.95998946509, 0.79317369923, 0.74615486587, 0.054295819099, 0.20682630077, 0.25384513413, 0.9457041809, 0.75385838055, 0.70125765912, 0.044060244297, 0.24614161945, 0.29874234088, 0.9559397557]
    ],
    [
      [0.74759664758, 0.69418939942, 0.042676543367, 0.25240335242, 0.30581060058, 0.95732345663, 0.86906146076, 0.83574121406, 0.088995668278, 0.13093853924, 0.16425878594, 0.91100433172, 0.7417022058, 0.68757391243, 0.041468006755, 0.2582977942, 0.31242608757, 0.95853199324, 0.76726551697, 0.7164141023, 0.047068460773, 0.23273448303, 0.2835858977, 0.95293153923, 0.84023480826, 0.80123400246, 0.072282907559, 0.15976519174, 0.19876599754, 0.92771709244, 0.76130600566, 0.70968193426, 0.045751298804, 0.23869399434, 0.29031806574, 0.9542487012, 0.81464341897, 0.77110520726, 0.061540522513, 0.18535658103, 0.22889479274, 0.93845947749, 0.78654186777, 0.73850167213, 0.052294273923, 0.21345813223, 0.26149832787, 0.94770572608, 0.74537948394, 0.69119547879],
      [0.041008791405, 0.25462051606, 0.30880452121, 0.9589912086, 0.81872623367, 0.77552254344, 0.060844044348, 0.18127376633, 0.22447745656, 0.93915595565, 0.72488858867, 0.66773636439, 0.036165977336, 0.27511141133, 0.33226363561, 0.96383402266, 0.69020832762, 0.62960387714, 0.031143039883, 0.30979167238, 0.37039612286, 0.96885696012, 0.71800269928, 0.66002622094, 0.034945242575, 0.28199730072, 0.33997377906, 0.96505475742, 0.62783217671, 0.56226875142, 0.023632389298, 0.37216782329, 0.43773124858, 0.9763676107, 0.74746426675, 0.69328870295, 0.040802910441, 0.25253573325, 0.30671129705, 0.95919708956, 0.77927634416, 0.72953457993, 0.048036960469, 0.22072365584, 0.27046542007, 0.95196303953, 0.8276124711, 0.78592842082, 0.063759222908, 0.1723875289],
      [0.21407157918, 0.93624077709, 0.71058070523, 0.65158891514, 0.03342040752, 0.28941929477, 0.34841108486, 0.96657959248, 0.74246893599, 0.68753920966, 0.039535413569, 0.25753106401, 0.31246079034, 0.96046458643, 0.87104783945, 0.83802293232, 0.088268038657, 0.12895216055, 0.16197706768, 0.91173196134, 0.85170316108, 0.81465815298, 0.075481481534, 0.14829683892, 0.18534184702, 0.92451851847, 0.80294549913, 0.75688025528, 0.054445965151, 0.19705450087, 0.24311974472, 0.94555403485, 0.86024078496, 0.82495123188, 0.080900474618, 0.13975921504, 0.17504876812, 0.91909952538, 0.79308758648, 0.74548670977, 0.051824313182, 0.20691241352, 0.25451329023, 0.94817568682, 0.85245400463, 0.81554654442, 0.07570158461, 0.14754599537, 0.18445345558, 0.92429841539]
    ]
  ],
  "maxiter": 3600,
  "param_threshold": 0.001,
  "ll_threshold": "-Inf",
  "initial_prob": "group_proportional"
}
