{
  "X": [
    [15, 35, 24, 12, 0, 7, 2, 3],
    [18, 37, 20, 7, 1, 5, 10, 5],
    [19, 42, 29, 8, 1, 4, 10, 2],
    [22, 42, 32, 14, 4, 6, 10, 1]
  ],
  "W": [
    [15, 83],
    [82, 21],
    [41, 74],
    [89, 42]
  ],
  "method": "mult",
  "cond_prob": [
    [
      [0.1872824835, 0, 0.18045827138, 0.012234198344, 0.17530913388, 0.0237316697, 0.17728378263, 0.045306459756],
      [0.20302743517, 0.075999227995, 0.18178889064, 0.11729562771, 0.19840690016, 0.18157550859, 0.22142400096, 0.1049537864]
    ],
    [
      [0.14728189845, 0, 0.15240356469, 2.5310565359e-07, 0.15904291453, 5.2086558675e-07, 0.14825499925, 9.2874737209e-07],
      [0.25185420325, 0.011352292563, 0.24220604828, 0.019186401591, 0.28376165106, 0.03171227115, 0.29181465356, 0.017012511047]
    ],
    [
      [0.34654767048, 0.053502412225, 0.35111389119, 0.044084050402, 0.32532812489, 0.025208213357, 0.31043216807, 0.03966059988],
      [0.091795854832, 0.041844915802, 0.061733858141, 0.051291212208, 0.050451210013, 0.019989239407, 0.092577587888, 0.0083616144063]
    ],
    [
      [0.35880039306, 0.074420811376, 0.39030337277, 0.065889232071, 0.38839201037, 0.040425290487, 0.34150891539, 0.058612859896],
      [0.12756546712, 0.028724934185, 0.092181455485, 0.037829672018, 0.080829841225, 0.015835500316, 0.13668728812, 0.0061078439836]
    ]
  ],
  "prob": [
    [0.17873456673, 0.3302047146, 0.20173356631, 0.073775414637, 0.026469064494, 0.03956281257, 0.12133794156, 0.028181919101],
    [0.1519125367, 0.36845993939, 0.26929456142, 0.11020917586, 3.7666664442e-07, 0.059153694679, 0.020029037478, 0.02094067782]
  ],
  "iterations": 25,
  "logLik": -56.6326249832,
  "time": 5.5e-05,
  "message": "Converged",
  "status": 0,
  "maxiter": 3600,
  "param_threshold": 0.0001,
  "ll_threshold": "-Inf",
  "initial_prob": "group_proportional",
  "ballotbox_id": ["1M", "1V", "2M-3V", "2V-4"],
  "candidates_id": ["C1", "C2", "C3", "C4", "C5", "C6", "C7", "C8"],
  "group_id": ["M", "F"]
}
