{
  "X": [
    [25, 23, 38, 7, 6, 17, 49, 2],
    [28, 23, 31, 10, 3, 14, 38, 7],
    [29, 19, 47, 5, 1, 11, 42, 1],
    [32, 25, 33, 11, 1, 9, 44, 4],
    [27, 39, 42, 16, 1, 7, 45, 1],
    [26, 23, 34, 9, 1, 7, 46, 3],
    [38, 30, 49, 11, 2, 16, 39, 2],
    [39, 33, 34, 7, 5, 14, 33, 1],
    [42, 30, 46, 17, 4, 10, 35, 2],
    [40, 28, 31, 13, 1, 8, 29, 0],
    [22, 25, 43, 22, 3, 7, 20, 2],
    [24, 18, 44, 12, 1, 14, 23, 3],
    [24, 25, 46, 11, 3, 8, 17, 1],
    [21, 26, 44, 7, 0, 14, 26, 1],
    [26, 24, 29, 8, 1, 9, 35, 0],
    [25, 23, 42, 13, 1, 15, 42, 1],
    [30, 22, 50, 6, 3, 8, 38, 2],
    [28, 32, 39, 9, 4, 11, 41, 1],
    [27, 24, 37, 7, 4, 9, 46, 1],
    [50, 28, 34, 8, 4, 7, 54, 1],
    [33, 22, 38, 7, 2, 7, 53, 1],
    [32, 34, 48, 9, 3, 10, 38, 2],
    [31, 24, 38, 15, 3, 11, 35, 2],
    [32, 31, 32, 10, 2, 10, 44, 1],
    [30, 34, 23, 10, 3, 7, 49, 1],
    [41, 36, 31, 13, 1, 8, 35, 3],
    [42, 32, 33, 8, 1, 15, 41, 3],
    [41, 40, 38, 7, 1, 14, 40, 1],
    [37, 31, 39, 9, 0, 7, 42, 2],
    [29, 24, 50, 7, 1, 6, 23, 2],
    [46, 39, 31, 3, 2, 10, 36, 5],
    [41, 31, 28, 12, 3, 10, 41, 3],
    [42, 30, 21, 11, 3, 5, 35, 6],
    [43, 21, 16, 14, 1, 11, 34, 2],
    [59, 24, 27, 9, 5, 4, 38, 2],
    [40, 41, 30, 10, 1, 14, 67, 2],
    [45, 24, 26, 21, 3, 15, 24, 0],
    [28, 26, 53, 8, 0, 9, 33, 2],
    [24, 24, 49, 12, 3, 8, 44, 1],
    [26, 30, 47, 3, 2, 12, 44, 1],
    [37, 21, 43, 5, 5, 12, 38, 0],
    [42, 33, 41, 5, 3, 7, 28, 2],
    [31, 31, 43, 9, 1, 10, 53, 2],
    [36, 23, 34, 7, 4, 10, 44, 3],
    [25, 37, 28, 7, 3, 11, 40, 3]
  ],
  "W": [
    [58, 109],
    [41, 113],
    [49, 106],
    [39, 120],
    [47, 131],
    [39, 110],
    [30, 157],
    [30, 136],
    [30, 157],
    [65, 85],
    [42, 102],
    [26, 113],
    [37, 98],
    [65, 74],
    [51, 82],
    [43, 119],
    [40, 119],
    [59, 106],
    [47, 109],
    [97, 90],
    [99, 64],
    [119, 54],
    [100, 59],
    [119, 43],
    [114, 44],
    [128, 40],
    [121, 55],
    [139, 43],
    [139, 29],
    [90, 52],
    [139, 33],
    [104, 65],
    [68, 85],
    [78, 64],
    [64, 104],
    [87, 118],
    [69, 89],
    [84, 75],
    [82, 83],
    [81, 83],
    [74, 87],
    [97, 64],
    [92, 88],
    [74, 87],
    [80, 74]
  ],
  "method": "mult",
  "cond_prob": [
    [
      [0.18301732508, 0.034526720639, 0.25225698461, 0.012532792526, 0.011126594777, 0.19629237999, 0.24533066904, 0.012903281071],
      [0.26290502879, 0.098601291815, 0.17599338922, 0.045809729158, 0.2350810019, 0.030506323781, 0.026496944489, 0.139925078]
    ],
    [
      [0.13259931071, 0.051492064423, 0.33057250242, 0.012591918051, 0.031272053719, 0.13459684113, 0.23196977764, 0.023312617879],
      [0.0064340847901, 0.0080322023559, 0.22295526908, 0.29665582501, 0.06464931207, 0.26732142657, 0.076517868721, 0.20102141757]
    ],
    [
      [0.1773677351, 0.32252325069, 0.054121419353, 0.20191327296, 0.060517852721, 0.21916909256, 0.01382600077, 0.0060673705041],
      [0.0064584700559, 0.024102697123, 0.15578595961, 0.28317438565, 0.1185695627, 0.2026646986, 0.10884910607, 0.27863367939]
    ],
    [
      [0.11739675204, 0.30368247878, 0.093377878462, 0.15175141529, 0.082976221512, 0.30231157431, 0.014401526586, 0.018023042987],
      [0.24262064821, 0.038617030413, 0.17585732446, 0.0052481351686, 0.0040347479614, 0.20787254466, 0.16122297107, 0.035662160654]
    ],
    [
      [0.18664094603, 0.019596031256, 0.0028720362955, 0.24283944395, 0.23212775865, 0.047238639274, 0.39936990719, 0.059192347462],
      [0.18743402812, 0.056674001129, 0.24746527877, 0.0055178207689, 0.012184052388, 0.14398508966, 0.14480274054, 0.065081609746]
    ],
    [
      [0.24852499435, 0.020325943295, 0.0081423095646, 0.16673171895, 0.20091893865, 0.085847387237, 0.31959331456, 0.085859256764],
      [0.20174797511, 0.20040079952, 0.039823763497, 0.22472042166, 0.04283735453, 0.14401024958, 0, 0.0028153102123]
    ],
    [
      [0.027994574888, 0.25487839309, 0.07651743812, 0.18985203375, 0.01280623412, 0, 0.17057574212, 0.27852695665],
      [0.14237363934, 0.18580496161, 0.07380575436, 0.16814051631, 0.06305331976, 0.20065356048, 0, 0.0084458467784]
    ],
    [
      [0.049074395514, 0.19324612555, 0.10600360627, 0.26225058175, 0.012209968072, 0, 0.12470368652, 0.25509517938],
      [0.15784661622, 0.010563675059, 0.0033660852429, 0.15417915272, 0.21185563479, 0.053837230469, 0.20258949873, 0.045279295502]
    ],
    [
      [0.016032547147, 0.21612993775, 0.18444770526, 0.035757090762, 0.2121391981, 0.038842372754, 0.12512995951, 0.0060325912999],
      [0.22415551885, 0.010787972377, 0.010257931594, 0.1053956451, 0.19686336542, 0.098788445531, 0.14736795109, 0.066347026333]
    ],
    [
      [0.046183864437, 0.14969940291, 0.16130299141, 0.065027009224, 0.15753528528, 0.056644549997, 0.18403014271, 0.0060860068931],
      [0.041894659271, 0.30603112493, 0.052508073441, 0.20312347832, 0.017755867537, 0.010033556298, 0.19489741567, 0.30552736738]
    ],
    [
      [0.08019410564, 0.19710162876, 0.022248310823, 0.010654620009, 0.20938203923, 0.25497606552, 0.03422737829, 0.2690765995],
      [0.078319641228, 0.23577464752, 0.078116406849, 0.27935480807, 0.018173971682, 0.03028445496, 0.12952159112, 0.28274011721]
    ],
    [
      [0.11288377731, 0.27454653151, 0.021434453083, 0.031841940402, 0.14206230909, 0.23472671394, 0.066272402992, 0.1972157162],
      [0.0024654542406, 0.22383584568, 0.27541912954, 0.032563020177, 0.25929200434, 0.050107839463, 0.28692224709, 0.011005939325]
    ],
    [
      [0.31661144687, 0.0346357624, 0.22390012929, 0.051455263864, 0.17994265813, 0.011946072001, 0.012851153546, 0.15918642843],
      [0.0075725530261, 0.15753631189, 0.25857527959, 0.058981042173, 0.19705213065, 0.073808942225, 0.38366404907, 0.011218500142]
    ],
    [
      [0.2814483439, 0.063493676787, 0.16108544497, 0.075137954598, 0.2456300037, 0.012113517471, 0.0408926022, 0.10658934575],
      [0.041147964498, 0.1675477882, 0, 0.0069076132948, 0.20200755084, 0.24923316573, 0.03687286502, 0.25801806466]
    ],
    [
      [0.012141319246, 0.0039837160106, 0.24752066565, 0.26152932425, 0.050878757353, 0.22846066266, 0.017833868986, 0.22447542415],
      [0.061771244433, 0.2373369325, 0, 0.020581957906, 0.14026616432, 0.23180079926, 0.064930535433, 0.19425479286]
    ],
    [
      [0.011888561746, 0.011993329239, 0.16265547501, 0.24116590435, 0.091492058612, 0.16408944938, 0.027726895688, 0.30242004728],
      [0.28792954711, 0.058380446585, 0.19288994383, 0.036436765076, 0.16792511687, 0.017583987233, 0, 0.17182564633]
    ],
    [
      [0.22310434967, 0.061289006635, 0.2753337493, 0.0059989504531, 0.0081111611033, 0.1941664328, 0.22866756527, 0.021831303838],
      [0.27294905853, 0.10890061537, 0.14078050984, 0.052977364189, 0.23450998118, 0.01801400929, 0, 0.11818212183]
    ],
    [
      [0.16689805277, 0.090241844898, 0.36437541022, 0.006093475437, 0.024014020647, 0.12740373239, 0.22451202239, 0.038727929115],
      [0.024347135336, 0.0030925625996, 0.18848319693, 0.33596222667, 0.036287899282, 0.30863094425, 0.047234097636, 0.1749253165]
    ],
    [
      [0.19463802378, 0.22150306401, 0.052737016329, 0.21053414028, 0.055183779273, 0.31413642736, 0.011344425092, 0.015187623823],
      [0.025424316464, 0.0094845058596, 0.12566509388, 0.30839335888, 0.066742074581, 0.24557646461, 0.066771671435, 0.24207530272]
    ],
    [
      [0.13300429582, 0.20604305373, 0.091901302705, 0.15848791836, 0.079639690648, 0.41495166354, 0.012268932935, 0.044292880449],
      [0.18265840385, 0.041705683259, 0.20694456614, 0.0061073220899, 0.0035152424415, 0.2301077458, 0.21880441488, 0.030121813534]
    ],
    [
      [0.15779547187, 0.010478491352, 0.0093875272955, 0.19804396402, 0.27819623384, 0.038565280074, 0.22038545321, 0.060507356552],
      [0.1403216685, 0.062455484035, 0.27761922509, 0.0061753073725, 0.010637927743, 0.16726506341, 0.19527894709, 0.054888549685]
    ],
    [
