{
  "X": [
    [25, 63, 16, 23, 2, 14, 18, 1],
    [44, 81, 11, 17, 5, 9, 8, 2],
    [40, 65, 26, 15, 1, 3, 12, 2],
    [44, 65, 20, 18, 4, 8, 18, 4],
    [32, 69, 20, 12, 2, 9, 7, 0],
    [34, 47, 12, 19, 1, 6, 8, 4],
    [35, 48, 17, 17, 1, 9, 12, 1],
    [31, 42, 12, 11, 1, 10, 15, 0],
    [45, 54, 22, 24, 1, 10, 17, 0],
    [49, 68, 19, 34, 1, 11, 11, 2],
    [56, 59, 24, 21, 3, 12, 23, 1],
    [35, 60, 12, 35, 1, 9, 10, 1],
    [33, 56, 26, 18, 2, 6, 6, 2],
    [29, 49, 31, 19, 1, 8, 21, 2],
    [34, 54, 19, 17, 3, 8, 15, 1],
    [41, 52, 19, 17, 0, 9, 4, 3],
    [27, 62, 27, 12, 2, 16, 8, 2],
    [38, 60, 27, 13, 1, 11, 16, 3],
    [33, 63, 22, 23, 0, 12, 12, 0],
    [29, 53, 13, 15, 2, 13, 13, 2],
    [38, 54, 20, 14, 3, 9, 13, 2],
    [32, 56, 15, 13, 3, 9, 7, 0],
    [36, 72, 21, 24, 0, 22, 9, 4],
    [24, 49, 23, 21, 1, 10, 5, 1],
    [67, 72, 22, 31, 0, 14, 17, 0],
    [49, 48, 26, 19, 0, 14, 8, 1],
    [39, 66, 28, 16, 2, 16, 15, 4]
  ],
  "W": [
    [131, 31],
    [138, 39],
    [134, 30],
    [163, 18],
    [134, 17],
    [104, 27],
    [100, 40],
    [101, 21],
    [20, 153],
    [27, 168],
    [12, 187],
    [14, 149],
    [23, 126],
    [124, 36],
    [24, 127],
    [110, 35],
    [27, 129],
    [118, 51],
    [26, 139],
    [113, 27],
    [22, 131],
    [106, 28],
    [44, 144],
    [102, 32],
    [43, 180],
    [20, 145],
    [34, 152]
  ],
  "method": "mult",
  "cond_prob": [
    [
      [0.15159007115, 0.096505241121, 0.088071242849, 0.33895571607, 0.0069549802149, 0.019090727074, 0.12301020138, 0.07122701374],
      [0.060368034906, 0.27815532477, 0.14230554175, 0.060832660456, 0.31583636531, 0, 0, 0.15801435238]
    ],
    [
      [0.16578245292, 0.1263904339, 0.079893851309, 0.29374320097, 0.0038470590735, 0.011485031645, 0.13203968972, 0.085227175478],
      [0.045780430911, 0.3697932679, 0.0096067591145, 0.0099337536124, 0.13002305202, 0.06149548226, 0.17796810811, 0.093326802071]
    ],
    [
      [0.39982902951, 0.02309499446, 0.0081264773069, 0.11477259614, 0.047687891287, 0.21788504501, 0.071566761728, 0.038251393214],
      [0.043083228474, 0.31662014673, 0.0052878535213, 0.0057834086304, 0.1341442268, 0.074817250637, 0.19561406996, 0.11809299459]
    ],
    [
      [0.34289431292, 0.013012606536, 0.0047241444861, 0.12097798039, 0.057907283586, 0.24105596837, 0.094931015598, 0.03438634291],
      [0.012362279493, 0.090811952948, 0.048760901068, 0.20164412521, 0.10985438797, 0.07837474151, 0.42821675198, 0]
    ],
    [
      [0.097948452908, 0.043194278098, 0.25024557113, 0.082195918164, 0.13389606358, 0.36973530558, 0.031006657691, 0.0083216776164],
      [0.0074602100282, 0.094612943589, 0.058972376439, 0.22514679568, 0.14010341515, 0.071675843253, 0.36915778122, 0]
    ],
    [
      [0.10218549164, 0.053393331959, 0.27241449796, 0.10703290985, 0.12219486693, 0.32079174511, 0.017657882178, 0.0047936782037],
      [0.23913732449, 0.13687261673, 0.106859003, 0.41997572406, 0, 0, 0.10769009241, 0.072437656751]
    ],
    [
      [0.13449860199, 0.10014521604, 0.35326175417, 0.025711570752, 0.013798424282, 0.15714233197, 0.048410906489, 0.28288914214],
      [0.26536367162, 0.17631379654, 0.097154443648, 0.36765570369, 0, 0, 0.11292362664, 0.086520388835]
    ],
    [
      [0.17343108345, 0.093053436682, 0.30141671654, 0.014392012091, 0.0080730824199, 0.16584983014, 0.06061288571, 0.30455251091],
      [0.40590692866, 0.0084146704494, 0, 0.16540290683, 0.05912688714, 0.20324244801, 0.10409599358, 0.053282125461]
    ],
    [
      [0.013504711264, 0.023017609869, 0.097707730966, 0.049617464397, 0.20444360823, 0.070481921203, 0.089467658132, 0.36940948612],
      [0.35322124844, 0.0046552804329, 0, 0.17617666698, 0.07116827885, 0.22343689432, 0.13486128999, 0.047838375298]
    ],
    [
      [0.0074873772552, 0.01371705308, 0.10145476861, 0.060990530558, 0.22915121295, 0.091932732451, 0.084191855861, 0.31198441728],
      [0.15686534723, 0.043842726701, 0.23340594057, 0.095361368136, 0.028245314975, 0.38892929687, 0, 0.0096927744592]
    ],
    [
      [0.082960572491, 0.20931496958, 0.085932666244, 0.12443022374, 0.39806311013, 0.006818675704, 0.019787240498, 0.09653303386],
      [0.16605288633, 0.053298237346, 0.2541230538, 0.12552415441, 0.025546210447, 0.33521832051, 0, 0.0055732712943]
    ],
    [
      [0.10096414073, 0.23266101921, 0.11033933454, 0.11500629565, 0.34982216396, 0.0038244108904, 0.011922471444, 0.09914938488],
      [0.086618042498, 0.06218464641, 0.39898313, 0.021212027518, 0.023064175944, 0.091990435494, 0.099953329006, 0.19084759861]
    ],
    [
      [0.11296155753, 0.46359277757, 0.0088914304448, 0.0081468581649, 0.11892022829, 0.060863583703, 0.23198725671, 0.11415232433],
      [0.1133285575, 0.056790747362, 0.34071746167, 0.011985737954, 0.01336990137, 0.096468636316, 0.12223539695, 0.21396702834]
    ],
    [
      [0.10332194819, 0.40404843543, 0.0049013108741, 0.0048244615634, 0.12715430635, 0.074929440845, 0.25620920312, 0.14483312741],
      [0.0066248961486, 0.033413179714, 0.094286657384, 0.033430879264, 0.15711459445, 0.10135218804, 0.051019906, 0.39350821967]
    ],
    [
      [0.0067070031514, 0.13156346498, 0.079063520993, 0.19887611551, 0.088688066825, 0.096844947774, 0.42673918258, 0],
      [0.003727124518, 0.019553523224, 0.097935167517, 0.041535863232, 0.176485291, 0.13139905573, 0.04690955064, 0.34601621231]
    ],
    [
      [0.0039331928921, 0.13949902291, 0.095801782733, 0.21619339507, 0.11718807967, 0.089615340433, 0.36946702127, 0],
      [0.017544852417, 0.24402192994, 0.14012321203, 0.042651003495, 0.4407254179, 0.015624207921, 0.031055818922, 0.14246298816]
    ],
    [
      [0.2420291549, 0.076811444904, 0.12489732606, 0.42556155359, 0.03119444326, 0.020228189048, 0.10988377321, 0.054110951794],
      [0.021665484438, 0.26472152653, 0.17981044371, 0.039825852924, 0.38817759375, 0.0087029681435, 0.018298284605, 0.15237474415]
    ],
    [
      [0.27230822478, 0.10067987266, 0.11367158875, 0.36275934095, 0.017695624925, 0.012000531772, 0.11576056445, 0.064808937805],
      [0.074137562155, 0.35830975818, 0.0083653190719, 0.020321965488, 0.1634349314, 0.089019942893, 0.1758907986, 0.068177248714]
    ],
    [
      [0.46957403863, 0.013924687665, 0, 0.071205055415, 0.043883769197, 0.18539316602, 0.090595145483, 0.082905061752],
      [0.068806956215, 0.30474215886, 0.0046148060049, 0.012149225135, 0.17513280533, 0.10891928107, 0.18909868974, 0.090093376418]
    ],
    [
      [0.41435178029, 0.0078454904537, 0, 0.073842790757, 0.05473238943, 0.20271417953, 0.11799841757, 0.074671621716],
      [0.01316504641, 0.12021668891, 0.047712045274, 0.17758179166, 0.060710053687, 0.094323218753, 0.38018797845, 0.016593381709]
    ],
    [
      [0.061174440214, 0.058068573598, 0.24150961563, 0.1707571102, 0.10484126403, 0.43398978497, 0.024473491652, 0],
      [0.0078340709342, 0.12440281729, 0.057794700995, 0.19377389198, 0.080391594129, 0.086711582275, 0.32042419772, 0.0094253349544]
    ],
    [
      [0.065659669342, 0.071832914371, 0.26251722063, 0.21881048199, 0.098275082259, 0.37211525125, 0.013691849584, 0],
      [0.2404647512, 0.11238243858, 0.061113749267, 0.31659160978, 0.019897244461, 0.015518262022, 0.17057817579, 0.071598677175]
    ],
    [
      [0.089711326044, 0.046724081702, 0.35906172187, 0.010427627889, 0.0099655100415, 0.12865518198, 0.063630809113, 0.27890824594],
      [0.26712187049, 0.14376663571, 0.05566085526, 0.27089772314, 0.011314053723, 0.0091432616373, 0.17493069991, 0.089311242473]
    ],
    [
      [0.11899673994, 0.043433244962, 0.30607557621, 0.0057379271537, 0.0059811404558, 0.13420090524, 0.078214897757, 0.29939866387],
      [0.36372867511, 0.008212552344, 0.016009946408, 0.19196692823, 0.085053378074, 0.22438499102, 0.147149304, 0.084944435585]
    ],
    [
      [0.031149618211, 0, 0.12313439277, 0.046331046902, 0.27722674156, 0.11209164325, 0.052690341253, 0.33805106067],
