{
  "X": [
    [10, 31, 23, 7, 0, 8, 36, 3],
    [12, 28, 19, 9, 1, 4, 40, 1],
    [23, 23, 24, 7, 0, 5, 42, 3],
    [11, 29, 22, 5, 1, 4, 31, 1],
    [12, 24, 17, 11, 2, 9, 48, 4],
    [5, 22, 20, 7, 0, 6, 33, 1],
    [8, 27, 16, 4, 0, 2, 41, 2],
    [5, 10, 10, 2, 0, 1, 18, 2]
  ],
  "W": [
    [28, 90],
    [70, 44],
    [49, 78],
    [65, 39],
    [47, 80],
    [60, 35],
    [25, 75],
    [26, 22]
  ],
  "method": "mult",
  "cond_prob": [
    [
      [0.071669896385, 0.096415012174, 0.16140727474, 0.096713038808, 0.082886033084, 0.049050131038, 0.068529325966, 0.096951030511],
      [0, 0.014196645976, 0, 0.015237676475, 0.042386409927, 0, 0, 0]
    ],
    [
      [0.088856749899, 0.119473203, 0.1931654342, 0.12116223736, 0.10123873478, 0.060290696519, 0.083812201804, 0.11197935098],
      [0, 0.00014642390207, 0, 0.00015868837724, 0.00042812253671, 0, 0, 0]
    ],
    [
      [0.272023186, 0.24994405241, 0.19028762601, 0.28247905842, 0.19622290028, 0.23870910373, 0.28235462226, 0.21990086101],
      [0.046936655226, 0.028673968916, 0.029647925417, 0.031463709689, 0.052343175893, 0.052745200609, 0.014058060338, 0.016965033455]
    ],
    [
      [0.2597167574, 0.2384653509, 0.17539058201, 0.27241143113, 0.1845892152, 0.22580237676, 0.26582510934, 0.19492894001],
      [0.074381689266, 0.045440860213, 0.045353647832, 0.050422978096, 0.081720255064, 0.082954270072, 0.021983620788, 0.025132954743]
    ],
    [
      [0.25891295459, 0.19037671341, 0.24092842837, 0.23971164832, 0.16961138589, 0.24225872514, 0.21369319423, 0.25327657642],
      [0.26905521102, 0.32874153171, 0.30511655526, 0.27863277549, 0.3434838953, 0.33083648665, 0.36604228789, 0.35851832923]
    ],
    [
      [0.17476430683, 0.12846721865, 0.15706675812, 0.16345981865, 0.11285031651, 0.16199331961, 0.14215039018, 0.15812844321],
      [0.31639123896, 0.38634758002, 0.346342399, 0.33104809516, 0.39792959218, 0.38563601461, 0.42457893231, 0.39247733035]
    ],
    [
      [0.080202809965, 0.090866767766, 0.071210590069, 0.054882547042, 0.1112646491, 0.085405205599, 0.054355041147, 0.051135354738],
      [0.0011992868222, 0.00078530764468, 0.001401600137, 0.00087954575406, 0.0018015505241, 0.00099514722688, 0.00096746817074, 0.0032528146398]
    ],
    [
      [0.052750020331, 0.059751162798, 0.045237274401, 0.036467951542, 0.072137204159, 0.055647904987, 0.035229942144, 0.031100378508],
      [0.03313923732, 0.02190820051, 0.037443904435, 0.024868799686, 0.049106559575, 0.027675417451, 0.026419803446, 0.086252602201]
    ]
  ],
  "prob": [
    [0.091956008906, 0.24086290764, 0.22269584402, 0.077581575646, 0.010746960691, 0.035774803588, 0.31911827237, 0.0012636271352],
    [0.11232158437, 0.22692664168, 0.14869412919, 0.050480383373, 0.00010125551045, 0.055811116589, 0.36978323312, 0.035881656152]
  ],
  "iterations": 38,
  "logLik": -112.0090079603,
  "time": 0.000167,
  "message": "Converged",
  "status": 0,
  "maxiter": 3600,
  "param_threshold": 0.0001,
  "ll_threshold": "-Inf",
  "initial_prob": "group_proportional",
  "ballotbox_id": ["1M-2M", "1V-2V", "3M-4M", "3V-4V", "5M-6M", "5V-6V", "7M-8M", "7V"],
  "candidates_id": ["C1", "C2", "C3", "C4", "C5", "C6", "C7", "C8"],
  "group_id": ["M", "F"]
}
