{
  "X": [
    [21, 63, 19, 15, 0, 10, 14, 7],
    [24, 63, 20, 16, 2, 10, 4, 9],
    [23, 61, 20, 15, 2, 8, 17, 4],
    [28, 67, 15, 15, 3, 20, 11, 5],
    [22, 42, 18, 19, 3, 11, 13, 5],
    [29, 42, 21, 12, 1, 10, 14, 9],
    [28, 74, 16, 22, 6, 7, 22, 6],
    [37, 54, 23, 14, 5, 11, 12, 9],
    [32, 44, 14, 15, 6, 14, 17, 5],
    [41, 62, 19, 17, 5, 11, 20, 10],
    [54, 56, 18, 12, 4, 10, 22, 5]
  ],
  "W": [
    [35, 114],
    [17, 131],
    [24, 127],
    [28, 136],
    [31, 102],
    [96, 42],
    [124, 57],
    [113, 50],
    [109, 38],
    [137, 47],
    [96, 85]
  ],
  "method": "mult",
  "cond_prob": [
    [
      [0.20912032256, 0.093062388587, 0.18120473805, 0.23200155426, 0.0094342392433, 0.036113255306, 0.090119973281, 0.05322500015],
      [0.071782936089, 0.13930453067, 0.094214949252, 0.082249152386, 0.50174748676, 0.010023279641, 0.028068859121, 0.11474241628]
    ],
    [
      [0.12090012219, 0.10998681464, 0.10025825809, 0.3420131701, 0.0023768090399, 0.026917227983, 0.10995824193, 0.077602970313],
      [0.14956309701, 0.29357644692, 0.048220492169, 0.044437604809, 0.083841800792, 0.058648259746, 0.24669862976, 0.057787591402]
    ],
    [
      [0.32898715372, 0.040886587702, 0.032360653224, 0.11362341197, 0.063949295159, 0.25635224626, 0.096368462311, 0.12248692273],
      [0.077636906425, 0.42846421772, 0.012246968233, 0.035436605268, 0.097911904809, 0.084550452758, 0.14867173633, 0.076737784386]
    ],
    [
      [0.45041456902, 0.010117455479, 0.025562279619, 0.14210619844, 0.091529445659, 0.15266214719, 0.1183589734, 0.066309941862],
      [0.058727592705, 0.11111212255, 0.088842280239, 0.24056991827, 0.11501158379, 0.084972123075, 0.30227394185, 0.032674954766]
    ],
    [
      [0.11334364265, 0.049341923997, 0.25625755304, 0.1193065433, 0.11867469275, 0.29048637431, 0.050462626738, 0.057399749689],
      [0.043514717593, 0.1375997648, 0.12869919223, 0.14209677549, 0.13519842035, 0.045453120424, 0.43073924304, 0.0091628748189]
    ],
    [
      [0.13166582765, 0.069855437589, 0.15328389411, 0.15019899729, 0.062958597657, 0.40929108567, 0.013084606159, 0.04429430384],
      [0.25717061786, 0.08286152567, 0.10898627403, 0.27097655774, 0.043807216706, 0.058861993627, 0.097478728151, 0.043676200054]
    ],
    [
      [0.089013607548, 0.04680738654, 0.3036359331, 0.051482360845, 0.070506450324, 0.13142530089, 0.0849324879, 0.3525048955],
      [0.15023149256, 0.10329135746, 0.058534256804, 0.37904421857, 0.010884648427, 0.044893745679, 0.11785250515, 0.069477959992]
    ],
    [
      [0.10408492103, 0.024546833717, 0.42990894914, 0.013590688847, 0.053349225804, 0.1570936294, 0.12500858593, 0.23174071622],
      [0.31744610747, 0.035109793301, 0.037813772522, 0.14386670401, 0.034169748062, 0.24211672819, 0.087049539564, 0.14891197636]
    ],
    [
      [0, 0.078264201576, 0.078341240524, 0.059624449137, 0.17882938869, 0.079814492652, 0.13095326718, 0.2477422114],
      [0.43925638629, 0.0091779949146, 0.028986666771, 0.17068812136, 0.048121675559, 0.14712255291, 0.10593773953, 0.087931793227]
    ],
    [
      [0, 0.058609430782, 0.094125123458, 0.089933709732, 0.10408745141, 0.09603253923, 0.07147449293, 0.38517837659],
      [0.11702078627, 0.037731088476, 0.23224694419, 0.0820221425, 0.14369698217, 0.26898251088, 0.033387488106, 0.02972536355]
    ],
    [
      [0.051244583809, 0.22604363181, 0.07790245437, 0.14727713148, 0.36453002449, 0.039439209443, 0.036063943532, 0.086976806965],
      [0.13739614894, 0.056341596729, 0.14447147794, 0.097956806431, 0.075131184705, 0.38692368762, 0.0085915599397, 0.025028078483]
    ]
  ],
  "prob": [
    [0.24661394013, 0.29408041004, 0.10484572161, 0.088516225774, 0.035172289316, 0.05632058875, 0.12612316654, 0.04832765784],
    [0.14913634161, 0.41908480982, 0.12686218136, 0.10780090005, 0.0090894591999, 0.082114118073, 0.068520246362, 0.037391943518]
  ],
  "iterations": 17,
  "logLik": -193.4744196109,
  "time": 7.3e-05,
  "message": "Converged",
  "status": 0,
  "maxiter": 3600,
  "param_threshold": 0.0001,
  "ll_threshold": "-Inf",
  "initial_prob": "group_proportional",
  "ballotbox_id": ["1M", "2M", "3M", "4M", "5M", "1V", "2V", "3V", "4V", "5V", "6V"],
  "candidates_id": ["C1", "C2", "C3", "C4", "C5", "C6", "C7", "C8"],
  "group_id": ["M", "F"]
}
