{
  "X": [
    [24, 38, 45, 11, 1, 13, 34, 5],
    [29, 41, 30, 13, 0, 14, 18, 4],
    [26, 42, 26, 13, 2, 14, 20, 7],
    [15, 26, 22, 7, 0, 5, 18, 4],
    [34, 58, 31, 18, 2, 16, 33, 2],
    [13, 39, 22, 10, 0, 5, 15, 5]
  ],
  "W": [
    [31, 140],
    [131, 18],
    [15, 135],
    [85, 12],
    [44, 150],
    [90, 19]
  ],
  "method": "mult",
  "cond_prob": [
    [
      [0.13953965481, 0.16747528875, 0, 0.18349265799, 0.1543357738, 0.18023210377, 1.7234430222e-07, 0.20312268203],
      [0.067077695251, 0.27971763643, 0.027618563987, 0.070633745422, 0.072539644801, 0.33592936397, 0.01264159126, 0.043000576064]
    ],
    [
      [0.14052523696, 0.20574954529, 0, 0.17219271068, 0.1567649413, 0.22358726847, 0.013331640555, 0.19550564937],
      [0.063718766868, 0.24199845245, 0.021217578908, 0.095874793215, 0.069483449735, 0.28819868914, 0.0096304824619, 0.05994884884]
    ],
    [
      [0.25082617668, 0.036239285884, 0.090151731372, 0.089904292002, 0.27248035291, 0.042439956439, 0.065365628116, 0.091980829517],
      [9.2032045214e-08, 0.20297167045, 0.17060923561, 0.10952391834, 0, 0.16957422586, 0.11837795862, 0.13148879187]
    ],
    [
      [0.21590975192, 0.027697118433, 0.12176161745, 0.086302271472, 0.23643170285, 0.03268791078, 0.087460656152, 0.090565382802],
      [0.0071472349485, 0.18944314664, 0.17363348198, 0.13599681754, 0, 0.15693891924, 0.12359013027, 0.16761618933]
    ],
    [
      [0.27948890052, 0.19434125445, 0.11747313385, 1.8898328641e-07, 0.22859188285, 0.17476784735, 0.14494398607, 0],
      [0.059352906065, 0.087726009469, 0.31713982425, 0.058696137406, 0.049380285428, 0.096777185031, 0.36447583047, 0.047553331437]
    ],
    [
      [0.25954768036, 0.19671340083, 0.14511057134, 0.014835718666, 0.21403876262, 0.17539246474, 0.17743078564, 0],
      [0.079704665217, 0.08375523237, 0.27584190699, 0.045322299461, 0.067005964249, 0.091616362069, 0.32511755333, 0.037656246051]
    ]
  ],
  "prob": [
    [0.16112604671, 0.30282895446, 0.2100465959, 0.084905102978, 3.3512353524e-08, 0.064779764706, 0.14079502206, 0.035518479667],
    [0.16285475936, 0.26174306366, 0.19581556584, 0.080962080535, 0.010555234169, 0.087248222469, 0.17354191911, 0.027279154856]
  ],
  "iterations": 7,
  "logLik": -94.3018771847,
  "time": 2.2e-05,
  "message": "Converged",
  "status": 0,
  "maxiter": 3600,
  "param_threshold": 0.0001,
  "ll_threshold": "-Inf",
  "initial_prob": "group_proportional",
  "ballotbox_id": ["1M", "1V-4V", "2M", "2V", "3M-5", "3V"],
  "candidates_id": ["C1", "C2", "C3", "C4", "C5", "C6", "C7", "C8"],
  "group_id": ["M", "F"]
}
