{
  "X": [
    [10, 64, 23, 17, 1, 5, 16, 4],
    [16, 58, 15, 15, 1, 4, 9, 3],
    [13, 44, 19, 14, 2, 5, 9, 6],
    [23, 46, 32, 7, 1, 8, 15, 3],
    [23, 64, 18, 9, 1, 4, 9, 2],
    [17, 47, 26, 20, 1, 4, 11, 0],
    [13, 63, 24, 9, 1, 2, 12, 2],
    [20, 59, 24, 13, 1, 3, 9, 3],
    [22, 61, 26, 12, 0, 7, 17, 1],
    [24, 78, 11, 13, 1, 7, 12, 0],
    [11, 37, 16, 14, 0, 8, 6, 1],
    [18, 39, 12, 14, 1, 3, 11, 1],
    [10, 63, 29, 14, 0, 4, 6, 1],
    [6, 56, 33, 21, 1, 5, 6, 1],
    [15, 70, 27, 21, 0, 7, 7, 1],
    [12, 72, 27, 16, 0, 4, 14, 2],
    [9, 76, 20, 21, 0, 7, 8, 0],
    [16, 61, 23, 15, 0, 7, 17, 1],
    [13, 72, 25, 17, 1, 6, 11, 4],
    [16, 60, 30, 21, 1, 4, 12, 3],
    [14, 70, 27, 16, 1, 5, 12, 4],
    [12, 57, 17, 14, 1, 1, 8, 0],
    [13, 70, 28, 20, 0, 2, 17, 2],
    [14, 72, 23, 22, 2, 6, 10, 1],
    [16, 51, 24, 17, 0, 3, 13, 2],
    [21, 61, 22, 25, 0, 9, 9, 3],
    [18, 48, 35, 12, 0, 10, 9, 1],
    [20, 72, 36, 27, 0, 8, 9, 2],
    [21, 67, 34, 21, 0, 6, 16, 0],
    [21, 46, 22, 19, 2, 4, 4, 1],
    [13, 60, 17, 15, 0, 4, 9, 0],
    [11, 39, 27, 16, 2, 6, 6, 4],
    [7, 61, 17, 8, 0, 8, 13, 2],
    [13, 61, 22, 11, 2, 4, 6, 1],
    [13, 56, 22, 24, 0, 7, 10, 0],
    [7, 57, 18, 17, 1, 11, 5, 2],
    [8, 68, 25, 22, 0, 1, 7, 1],
    [9, 61, 23, 19, 0, 5, 7, 1],
    [9, 64, 27, 21, 0, 5, 8, 0]
  ],
  "W": [
    [84, 57],
    [78, 43],
    [90, 22],
    [99, 37],
    [107, 23],
    [100, 26],
    [107, 18],
    [110, 22],
    [125, 21],
    [125, 21],
    [60, 33],
    [57, 41],
    [76, 51],
    [87, 44],
    [94, 54],
    [102, 45],
    [97, 45],
    [86, 55],
    [94, 55],
    [96, 51],
    [44, 105],
    [41, 70],
    [35, 117],
    [43, 108],
    [27, 98],
    [25, 125],
    [18, 115],
    [17, 157],
    [18, 148],
    [45, 74],
    [9, 109],
    [24, 86],
    [20, 96],
    [31, 89],
    [37, 95],
    [26, 92],
    [35, 98],
    [38, 87],
    [33, 101]
  ],
  "method": "mult",
  "cond_prob": [
    [
      [0.079816577194, 0.016616670964, 0.084660086706, 0.043865019869, 0.0091082196461, 0.096222843928, 0.16775513972, 0.44480257855],
      [0.17201200118, 0.20629746874, 0.47802323461, 0.09379099386, 0, 0.065107200914, 0.056793219869, 0]
    ],
    [
      [0.058979966839, 0.0094490936296, 0.067127484963, 0.053074746859, 0.0025375990738, 0.14579865466, 0.19539067141, 0.41644546734],
      [0.020746491234, 0.090869917136, 0.21787980413, 0.44066648145, 0.10678206909, 0.012344818979, 0.06468692484, 0.006531574148]
    ],
    [
      [0.46190291846, 0.14366887558, 0, 0.052217309256, 0.025124500288, 0, 0.12148044193, 0.15403971919],
      [0.0059324243988, 0.13720919567, 0.24349994303, 0.42785422496, 0.079109199597, 0.0067649909967, 0.051020557809, 0.0079379230877]
    ],
    [
      [0.44996723523, 0.10226592565, 0, 0.039021266325, 0.031093596619, 0, 0.18323325496, 0.17142078722],
      [0.042403563815, 0.0085907723162, 0.093233536533, 0.15499375721, 0.46886660082, 0.15286508275, 0.055000215122, 0.065104724424]
    ],
    [
      [0.15446527865, 0.37789740632, 0.13243552954, 0.0081982716212, 0.088960511866, 0.019597965021, 0.0302543727, 0.13776024396],
      [0.05394406113, 0.002456682532, 0.13494893393, 0.17886371608, 0.45797403174, 0.11088502308, 0.030659410795, 0.048846876507]
    ],
    [
      [0.17884733862, 0.35465165421, 0.093497260602, 0.0043380867403, 0.067995296195, 0.024991231973, 0.0086037403707, 0.19847269696],
      [0.083854317758, 0.021759293831, 0, 0.089882794871, 0.16396056011, 0.43082063764, 0.075931737108, 0.011634722196]
    ],
    [
      [0.10113544948, 0.2014191532, 0.40793951159, 0.089115228345, 0.024314064886, 0.12375588723, 0.028813195592, 0],
      [0.065815989621, 0.027638572598, 0, 0.13431166066, 0.19032460991, 0.41195804032, 0.05702287209, 0.0061745345994]
    ],
    [
      [0.15162740422, 0.2247127636, 0.38002733686, 0.064823703071, 0.013159352359, 0.097402595681, 0.036569113337, 0],
      [0.058639548921, 0.070694437703, 0.028924968791, 0, 0.094958248405, 0.18422929284, 0.52985678658, 0.090213145431]
    ],
    [
      [0.010051179135, 0.14511077236, 0.16553689398, 0.49605359042, 0.11365382512, 0.024296147305, 0.038818760618, 0.045941466631],
      [0.032579423744, 0.0554375234, 0.035225244501, 0, 0.14266582776, 0.20932101836, 0.52497877886, 0.064276585153]
    ],
    [
      [0.0028525959221, 0.20972849712, 0.18340860383, 0.47563173897, 0.085499614066, 0.013521156366, 0.030403446914, 0.055704727984],
      [0.181967505, 0.024527864422, 0.052574834489, 0.045449750297, 0, 0.10892015033, 0.12781534252, 0.5095196365]
    ],
    [
      [0.03231294746, 0.0093828978557, 0.12998523521, 0.17610107901, 0.47245628391, 0.17948838783, 0.011612886736, 0.092682925415],
      [0.13824571956, 0.013620629404, 0.03952222432, 0.057149144638, 0, 0.16013271041, 0.15054857965, 0.47881362677]
    ],
    [
      [0.040765891898, 0.0025667348187, 0.18668333429, 0.20068229767, 0.46859904009, 0.13208105482, 0.0064333516991, 0.069376395654],
      [0.34057659735, 0.15644328597, 0.0097382260213, 0.13299641093, 0.010935525525, 0, 0.048141828225, 0.17002235422]
    ],
    [
      [0.12543872382, 0.030362273846, 0, 0.094961609812, 0.16106561064, 0.4169636271, 0.14496731291, 0],
      [0.34110318908, 0.1160437788, 0.0051815313611, 0.10326772371, 0.01382972339, 0, 0.073421359528, 0.18992592939]
    ],
    [
      [0.097723275633, 0.036913576354, 0, 0.14012907888, 0.1898538826, 0.40457384967, 0.10727312975, 0],
      [0.22563469396, 0.41912624612, 0.052186702446, 0.0086633570483, 0.13444442018, 0.037848703303, 0, 0.11575674689]
    ],
    [
      [0.034876925799, 0.092158620835, 0.079987723291, 0, 0.07852377984, 0.13007637703, 0.51981483079, 0.075934898082],
      [0.26861245797, 0.40976697301, 0.035968985085, 0.0047625360868, 0.10501430197, 0.046847547774, 0, 0.16742566795]
    ],
    [
      [0.019236291643, 0.069160848254, 0.096597599046, 0, 0.11980730833, 0.14999109221, 0.5075162024, 0.054710011066],
      [0.045348889993, 0.17406228021, 0.44838607395, 0.096726326702, 0.020052575874, 0.06567979631, 0.055908120131, 0]
    ],
    [
      [0.14516370302, 0, 0.071120862126, 0.025327079213, 0.013401369167, 0.1182038347, 0.12546380419, 0.50247588381],
      [0.069920679545, 0.20226214909, 0.40745757344, 0.071037034491, 0.011082305633, 0.050230136533, 0.07175468351, 0]
    ],
    [
      [0.10836033969, 0, 0.0529442919, 0.031448464575, 0.0038623313223, 0.17640846324, 0.14561754561, 0.47759316418],
      [0.0091287359349, 0.076687366604, 0.24882165154, 0.48894045024, 0.1147432327, 0.019636336829, 0.13527116936, 0.034709427228]
    ],
    [
      [0.48193570989, 0.10703069941, 0.012994244263, 0.10260363737, 0.027992425633, 0, 0.086837456222, 0.1384560977],
      [0.0026652990792, 0.11541331337, 0.2687728606, 0.47332751477, 0.084751471206, 0.010625523529, 0.10712002451, 0.042247304477]
    ],
    [
      [0.47439600247, 0.079866710001, 0.0068415734751, 0.078683903625, 0.035948856645, 0, 0.13048467078, 0.15644353243],
      [0.05493199765, 0, 0.14288446481, 0.15895309411, 0.48909860551, 0.16575529425, 0.02707501607, 0.067849063497]
    ],
    [
      [0.11696623241, 0.50113090906, 0.20214077696, 0.015837775838, 0.094158225721, 0.04944631097, 0, 0.1057595316],
      [0.071258838665, 0, 0.199895221, 0.18288120957, 0.47628626564, 0.12255915766, 0.015153701852, 0.050972089223]
    ],
    [
      [0.13687577399, 0.49301324251, 0.15270604897, 0.0086008132094, 0.074681333768, 0.062117984334, 0, 0.15473053774],
      [0.11730123935, 0.046194467874, 0.010450786006, 0.096660643284, 0.13784786637, 0.41538315855, 0.13177568351, 0.011929626228]
    ],
    [
      [0.10497706234, 0.18599976358, 0.39440240533, 0.070713920865, 0.038748479968, 0.073770583837, 0.027243895797, 0.019659093505],
      [0.093952905231, 0.058490651408, 0.0027666762543, 0.14399360175, 0.1595296831, 0.40490586311, 0.099893216676, 0.0063387970348]
    ],
    [
