{
  "X": [
    [23, 41, 33, 20, 1, 9, 49, 1],
    [22, 36, 25, 15, 0, 16, 28, 2]
  ],
  "W": [
    [80, 97],
    [56, 88]
  ],
  "method": "mult",
  "cond_prob": [
    [
      [0.0010178647672, 0.23079743236, 0.011839739683, 0.57914135595, 0.0012265581869, 0.25513568741, 0, 0.54252424677],
      [0.0053584341929, 0.17184036981, 4.5423928055e-06, 2.6084774471e-07, 0.0059374302834, 0.19516525605, 1.016463891e-05, 6.5666640139e-07]
    ],
    [
      [0.2483666279, 0.14443112825, 2.9176783029e-09, 0.00090024282298, 0.23787376507, 0.12664885956, 0, 0.00066593997498],
      [0.43942162054, 0.058484838583, 0.097555779475, 0.010839759505, 0.38698834831, 0.052628214278, 0.17350623977, 0.021688633042]
    ]
  ],
  "prob": [
    [0.0011037973518, 0.0055968443478, 0.24081906679, 0.18144473473, 0.0069645527544, 6.8574353191e-06, 0.56406372275, 4.2383189746e-07],
    [0.24337542828, 0.41448038834, 0.13597253558, 0.05569898486, 1.5298097048e-09, 0.13368356599, 0.00078879065744, 0.016000304755]
  ],
  "iterations": 522,
  "logLik": -29.0672253408,
  "time": 0.000529,
  "message": "Converged",
  "status": 0,
  "maxiter": 3600,
  "param_threshold": 0.0001,
  "ll_threshold": "-Inf",
  "initial_prob": "group_proportional",
  "ballotbox_id": ["1", "2"],
  "candidates_id": ["C1", "C2", "C3", "C4", "C5", "C6", "C7", "C8"],
  "group_id": ["M", "F"]
}
