{
  "X": [
    [26, 47, 28, 37, 1, 11, 8, 2],
    [31, 28, 46, 25, 0, 10, 15, 2],
    [29, 37, 36, 34, 1, 20, 7, 0],
    [20, 17, 23, 18, 3, 14, 15, 0],
    [29, 25, 24, 23, 1, 9, 3, 2],
    [20, 20, 26, 26, 1, 7, 7, 2],
    [15, 37, 25, 14, 1, 4, 10, 1],
    [20, 31, 25, 23, 2, 6, 5, 0],
    [16, 26, 25, 25, 2, 5, 14, 3],
    [23, 37, 22, 27, 1, 8, 16, 0],
    [19, 41, 35, 23, 0, 9, 11, 3],
    [36, 34, 26, 20, 0, 4, 18, 4],
    [33, 27, 39, 17, 0, 13, 15, 3],
    [37, 32, 32, 11, 2, 7, 10, 0],
    [35, 22, 27, 16, 0, 4, 17, 1],
    [25, 29, 31, 19, 2, 11, 18, 1],
    [30, 36, 24, 13, 4, 5, 15, 1],
    [35, 37, 33, 15, 2, 14, 14, 2],
    [27, 30, 11, 9, 3, 4, 15, 4],
    [18, 24, 31, 22, 1, 5, 11, 4],
    [25, 38, 43, 19, 1, 7, 8, 5],
    [25, 25, 45, 24, 1, 2, 13, 2],
    [30, 30, 32, 20, 1, 10, 11, 6],
    [22, 26, 40, 19, 1, 11, 11, 3],
    [29, 30, 32, 14, 2, 7, 15, 1],
    [22, 18, 29, 14, 2, 10, 15, 2],
    [24, 23, 32, 15, 1, 9, 10, 1],
    [31, 23, 20, 13, 2, 6, 8, 3]
  ],
  "W": [
    [29, 132],
    [31, 126],
    [22, 142],
    [35, 75],
    [19, 97],
    [37, 72],
    [41, 65],
    [33, 78],
    [53, 63],
    [53, 81],
    [48, 93],
    [62, 80],
    [40, 107],
    [109, 22],
    [84, 39],
    [110, 26],
    [106, 22],
    [140, 12],
    [63, 40],
    [81, 35],
    [90, 56],
    [78, 59],
    [89, 51],
    [78, 55],
    [67, 64],
    [81, 31],
    [85, 30],
    [71, 35]
  ],
  "method": "mult",
  "cond_prob": [
    [
      [0.21752901795, 0.058465449421, 0.22577100826, 0, 0.30987809286, 0.01409092371, 0.20727414213, 0.024615508429],
      [0.15422590085, 0.25798803811, 0.16712704976, 0.2650684663, 0.14751434557, 0.27809457782, 0.096403913316, 0.28559139908]
    ],
    [
      [0.15104201332, 0.012127873125, 0.15929915977, 0, 0.2353981809, 0.0026972845302, 0.15004917015, 0.0051829969583],
      [0.080558182797, 0.228885076, 0.082357607788, 0.26531886922, 0.070932615876, 0.24335099676, 0.047845742953, 0.25785595116]
    ],
    [
      [0.29280659018, 0.093592381294, 0.27262089102, 0.04986169328, 0.174931969, 0.089173133069, 0.17880190259, 0.042736629648],
      [0.021254130324, 0.12869279858, 0.036474554759, 0.054775840376, 0.008237536731, 0.13631450232, 0.053158902755, 0.096576480186]
    ],
    [
      [0.29388002071, 0.14381471565, 0.27832474514, 0.070872432666, 0.19215624151, 0.12508033383, 0.18712702542, 0.066230841693],
      [0.010565958385, 0.29228646274, 0.017107182085, 0.14005958749, 0.0037706783139, 0.30590150941, 0.025114043746, 0.22371331008]
    ],
    [
      [0.19330006318, 0.19938638427, 0.24012984142, 0.11806809485, 0.22338736254, 0.096152910712, 0.33967215591, 0.14801659434],
      [0.24097518155, 0.02036768696, 0.20799134163, 0, 0.24444693488, 0.011628907042, 0.18773693852, 0.011115795912]
    ],
    [
      [0.17115588926, 0.10541074574, 0.2162001361, 0.057871662659, 0.21642670125, 0.046577008444, 0.31357144904, 0.079093178793],
      [0.16740841882, 0.0037950689115, 0.14843959528, 0, 0.18428548551, 0.0021512274503, 0.13443473515, 0.0021223306506]
    ],
    [
      [0.11319354711, 0, 0.10663908488, 0.032988501919, 0.090002134227, 0.013763586777, 0.11020991755, 0.010025237341],
      [0.22476172904, 0.051148927954, 0.2707273026, 0.06332579131, 0.27699708523, 0.038682147624, 0.19256945561, 0.070607760805]
    ],
    [
      [0.25585183255, 0, 0.24570916144, 0.015389757319, 0.22347390077, 0.0063470373014, 0.26033968549, 0.0050990124188],
      [0.22569926602, 0.070570078233, 0.27937667116, 0.098469413191, 0.30190322643, 0.052649966702, 0.1993677048, 0.099167900517]
    ],
    [
      [0.019252129886, 0.32339131725, 0.042408127541, 0.28749365048, 0, 0.27901020339, 0.01124254157, 0.21153331571],
      [0.24373525489, 0.0993518028, 0.17363748983, 0.15267339413, 0.18868056984, 0.11396238243, 0.31200542943, 0.10091854594]
    ],
    [
      [0.0035835248063, 0.23567678248, 0.0080115171675, 0.22531791795, 0, 0.23180413421, 0.0021942770495, 0.15643913228],
      [0.21592496022, 0.047161055458, 0.15805354542, 0.081875167232, 0.18138628565, 0.053448938714, 0.28492447276, 0.048839843605]
    ],
    [
      [0.052454470779, 0.20607384474, 0.041706558401, 0.2231209136, 0.028340247085, 0.27142242383, 0.01227992406, 0.15762792549],
      [0.098750655963, 0.029084801533, 0.11132115953, 0.031406734699, 0.081584027625, 0.041802189506, 0.091618725544, 0.010166048233]
    ],
    [
      [0.072130770209, 0.21729390846, 0.058388991196, 0.25280174797, 0.042696699654, 0.32627793119, 0.017619336657, 0.16860986827],
      [0.22327826104, 0.013138898575, 0.25910706551, 0.01603008445, 0.20118493444, 0.018661869474, 0.21415491876, 0.0046831598387]
    ],
    [
      [0.088554150215, 0.21972895102, 0.07072448847, 0.18309295599, 0.16373941312, 0.1044914805, 0.1215645275, 0.26292136871],
      [0.021119603377, 0.16578539149, 0.014799148422, 0.29475299909, 0.03610410471, 0.1920023823, 0.011391150875, 0.31761240977]
    ],
    [
      [0.042011693915, 0.20433835156, 0.034066289182, 0.1829941943, 0.0850424581, 0.11076504872, 0.060168781819, 0.2480269648],
      [0.0039273565911, 0.12371269851, 0.0028404253429, 0.2201666857, 0.00735067665, 0.13838187509, 0.0021991583951, 0.23968905142]
    ],
    [
      [0.022910030698, 0.092100381156, 0, 0.076154481952, 0.0097207811615, 0.054097993301, 0.018954888694, 0.090003398786],
      [0.091848945409, 0.32964053715, 0.04762637254, 0.24104641316, 0.036061381653, 0.2560548149, 0.070326328734, 0.21062886311]
    ],
    [
      [0.010344255231, 0.21900936032, 0, 0.19459164611, 0.0048058178147, 0.14712237539, 0.008930274369, 0.21785539359],
      [0.12635852967, 0.35595153896, 0.067372662409, 0.26028703616, 0.05391057879, 0.26674642019, 0.099828281188, 0.22995694959]
    ],
    [
      [0.24298561525, 0.026660859335, 0.1626922614, 0, 0.19526327513, 0.040492575325, 0.23820463691, 0.022935352014],
      [0.078808629774, 0.24055366244, 0.17389718544, 0.24616608144, 0.12758142238, 0.30399053616, 0.10527290178, 0.19090010533]
    ],
    [
      [0.18576290097, 0.0051787385964, 0.11735059307, 0, 0.13726536469, 0.0090547427383, 0.17287758164, 0.0045735879394],
      [0.037403207642, 0.22906373967, 0.084810034873, 0.23446315422, 0.065784797108, 0.27935901618, 0.051539408841, 0.18379345551]
    ],
    [
      [0.16454542213, 0.056502290976, 0.21882008274, 0.021623900967, 0.21249453555, 0.031486432123, 0.21042187371, 0.079100372878],
      [0, 0.069799503619, 0, 0.067868083643, 0.0085444736814, 0.085483806747, 0.029079069514, 0.083201064831]
    ],
    [
      [0.18184236083, 0.081680966077, 0.22831160411, 0.033582494594, 0.21592881358, 0.051934938099, 0.22075627935, 0.11608511923],
      [0, 0.17022727393, 0, 0.16578606665, 0.0041940154292, 0.20098112488, 0.013551320106, 0.20554982472]
    ],
    [
      [0.29890834542, 0.044677778897, 0.22523359409, 0.1700025031, 0.23264815677, 0.17246255082, 0.23491955763, 0.15504299413],
      [0.21411010058, 0.018316861716, 0.16591154521, 0.017603170764, 0.23586845181, 0.0099798274333, 0.248693144, 0.025481280067]
    ],
    [
      [0.2914132572, 0.022217319225, 0.20725889932, 0.091074269062, 0.20853180244, 0.097897849375, 0.21740138212, 0.078383437388],
      [0.16580341655, 0.00366603186, 0.11900580518, 0.0035514836278, 0.16697406859, 0.0019409050741, 0.19441429998, 0.0051803828213]
    ],
    [
      [0.072886919297, 0.030864576636, 0.1238175134, 0.038511593923, 0.11128402242, 0.046536340724, 0.095212706139, 0.020835272282],
      [0.14292469495, 0.028909690593, 0.2837179161, 0.049496039537, 0.24293920502, 0.041117253741, 0.2173018058, 0.048737183549]
    ],
    [
      [0.18142527381, 0.014604573286, 0.29171464012, 0.019637730025, 0.25568313629, 0.025142980273, 0.22551846168, 0.010026496491],
      [0.16014607476, 0.042817839751, 0.29423054338, 0.073305292299, 0.24851961857, 0.058718667182, 0.24562544053, 0.073009509377]
    ],
    [
      [0, 0.23070521431, 0.030964544202, 0.26523237424, 0.017526290675, 0.17220480696, 0.010149535997, 0.22635679792],
