{
  "X": [
    [19, 61, 52, 17, 0, 11, 11, 7],
    [16, 49, 25, 17, 1, 2, 17, 7],
    [26, 71, 32, 12, 0, 1, 17, 4],
    [16, 46, 19, 11, 4, 7, 22, 6],
    [22, 59, 35, 11, 1, 6, 17, 3],
    [10, 63, 30, 16, 3, 4, 18, 5]
  ],
  "W": [
    [91, 87],
    [62, 72],
    [80, 83],
    [62, 69],
    [71, 83],
    [75, 74]
  ],
  "method": "mult",
  "cond_prob": [
    [
      [0.010716137028, 0.0059290635729, 0.014656907282, 0.24123958344, 0.012418502258, 0.016312903241, 0.012364027223, 0.23168151936],
      [0.048093729236, 0.57058727124, 0.072903058199, 0.0073703270451, 0.044203009219, 0.57908099171, 0.026325999025, 0.030220358551]
    ],
    [
      [0.21568465608, 0.12518641386, 0.0016463916772, 0.15386432278, 0.21308112532, 0.29363073944, 0.0014787710097, 0.16706174149],
      [0.1489046761, 0.19847855825, 0.035278008923, 0.0049641726061, 0.11654376761, 0.21433017057, 0.013551029324, 0.023012713981]
    ],
    [
      [0.47814244734, 0.049774155834, 0.018337637265, 0.038327799105, 0.55140080075, 0.064525490411, 0.046337573918, 0.05324032217],
      [0, 0.23482090448, 0.016273145353, 0.010166559256, 0.059896308197, 0.27692357023, 0.0065867249505, 0.011329656533]
    ],
    [
      [0.18990107566, 0.027482011115, 0.012092365059, 0.10635896737, 0.18577702668, 0.030243235322, 0.032494076058, 0.16717476496],
      [0, 0.14662207512, 0.29360319526, 0.19242154996, 0.0065168168268, 0.18388584791, 0.13456068872, 0.24280592942]
    ],
    [
      [0.33747438883, 0.011731964953, 0.011907541404, 0, 0.18475940671, 0.013556466848, 0.010006709548, 0.034381743952],
      [0.06987007816, 0.065054715173, 0.65342095973, 0.033201626069, 0.066483579217, 0.035404661495, 0.59016894657, 0.042390727919]
    ],
    [
      [0.24030384461, 0.20770375434, 0.22115084238, 0, 0.11174213881, 0.25470650869, 0.19723055323, 0.0044673606973],
      [0.052537322577, 0.17702800425, 0.23237029221, 0.016417499817, 0.042465149979, 0.10232304321, 0.23722141899, 0.023695381748]
    ]
  ],
  "prob": [
    [0.0118613664, 0.56853814366, 0.25637415599, 0.046992034762, 0.018319220156, 0.040279395323, 0.010573101387, 0.047062582324],
    [0.22198510562, 0.20995937614, 0.17001979595, 0.13554227046, 0.0021827419812, 0.028169803784, 0.20808410902, 0.02405679704]
  ],
  "iterations": 330,
  "logLik": -107.8716189359,
  "time": 0.000897,
  "message": "Converged",
  "status": 0,
  "maxiter": 3600,
  "param_threshold": 0.0001,
  "ll_threshold": "-Inf",
  "initial_prob": "group_proportional",
  "ballotbox_id": ["1", "2", "3", "4", "5", "6"],
  "candidates_id": ["C1", "C2", "C3", "C4", "C5", "C6", "C7", "C8"],
  "group_id": ["M", "F"]
}
