{
  "X": [
    [31, 78, 29, 23, 1, 6, 11, 3],
    [12, 63, 15, 20, 1, 2, 5, 2],
    [15, 61, 16, 17, 0, 5, 2, 1],
    [21, 64, 12, 17, 0, 5, 7, 4],
    [14, 43, 14, 21, 1, 1, 8, 1]
  ],
  "W": [
    [36, 146],
    [86, 34],
    [31, 86],
    [92, 38],
    [60, 43]
  ],
  "method": "mult",
  "cond_prob": [
    [
      [0.125152164, 0.015966257996, 0.096929727877, 0.020124080882, 0, 0.51680303643, 0.058221017382, 0.23278898404],
      [0.17682830016, 0.012580500646, 0.0052326172967, 0.49954777385, 0.015791880894, 0.098046846463, 0.167635156, 0.01471908782]
    ],
    [
      [0.18142853712, 0.037155808749, 0.19692059389, 0.0078906776843, 0, 0.43372014939, 0.043421202959, 0.16297086663],
      [0.1683672717, 0.088351927037, 0.012056793858, 0.078128222381, 0.015509102516, 0, 0.44178448262, 0.085840031778]
    ],
    [
      [0.4860268091, 0.075024847279, 0.1822334936, 0.095652860062, 0.021459416139, 0.071640083776, 0.03768655517, 0.011935557096],
      [0.11605368529, 0.12970384541, 0.028499802954, 0.15806335249, 0.0060452854492, 0, 0.38279587513, 0.066079301929]
    ],
    [
      [0.41439192821, 0.056850366546, 0.12693564154, 0.13999901705, 0.050477572721, 0.14164344336, 0.01439533697, 0.0065683455351],
      [0.0086913377619, 0.54614870178, 0.044603463215, 0.18733297192, 0.14332262358, 0.027802502735, 0.094976955946, 0.012980896219]
    ],
    [
      [0.088316361582, 0.032454950575, 0.009551811755, 0.58123530775, 0.020682119229, 0.14452418093, 0.1135030522, 0.0061900400969],
      [0.0047108732742, 0.47066026093, 0.034156560297, 0.13007511754, 0.20482335021, 0.063949670651, 0.19412189219, 0.0051094747702]
    ]
  ],
  "prob": [
    [0.1149667108, 0.51323605354, 0.085989592041, 0.17968586245, 0.0060671390036, 0.017069324975, 0.057982536198, 0.025002780995],
    [0.16694527852, 0.439211433, 0.17243623211, 0.1244369954, 0.0033087473894, 0.039763172602, 0.044123902069, 0.0097742389168]
  ],
  "iterations": 21,
  "logLik": -70.2384434651,
  "time": 5.7e-05,
  "message": "Converged",
  "status": 0,
  "maxiter": 3600,
  "param_threshold": 0.0001,
  "ll_threshold": "-Inf",
  "initial_prob": "group_proportional",
  "ballotbox_id": ["1M", "1V", "2M", "2V", "3V"],
  "candidates_id": ["C1", "C2", "C3", "C4", "C5", "C6", "C7", "C8"],
  "group_id": ["M", "F"]
}
