{
  "X": [
    [31, 30, 19, 4, 5, 16, 41, 2],
    [28, 24, 24, 6, 5, 16, 43, 5],
    [23, 40, 29, 17, 1, 10, 39, 1],
    [22, 37, 26, 6, 2, 10, 46, 3],
    [37, 35, 23, 16, 3, 13, 45, 1],
    [17, 21, 17, 2, 2, 6, 25, 3]
  ],
  "W": [
    [78, 70],
    [73, 78],
    [72, 88],
    [82, 70],
    [71, 101],
    [48, 45]
  ],
  "method": "mult",
  "cond_prob": [
    [
      [0.058070796428, 0.35456626916, 0.060210076423, 0.18744031623, 0.03971223535, 0.37320419101, 0.039219378844, 0.1762321636],
      [8.9456219804e-07, 0.19510942516, 0.066179943793, 0.074902929488, 1.3028025771e-06, 0.28216640719, 0.014797139486, 0.070772701304]
    ],
    [
      [0.37951387506, 0.18993085284, 0.006116061684, 0.17605954928, 0.277279704, 0.21362959959, 0.0033943320945, 0.18943722405],
      [0.057541773744, 0.12227267124, 0.00026851075804, 0.052814191261, 0.089538363068, 0.15070590242, 5.1131828652e-05, 0.057036887764]
    ],
    [
      [0.25187806556, 0.025648808361, 0.11731164321, 3.1322667252e-06, 0.29172460749, 0.035515328569, 0.092883782328, 6.6886416205e-07],
      [0.059193635347, 0.15330452072, 0.036928854311, 0.33849192647, 0.021940091798, 0.14028896657, 0.047974070699, 0.33466174373]
    ],
    [
      [0.14734958998, 9.7226730095e-05, 0.094262072727, 0.18882485402, 0.18236405921, 0.00014393430983, 0.063600588779, 0.046657662198],
      [0.0056160161801, 0.16410981189, 0.2264482629, 0.17045658106, 0.0022251606891, 0.12795065608, 0.33927563809, 0.19237133055]
    ],
    [
      [0.12822575551, 0.046547474583, 0.36133575318, 0.012921835214, 0.16584383747, 0.05336375314, 0.3772779658, 0.037132458763],
      [0.12241577507, 1.1629374776e-06, 0.33492421941, 0.014386786601, 0.07205840551, 2.6066482364e-06, 0.27264433582, 0.060581857222]
    ],
    [
      [0.1281321532, 0.32560858301, 0.2073455915, 0.0011517039313, 0.17706806032, 0.31742579187, 0.18451446484, 0.0037643318618],
      [0.091818512264, 0.080016697185, 0.18419364975, 5.1207801503e-05, 0.057751118825, 0.15235713209, 0.17121187804, 0.00024504744188]
    ]
  ],
  "prob": [
    [0.047014977456, 0.27133533441, 0.15732876619, 1.6608509609e-06, 0.038464228107, 0.09293825187, 0.35815646372, 0.034760317399],
    [0.30669884035, 0.15874357441, 0.15731307955, 0.11203797401, 0.0036272292334, 0.069602398443, 0.19184742868, 0.00012947532751]
  ],
  "iterations": 178,
  "logLik": -101.0999737211,
  "time": 0.00048,
  "message": "Converged",
  "status": 0,
  "maxiter": 3600,
  "param_threshold": 0.0001,
  "ll_threshold": "-Inf",
  "initial_prob": "group_proportional",
  "ballotbox_id": ["1", "2", "3", "4", "5", "6"],
  "candidates_id": ["C1", "C2", "C3", "C4", "C5", "C6", "C7", "C8"],
  "group_id": ["M", "F"]
}
