{
  "X": [
    [33, 56, 28, 25, 0, 26, 35, 6],
    [34, 45, 22, 22, 4, 14, 26, 5],
    [30, 59, 26, 32, 1, 9, 26, 1],
    [41, 51, 23, 23, 0, 14, 31, 1],
    [30, 35, 7, 13, 1, 13, 27, 0],
    [27, 35, 13, 17, 2, 9, 41, 1],
    [36, 28, 6, 11, 2, 11, 55, 2],
    [32, 49, 13, 23, 2, 10, 44, 2],
    [36, 116, 14, 39, 3, 13, 38, 1]
  ],
  "W": [
    [29, 180],
    [146, 26],
    [22, 162],
    [143, 39],
    [92, 34],
    [32, 112],
    [81, 69],
    [81, 93],
    [116, 144]
  ],
  "method": "mult",
  "cond_prob": [
    [
      [0.22779534903, 0.25738788355, 0.11462108422, 0.11791049309, 0.009895398928, 0.061336111333, 0.35298842782, 0.010807274852],
      [0, 0.079104151886, 0.14117458776, 0.0057733847409, 0.16777082384, 0.20367283464, 0.083045010426, 0.16506767948]
    ],
    [
      [0.14678198442, 0.2850596117, 0.14486923716, 0.15054119181, 0.0025498535596, 0.062276143529, 0.37818067382, 0.011971252172],
      [0.12786790001, 0.15127130026, 0.0050597653274, 0.26122442677, 0.21439373804, 0.034187913386, 0.112891195, 0.020040676238]
    ],
    [
      [0.24489490086, 0.12288773475, 0.13947602019, 0, 0.1030895356, 0.27328992762, 0.012312260174, 0.1742805754],
      [0.1238452964, 0.15051171217, 0.0054846510626, 0.1741636671, 0.24933597796, 0.046654831224, 0.14767399988, 0.0049145874542]
    ],
    [
      [0.27160542989, 0.15572921493, 0.17851457815, 0, 0.10337508813, 0.28551738378, 0.014405815089, 0.11045520725],
      [0.16796011194, 0.028688986992, 0.24174306681, 0.26721002031, 0.071427375711, 0.062265861956, 0.019021513897, 0.051381382898]
    ],
    [
      [0.10876756969, 0.12259900534, 0.016236257068, 0.076714168401, 0.21247103183, 0.0062193553164, 0.22396696952, 0.42469751098],
      [0.16737887692, 0.031171998585, 0.15479249532, 0.30697377588, 0.095045669442, 0.086049601859, 0.0048199355765, 0.048913471225]
    ],
    [
      [0.13798496625, 0.15733464799, 0.0040070624934, 0.073810998788, 0.21923824562, 0.0070960657245, 0.14688513958, 0.46290919065],
      [0.026679413024, 0.23842099315, 0.27115726624, 0.051273804373, 0.09244699516, 0.019688872233, 0.05757142847, 0.1478484246]
    ],
    [
      [0.096034755442, 0.026283724018, 0.050478652392, 0.16883716698, 0, 0.27625109758, 0.26196003483, 0.047300110217],
      [0.029030329772, 0.15298078547, 0.29879111819, 0.067418023765, 0.12457510113, 0.0052669510168, 0.056756832937, 0.14481181977]
    ],
    [
      [0.12337311636, 0.0065475985595, 0.048700887808, 0.16714692592, 0, 0.19129357651, 0.29576850822, 0.058969301393],
      [0.20907741611, 0.2934930974, 0.11829737826, 0.094835782186, 0.032291907533, 0.071527899578, 0.2494923649, 0.0037018507696]
    ],
    [
      [0, 0.081803948977, 0.14221413024, 0.0053404602112, 0.24859458929, 0.17077766727, 0.064289218541, 0.1307494689],
      [0.13454106418, 0.32426821011, 0.14914388522, 0.12628134595, 0.0083828345913, 0.074475715833, 0.25307932121, 0.0039587427686]
    ]
  ],
  "prob": [
    [0.22866276628, 0.27718801478, 0.082210760423, 0.11004311517, 0.015631534804, 0.074927871848, 0.20009818451, 0.011237752187],
    [0.14926151453, 0.31090382905, 0.1054050733, 0.14292800627, 0.0039165639161, 0.073419633134, 0.20180012624, 0.012365253565]
  ],
  "iterations": 14,
  "logLik": -192.2013962432,
  "time": 5.5e-05,
  "message": "Converged",
  "status": 0,
  "maxiter": 3600,
  "param_threshold": 0.0001,
  "ll_threshold": "-Inf",
  "initial_prob": "group_proportional",
  "ballotbox_id": ["1M", "1V", "2M", "2V", "3M", "4", "5", "6", "7-8"],
  "candidates_id": ["C1", "C2", "C3", "C4", "C5", "C6", "C7", "C8"],
  "group_id": ["M", "F"]
}
