{
  "X": [
    [16, 29, 42, 13, 0, 8, 21, 2],
    [11, 19, 26, 9, 0, 5, 25, 3],
    [10, 16, 28, 8, 0, 3, 28, 10],
    [12, 14, 16, 5, 1, 10, 37, 5],
    [8, 8, 6, 3, 0, 2, 10, 0]
  ],
  "W": [
    [65, 66],
    [47, 51],
    [54, 50],
    [62, 41],
    [20, 17]
  ],
  "method": "mult",
  "cond_prob": [
    [
      [0.28063398945, 0.14152939522, 0.13241338657, 0.046563269203, 0, 0.039848662537, 0.47543363976, 0.0011204705188],
      [0.4228372681, 0.0070516971779, 0, 0.27548701246, 0.10234859798, 0.1514389832, 0.0034523798732, 6.160371508e-06]
    ],
    [
      [0.001809150213, 6.467184152e-06, 0.38414981355, 0.015995309089, 0, 0.34432933374, 0.15367130537, 0.19136546094],
      [0.0015695345478, 0.23536400884, 0.10797744171, 0.14058936109, 0.14152484144, 0.014950226422, 0.057092566792, 0.39039524269]
    ],
    [
      [0.068187066111, 0.29703286051, 0.0012343465323, 0.18717559327, 0.05659653057, 0.080686545965, 0.060413987905, 0],
      [0.17441844264, 0.0019111605842, 6.2140587127e-06, 0.41108563576, 0.049055812805, 1.9775526885e-10, 0.42989306032, 0.10482404151]
    ],
    [
      [0.33836342545, 0.055513549239, 0.17457600751, 0.0015363707826, 3.2927112986e-06, 0.32015376554, 0.028405073743, 0],
      [0, 0.051199785953, 0.4252477612, 0.0011251775178, 0.17839086992, 0.14949625321, 0.078891305092, 0]
    ],
    [
      [0.18510754691, 0.025939607253, 0, 0.043317312396, 0.42967118372, 0.00077981428135, 0.3774344286, 0.095065986304],
      [0, 0.32301281736, 0.10034867786, 0.16048327751, 0.0019897187268, 1.1819490071e-05, 0.27045889699, 0]
    ]
  ],
  "prob": [
    [0.23395049304, 0.051573195643, 0.13075660149, 0.0011756109452, 0.0037375566056, 0.11492197792, 0.40234199657, 0.06154256779],
    [0.0019287136384, 0.32891411154, 0.38123238937, 0.1684505272, 3.6035404546e-11, 6.6564983193e-06, 0.09769617309, 0.021771428627]
  ],
  "iterations": 333,
  "logLik": -74.675198526,
  "time": 0.000765,
  "message": "Converged",
  "status": 0,
  "maxiter": 3600,
  "param_threshold": 0.0001,
  "ll_threshold": "-Inf",
  "initial_prob": "group_proportional",
  "ballotbox_id": ["1", "2", "3", "4", "5"],
  "candidates_id": ["C1", "C2", "C3", "C4", "C5", "C6", "C7", "C8"],
  "group_id": ["M", "F"]
}
