{
  "X": [
    [10, 23, 2, 3, 0, 1, 9, 0],
    [12, 41, 5, 10, 1, 4, 21, 0],
    [11, 32, 9, 6, 0, 6, 15, 1],
    [22, 44, 10, 4, 5, 2, 21, 1],
    [33, 51, 11, 11, 2, 5, 16, 0],
    [37, 36, 17, 3, 2, 3, 16, 5],
    [18, 50, 23, 9, 0, 1, 4, 2],
    [12, 36, 15, 13, 1, 4, 10, 3],
    [13, 46, 22, 9, 0, 1, 10, 0],
    [18, 59, 9, 9, 1, 5, 19, 0],
    [29, 57, 20, 10, 0, 8, 16, 2],
    [5, 33, 16, 8, 3, 8, 12, 3],
    [10, 35, 14, 6, 0, 3, 4, 5],
    [14, 50, 11, 10, 1, 0, 9, 3],
    [11, 35, 12, 8, 0, 4, 4, 5],
    [10, 32, 23, 5, 0, 6, 8, 0],
    [10, 35, 23, 6, 2, 5, 7, 5],
    [9, 38, 8, 11, 3, 3, 14, 4],
    [8, 36, 13, 6, 1, 4, 3, 5],
    [15, 35, 17, 16, 1, 5, 2, 1],
    [14, 39, 17, 15, 2, 3, 12, 1],
    [17, 54, 10, 12, 1, 10, 6, 1],
    [24, 47, 21, 9, 0, 4, 9, 2]
  ],
  "W": [
    [44, 5],
    [56, 38],
    [32, 48],
    [56, 53],
    [68, 61],
    [57, 62],
    [76, 31],
    [76, 19],
    [71, 30],
    [87, 33],
    [111, 31],
    [12, 76],
    [68, 9],
    [6, 92],
    [64, 15],
    [9, 75],
    [72, 21],
    [18, 72],
    [63, 13],
    [13, 79],
    [8, 95],
    [7, 104],
    [16, 100]
  ],
  "method": "mult",
  "cond_prob": [
    [
      [0.20994546155, 0.017987497876, 0.13694881614, 0.008748289992, 0.010149677953, 0.092642136468, 0.087453022543, 0.4056644952],
      [0.13050159759, 0.085628528461, 0.35509937348, 0.18882086835, 0.034520799502, 0.094281969151, 0.070189299803, 0.0094422385552]
    ],
    [
      [0.19374216759, 0.0088495489192, 0.13201671944, 0.012643296909, 0.037828584979, 0.13860330376, 0.089233358228, 0.376396562],
      [0.0050276687492, 0.069879702656, 0.16026668276, 0.40577364887, 0.15181264983, 0, 0.040094199976, 0.064596157199]
    ],
    [
      [0.48063449739, 0.21310542947, 0.055806727694, 0.10145237404, 0.066927123866, 0, 0.088175451808, 0.16544303711],
      [0.018880897937, 0.10232436128, 0.15680340381, 0.38564172737, 0.1422462492, 0, 0.036453270114, 0.091785131299]
    ],
    [
      [0.46575283917, 0.18998560886, 0.028765384242, 0.093209284793, 0.094625298286, 0, 0.13077597494, 0.16501055449],
      [0.036352475558, 0.006713153389, 0.12722105777, 0.14018758531, 0.51819130948, 0.11051777335, 0.072214458823, 0.059384228369]
    ],
    [
      [0.041489261941, 0.41669723301, 0.17244640665, 0, 0.14944097114, 0.046609300992, 0.010262845131, 0.10295223161],
      [0.05156257159, 0.025311763093, 0.18106227359, 0.14318663317, 0.50964715053, 0.097410999498, 0.035066140044, 0.053699362781]
    ],
    [
      [0.043250222432, 0.38990183336, 0.1577013341, 0, 0.13432536913, 0.068045238068, 0.039172094167, 0.14916444547],
      [0.23274171312, 0.032202948154, 0.0068754429111, 0.063732916622, 0.10652951683, 0.38285350956, 0.1840593331, 0.01752373276]
    ],
    [
      [0.059418838408, 0.091468061339, 0.47271478565, 0.15447269684, 0.062220350295, 0.051337338011, 0.02455201703, 0.0055253928418],
      [0.20982130678, 0.046022389659, 0.025401513902, 0.094550193091, 0.11262899351, 0.35419406305, 0.15970430568, 0.0084485808346]
    ],
    [
      [0.090522205732, 0.091995469914, 0.45371851906, 0.13825770925, 0.029776851183, 0.047571870521, 0.035538719651, 0.020573582998],
      [0, 0.12958401766, 0.03939994889, 0, 0.067938624833, 0.24757380835, 0.41215229877, 0.22086016347]
    ],
    [
      [0, 0.029945603764, 0.21300670765, 0.50001498724, 0.13104200907, 0.069976406882, 0.16612429842, 0.021068543407],
      [0, 0.11787254586, 0.054721030863, 0, 0.10435752829, 0.24621938997, 0.37538340505, 0.20459501226]
    ],
    [
      [0, 0.043766852279, 0.21975871051, 0.46968387529, 0.1207584605, 0.034637750577, 0.15287860789, 0.02979314049],
      [0.1456168081, 0, 0.1090105176, 0.051345063744, 0.0027141298325, 0.058521345773, 0.18816201079, 0.41504529195]
    ],
    [
      [0.019875496025, 0.019555168436, 0.073591994353, 0.074795647955, 0.45622633903, 0.1310596938, 0.075090762591, 0.12840081393],
      [0.13203933825, 0, 0.09620301964, 0.074341949408, 0.010715598846, 0.084665738213, 0.18423427276, 0.40353504929]
    ],
    [
      [0.029538141947, 0.073668853697, 0.11037126456, 0.075514882994, 0.44132776959, 0.11761077724, 0.036820546191, 0.11551889035],
      [0.41182932567, 0.31947312299, 0.035829658015, 0.11462680303, 0, 0.013245157834, 0.12740988584, 0.17428703591]
    ],
    [
      [0.18863644469, 0.015185024801, 0, 0.066439679752, 0.18097668937, 0.40175150719, 0.10721650379, 0.018712378707],
      [0.39200617202, 0.30260756643, 0.016907511269, 0.10564298417, 0, 0.04971908782, 0.18130179444, 0.18213765357]
    ],
    [
      [0.17719442313, 0.021660042454, 0, 0.097473588732, 0.18822664171, 0.37845906014, 0.095776955829, 0.0089713420425],
      [0.11093634744, 0.30339573704, 0.13253382951, 0.015833401892, 0.096003621434, 0.049122833683, 0.0033002955127, 0.053714325652]
    ],
    [
      [0, 0.20177106115, 0.0082512630557, 0.0047242766697, 0.073598388076, 0.27071314879, 0.47873591208, 0.17103261831],
      [0.1135322182, 0.30161164643, 0.11964377177, 0.007815644442, 0.091551656323, 0.069353193169, 0.012079787263, 0.081520385865]
    ],
    [
      [0, 0.18306939533, 0.012077016736, 0.017907275029, 0.11148901145, 0.27417370134, 0.44892615494, 0.15196419679],
      [0.058047838094, 0.13803192351, 0.46263325774, 0.06320940796, 0.056810147755, 0.077077368665, 0.040694571765, 0]
    ],
    [
      [0.13389199221, 0.012272418029, 0.038139523498, 0.037231161119, 0, 0.041867020184, 0.17077965371, 0.51931512614],
      [0.086417175175, 0.14748792795, 0.4383468661, 0.055823364638, 0.028852823306, 0.069141951725, 0.056516498562, 0]
    ],
    [
      [0.11860125875, 0.0059519441065, 0.035496529311, 0.053307815585, 0, 0.061641833786, 0.17218638169, 0.48429796006],
      [0, 0.019686396827, 0.21662337551, 0.4002477824, 0.14161600515, 0.061088202792, 0.024177828908, 0.024400693377]
    ],
    [
      [0.44900056954, 0.26938351523, 0.021849319143, 0.16232155042, 0.03694452763, 0, 0.07306765835, 0.089885410963],
      [0, 0.030557260571, 0.22063245725, 0.37105059188, 0.12893682864, 0.029295576559, 0.021351381231, 0.036143998935]
    ],
    [
      [0.41746313782, 0.24077566704, 0.010876625721, 0.14785485312, 0.054608286164, 0, 0.10729114462, 0.090101722513],
      [0.059025415927, 0.0066758076156, 0.078008873209, 0.18232955865, 0.44671884238, 0.10828062958, 0.020043775312, 0.081593914386]
    ],
    [
      [0.053196310964, 0.40730267394, 0.13123992411, 0, 0.052317511354, 0.051382049216, 0.0089045332963, 0.075737984717],
      [0.085755169169, 0.026683149738, 0.11552432318, 0.18171819329, 0.42694217909, 0.097906941654, 0.0094285550165, 0.076924875282]
    ],
    [
      [0.053169229524, 0.38206474461, 0.11380187344, 0, 0.049069031075, 0.073832658342, 0.034110652957, 0.11026080717],
      [0.1965567669, 0.01998146819, 0, 0.065475127731, 0.15109997011, 0.44006097289, 0.15223310719, 0.030098575253]
    ],
    [
      [0.089789269867, 0.084933988969, 0.39015676794, 0.20850058053, 0.068894535466, 0.10322658083, 0.048987079986, 0.0025247415515],
      [0.18140037827, 0.030270345204, 0, 0.094851746616, 0.15526282935, 0.41767375727, 0.13457148217, 0.015143024805]
    ]
  ],
  "prob": [
    [0.16950073192, 0.43158758827, 0.1445169705, 0.07108578664, 0.0046692012314, 0.034426723416, 0.11471778801, 0.029495210011],
    [0.15280857812, 0.40828255933, 0.14688318566, 0.1047394645, 0.0180321765, 0.049515117533, 0.10520847372, 0.014530444637]
  ],
  "iterations": 10,
  "logLik": -411.2991894605,
  "time": 0.000104,
  "message": "Converged",
  "status": 0,
  "maxiter": 3600,
  "param_threshold": 0.0001,
  "ll_threshold": "-Inf",
  "initial_prob": "group_proportional",
  "ballotbox_id": ["10", "11", "12", "13", "14", "15", "5V", "6V", "7V", "8V", "9V", "1M", "1V", "2M", "2V", "3M", "3V", "4M", "4V", "5M", "6M", "7M", "8M"],
  "candidates_id": ["C1", "C2", "C3", "C4", "C5", "C6", "C7", "C8"],
  "group_id": ["M", "F"]
}
