{
  "X": [
    [17, 67, 40, 17, 3, 3, 13, 3],
    [11, 36, 27, 12, 0, 4, 4, 3],
    [11, 53, 35, 13, 0, 6, 13, 1],
    [14, 36, 19, 8, 0, 4, 6, 2]
  ],
  "W": [
    [50, 113],
    [76, 21],
    [15, 117],
    [75, 14]
  ],
  "method": "mult",
  "cond_prob": [
    [
      [0.15819531309, 1.7658778751e-05, 0.12632326405, 0, 0.14614569065, 0, 0.170414277, 0],
      [0.23132977935, 0.041882970759, 0.27163073571, 0.031928488575, 0.24347107483, 0.045200760143, 0.21031090257, 0.055790970935]
    ],
    [
      [0.080680366909, 0.026548748658, 0.06597275892, 0, 0.075282275819, 0, 0.087323372584, 0],
      [0.25149254717, 0.096434861923, 0.30286425799, 0.075850720787, 0.26790911084, 0.10536702676, 0.23017224152, 0.13031023869]
    ],
    [
      [0.39389658363, 0.022029536348, 0.36411756513, 0.043250444398, 0.37640539031, 0.056970288457, 0.40004514534, 0.046649286854],
      [0.11111383638, 0.041534321664, 0.12545716479, 0.037292337354, 0.10576551702, 0.026041278592, 0.091064022675, 0.025725394615]
    ],
    [
      [0.41842710396, 0.016808267001, 0.39664841284, 0.033801966118, 0.40469514859, 0.043967947829, 0.42774416388, 0.035776299962],
      [0.10126128425, 0.0083468201333, 0.1171713423, 0.0076905410505, 0.097533740798, 0.0052447493594, 0.083468400379, 0.005205282986]
    ]
  ],
  "prob": [
    [0.15038699008, 0.38433903188, 0.23905466989, 0.10882741111, 4.0876802665e-06, 0.040471117743, 0.043440036537, 0.033476655079],
    [0.077482501453, 0.41113067961, 0.26168522489, 0.099936334292, 0.011320787164, 0.031148277566, 0.10053694342, 0.0067592515999]
  ],
  "iterations": 11,
  "logLik": -52.6651509191,
  "time": 2.4e-05,
  "message": "Converged",
  "status": 0,
  "maxiter": 3600,
  "param_threshold": 0.0001,
  "ll_threshold": "-Inf",
  "initial_prob": "group_proportional",
  "ballotbox_id": ["1M-3V", "1V", "2M", "2V"],
  "candidates_id": ["C1", "C2", "C3", "C4", "C5", "C6", "C7", "C8"],
  "group_id": ["M", "F"]
}
