{
  "X": [
    [7, 8, 8, 4, 0, 7, 39, 2],
    [8, 11, 3, 1, 2, 3, 38, 0],
    [1, 7, 4, 0, 0, 6, 37, 0],
    [6, 9, 1, 5, 1, 4, 39, 0],
    [6, 9, 8, 2, 0, 3, 37, 1],
    [1, 9, 1, 0, 0, 4, 30, 0]
  ],
  "W": [
    [8, 67],
    [49, 18],
    [16, 39],
    [20, 45],
    [49, 17],
    [25, 20]
  ],
  "method": "mult",
  "cond_prob": [
    [
      [0.13185816872, 0.54570273773, 0.040938011097, 0.070960508116, 0.11446844103, 0.59625995673, 0, 0.021683314522],
      [0.0071746039178, 0.18548278489, 0, 0.033911018818, 0.012226054321, 0.15667530024, 0.0076751837531, 0.036762623205]
    ],
    [
      [0.088851730605, 0.51686111861, 6.1324895641e-05, 0.073389192975, 0.081996669571, 0.60054007755, 0, 0.022845754621],
      [0.058755685393, 0.11201219113, 0, 0.14028983589, 0.10708721891, 0.082066845343, 0.035585537446, 0.15674333546]
    ],
    [
      [0.17829625334, 0.0060529224584, 0.024291607758, 0, 0.19310249518, 0, 0.025695602929, 0],
      [0, 0.044235523106, 0.023338524534, 0.68725869955, 0.050359811741, 0.12249347703, 0.025583479915, 0.66961698317]
    ],
    [
      [0.098384375327, 0.029084061892, 0.10806304244, 0, 0.11330033055, 0, 0.099245191332, 0],
      [0, 0.048805596811, 0.016073395523, 0.66622588534, 7.1252264816e-05, 0.11723360681, 0.01793256034, 0.66111141634]
    ],
    [
      [0.1056763828, 0.12992499553, 0.57014857344, 0, 0.014619594451, 0.10077228089, 0.57606263997, 0],
      [0.025238931034, 0.0049785041791, 0.18453124899, 0, 0.018963646545, 0.010625515187, 0.24635359919, 0]
    ],
    [
      [0.10675084641, 0.095676257682, 0.58974375788, 0, 0.015706382663, 0.064367137417, 0.5168675044, 0],
      [0.10131218177, 0.045637829162, 0.10402169028, 0, 0.081298068488, 0.084634177259, 0.14136693323, 0]
    ]
  ],
  "prob": [
    [0.093780862905, 0.1866197968, 0.06577829312, 0.0063863165671, 0.018042866938, 0.026899398707, 0.59995050458, 0.0025419603807],
    [0.065266231494, 0.10672722533, 0.068202231097, 0.053474843256, 2.0923301157e-05, 0.1101204009, 0.5837920947, 0.012396049919]
  ],
  "iterations": 23,
  "logLik": -70.3882808538,
  "time": 8.3e-05,
  "message": "Converged",
  "status": 0,
  "maxiter": 3600,
  "param_threshold": 0.0001,
  "ll_threshold": "-Inf",
  "initial_prob": "group_proportional",
  "ballotbox_id": ["1M", "1V-2V", "2M", "3M-4M", "3V-5V", "4V"],
  "candidates_id": ["C1", "C2", "C3", "C4", "C5", "C6", "C7", "C8"],
  "group_id": ["M", "F"]
}
