{
  "X": [
    [12, 61, 32, 14, 2, 3, 6, 3],
    [12, 55, 27, 11, 1, 6, 4, 1],
    [18, 46, 44, 11, 0, 4, 7, 1],
    [9, 40, 23, 6, 0, 3, 5, 0]
  ],
  "W": [
    [72, 61],
    [62, 55],
    [56, 75],
    [34, 52]
  ],
  "method": "mult",
  "cond_prob": [
    [
      [0.016696588442, 0.027393980031, 0.018455755791, 0.015812730099, 0.023888357545, 0, 0.01443647171, 0],
      [0.030536559265, 2.8095914698e-05, 0.028436901656, 2.0605315254e-05, 0.039563511743, 3.0093755552e-05, 0.024923645278, 2.5748999803e-05]
    ],
    [
      [0.18040182662, 4.1286613683e-34, 0.20254000632, 2.4113977447e-34, 0.20837126511, 0, 0.17156187956, 0],
      [0.49865151848, 0.10068036186, 0.47169829254, 0.075018156774, 0.52140939915, 0.086971027361, 0.44762986108, 0.10146493434]
    ],
    [
      [0.66519528568, 0.027310848494, 0.68550062213, 0.062030322201, 0.65273184917, 0.044327061587, 0.75185119447, 0.043039898105],
      [0.19174767213, 0.041090970046, 0.17393033271, 0.015812730099, 0.21950265644, 0.019956469764, 0.16572304143, 0]
    ],
    [
      [0.2037071064, 0.016547076144, 0.21263957857, 0.038092850652, 0.16151673779, 0.021720400289, 0.25081402982, 0.028517999221],
      [1.2110492986e-05, 3.588982624e-25, 1.1115142725e-05, 1.3974609578e-25, 1.1170299069e-05, 1.4044346584e-25, 1.1295983705e-05, 0]
    ]
  ],
  "prob": [
    [0.018638389677, 0.68085278262, 0.031360181995, 0.18980466603, 0.013181945662, 0.043562201127, 2.616585584e-05, 0.022573667037],
    [0.19215339256, 0.20278763456, 0.48865681658, 1.1420726357e-05, 1.5822025491e-34, 0.025582075769, 0.090808659811, 1.6507032598e-25]
  ],
  "iterations": 371,
  "logLik": -51.3653755075,
  "time": 0.000765,
  "message": "Converged",
  "status": 0,
  "maxiter": 3600,
  "param_threshold": 0.0001,
  "ll_threshold": "-Inf",
  "initial_prob": "group_proportional",
  "ballotbox_id": ["1", "2", "3", "4"],
  "candidates_id": ["C1", "C2", "C3", "C4", "C5", "C6", "C7", "C8"],
  "group_id": ["M", "F"]
}
