{
  "X": [
    [30, 28, 11, 12, 1, 11, 44, 3],
    [40, 27, 21, 16, 3, 9, 56, 0],
    [37, 40, 25, 12, 5, 12, 38, 0],
    [38, 20, 22, 13, 4, 4, 48, 2],
    [45, 35, 23, 6, 1, 10, 36, 6],
    [46, 38, 26, 9, 0, 15, 46, 1],
    [46, 36, 15, 14, 2, 12, 50, 0],
    [41, 18, 20, 20, 1, 8, 51, 1],
    [34, 26, 29, 13, 2, 11, 50, 0],
    [43, 31, 32, 8, 3, 7, 36, 1],
    [33, 49, 24, 14, 5, 5, 57, 2],
    [32, 35, 26, 14, 3, 7, 43, 1],
    [35, 33, 33, 7, 2, 16, 47, 1],
    [51, 24, 25, 15, 1, 7, 39, 1],
    [48, 31, 24, 13, 2, 7, 45, 0],
    [43, 30, 20, 5, 2, 14, 48, 2],
    [47, 24, 18, 10, 2, 10, 53, 1],
    [46, 23, 34, 14, 6, 11, 46, 4],
    [30, 32, 22, 8, 2, 13, 38, 3],
    [42, 32, 24, 13, 3, 12, 41, 4],
    [45, 40, 23, 9, 3, 9, 43, 3],
    [31, 36, 24, 11, 2, 9, 56, 1],
    [37, 34, 26, 10, 1, 12, 41, 1],
    [34, 26, 26, 11, 4, 10, 56, 0],
    [26, 42, 18, 24, 2, 8, 50, 3]
  ],
  "W": [
    [56, 84],
    [78, 94],
    [70, 100],
    [64, 86],
    [77, 85],
    [78, 104],
    [82, 93],
    [80, 80],
    [71, 94],
    [74, 87],
    [94, 95],
    [69, 92],
    [81, 94],
    [70, 93],
    [86, 84],
    [68, 96],
    [74, 91],
    [89, 96],
    [62, 86],
    [78, 92],
    [85, 88],
    [85, 85],
    [78, 84],
    [77, 90],
    [66, 108]
  ],
  "method": "mult",
  "cond_prob": [
    [
      [0.29455492169, 0.1073743726, 0.11186901824, 0.016575481267, 0.014291849194, 0.0095625931887, 0.28721014201, 0.0029949862981],
      [0.013928118921, 0.11144547313, 0.28789872048, 0.015723845911, 0.21650309089, 0.14265657423, 0.098532246907, 0.10397819803]
    ],
    [
      [0.16475969495, 0.15256633402, 0.063527860922, 0.080774495403, 0.0090954707256, 0.14100730174, 0.23542491946, 0.0087268424656],
      [0.0063223730816, 0.23952104807, 0.003215086574, 0.25561110813, 0.15508353551, 0.2316555978, 0.018652910463, 0.029239593617]
    ],
    [
      [0.17668730273, 0.18196051095, 0.028964724776, 0.021995620931, 0.011345903454, 0.31452390408, 0.009693866157, 0.29079035169],
      [0.090907932792, 0.20620013466, 0.009176844241, 0.15579964285, 0.21116907909, 0.14021409089, 0.083560172605, 0.019287974244]
    ],
    [
      [0.21417481111, 0.11644708352, 0.12345151741, 0.015486427776, 0.16140823838, 0.27651172391, 0.027606458023, 0.17176972531],
      [0.35292055135, 0.018165150474, 0.26348183412, 0.18379421127, 0.1736713132, 0.027053297676, 0.020861353768, 0.0072249484971]
    ],
    [
      [0.10927564624, 0.027735016508, 0.014421102996, 0.0050561786045, 0.29403022102, 0.0055793522649, 0.31827462593, 0.18296834952],
      [0.30252546366, 0.054312676119, 0.16197234839, 0.24258526191, 0.10658620316, 0.12284095298, 0.013508528512, 0.10659519767]
    ],
    [
      [0.059634153441, 0.13339502289, 0.0088871494163, 0.079655947208, 0.24937793991, 0.017028829141, 0.18604911767, 0.2340182669],
      [0, 0.32809977455, 0.13264481103, 0.20997539574, 0.027864807144, 0.039564106848, 0.0065952523558, 0.35817431667]
    ],
    [
      [0.029389968911, 0.031875916723, 0.0086892769943, 0.23084267106, 0.0028080907057, 0.35537502533, 0.16320418268, 0.20632849318],
      [0, 0.19863782539, 0.17655277567, 0.12486899342, 0.12842579091, 0.025986444309, 0.095520120754, 0.31490106605]
    ],
    [
      [0.12061446338, 0.022139433878, 0.11971077438, 0.21663279496, 0.008266857857, 0.2248525821, 0.20652723131, 0.11891297621],
      [0.28656739961, 0.17823959647, 0.22720370453, 0.029271615952, 0.014033426766, 0.0074812880628, 0.26390208434, 0]
    ],
    [
      [0.0095497375118, 0.0029354057647, 0.31614460141, 0.0028670910442, 0.38957425596, 0.12115512137, 0.18374051121, 0.022506820746],
      [0.17197172018, 0.23354141839, 0.13627206303, 0.13072562711, 0.0093464125428, 0.10979963328, 0.22773710708, 0]
    ],
    [
      [0.0056563942436, 0.045639823861, 0.2596430139, 0.0093443104437, 0.25130819972, 0.16597318962, 0.10479378185, 0.097442536684],
      [0.20105826262, 0.18749181183, 0.02644977536, 0.023347628622, 0.0053416808153, 0.26694663166, 0.0085332675261, 0.21363598831]
    ],
    [
      [0.00917436077, 0.33131812542, 0, 0.21878385199, 0.12060761238, 0.13753479059, 0.027143056043, 0.007680192264],
      [0.26121319199, 0.11075046925, 0.11910624268, 0.015068304869, 0.07960844265, 0.23364326103, 0.025566276586, 0.11565994174]
    ],
    [
      [0.12171353078, 0.30677232128, 0, 0.13128431577, 0.16846542031, 0.084903576892, 0.11621443047, 0.0048035801451],
      [0.19584470766, 0.016814266791, 0.015102169876, 0.0050385302411, 0.27981459398, 0.010636402444, 0.22919930619, 0.21838190145]
    ],
    [
      [0.36105666177, 0.0059518135388, 0.32550103747, 0.22522913528, 0.19307028558, 0.020467409191, 0.022188212957, 0.009505761524],
      [0.11466846664, 0.074496897475, 0.0098301551996, 0.072729493786, 0.24836098075, 0.032305415137, 0.13629855109, 0.25594012634]
    ],
    [
      [0.28514574786, 0.019145089256, 0.18950914795, 0.29243470121, 0.12151564721, 0.09487466588, 0.013733153861, 0.13306881288],
      [0.023665871032, 0, 0.0077101971386, 0.2900465413, 0, 0.26946070784, 0.18486604956, 0.14972112703]
    ],
    [
      [0.010311400365, 0.34886324598, 0.099239126993, 0.16060320774, 0.03003773421, 0.014750625832, 0.0087323323811, 0.27712292024],
      [0.10399064781, 0, 0.11221472033, 0.24951526975, 0, 0.15646421039, 0.23797821995, 0.079084766966]
    ],
    [
      [0.028301204244, 0.21281010921, 0.12510799282, 0.094029717504, 0.14195731533, 0.0098821086695, 0.12085248106, 0.23101683436],
      [0.037693322228, 0.0096490211505, 0.32740750795, 0.0029149687509, 0.33530412101, 0.18749996916, 0.17909392878, 0.047627135923]
    ],
    [
      [0.29591968354, 0.18491769504, 0.16025751126, 0.027346705287, 0.0074427777809, 0.007102517865, 0.26515839905, 0.0030971108263],
      [0.023950999939, 0.1381382254, 0.2840516947, 0.0087074062973, 0.20886458021, 0.23586124999, 0.10391214717, 0.18872399819]
    ],
    [
      [0.17975937433, 0.24424493028, 0.091033240036, 0.12010213887, 0.0050837512204, 0.10642035858, 0.21872855947, 0.0089672675087],
      [0.0080960409641, 0.27710112164, 0, 0.2561989222, 0.15214369381, 0.1998346207, 0.024060603754, 0.015964588293]
    ],
    [
      [0.13388669682, 0.18007010581, 0.0469591039, 0.032423032415, 0.004827433739, 0.34077456362, 0.011558679748, 0.25461744341],
      [0.11495740231, 0.23671576562, 0, 0.15399135938, 0.20520803247, 0.11320955737, 0.10483225183, 0.0091515889037]
    ],
    [
      [0.1760577125, 0.10717208352, 0.20044287067, 0.020599395132, 0.073737610882, 0.30428856082, 0.033101244313, 0.15862761348],
      [0.24707439588, 0.0026044075702, 0.32301283371, 0.16308999847, 0.1577309926, 0.018499123513, 0.014465027578, 0.0053688713642]
    ],
    [
      [0.15697475938, 0.013179562026, 0.0077660793959, 0.0034634253044, 0.25164865582, 0.0028399462088, 0.32003686203, 0.13126352774],
      [0.20924757114, 0.0077193984877, 0.21478525894, 0.21218205905, 0.095861159514, 0.07877096715, 0.0091078135243, 0.068730682378]
    ],
    [
      [0.093036400663, 0.058922978416, 0.0047874609738, 0.04916793074, 0.22910865418, 0.0088049574263, 0.19572664306, 0.17704739643],
      [0, 0.33965507837, 0.15680146988, 0.24401750287, 0.0099729590005, 0.017492150777, 0.0069887268354, 0.34090969305]
    ],
    [
      [0.032321175979, 0.0075733499215, 0.0066678116928, 0.32679804368, 0.0027912445273, 0.31039457619, 0.19629038874, 0.19669826031],
      [0, 0.19769020948, 0.22576946875, 0.14310244119, 0.045504548815, 0.010755065881, 0.098457639232, 0.26046479328]
    ],
    [
      [0.14378499713, 0.0048916146652, 0.092043722821, 0.27665795485, 0.0088234011385, 0.19255362815, 0.2598489045, 0.11956255409],
      [0.3108488385, 0.18025619721, 0.2428486535, 0.014217512096, 0.015182384049, 0.01030941985, 0.35833137101, 0.0083906945741]
    ],
    [
      [0.021654759849, 0.0077098426792, 0.35039424271, 0.0053525983113, 0.34419064259, 0.10626809932, 0.16512788078, 0.022781909767],
