{
  "X": [
    [15, 41, 14, 26, 4, 10, 19, 0],
    [24, 37, 22, 25, 2, 7, 22, 1],
    [35, 38, 18, 28, 0, 12, 21, 2],
    [25, 34, 12, 31, 2, 5, 13, 2],
    [36, 32, 15, 41, 0, 7, 17, 1],
    [50, 38, 17, 32, 1, 7, 12, 0],
    [46, 43, 17, 23, 2, 5, 22, 1],
    [38, 39, 15, 32, 1, 5, 12, 1],
    [64, 60, 24, 44, 1, 6, 28, 0],
    [45, 76, 20, 42, 2, 14, 24, 1],
    [35, 42, 22, 22, 1, 10, 21, 2],
    [46, 57, 13, 38, 5, 11, 23, 1],
    [44, 45, 19, 36, 2, 10, 23, 1],
    [61, 50, 13, 32, 2, 5, 23, 1],
    [47, 36, 9, 33, 1, 6, 19, 1],
    [35, 36, 12, 23, 2, 6, 15, 1],
    [21, 32, 17, 31, 0, 12, 18, 0]
  ],
  "W": [
    [37, 92],
    [87, 52],
    [41, 112],
    [69, 55],
    [36, 113],
    [99, 58],
    [46, 113],
    [100, 44],
    [75, 152],
    [142, 82],
    [44, 111],
    [118, 76],
    [41, 139],
    [144, 43],
    [32, 121],
    [106, 24],
    [67, 64]
  ],
  "method": "mult",
  "cond_prob": [
    [
      [0.12360576534, 0.29283135183, 0.085548931349, 0.13696131768, 0.0073756141625, 0.05152836594, 0.096789935467, 0.0053121646092],
      [0.15719468555, 0.24209281359, 0.12457029158, 0.23387530146, 0.0045370876113, 0.068492473511, 0.15971995974, 0.0093492714149]
    ],
    [
      [0.11327627202, 0.23030302409, 0.10542305584, 0.14782992436, 0.0029303310527, 0.069607345563, 0.1369648272, 0.0069199565684],
      [0.28892392594, 0.087024413117, 0.19877195447, 0.0085770205593, 0.054978775004, 0.10149536954, 0.0050123194918, 0.17231904113]
    ],
    [
      [0.36548122751, 0.10063557769, 0.26602739125, 0.021891284694, 0.021074973221, 0.10567562457, 0.0045532451302, 0.27415301872],
      [0.22453568986, 0.10903182418, 0.21248620235, 0.0033890749394, 0.075619826365, 0.14553938194, 0.0064826591903, 0.14831920608]
    ],
    [
      [0.2983963774, 0.12268565649, 0.27802523018, 0.0087431417645, 0.029105101692, 0.14717184126, 0.0058524851078, 0.24747315904],
      [0.14570889002, 0.24327249003, 0.008192307969, 0.031380067257, 0.092982791664, 0.0046138935103, 0.32977945195, 0.2765791733]
    ],
    [
      [0.0912567226, 0.17737559351, 0, 0.024622309783, 0.096167789907, 0.010840058644, 0.33268550697, 0.28731925357],
      [0.17558005947, 0.25840624333, 0.003246108043, 0.043172946669, 0.1318483052, 0.0060091423556, 0.30366089252, 0.21210285211]
    ],
    [
      [0.11555419109, 0.18339250763, 0, 0.034277360096, 0.13691505452, 0.013711447251, 0.30422062393, 0.23109666731],
      [0.17708208222, 0.022090349161, 0.039138990594, 0.074446933505, 0.0040401959705, 0.262922399, 0.27587470281, 0.11852965928]
    ],
    [
      [0.19149804238, 0, 0.037144917308, 0.1058164494, 0, 0.24459393226, 0.27916012579, 0.088268669141],
      [0.18093170785, 0.0086816016003, 0.053975083389, 0.10560277728, 0.0052036996672, 0.23895748955, 0.22634021183, 0.14096884081]
    ],
    [
      [0.20561092253, 0, 0.050072968556, 0.15186977673, 0, 0.22525882331, 0.22751253792, 0.11010986111],
      [0.018762780423, 0.034636011035, 0.066185079388, 0.0064296417818, 0.24439069642, 0.292963434, 0.048767247271, 0.23563089516]
    ],
    [
      [0.054370481901, 0.062550638066, 0.088001081403, 0.0051781610793, 0.2076237454, 0.3157418912, 0.065589474001, 0.17505026042],
      [0.0071007722643, 0.047480668846, 0.09410267204, 0.0082819157881, 0.21851084652, 0.23727218582, 0.062021108466, 0.23760993759]
    ],
    [
      [0.021564739832, 0.083416872906, 0.12230217736, 0.0067499525341, 0.18913895849, 0.25915673918, 0.082817930494, 0.18512446514],
      [0.044572509649, 0.088622245893, 0, 0.29892318274, 0.31732717598, 0.088209115643, 0.20443352559, 0]
    ],
    [
      [0.060858481099, 0.10685634963, 0.0055950291161, 0.27318583378, 0.36425485096, 0.06062903267, 0.16839177362, 0.017342914164],
      [0.058763725889, 0.12525884919, 0, 0.273454646, 0.25280949368, 0.11069312952, 0.22050360319, 0]
    ],
    [
      [0.08430745779, 0.14691425672, 0.0070623036693, 0.24865907295, 0.29575935208, 0.077091803994, 0.18033592667, 0.006795896336],
      [0.13816215413, 0.014330251802, 0.30629458819, 0.30146347356, 0.12143776997, 0.19051866207, 0.01251971104, 0.079599495089]
    ],
    [
      [0.11292927917, 0.010975682678, 0.32901993725, 0.28936336669, 0.08162444941, 0.19007802715, 0.012404753085, 0.043238512197],
      [0.18780228572, 0.018391322188, 0.282243721, 0.24579404577, 0.14996285469, 0.2027962902, 0.0049921032436, 0.10357591582]
    ],
    [
      [0.16129003934, 0.013705532105, 0.30027495496, 0.23469615635, 0.10264069934, 0.20500465777, 0.004930424238, 0.059020104359],
      [0.0065550611968, 0.26320023929, 0.30959581872, 0.08996073786, 0.1372597236, 0.020890712892, 0.030174551573, 0.11734173603]
    ],
    [
      [0, 0.21029990398, 0.2598704557, 0.097275459136, 0.18303900143, 0.033604408259, 0.024600107874, 0.10731085898],
      [0.0080910733845, 0.23481954296, 0.25420678835, 0.11359079241, 0.14375479422, 0.008231674345, 0.041978374552, 0.1574232476]
    ],
    [
      [0, 0.19065667708, 0.21134468763, 0.12232275456, 0.19525207124, 0.013446977938, 0.03397993782, 0.15103057529],
      [0.24877480659, 0.25448241028, 0.089640070462, 0.18503422855, 0.01154058487, 0.043152495803, 0.093138645161, 0]
    ],
    [
      [0.18023259643, 0.29972433498, 0.098821274621, 0.2193416773, 0.011456190152, 0.049243445405, 0.11215593917, 0.0073165128095],
      [0.21958215006, 0.20229472144, 0.11407933517, 0.19821002854, 0.0044713768091, 0.059231918254, 0.13358374963, 0]
    ]
  ],
  "prob": [
    [0.25684001655, 0.29983771096, 0.090072556955, 0.19106032642, 0.01509258782, 0.042232031781, 0.099770713555, 0.0050940559573],
    [0.23251561705, 0.24193613257, 0.11248355976, 0.20245563201, 0.0059373911285, 0.057686851142, 0.14047083753, 0.0065139788065]
  ],
  "iterations": 22,
  "logLik": -286.6262082034,
  "time": 0.000148,
  "message": "Converged",
  "status": 0,
  "maxiter": 3600,
  "param_threshold": 0.0001,
  "ll_threshold": "-Inf",
  "initial_prob": "group_proportional",
  "ballotbox_id": ["1M", "1V", "2M", "2V", "3M", "3V", "4M", "4V", "5M", "5V", "6M", "6V", "7M", "7V", "8M", "8V", "9"],
  "candidates_id": ["C1", "C2", "C3", "C4", "C5", "C6", "C7", "C8"],
  "group_id": ["M", "F"]
}
