{
  "X": [
    [10, 79, 6, 9, 2, 8, 12, 5],
    [17, 82, 9, 3, 2, 10, 7, 8],
    [8, 66, 11, 8, 1, 11, 11, 1]
  ],
  "W": [
    [52, 79],
    [68, 70],
    [62, 55]
  ],
  "method": "mult",
  "cond_prob": [
    [
      [0.14976100353, 0.0088977975408, 0.045214410644, 0.49467711265, 0.0001567817684, 0.00017885215674, 0.17697419791, 0.17619618],
      [0.65547420119, 0.0246950932, 0.061904404229, 1.4832070539e-05, 0.00073795276954, 0.024042552469, 0.13533488834, 0.14418768785]
    ],
    [
      [0.031081177835, 0.10590534267, 0.12018791304, 0.6916848365, 0.029022842999, 0.11655443334, 1.9694157961e-05, 0.00088249242773],
      [0.12089440318, 0.15997901214, 0.20047790706, 0.0030997648849, 0.025882328619, 0.47893628117, 0.00010041965128, 2.8656480927e-05]
    ],
    [
      [0.51500203749, 0.00014680061354, 0.00010453486145, 0.13086351993, 0.14466373293, 0.10716149984, 0.010479747551, 0.050123017393],
      [1.241447682e-05, 0.00073945336035, 0.045798587442, 0.040581266231, 0.075605248644, 0.65874803159, 0.018349701788, 0.018434951372]
    ]
  ],
  "prob": [
    [0.15419825744, 0.49512197276, 0.14372323401, 0.0072704056728, 0.00013472972821, 0.15978134962, 0.039663597681, 0.00010645308391],
    [0.034233600763, 0.66878206954, 1.5206702423e-05, 0.091424654734, 0.024469338093, 0.00077750290618, 0.11136046749, 0.068937159771]
  ],
  "iterations": 184,
  "logLik": -44.9838633909,
  "time": 0.000335,
  "message": "Converged",
  "status": 0,
  "maxiter": 3600,
  "param_threshold": 0.0001,
  "ll_threshold": "-Inf",
  "initial_prob": "group_proportional",
  "ballotbox_id": ["1", "2", "3"],
  "candidates_id": ["C1", "C2", "C3", "C4", "C5", "C6", "C7", "C8"],
  "group_id": ["M", "F"]
}
