{
  "X": [
    [18, 75, 20, 6, 0, 4, 15, 3],
    [17, 70, 28, 8, 0, 4, 3, 3],
    [24, 60, 21, 11, 2, 4, 8, 2],
    [17, 57, 15, 8, 1, 7, 9, 3],
    [8, 42, 14, 7, 0, 4, 2, 3],
    [9, 68, 22, 3, 1, 5, 8, 3],
    [16, 71, 22, 11, 1, 9, 9, 1],
    [16, 69, 25, 11, 0, 5, 13, 3],
    [11, 68, 26, 6, 1, 6, 13, 2],
    [12, 84, 25, 12, 1, 5, 10, 2],
    [16, 76, 21, 10, 0, 4, 13, 3],
    [21, 68, 25, 13, 4, 1, 14, 0],
    [17, 64, 30, 15, 2, 6, 11, 0],
    [19, 76, 27, 7, 0, 3, 11, 2],
    [16, 62, 24, 6, 1, 6, 9, 3],
    [20, 80, 24, 14, 0, 10, 14, 1],
    [10, 58, 30, 6, 3, 10, 6, 1],
    [23, 71, 27, 17, 2, 10, 13, 1],
    [19, 62, 16, 8, 2, 4, 10, 2],
    [16, 76, 36, 14, 2, 12, 7, 2],
    [16, 74, 23, 10, 2, 5, 12, 1],
    [23, 85, 36, 16, 3, 8, 16, 1],
    [26, 59, 22, 7, 3, 5, 16, 2],
    [15, 43, 23, 3, 2, 7, 14, 1],
    [26, 55, 20, 5, 2, 6, 15, 1],
    [13, 70, 15, 5, 3, 6, 8, 2],
    [22, 74, 24, 13, 0, 6, 22, 2],
    [10, 80, 20, 11, 0, 7, 9, 1],
    [18, 75, 19, 18, 1, 8, 12, 1],
    [18, 69, 27, 11, 0, 7, 6, 2],
    [10, 51, 28, 9, 0, 5, 9, 0],
    [11, 59, 26, 6, 1, 7, 6, 2],
    [8, 60, 23, 10, 1, 5, 7, 6],
    [11, 70, 19, 19, 3, 6, 6, 4],
    [13, 76, 24, 6, 0, 6, 7, 1],
    [8, 69, 28, 17, 1, 2, 5, 4],
    [12, 69, 21, 11, 2, 4, 14, 2],
    [10, 76, 26, 9, 0, 5, 12, 1],
    [20, 73, 22, 19, 2, 6, 11, 2]
  ],
  "W": [
    [84, 57],
    [100, 33],
    [95, 37],
    [84, 33],
    [53, 27],
    [71, 48],
    [74, 66],
    [80, 62],
    [77, 56],
    [96, 55],
    [82, 61],
    [77, 69],
    [88, 57],
    [37, 108],
    [98, 30],
    [21, 143],
    [101, 23],
    [25, 140],
    [98, 26],
    [13, 152],
    [115, 28],
    [17, 171],
    [109, 31],
    [40, 68],
    [112, 18],
    [109, 13],
    [51, 112],
    [43, 95],
    [41, 111],
    [42, 98],
    [14, 98],
    [30, 88],
    [34, 84],
    [35, 103],
    [40, 93],
    [28, 106],
    [47, 88],
    [39, 100],
    [49, 106]
  ],
  "method": "mult",
  "cond_prob": [
    [
      [0.1444386248, 0.043491418576, 0.069502253976, 0.044841577642, 0.026566559073, 0.033175439742, 0.1733249941, 0.58440563606],
      [0.13457052818, 0.18997686646, 0.41957097936, 0.13145233589, 0.0050547606363, 0.1308375279, 0.062349345217, 0.009928658697]
    ],
    [
      [0.10227422953, 0.026159821273, 0.060640342128, 0.055109349498, 0.010897485703, 0.07277183634, 0.20118204204, 0.56574511119],
      [0.018143101016, 0.05246920422, 0.19756781803, 0.44458420837, 0.19796564086, 0.016393310798, 0.05480530791, 0.025710092958]
    ],
    [
      [0.53467841228, 0.085873483201, 0.015504392594, 0.072577240991, 0.060372206456, 0.016671556166, 0.044337414665, 0.16080664782],
      [0.0074896917223, 0.10947347364, 0.22064692074, 0.43079180939, 0.14115017687, 0.010369747419, 0.049483125931, 0.031736379924]
    ],
    [
      [0.5276116342, 0.060224386696, 0.0094126627932, 0.065236236682, 0.07378025661, 0.0071220722138, 0.093247185714, 0.18896631081],
      [0.028486550942, 0, 0.073252525981, 0.14327710454, 0.42197815835, 0.093410882624, 0.023461499944, 0.11067158805]
    ],
    [
      [0.13149726931, 0.57649492368, 0.12903362912, 0.025894419727, 0.046994513077, 0.044539206792, 0, 0.025247889859],
      [0.034966474758, 0, 0.14835917416, 0.16847513395, 0.41923807218, 0.063166831515, 0.014720203649, 0.099938131412]
    ],
    [
      [0.15750570428, 0.56367435198, 0.088865820048, 0.016191723135, 0.042032914931, 0.056557033799, 0, 0.053767799729],
      [0.062382251487, 0.032231874008, 0.018256710448, 0.052994769067, 0.15045300106, 0.60360323602, 0.085700762662, 0.019548359508]
    ],
    [
      [0.029052127734, 0.17202644884, 0.54068981438, 0.16771595062, 0.018601652633, 0.11649267184, 0.043300627337, 0],
      [0.05600868782, 0.039004852186, 0.0072136104332, 0.11281637526, 0.18144573407, 0.56902086124, 0.058975175733, 0.012274303842]
    ],
    [
      [0.063110421432, 0.20421998304, 0.5189359477, 0.11606688587, 0.011569623204, 0.1081912826, 0.052858486187, 0],
      [0.016932845222, 0.096399976944, 0.038654922835, 0.024190179127, 0.039835396833, 0.1317622806, 0.51467140989, 0.093385989042]
    ],
    [
      [0, 0.01727943352, 0.13718937975, 0.50642488425, 0.11957686247, 0.0080765881493, 0.04632391381, 0.038739372943],
      [0.010576206178, 0.085345762609, 0.045403558933, 0.010046906859, 0.087206180509, 0.15077169697, 0.49397432751, 0.063675247705]
    ],
    [
      [0, 0.037233200903, 0.15982102672, 0.48846907685, 0.080888201012, 0.005218975471, 0.041372004368, 0.04787769137],
      [0.15915034888, 0.025425306186, 0.080411692731, 0.05079228738, 0.024459863427, 0.045754078097, 0.17147687077, 0.56694519787]
    ],
    [
      [0.025712991849, 0.01094812881, 0.047466561044, 0.12819059599, 0.52341166264, 0.11004719487, 0.019457215538, 0.056401732952],
      [0.10994468134, 0.015659032895, 0.0691022575, 0.062808907304, 0.01044028385, 0.094870479118, 0.1998168922, 0.53891736471]
    ],
    [
      [0.032392121187, 0.0045915882329, 0.10027218814, 0.15004641919, 0.4933246307, 0.076890032542, 0.012083204517, 0.050992158535],
      [0.49222690655, 0.095196444226, 0, 0.086200422145, 0.033759826998, 0, 0.046528303756, 0.16836617649]
    ],
    [
      [0.10979723849, 0.038225795336, 0, 0.043493681783, 0.15635355855, 0.57532558083, 0.12540874652, 0.010150942819],
      [0.47404233323, 0.065556820044, 0, 0.078013158569, 0.042821871375, 0, 0.098297751998, 0.1942592763]
    ],
    [
      [0.10119061936, 0.047730564696, 0, 0.092164545447, 0.17887971342, 0.56024230033, 0.084257444026, 0.0063804636389],
      [0.1223627385, 0.5200210102, 0.16691997875, 0.0088896923712, 0.11607958461, 0.044462267616, 0.014376617964, 0.036258160202]
    ],
    [
      [0.024823335533, 0.069636156851, 0.025519299612, 0, 0.057654521544, 0.12063327748, 0.48177856235, 0.081422396867],
      [0.143084883, 0.49914033055, 0.11839434385, 0.0055953727745, 0.1077104388, 0.053507608448, 0.0059062198011, 0.075798149733]
    ],
    [
      [0.015915270008, 0.063585211361, 0.031266976887, 0, 0.11973806389, 0.14262859165, 0.45164481267, 0.05416414853],
      [0.052006222954, 0.18276820608, 0.5285050136, 0.16487207561, 0.01546852786, 0.071098543128, 0.035899420778, 0]
    ],
    [
      [0.13908238978, 0.029515629764, 0.095104004665, 0.051071579897, 0.015867002498, 0.036589240419, 0.2229501877, 0.54640889156],
      [0.1104636918, 0.2129587818, 0.52255172033, 0.11483670311, 0.0099872423427, 0.062596581999, 0.043998018634, 0]
    ],
    [
      [0.094258858783, 0.018740713096, 0.08524987104, 0.062865593068, 0.0064261133628, 0.078653618159, 0.25376690617, 0.50682548041],
      [0.010244026116, 0.030743005316, 0.16221486712, 0.50708463722, 0.16823209913, 0.0099087119195, 0.062976361508, 0.031171486389]
    ],
    [
      [0.53370594708, 0.13497365861, 0.024997311422, 0.094006695551, 0.033606333852, 0.026199318174, 0.041584978769, 0.18989375901],
      [0.0042336206219, 0.064978355813, 0.19466619451, 0.49227429915, 0.12089939329, 0.0060659407057, 0.056445128881, 0.037824833729]
    ],
    [
      [0.50406811734, 0.091480079864, 0.015588169473, 0.084688420202, 0.0404382143, 0.010957717536, 0.085792390017, 0.2138034927],
      [0.056189965542, 0.010002928506, 0.025859520941, 0.12541566613, 0.39748544968, 0.15486776642, 0.068370252668, 0.093931867612]
    ],
    [
      [0.20304070118, 0.52079406683, 0.16771885282, 0.0090966119098, 0.085953280896, 0.047950809018, 0, 0.069410279282],
      [0.069111824467, 0.004120666428, 0.056215759255, 0.14782070499, 0.39847308718, 0.10516153642, 0.042586485242, 0.083388833247]
    ],
    [
      [0.2327964071, 0.49194453494, 0.11688479847, 0.0056990593818, 0.075663792355, 0.059633358252, 0, 0.14158884853],
      [0.079154303152, 0.041200667688, 0, 0.052626932788, 0.18768376062, 0.51352955892, 0.10511942077, 0.0099411223958]
    ],
    [
      [0.047349680785, 0.14689344169, 0.47206774676, 0.086088298417, 0.0075767775509, 0.066201292865, 0.038058209765, 0.014377711811],
