{
  "X": [
    [16, 48, 19, 14, 1, 6, 14, 4],
    [19, 59, 24, 14, 1, 10, 14, 6],
    [7, 46, 13, 17, 0, 9, 17, 1],
    [25, 46, 21, 23, 0, 7, 28, 1],
    [25, 68, 29, 15, 2, 8, 13, 3],
    [17, 39, 14, 9, 2, 6, 8, 1],
    [28, 59, 35, 16, 2, 14, 14, 6],
    [7, 34, 14, 6, 1, 12, 9, 0],
    [11, 31, 13, 14, 0, 7, 16, 4]
  ],
  "W": [
    [29, 93],
    [123, 24],
    [29, 81],
    [40, 111],
    [54, 109],
    [64, 32],
    [39, 135],
    [70, 13],
    [79, 17]
  ],
  "method": "mult",
  "cond_prob": [
    [
      [0.10815142262, 0.40710006233, 0.10895494993, 0.1290676439, 0.015453368944, 0.073385057259, 0.074066795543, 0],
      [0.0074216317994, 0.041506769767, 0.1587303798, 0.0057812010584, 0.20507865306, 0.33368721356, 0.18811572969, 0.17673842186]
    ],
    [
      [0.13835809727, 0.3718966008, 0.1215358049, 0.16035232896, 0.010695568234, 0.041074080355, 0.08234020757, 0],
      [0.073213910213, 0.093891399075, 0.011905932453, 0.12978573336, 0.41981291311, 0.18442152735, 0.068644459454, 0]
    ],
    [
      [0.41918641128, 0.16081243229, 0.12504775544, 0, 0.069106721471, 0.081240551807, 0.045810676166, 0.1097046123],
      [0.041681132748, 0.10211416033, 0.0080668851196, 0.16506307512, 0.37933905851, 0.20607066799, 0.092726438268, 0]
    ],
    [
      [0.3853417111, 0.17579228636, 0.16531149633, 0, 0.039191264168, 0.087450055509, 0.031147024431, 0.13680485448],
      [0.10703246614, 0.043181885175, 0.14238044467, 0.44246881569, 0.14191395997, 0.073572125173, 0.012585339872, 0.079298197505]
    ],
    [
      [0.14468176899, 0.090856125095, 0, 0.070214729137, 0.075291688388, 0.011775115794, 0.080379229858, 0.32911468759],
      [0.11716590549, 0.028724506245, 0.17357209259, 0.40461979412, 0.15354660944, 0.097376822397, 0.0090467710208, 0.043985985637]
    ],
    [
      [0.15919189134, 0.11769320847, 0, 0.038147042897, 0.081959733784, 0.0077383247429, 0.10652313781, 0.29460926752],
      [0.043859234538, 0.052259853065, 0.33543450147, 0.1673698387, 0.08562079552, 0.014858305555, 0.15422435964, 0.16468726306]
    ],
    [
      [0.0931999319, 0.0071642066491, 0.11865736474, 0.1796315613, 0.023708628726, 0.13075522784, 0.41269012569, 0.13367803051],
      [0.029325439694, 0.067787408901, 0.2939806762, 0.18312512164, 0.10984000092, 0.010503274198, 0.09080707952, 0.17562021979]
    ],
    [
      [0.12151419056, 0.0049544414991, 0.068445295058, 0.18742182267, 0.015782809815, 0.1698166138, 0.3923652406, 0.14328578523],
      [0.1237734323, 0.44014445727, 0.13420751558, 0.076815204724, 0.023317533711, 0.1192334222, 0.10628587823, 0.044466368663]
    ],
    [
      [0.010674854313, 0.073220457076, 0.14302968711, 0.009063603951, 0.16293407283, 0.35728192017, 0.16519060726, 0.13905084037],
      [0.15731802652, 0.41012272989, 0.14074483562, 0.099562633125, 0.015933217462, 0.069058176046, 0.1204156031, 0.028955465482]
    ]
  ],
  "prob": [
    [0.11840635971, 0.39467739925, 0.15168976443, 0.096687638476, 0.0094459582183, 0.090166499481, 0.11117602231, 0.027750358129],
    [0.15055339244, 0.36099736694, 0.16596092763, 0.1252648315, 0.0065371516903, 0.051200364882, 0.12098705609, 0.018498908824]
  ],
  "iterations": 12,
  "logLik": -148.3578084736,
  "time": 5.5e-05,
  "message": "Converged",
  "status": 0,
  "maxiter": 3600,
  "param_threshold": 0.0001,
  "ll_threshold": "-Inf",
  "initial_prob": "group_proportional",
  "ballotbox_id": ["1M", "1V-2V", "2M", "3M-6M", "4M-3V", "4V", "5M-7", "5V", "6V"],
  "candidates_id": ["C1", "C2", "C3", "C4", "C5", "C6", "C7", "C8"],
  "group_id": ["M", "F"]
}
