{
  "X": [
    [12, 34, 18, 16, 1, 3, 14, 1],
    [29, 41, 14, 11, 0, 2, 16, 4]
  ],
  "W": [
    [14, 85],
    [84, 33]
  ],
  "method": "mult",
  "cond_prob": [
    [
      [0.31567046033, 0.086174103047, 1.3756262388e-14, 0.13248149938, 0.31021749324, 0.087766897803, 0, 0.13374544287],
      [0.34946968239, 0.058461740451, 0.010185683749, 0.047556830648, 0.35226417125, 0.059602246485, 0.010383493536, 0.046020254806]
    ],
    [
      [0.089492184971, 0.19753905901, 0.011781177817, 0.14273287314, 0.088870440681, 0.20142310259, 0, 0.14397812281],
      [0.34204558175, 0.17863364337, 0.033624212606, 0.0041512673368, 0.34454605537, 0.18264232178, 0.034393309012, 0.0041466477648]
    ]
  ],
  "prob": [
    [0.31099648854, 0.35186495856, 0.087539355695, 0.059439317051, 1.9651803411e-15, 0.010355234995, 0.13356487952, 0.046239765641],
    [0.089318307331, 0.34274486675, 0.19862527459, 0.17975471445, 0.008486441648, 0.033839298889, 0.14308112093, 0.0041499754226]
  ],
  "iterations": 16,
  "logLik": -24.0875779532,
  "time": 1.7e-05,
  "message": "Converged",
  "status": 0,
  "maxiter": 3600,
  "param_threshold": 0.0001,
  "ll_threshold": "-Inf",
  "initial_prob": "group_proportional",
  "ballotbox_id": ["1M", "1V-2"],
  "candidates_id": ["C1", "C2", "C3", "C4", "C5", "C6", "C7", "C8"],
  "group_id": ["M", "F"]
}
