{
  "X": [
    [11, 58, 7, 30, 0, 8, 9, 2],
    [16, 52, 17, 26, 1, 4, 7, 1],
    [12, 65, 12, 33, 0, 8, 8, 4],
    [19, 57, 12, 17, 0, 4, 11, 2],
    [14, 70, 12, 18, 1, 6, 6, 1],
    [18, 60, 11, 14, 0, 8, 11, 3],
    [28, 50, 11, 31, 0, 11, 7, 2],
    [13, 44, 12, 17, 1, 5, 9, 3],
    [20, 45, 8, 14, 1, 4, 5, 1]
  ],
  "W": [
    [24, 101],
    [93, 31],
    [38, 104],
    [98, 24],
    [19, 109],
    [85, 40],
    [26, 114],
    [79, 25],
    [80, 18]
  ],
  "method": "mult",
  "cond_prob": [
    [
      [0.12010983521, 0.4184363729, 0.12212860661, 0.12320580354, 0.023074890744, 0.047772499289, 0.073849114734, 0.029783931749],
      [0, 0.051773236894, 0.04731716663, 0.014766309784, 0.11186982546, 0.35954310488, 0.076715461159, 0.21144218708]
    ],
    [
      [0.080652245416, 0.42169049168, 0.071208116571, 0.20630256296, 0.0050656065674, 0.098977969442, 0.044513132272, 0.025855564216],
      [0.035702590372, 0.06307845357, 0.031881763954, 0.14121760499, 0.47450901763, 0.11532018085, 0.14130370372, 0.011943055737]
    ],
    [
      [0.46819139826, 0.15296895137, 0.16106034624, 0, 0.023720638537, 0.10077125265, 0.015850624504, 0.21602526613],
      [0.070499074201, 0.036944500637, 0.026848167655, 0.10353644796, 0.49144636348, 0.070115813167, 0.23367362137, 0.0025208767039]
    ],
    [
      [0.46295253749, 0.090370526973, 0.25769866453, 0, 0.051129855115, 0.060650662424, 0.013922415306, 0.15083321306],
      [0.11023016344, 0.0083751773619, 0.16517507091, 0.51232418229, 0.10057871376, 0.14347031252, 0.011884325152, 0.034194301351]
    ],
    [
      [0.08520187536, 0.18114033859, 0, 0.02710730091, 0.068490185155, 0.024976377649, 0.13481846343, 0.45671769998],
      [0.06327174441, 0.0071429307493, 0.11667498042, 0.55311249785, 0.061060591963, 0.2394225566, 0.0025031107154, 0.070528811216]
    ],
    [
      [0.049332181395, 0.29396491304, 0, 0.056421842834, 0.042923010913, 0.021891692848, 0.09393884693, 0.46964828305],
      [0.018448458581, 0.11108574025, 0.46356510697, 0.13605998461, 0.092416959073, 0, 0.038379405476, 0.055095057917]
    ],
    [
      [0.16211567878, 0.010104549487, 0.032609043683, 0.097699737201, 0.0084265612885, 0.2630559667, 0.42033523425, 0.088060881909],
      [0.015436831529, 0.075094482292, 0.48192110878, 0.086013219913, 0.15410289438, 0, 0.078913499635, 0.032896807392]
    ],
    [
      [0.25785538556, 0.0020934931202, 0.064769325282, 0.059030001485, 0.0076986593525, 0.18545936859, 0.43127989775, 0.053037530168],
      [0.14022592716, 0.4593746864, 0.10646300886, 0.08668595239, 0, 0.042010454623, 0.09585953511, 0.010451467854]
    ],
    [
      [0, 0.025670229557, 0.081859812859, 0.016783971608, 0.15897517995, 0.34644334608, 0.12763540111, 0.12751226912],
      [0.096019906905, 0.45706407704, 0.064883193732, 0.15052070233, 0, 0.087023609182, 0.057119998225, 0.0090922913296]
    ]
  ],
  "prob": [
    [0.16107052062, 0.44622813149, 0.11550911757, 0.13566045489, 0.0060377346355, 0.034153129519, 0.08296037292, 0.018380538352],
    [0.1125417358, 0.45777752553, 0.069665206452, 0.22335878542, 0.0012809239419, 0.06980712265, 0.049598419301, 0.015970280894]
  ],
  "iterations": 13,
  "logLik": -131.6530879896,
  "time": 5.7e-05,
  "message": "Converged",
  "status": 0,
  "maxiter": 3600,
  "param_threshold": 0.0001,
  "ll_threshold": "-Inf",
  "initial_prob": "group_proportional",
  "ballotbox_id": ["1M", "1V", "2M", "2V", "3M", "3V", "4M", "4V", "5V"],
  "candidates_id": ["C1", "C2", "C3", "C4", "C5", "C6", "C7", "C8"],
  "group_id": ["M", "F"]
}
