{
  "X": [
    [15, 48, 35, 21, 1, 10, 11, 1],
    [16, 41, 32, 14, 0, 4, 15, 2],
    [15, 53, 30, 23, 1, 2, 16, 0],
    [17, 36, 20, 11, 0, 4, 13, 1],
    [14, 49, 15, 17, 0, 3, 26, 1],
    [18, 47, 37, 21, 5, 5, 22, 3]
  ],
  "W": [
    [20, 122],
    [107, 17],
    [18, 123],
    [78, 24],
    [23, 102],
    [120, 33]
  ],
  "method": "mult",
  "cond_prob": [
    [
      [0.13453686617, 0.078275935204, 0, 0.26490341722, 0.1785980573, 0.12900340837, 0, 0.2443175097],
      [0.10524211424, 0.32147203694, 0.018397672066, 0.012629904158, 0.098102906459, 0.3375366341, 0.029783597436, 0.03045174601]
    ],
    [
      [0.10076988816, 0.07731438007, 0, 0.20695662585, 0.1284876135, 0.12241710536, 0, 0.19657342467],
      [0.15504205992, 0.38779577293, 0.0020842747699, 0.014524468275, 0.13909594405, 0.40402199265, 0.0032900276839, 0.036052083553]
    ],
    [
      [0.27891377471, 0.029395901384, 0.031589616525, 0.12010960506, 0.3369316316, 0.012456639889, 0.021466922821, 0.12099381821],
      [0.018825912662, 0.26603425834, 0.14143650202, 0.11919916175, 0, 0.14679612043, 0.12047516007, 0.13979465344]
    ],
    [
      [0.34791222859, 0.0033827774143, 0.036416771492, 0.17068049316, 0.40412383325, 0.0013986761373, 0.024557834086, 0.17706755008],
      [0.0050886628807, 0.20830540715, 0.1021837054, 0.11356582644, 0, 0.11404501201, 0.089660539961, 0.13711583567]
    ],
    [
      [0.29434651806, 0.13414460338, 0.12172005101, 0.020239130103, 0.20701289559, 0.1455442423, 0.21728854925, 0.037482949065],
      [0.060462977565, 0.10664176174, 0.32148227969, 0, 0.037894460792, 0.10158393367, 0.28307486526, 0.023409298251]
    ],
    [
      [0.23840513768, 0.097148171055, 0.11621482712, 0.0052743850736, 0.16104438589, 0.10455825944, 0.2058998055, 0.010145498075],
      [0.072084865274, 0.15203477549, 0.3868144958, 0, 0.043432441822, 0.14362706864, 0.35065809519, 0.0027269727968]
    ]
  ],
  "prob": [
    [0.14023292943, 0.31086190754, 0.24033408553, 0.10979562581, 0.014313596948, 0.032569408421, 0.13270603818, 0.019186408146],
    [0.10266385756, 0.37790245939, 0.19018257292, 0.15754136808, 0.0038108495771, 0.037854975568, 0.12788887494, 0.0021550419691]
  ],
  "iterations": 9,
  "logLik": -92.8784530155,
  "time": 2.5e-05,
  "message": "Converged",
  "status": 0,
  "maxiter": 3600,
  "param_threshold": 0.0001,
  "ll_threshold": "-Inf",
  "initial_prob": "group_proportional",
  "ballotbox_id": ["1M", "1V", "2M", "2V", "3M", "3V"],
  "candidates_id": ["C1", "C2", "C3", "C4", "C5", "C6", "C7", "C8"],
  "group_id": ["M", "F"]
}
