{
  "X": [
    [21, 57, 27, 12, 1, 11, 18, 1],
    [21, 44, 34, 13, 4, 7, 26, 2],
    [12, 47, 38, 27, 2, 12, 20, 2],
    [23, 53, 18, 12, 1, 4, 14, 2],
    [18, 60, 40, 16, 1, 10, 23, 3],
    [20, 45, 18, 10, 0, 9, 14, 1],
    [26, 54, 32, 19, 2, 7, 21, 1],
    [18, 51, 28, 12, 1, 8, 25, 2],
    [25, 56, 28, 18, 3, 10, 23, 3],
    [22, 57, 26, 7, 0, 7, 19, 1],
    [27, 56, 27, 23, 1, 5, 27, 3],
    [19, 33, 34, 12, 1, 6, 21, 1],
    [26, 71, 25, 11, 1, 3, 28, 5],
    [24, 48, 27, 23, 0, 7, 21, 2],
    [22, 42, 37, 13, 2, 7, 21, 3],
    [21, 30, 36, 13, 0, 3, 17, 3],
    [28, 45, 29, 21, 0, 10, 35, 3],
    [21, 38, 31, 11, 0, 7, 13, 3],
    [28, 43, 12, 10, 2, 6, 13, 2],
    [11, 21, 14, 16, 1, 2, 13, 4],
    [18, 26, 27, 10, 2, 2, 4, 6],
    [12, 45, 29, 18, 0, 4, 9, 0],
    [24, 49, 32, 17, 2, 13, 17, 5],
    [18, 55, 40, 14, 2, 2, 7, 5],
    [17, 47, 30, 19, 0, 9, 21, 4],
    [13, 58, 23, 12, 1, 8, 22, 5],
    [22, 43, 31, 13, 3, 7, 18, 4],
    [23, 52, 33, 24, 0, 6, 15, 3],
    [18, 54, 28, 13, 0, 6, 20, 3],
    [13, 55, 27, 11, 2, 4, 26, 2],
    [28, 48, 20, 14, 2, 6, 14, 1],
    [15, 44, 23, 12, 1, 0, 9, 4],
    [22, 37, 27, 17, 1, 1, 13, 3],
    [17, 40, 33, 17, 0, 4, 12, 1],
    [18, 40, 28, 14, 0, 5, 11, 1],
    [14, 50, 32, 12, 2, 5, 7, 1],
    [18, 47, 28, 17, 0, 5, 19, 3],
    [18, 46, 28, 14, 1, 18, 18, 3],
    [15, 47, 35, 16, 0, 10, 19, 0],
    [20, 50, 30, 13, 1, 6, 31, 1]
  ],
  "W": [
    [40, 108],
    [42, 109],
    [35, 125],
    [97, 30],
    [17, 154],
    [85, 32],
    [22, 140],
    [116, 29],
    [23, 142],
    [109, 30],
    [12, 157],
    [98, 29],
    [141, 29],
    [134, 18],
    [79, 68],
    [95, 28],
    [115, 57],
    [102, 22],
    [94, 22],
    [62, 20],
    [76, 19],
    [80, 36],
    [87, 73],
    [85, 58],
    [78, 68],
    [72, 71],
    [80, 61],
    [92, 64],
    [56, 86],
    [58, 82],
    [48, 85],
    [24, 84],
    [15, 106],
    [28, 96],
    [17, 100],
    [34, 89],
    [45, 93],
    [53, 93],
    [58, 84],
    [59, 93]
  ],
  "method": "mult",
  "cond_prob": [
    [
      [0.16810005109, 0.18128575134, 0.19614443918, 0.17918583264, 0.19783690979, 0.10222121785, 0.24225252597, 0.13680510956],
      [0.0063038964275, 0.0054556685458, 0.0047811755764, 0, 0.0078357956547, 0, 0.0037487651502, 0.0037223361806]
    ],
    [
      [0.13219038712, 0.14332517842, 0.1569354276, 0.14186316776, 0.15590011612, 0.080689429398, 0.19243300997, 0.10523407486],
      [0.014182503763, 0.012662211346, 0.01136895549, 0, 0.018253046377, 0, 0.0089194522777, 0.0086298999477]
    ],
    [
      [0.38145802214, 0.38263759716, 0.32217881255, 0.24278599708, 0.27278825922, 0.40502455455, 0.35554067643, 0.40903739389],
      [0.07024582857, 0.053904954277, 0.017226807665, 0.055167253871, 0.077404957522, 0.036670956605, 0.0073203340167, 0.11463582063]
    ],
    [
      [0.38648364141, 0.38986100893, 0.33207121638, 0.24768564234, 0.27715301745, 0.41190193839, 0.36393435839, 0.40553478268],
      [0.07628452891, 0.060205355605, 0.019727166911, 0.062442410817, 0.086941506243, 0.041021113561, 0.0084006014039, 0.12818719483]
    ],
    [
      [0.1725023382, 0.15035989935, 0.14651178811, 0.28705990384, 0.27960454622, 0.15557289647, 0.14221842918, 0.24999999287],
      [0.13396264486, 0.17448431727, 0.16568096529, 0.10570753534, 0.10959838477, 0.098483492557, 0.11066895618, 0.1280192179]
    ],
    [
      [0.18610760253, 0.16315356892, 0.16079270279, 0.31187555314, 0.30257864438, 0.16847729477, 0.15502313544, 0.26395323082],
      [0.12257246173, 0.16416843012, 0.15985854522, 0.10077220001, 0.10371621267, 0.092815246686, 0.10696788647, 0.12059916644]
    ],
    [
      [0.069960220952, 0.08053302447, 0.11141545028, 0.10053347808, 0.10079043736, 0.076114942841, 0.091787966759, 0.085598045609],
      [0.019724556391, 0.015166670422, 0.031736171044, 0.026248513503, 0.039507276911, 0.02359280371, 0.040055584912, 0.028821217929]
    ],
    [
      [0.08520471767, 0.098679420746, 0.13801501401, 0.12333602913, 0.12320427238, 0.093058176714, 0.11295788011, 0.10203826172],
      [0.010553698359, 0.008352417988, 0.017931524569, 0.01463942107, 0.021879781205, 0.01301254196, 0.02260231165, 0.015877654206]
    ],
    [
      [0.0034287227128, 0, 0.0026059334878, 0, 0.016606370312, 0.0042331392535, 0.0080723453481, 0.0084113829519],
      [0.19044015652, 0.18367236781, 0.16214074344, 0.25099491211, 0.138303992, 0.14479449007, 0.16525641142, 0.12235537105]
    ],
    [
      [0.0079955354888, 0, 0.0061756005959, 0, 0.039087229777, 0.0099187950611, 0.019033983539, 0.019211971767],
      [0.15072103537, 0.14521884436, 0.12653938924, 0.19977478663, 0.10781677445, 0.11491525007, 0.12895041871, 0.094322195913]
    ],
    [
      [0.068105804768, 0.074259315694, 0.026088382652, 0.02367658626, 0.020523960456, 0.052942591912, 0.041497310081, 0.037862557873],
      [0.41537777522, 0.33205091654, 0.31558832967, 0.36888843622, 0.38391735484, 0.37516300044, 0.32114609338, 0.3323196546]
    ],
    [
      [0.076627938357, 0.084041642104, 0.029857699927, 0.02682874244, 0.023167295193, 0.059793806008, 0.047174803948, 0.04169222702],
      [0.42358897545, 0.33820345651, 0.31724087202, 0.37837807133, 0.38557670392, 0.38362559144, 0.32298473313, 0.33007014238]
    ],
    [
      [0.1264255508, 0.1212022699, 0.16522820149, 0.13964997752, 0.042523060589, 0.15874210168, 0.10817802879, 0.060080162304],
      [0.13892148731, 0.15724318611, 0.17615138801, 0.10168036427, 0.27200551529, 0.18714288315, 0.25223346099, 0.23828466014]
    ],
    [
      [0.11983739048, 0.11552022582, 0.15933630677, 0.1332771457, 0.040409834413, 0.15103332355, 0.10359155965, 0.055722289027],
      [0.15086726798, 0.17053338986, 0.18855757566, 0.11107447862, 0.29090236036, 0.20377709889, 0.27014767039, 0.25202348933]
    ],
    [
      [0.010019289333, 0.0097221420831, 0.029826992241, 0.027108224568, 0.069326456053, 0.045148555444, 0.010452717439, 0.012205354946],
      [0.089721076667, 0.090910764277, 0.14764929534, 0.082586178797, 0.090272124733, 0.080427030857, 0.11796390684, 0.10099731116]
    ],
    [
      [0.005552786942, 0.0054189550472, 0.016816031936, 0.015133719486, 0.03849959028, 0.025127236116, 0.0058512689515, 0.0066131621123],
      [0.11002080813, 0.11128888265, 0.17843626861, 0.10187986746, 0.10899576051, 0.098867414212, 0.14264330472, 0.12059385533]
    ],
    [
      [0.16525808022, 0.19670738065, 0.15769380634, 0.17566842779, 0.11096756315, 0.17220205519, 0.16439862481, 0.15281026713],
      [0.0059810371792, 0.0083910560053, 0, 0.013731430913, 0.0091168579071, 0, 0, 0]
    ],
    [
      [0.12905516398, 0.15480171298, 0.122592606, 0.13946566832, 0.084489914349, 0.13489650153, 0.13147563102, 0.12095698855],
      [0.014086188213, 0.019655071135, 0, 0.032567224763, 0.021105424655, 0, 0, 0]
    ],
    [
      [0.29009533146, 0.32939229218, 0.25973248492, 0.26121696505, 0.38690387937, 0.30372633818, 0.39779836533, 0.33851369271],
      [0.030543675019, 0.054141919727, 0.045422606611, 0.050404033206, 0.013357528449, 0.03905794759, 0.02957471363, 0.066347159057]
    ],
    [
      [0.29186947955, 0.33394648939, 0.26017202663, 0.26709093936, 0.37965593575, 0.30653603784, 0.41017303751, 0.34526527042],
      [0.034595061402, 0.061233682817, 0.050707845281, 0.057428263219, 0.014898462701, 0.044354050235, 0.033035033117, 0.073182865567]
    ],
    [
      [0.21411123726, 0.18482869114, 0.26365794093, 0.16477355369, 0.24436974113, 0.21294858927, 0.19790817839, 0.19318889257],
      [0.11143688573, 0.14439429397, 0.13914325381, 0.11292109596, 0.050183910005, 0.14462292048, 0.10142475526, 0.13969584399]
    ],
    [
      [0.22938693474, 0.19952623237, 0.2812545452, 0.17939494647, 0.25537490227, 0.22886144174, 0.2173297123, 0.20982522367],
      [0.10631028572, 0.1375992225, 0.13086198762, 0.10835022848, 0.047152689662, 0.13835361197, 0.095423973911, 0.12980745149]
    ],
    [
