{
  "X": [
    [24, 32, 19, 12, 2, 4, 13, 6],
    [21, 39, 23, 11, 0, 4, 8, 7],
    [27, 64, 42, 15, 2, 4, 13, 6],
    [36, 57, 35, 14, 0, 5, 19, 9],
    [12, 12, 3, 7, 0, 4, 6, 2]
  ],
  "W": [
    [30, 82],
    [87, 26],
    [25, 148],
    [136, 39],
    [24, 22]
  ],
  "method": "mult",
  "cond_prob": [
    [
      [0.2473667706, 0.042885377695, 0.19417449826, 0.068467784858, 1.0213534539e-08, 0.31914495806, 0.1110695565, 0.13870145222],
      [0.17850486805, 0.045199316373, 0, 0.37301001592, 0.073618298402, 0.088435517678, 0.23945584886, 0.07715507044]
    ],
    [
      [0.20199100084, 0.033052625625, 0.23495225796, 0.040152202538, 0.013486503329, 0.34877396692, 0.099777286299, 0.16783514898],
      [0.096737164563, 0.19447888034, 0.037451748315, 0.21000198136, 0.054718399872, 0, 0.2429245627, 0.13349121959]
    ],
    [
      [0.26624403225, 0.12482469677, 0.094451695081, 0.19060224376, 0.029608043159, 0.19084842697, 0.056561706629, 0],
      [0.11098978643, 0.15687883374, 0.028518433568, 0.24819335146, 0.031376828503, 0, 0.28168672722, 0.12683296465]
    ],
    [
      [0.29289394884, 0.11280408101, 0.10703553264, 0.15035505421, 0.022048703, 0.23218322372, 0.033419732675, 0],
      [1.7860775545e-08, 0.33839096051, 0.07258443263, 0.079400033237, 0.2146475452, 0.030128667567, 0.057442496549, 0.052780301409]
    ],
    [
      [0.14572315468, 0.076218785582, 0, 0.35131641253, 0.084352875866, 0.07759913908, 0.27926266845, 0.095397299087],
      [0.024564372823, 0.36767375736, 0.064788982198, 0.087911245168, 0.17431048153, 0.023099791175, 0.074277779634, 0.032756460226]
    ]
  ],
  "prob": [
    [0.21523209269, 0.3160402273, 0.17830772023, 0.08936003645, 2.6197404961e-09, 0.038649332717, 0.10091939534, 0.061491192657],
    [0.17337790922, 0.34252869578, 0.21504110657, 0.10106091195, 0.012650728909, 0.02937951427, 0.089941942371, 0.036019190935]
  ],
  "iterations": 10,
  "logLik": -74.2402861547,
  "time": 2.6e-05,
  "message": "Converged",
  "status": 0,
  "maxiter": 3600,
  "param_threshold": 0.0001,
  "ll_threshold": "-Inf",
  "initial_prob": "group_proportional",
  "ballotbox_id": ["1M-4M", "1V-2V", "2M-3M", "3V-4V", "5-6"],
  "candidates_id": ["C1", "C2", "C3", "C4", "C5", "C6", "C7", "C8"],
  "group_id": ["M", "F"]
}
