{
  "X": [
    [19, 31, 21, 15, 3, 13, 18, 3],
    [34, 27, 14, 8, 1, 12, 17, 5],
    [21, 35, 26, 15, 2, 16, 11, 1],
    [25, 24, 22, 15, 2, 14, 10, 4],
    [26, 26, 20, 18, 3, 16, 14, 5],
    [21, 28, 28, 15, 1, 14, 18, 1],
    [27, 37, 17, 19, 1, 13, 21, 3],
    [29, 25, 21, 14, 1, 14, 15, 1],
    [28, 36, 22, 15, 2, 13, 22, 2],
    [40, 31, 22, 16, 3, 12, 33, 3],
    [40, 52, 16, 11, 1, 19, 27, 4],
    [33, 31, 18, 13, 3, 6, 23, 3],
    [23, 23, 8, 7, 1, 9, 13, 1],
    [34, 49, 11, 9, 3, 13, 20, 2]
  ],
  "W": [
    [36, 87],
    [82, 36],
    [13, 114],
    [87, 29],
    [13, 115],
    [98, 28],
    [17, 120],
    [96, 24],
    [21, 119],
    [118, 42],
    [15, 155],
    [111, 19],
    [19, 66],
    [103, 37]
  ],
  "method": "mult",
  "cond_prob": [
    [
      [0.18151434554, 0.14970407535, 0.018227447824, 0.22819207053, 0.25220702429, 0.17551180051, 0.0071778737663, 0.10124974066],
      [0.0232193346, 0.098336290706, 0.12473304343, 0.22755379277, 0.0082111809592, 0.068558607363, 0.097751404939, 0.33141658829]
    ],
    [
      [0.14338430864, 0.13109674659, 0.014331588429, 0.20160667929, 0.1997668397, 0.15386639258, 0.0057566417353, 0.09202931617],
      [0.024869078894, 0.12909554371, 0.14242430172, 0.27384439209, 0.0088173398299, 0.093570420882, 0.11336956736, 0.39136378337]
    ],
    [
      [0.22113450102, 0.041244317146, 0.11189165671, 0.11587147642, 0.20027186867, 0.013260974466, 0.085602065099, 0.073519524352],
      [0.3063437881, 0.099546592365, 0.028530646127, 0.13577594747, 0.23970212181, 0.21227761908, 0.023711538214, 0.080667881352]
    ],
    [
      [0.2647097076, 0.044959086026, 0.14670451483, 0.12998684831, 0.24039187846, 0.014467942997, 0.1143064061, 0.084926514722],
      [0.24629938425, 0.085159514701, 0.022860598147, 0.12140809788, 0.19292834617, 0.18887700415, 0.019302399943, 0.070776539365]
    ],
    [
      [0.1852816223, 0.20489637586, 0.089514936185, 0.0083351373436, 0.17889461771, 0.26237563044, 0.18001119722, 0.013800437258],
      [0.21460018337, 0.0074403276385, 0.096063548917, 0.12309769707, 0.21680646032, 0.018246030051, 0.043902561715, 0.061934232196]
    ],
    [
      [0.16475339872, 0.16091275464, 0.076432363199, 0.006562517546, 0.15948330556, 0.21437507599, 0.1567652122, 0.011171039065],
      [0.26148461241, 0.0079225884522, 0.12828326752, 0.13973867985, 0.26433224247, 0.020198857043, 0.0595698541, 0.068984840649]
    ],
    [
      [0.11172077665, 0.23538465274, 0.033940942856, 0.10382689283, 0.11364724022, 0.18259164336, 0.021865160745, 0.083225996679],
      [0.12215847637, 0.22798574799, 0.12380483368, 0.0088166686562, 0.17077189591, 0.28787640337, 0.17992496136, 0.022600433889]
    ],
    [
      [0.12614378772, 0.28010959574, 0.036075466965, 0.13626815715, 0.12865825694, 0.22588747068, 0.023690604512, 0.11250470016],
      [0.11054767215, 0.17872531766, 0.10773811613, 0.0070247448429, 0.15470974071, 0.23019195522, 0.15904394125, 0.017672205658]
    ],
    [
      [0.028604013656, 0.22853966162, 0.24791117823, 0.14766920857, 0.0086924876155, 0.14041266965, 0.26092021861, 0.16867881666],
      [0.06486027435, 0.1974953772, 0.036346724473, 0.073197196157, 0.095036040428, 0.256614581, 0.022748620001, 0.085268332533]
    ],
    [
      [0.022662576401, 0.20204363013, 0.19805228217, 0.12625137, 0.006905575159, 0.12909745648, 0.21177304164, 0.14834052261],
      [0.074538021142, 0.23465068582, 0.03936944611, 0.09717260997, 0.10929882052, 0.31066460217, 0.025026222135, 0.11109683378]
    ],
    [
      [0.0861168917, 0.10639292286, 0.17082616492, 0.0078234360382, 0.10953188145, 0.095872557681, 0.23083586494, 0.010953582399],
      [0.0090031514871, 0.19546575776, 0.17513465015, 0.17253986709, 0.017079927335, 0.10356575116, 0.31810847559, 0.14783311071]
    ],
    [
      [0.11373218268, 0.11942566368, 0.20678568299, 0.0083250003714, 0.14508337434, 0.11187844806, 0.28384663173, 0.012000457897],
      [0.0072600389995, 0.17247279899, 0.13748034239, 0.14929568039, 0.013787995294, 0.09319914566, 0.25673117729, 0.12551967536]
    ],
    [
      [0.16240851454, 0.019463176209, 0.17178386022, 0.23865223237, 0.12854369908, 0.019665242382, 0.14020483022, 0.25630803352],
      [0.092085733828, 0.12547813348, 0.21314712811, 0.020366598422, 0.071830779218, 0.057286967649, 0.23046342641, 0.013971387514]
    ],
    [
      [0.13974495934, 0.015330708943, 0.15448630521, 0.18958335936, 0.11089343001, 0.016115266722, 0.12806834184, 0.19982405315],
      [0.12381443843, 0.1406072641, 0.25351908494, 0.021932435619, 0.096608519251, 0.0654254324, 0.28229627208, 0.014762068669]
    ]
  ],
  "prob": [
    [0.2467144404, 0.2244744161, 0.15469894041, 0.097001751784, 0.016631839716, 0.085605510643, 0.15488156506, 0.019991535893],
    [0.19681290125, 0.2707276472, 0.13880909718, 0.11037627462, 0.01330529041, 0.11387056068, 0.13451255638, 0.021585672274]
  ],
  "iterations": 9,
  "logLik": -236.3137204371,
  "time": 5.2e-05,
  "message": "Converged",
  "status": 0,
  "maxiter": 3600,
  "param_threshold": 0.0001,
  "ll_threshold": "-Inf",
  "initial_prob": "group_proportional",
  "ballotbox_id": ["1M", "1V", "2M", "2V", "3M", "3V", "4M", "4V", "5M", "5V", "6M", "6V", "7M", "7V"],
  "candidates_id": ["C1", "C2", "C3", "C4", "C5", "C6", "C7", "C8"],
  "group_id": ["M", "F"]
}
