{
  "X": [
    [30, 61, 28, 23, 0, 19, 15, 4],
    [18, 47, 25, 16, 6, 14, 13, 5],
    [24, 49, 27, 23, 4, 12, 17, 4],
    [26, 53, 16, 16, 0, 13, 16, 1],
    [21, 59, 17, 32, 1, 10, 14, 3],
    [23, 53, 21, 16, 2, 8, 24, 5],
    [31, 58, 28, 25, 0, 18, 21, 2],
    [27, 51, 19, 18, 1, 11, 15, 5],
    [18, 67, 26, 26, 0, 9, 33, 2],
    [25, 64, 23, 12, 3, 13, 21, 2],
    [36, 61, 25, 18, 3, 24, 21, 3],
    [27, 57, 25, 16, 0, 6, 20, 2],
    [25, 68, 24, 13, 1, 7, 17, 1],
    [9, 44, 34, 17, 2, 11, 11, 3],
    [18, 45, 24, 8, 1, 11, 12, 3],
    [12, 29, 32, 14, 2, 11, 11, 7],
    [14, 35, 26, 18, 0, 13, 18, 3],
    [12, 49, 21, 16, 4, 10, 13, 5],
    [22, 38, 27, 22, 1, 10, 13, 4],
    [14, 51, 20, 8, 0, 10, 16, 2],
    [15, 47, 31, 13, 0, 12, 12, 6],
    [17, 44, 25, 11, 3, 9, 27, 1],
    [24, 50, 18, 19, 2, 7, 14, 4],
    [15, 45, 24, 17, 0, 6, 30, 3],
    [21, 65, 18, 15, 0, 13, 29, 3],
    [14, 48, 18, 28, 1, 6, 18, 1],
    [24, 42, 16, 22, 1, 7, 16, 1],
    [17, 49, 22, 18, 1, 7, 24, 5],
    [19, 49, 22, 13, 1, 7, 23, 3],
    [23, 49, 29, 13, 1, 12, 16, 3],
    [22, 44, 24, 22, 1, 5, 18, 1]
  ],
  "W": [
    [53, 127],
    [100, 44],
    [31, 129],
    [100, 41],
    [34, 124],
    [111, 41],
    [35, 148],
    [111, 36],
    [39, 142],
    [113, 50],
    [63, 128],
    [121, 32],
    [109, 47],
    [25, 105],
    [70, 52],
    [26, 92],
    [82, 45],
    [38, 92],
    [85, 52],
    [40, 81],
    [81, 55],
    [46, 91],
    [85, 55],
    [54, 86],
    [93, 71],
    [40, 94],
    [73, 56],
    [50, 93],
    [80, 57],
    [43, 103],
    [101, 36]
  ],
  "method": "mult",
  "cond_prob": [
    [
      [0.22004387857, 0.0069521574348, 0.10238340076, 0.035587284809, 0.015320208748, 0.049877000227, 0.15266546449, 0.36787554754],
      [0.03514028112, 0.15668618549, 0.10341724229, 0.015610445874, 0.13490557063, 0.19403426199, 0.34337387838, 0.13662595904]
    ],
    [
      [0.14420447695, 0.007435179781, 0.10094547341, 0.053218784176, 0.017388168665, 0.074333213682, 0.18318806127, 0.32898920338],
      [0.20860012085, 0.032339859214, 0.12888360326, 0.063226237638, 0.02746162477, 0.061203235574, 0.11932650835, 0.35920254909]
    ],
    [
      [0.36489584007, 0.18463300735, 0.033521933596, 0.13064290232, 0.070758749335, 0, 0.094928289164, 0.13556197835],
      [0.13588446919, 0.034396771432, 0.12868850744, 0.088698284618, 0.032113037897, 0.090056429205, 0.14057984328, 0.32554751864]
    ],
    [
      [0.32789218486, 0.11982660614, 0.035520894515, 0.13096991391, 0.099298526603, 0, 0.13807585521, 0.16372082011],
      [0.33495966015, 0.23332732079, 0.012002817257, 0.088234441084, 0.058421675529, 0.019341720894, 0.16049896455, 0.17165857821]
    ],
    [
      [0.13527872884, 0.41119208651, 0.13673981952, 0.012865866616, 0.097784264438, 0.06198193477, 0, 0.096753477349],
      [0.29929848214, 0.1540420771, 0.012879562143, 0.082992124983, 0.084462454939, 0.023202056841, 0.22920441272, 0.21008948638]
    ],
    [
      [0.16409230789, 0.36605388661, 0.08917251229, 0.013861623933, 0.091976868553, 0.093101677522, 0, 0.14163691522],
      [0.14468635503, 0.34310507191, 0.2428933918, 0.022697362232, 0.1022263378, 0.04978470912, 0.0066873801099, 0.066496707168]
    ],
    [
      [0.096039582448, 0.093463550867, 0.40359411289, 0.17752857553, 0.058807352585, 0.13162755563, 0.033321011264, 0.006212406388],
      [0.17455066941, 0.31062206243, 0.16114451157, 0.022945347499, 0.099081721054, 0.073831783102, 0.0077856692209, 0.098640920758]
    ],
    [
      [0.14116652514, 0.11234029675, 0.36091837917, 0.11895814657, 0.059454738618, 0.13251679382, 0.048848091531, 0.0074144911421],
      [0.10476653887, 0.12977397486, 0.33979380217, 0.17316534952, 0.037350621219, 0.19780379739, 0.034184541028, 0.0059713974587]
    ],
    [
      [0, 0.15006127388, 0.12358363106, 0.44656959529, 0.12860587626, 0.015672658429, 0.21653837101, 0.037411500218],
      [0.1531677635, 0.15858922495, 0.30906040293, 0.11291917393, 0.038908993831, 0.19668399923, 0.049202532001, 0.0072222345651]
    ],
    [
      [0, 0.21858638858, 0.14918139995, 0.41024780772, 0.078696515878, 0.016959244755, 0.21284173118, 0.055197746167],
      [0.021647137741, 0.098462683166, 0.11366722429, 0.38610662955, 0.1876542104, 0.0069813317174, 0.13771467064, 0.061008769504]
    ],
    [
      [0.078855618557, 0.0055510048954, 0.10542667747, 0.14366627411, 0.29286551522, 0.13016629792, 0.020709046329, 0.16898584646],
      [0.02580804378, 0.1457985265, 0.1395467676, 0.34540576148, 0.11781256543, 0.0074607450448, 0.13289646033, 0.091212507011]
    ],
    [
      [0.11681955984, 0.0065936363021, 0.15420860487, 0.17821370819, 0.24580961691, 0.081937390352, 0.021876965045, 0.16718532625],
      [0.054294524385, 0, 0.071162186201, 0.18069979284, 0.29311966188, 0.20080914437, 0.0072713272416, 0.10937739858]
    ],
    [
      [0.083682092854, 0.046586011794, 0, 0.072575659279, 0.19511128247, 0.3661572607, 0.1500640269, 0.033582624207],
      [0.080002409489, 0, 0.10586201864, 0.21839220329, 0.25237951566, 0.13189279504, 0.0075415601368, 0.1096643584]
    ],
    [
      [0.083176192054, 0.068393169828, 0, 0.10913927812, 0.22122430253, 0.31611567854, 0.098829060946, 0.035707751275],
      [0.10724102718, 0.070417288148, 0.013754695731, 0.054756764119, 0.18537233605, 0.37686870579, 0.21901416385, 0.019486083732]
    ],
    [
      [0.021204258665, 0.090242408982, 0.036254257336, 0.0060102115435, 0.12458205553, 0.2133478979, 0.41354812214, 0.16163178672],
      [0.10600165578, 0.10508988388, 0.016687824507, 0.080247932041, 0.21557376862, 0.33946103594, 0.14288382013, 0.0209970152]
    ],
    [
      [0.022648753271, 0.08886963887, 0.053446300526, 0.0073676715777, 0.17128648533, 0.24877915864, 0.37340436981, 0.10614235301],
      [0.023804635794, 0.11461709715, 0.094329297449, 0.0075712136766, 0.13860230974, 0.12027506269, 0.34105015726, 0.17764273766]
    ],
    [
      [0.14172069018, 0.018270655726, 0.18387194631, 0.038961113636, 0, 0.081691001554, 0.10031814659, 0.372940069],
      [0.025286506717, 0.11477790282, 0.14142898097, 0.0090425582715, 0.19542385774, 0.14631730983, 0.30520451679, 0.11350682956]
    ],
    [
      [0.08847811066, 0.019336376919, 0.18188014895, 0.059051616263, 0, 0.11549191521, 0.12229617765, 0.33588810906],
      [0.20473586617, 0.010296563983, 0.10949777482, 0.074983883756, 0.0069000420783, 0.11619004845, 0.11374551572, 0.33206639937]
    ],
    [
      [0.34179991214, 0.16691040297, 0.010529555417, 0.1084480983, 0.08966256883, 0, 0.075911404245, 0.14740065894],
      [0.13430524714, 0.01108032233, 0.11015950145, 0.11075881447, 0.0079296344291, 0.17136675428, 0.13750068218, 0.2909524176]
    ],
    [
      [0.29259885231, 0.10891798598, 0.011192654252, 0.11020643866, 0.12424918035, 0, 0.11216939308, 0.17930581679],
      [0.38707416388, 0.20087990477, 0.014901627553, 0.098778118313, 0.062768479815, 0.013433029852, 0.14196593126, 0.16703371742]
    ],
    [
      [0.16549770827, 0.35881620216, 0.17114201002, 0.0062404723079, 0.14553647393, 0.075113368898, 0, 0.079345825154],
      [0.34817929806, 0.13058556949, 0.016109992333, 0.097767290346, 0.089199168796, 0.016148997012, 0.20807983846, 0.19767483558]
    ],
    [
      [0.19133416375, 0.32101653094, 0.11268930048, 0.0068153328924, 0.13514364965, 0.10703020809, 0, 0.11702048959],
      [0.10684679723, 0.35638792819, 0.18973902005, 0.023938248222, 0.096655346805, 0.042644182051, 0.0071494661698, 0.1439676497]
    ],
    [
      [0.098689306258, 0.13083983789, 0.40457146288, 0.09959075322, 0.023636227766, 0.089887100267, 0.065518889272, 0.0067365950879],
      [0.12980482234, 0.31764179826, 0.12543002104, 0.025466266179, 0.092067074359, 0.063391156136, 0.008540690624, 0.20659211555]
    ],
    [
      [0.13833186638, 0.15806983807, 0.36519183182, 0.061690830778, 0.023590249361, 0.085851608325, 0.097575478755, 0.0080981597987],
