{
  "X": [
    [49, 24, 12, 11, 6, 12, 42, 0],
    [46, 16, 15, 10, 1, 9, 37, 4],
    [54, 16, 17, 10, 6, 7, 41, 3],
    [57, 27, 18, 4, 6, 13, 38, 3],
    [17, 26, 26, 7, 1, 13, 37, 3],
    [19, 17, 8, 8, 3, 6, 50, 5],
    [26, 28, 24, 11, 2, 15, 64, 3],
    [33, 15, 23, 9, 0, 7, 62, 4],
    [36, 15, 17, 13, 1, 10, 62, 3],
    [39, 15, 22, 6, 3, 13, 67, 5],
    [45, 29, 13, 9, 4, 12, 53, 3],
    [44, 21, 9, 11, 4, 6, 34, 2],
    [46, 12, 12, 3, 2, 2, 30, 2],
    [33, 17, 24, 8, 3, 14, 47, 7],
    [28, 17, 13, 10, 5, 7, 57, 6],
    [26, 15, 14, 9, 3, 10, 60, 3],
    [38, 18, 28, 9, 4, 9, 58, 1],
    [36, 31, 25, 11, 0, 9, 40, 4],
    [43, 29, 18, 14, 3, 10, 53, 0],
    [37, 23, 17, 7, 3, 10, 59, 2],
    [42, 27, 11, 4, 1, 11, 55, 1],
    [55, 15, 4, 3, 5, 10, 57, 3]
  ],
  "W": [
    [84, 72],
    [68, 70],
    [68, 86],
    [76, 90],
    [19, 111],
    [22, 93],
    [35, 138],
    [38, 114],
    [42, 115],
    [40, 130],
    [55, 113],
    [56, 76],
    [51, 58],
    [84, 69],
    [75, 68],
    [58, 82],
    [114, 50],
    [103, 53],
    [122, 48],
    [119, 40],
    [111, 41],
    [78, 74]
  ],
  "method": "mult",
  "cond_prob": [
    [
      [0.36840053596, 0.22445842515, 0.036522534545, 0.093581281443, 0.41008338765, 0.28692603741, 0.027204321854, 0.10263631074],
      [0.065097543615, 0.24083573203, 0.0032882393762, 0.06146574709, 0.023545308822, 0.12246261704, 0.0089770852386, 0.066104516916]
    ],
    [
      [0.24604199725, 0.3015668239, 0.023454921076, 0.11353842256, 0.2765243138, 0.32964732229, 0.01771253053, 0.12170475556],
      [0.079747011027, 0.19328529091, 0.020782130168, 0.080986256423, 0.031399737913, 0.096878677018, 0.057119592763, 0.089402486561]
    ],
    [
      [0.1608548606, 0.0045538895122, 0.041922618491, 0.073285436123, 0.16864123674, 0.013538660763, 0.049853893423, 0.042643140008],
      [0.0085907331627, 0.17265480495, 0.30965127713, 0.33550739581, 0.021025156394, 0.090881683873, 0.28235727689, 0.33822536648]
    ],
    [
      [0.1450050654, 0.032232010335, 0.053934957241, 0.086203839901, 0.153568607, 0.082069326455, 0.064889414992, 0.049022546179],
      [0.0059103915839, 0.20447281441, 0.185487952, 0.41173222291, 0.015729001216, 0.10607011383, 0.17738311159, 0.42598022943]
    ],
    [
      [0.067109938458, 0.41404100304, 0.37103952134, 0.008489127349, 0.05768367339, 0.24788810961, 0.32966986369, 0.020905712671],
      [0.054847994359, 0.047763521038, 0.1145929958, 0.0056756581948, 0.01465170506, 0.059578969844, 0.17817461401, 0.0026221813709]
    ],
    [
      [0.089229465234, 0.27871801503, 0.44453524612, 0.0056097274215, 0.077509900768, 0.14256734605, 0.39961291267, 0.013507074271],
      [0.075500659919, 0.054839840226, 0.092695044313, 0.036605375105, 0.021960460497, 0.067414023555, 0.15103501533, 0.017499398637]
    ],
    [
      [0.062496683494, 0.17076831304, 0.008096365106, 0.051503304313, 0.071875348454, 0.13361963683, 0.00226703133, 0.058835280478],
      [0.23484742787, 0.011076869936, 0.13115013838, 0.34946231925, 0.22931017565, 0.027422643886, 0.098951609449, 0.432162267]
    ],
    [
      [0.080560923183, 0.15516034442, 0.051081635552, 0.068062685331, 0.093630819054, 0.10374685418, 0.01453258007, 0.076000852655],
      [0.30105599103, 0.0071378913344, 0.15648044047, 0.22644449964, 0.32003146615, 0.017426002518, 0.12369308505, 0.28353542401]
    ],
    [
      [0.043819761878, 0.092081170923, 0.22275206944, 0.33752932184, 0.035886520487, 0.084790082188, 0.26864016726, 0.35470367667],
      [0.0074752963468, 0.080051071759, 0.052581412344, 0.18823005733, 0.0043626068548, 0.061429999846, 0.077736565019, 0.10430472011]
    ],
    [
      [0.031739344383, 0.12338107613, 0.13267800089, 0.41543624496, 0.026247951001, 0.097122631934, 0.16010433909, 0.42669639505],
      [0.050563348976, 0.10326988375, 0.06082422338, 0.16465082716, 0.032189071863, 0.078101597215, 0.094209606308, 0.092375900956]
    ],
    [
      [0.064167353162, 0.020839473196, 0.19209248677, 0.0038056541314, 0.036419522239, 0.066290700331, 0.21323269794, 0.005321012495],
      [0.42832532236, 0.24261621107, 0, 0.064897657523, 0.27088869442, 0.38594167912, 0.019377062171, 0.02298163921]
    ],
    [
      [0.092936629476, 0.0270718696, 0.15447308723, 0.024633096168, 0.053311124831, 0.073615045652, 0.17150949483, 0.033917758619],
      [0.28488753673, 0.29148827451, 0, 0.083712976893, 0.15408537343, 0.456966391, 0.01320069769, 0.030021735881]
    ],
    [
      [0.23315086645, 0.042072312242, 0.12069020196, 0.32848864241, 0.2159579546, 0.042953022124, 0.15044587073, 0.30743605907],
      [0.10995280296, 0.0041465318232, 0.037295873827, 0.045932653054, 0.12477312649, 0.0051888467911, 0.053416132015, 0.017524364413]
    ],
    [
      [0.31448657507, 0.030715560937, 0.14311078941, 0.19960075699, 0.294389403, 0.026792847099, 0.17848122709, 0.19172934431],
      [0.098725283212, 0.026204715238, 0.048470478347, 0.057443888047, 0.095799187857, 0.032379261222, 0.072735771552, 0.022194311067]
    ],
    [
      [0, 0.063159095492, 0.056750113136, 0.10235543236, 0.0034523564426, 0.043601156702, 0.066989320695, 0.18550649012],
      [0.093888777836, 0.24556681227, 0.34955381503, 0.029654263774, 0.14758262887, 0.2631284766, 0.28998674045, 0.038090000149]
    ],
    [
      [0, 0.092181023362, 0.065242570951, 0.083967718929, 0.024817880542, 0.05440574587, 0.077047676884, 0.15612897714],
      [0.12434229039, 0.14535244244, 0.4231021916, 0.020840701944, 0.16713608371, 0.15798131778, 0.36774271249, 0.027103201275]
    ],
    [
      [0.40825322288, 0.19273868103, 0.016162161887, 0.1114414763, 0.50060925692, 0.36895177104, 0, 0.067951599809],
      [0.05627415111, 0.17509566998, 0.0051744874781, 0.056305299432, 0.049960927843, 0.115945182, 0, 0.054816272595]
    ],
    [
      [0.25896428842, 0.26199107107, 0.010441488927, 0.13481051823, 0.34523298079, 0.4287380496, 0, 0.084359607446],
      [0.072254061584, 0.14007542407, 0.032939669896, 0.079108861819, 0.054854139652, 0.093938195063, 0, 0.078004352269]
    ],
    [
      [0.1249080813, 0.0042999510394, 0.070237798635, 0.031152671127, 0.11399495333, 0.011905521182, 0.052346609414, 0.024947852839],
      [0.045880197482, 0.060088246667, 0.32193018347, 0.26186732528, 0.023940547971, 0.15995944754, 0.26161032472, 0.32495245366]
    ],
    [
      [0.10697728827, 0.030781039458, 0.09071233422, 0.036537102597, 0.10620791366, 0.073011479614, 0.067649992898, 0.030026494633],
      [0.033096731757, 0.07096185359, 0.19613072623, 0.34267512701, 0.014768820104, 0.19112862493, 0.15586486191, 0.43064445177]
    ],
    [
      [0.095979700462, 0.2008552574, 0.31802692879, 0.023912976717, 0.092500836966, 0.2470935596, 0.23936824873, 0.007205933393],
      [0.036666433597, 0.061668231596, 0.10987569133, 0.0036504243557, 0.082389376235, 0.051971783572, 0.15334454222, 0.005168282856]
    ],
    [
      [0.12128102078, 0.11930128962, 0.3825595982, 0.015760048808, 0.12724936791, 0.14476393364, 0.28808767645, 0.0048734618487],
      [0.052895262083, 0.070603519914, 0.090385257419, 0.025123117489, 0.1016397465, 0.060204423959, 0.12328575575, 0.03612062277]
    ]
  ],
  "prob": [
    [0.3222768249, 0.15005537148, 0.099236908399, 0.051090160962, 0.02419956176, 0.054807292871, 0.29335466306, 0.0049792165663],
    [0.20041698638, 0.12580168507, 0.12241497146, 0.061130216075, 0.016312202998, 0.073635314568, 0.36716113174, 0.033127491702]
  ],
  "iterations": 30,
  "logLik": -427.2950865358,
  "time": 0.000271,
  "message": "Converged",
  "status": 0,
  "maxiter": 3600,
  "param_threshold": 0.0001,
  "ll_threshold": "-Inf",
  "initial_prob": "group_proportional",
  "ballotbox_id": ["10", "11", "12", "13", "1M", "2M", "3M", "4M", "5M", "6M", "7M", "14", "15", "1V", "2V", "3V", "4V", "5V", "6V", "7V", "8V", "9V"],
  "candidates_id": ["C1", "C2", "C3", "C4", "C5", "C6", "C7", "C8"],
  "group_id": ["M", "F"]
}
