{
  "X": [
    [26, 30, 13, 4, 1, 8, 33, 1],
    [21, 39, 18, 14, 1, 15, 28, 3],
    [30, 39, 22, 16, 2, 12, 19, 2],
    [30, 42, 23, 18, 0, 11, 17, 1],
    [25, 40, 16, 21, 4, 12, 26, 1],
    [22, 45, 19, 15, 1, 7, 26, 1],
    [23, 38, 13, 14, 3, 10, 23, 2],
    [20, 39, 20, 9, 3, 11, 35, 1],
    [16, 29, 17, 19, 1, 14, 30, 4],
    [19, 36, 21, 12, 3, 13, 29, 0],
    [42, 31, 17, 11, 4, 18, 36, 2],
    [33, 27, 26, 16, 2, 13, 23, 0],
    [27, 36, 13, 11, 4, 13, 26, 3],
    [21, 47, 15, 21, 1, 17, 24, 3],
    [17, 25, 18, 17, 2, 18, 27, 4],
    [23, 34, 23, 19, 2, 12, 23, 0],
    [24, 42, 20, 12, 1, 9, 25, 2],
    [27, 28, 21, 11, 1, 13, 25, 5],
    [21, 44, 18, 14, 2, 13, 22, 8]
  ],
  "W": [
    [49, 67],
    [67, 72],
    [69, 73],
    [68, 74],
    [76, 69],
    [77, 59],
    [60, 66],
    [63, 76],
    [62, 69],
    [59, 74],
    [67, 94],
    [63, 77],
    [59, 74],
    [72, 77],
    [45, 84],
    [57, 79],
    [52, 83],
    [62, 69],
    [79, 64]
  ],
  "method": "mult",
  "cond_prob": [
    [
      [0.20309049613, 0.15469160362, 0.068214416238, 0.5522260624, 0.021298229548, 0, 0.076421092138, 0.0020005317683],
      [0.070926457949, 0, 0.00014334231809, 0.17056008814, 0.17694272965, 0.16627554183, 0.09227586172, 0.28724815288]
    ],
    [
      [0.23710485443, 0.070855020268, 0.30071393141, 0.073675872861, 0.023392354774, 0, 0.17538715997, 0.11730868999],
      [0.079841900658, 0.0029345620174, 0.15136161037, 0.21616773437, 0.08216430995, 0.53525644559, 0.013059573811, 0.084783314114]
    ],
    [
      [0.54220738958, 0.012644798511, 0.013134328972, 0.089271876565, 0.0038052237744, 0.17188844827, 0.20595372171, 0.052129370909],
      [0.17399315181, 0.15456270217, 0.21271504823, 0.087514169332, 0.30890561567, 0.085472621711, 0.015879009577, 0.00083716827136]
    ],
    [
      [0.070229779357, 0.0154402223, 0.00014313130798, 0.1878136949, 0.1686613985, 0.2277534762, 0.09232697867, 0.28877692109],
      [0.14388380976, 0.040463720123, 0.52241917248, 0.0073488912165, 0.032717794301, 0.057797219176, 0.0031115119049, 0.12784307318]
    ],
    [
      [0.068636239286, 0.0033545219999, 0.14316565998, 0.097327366032, 0.077310399742, 0.50841999371, 0.013822475715, 0.033495823291],
      [0.061312483273, 0.20116441648, 0.081653815895, 0.0079362854659, 0.00030414327021, 0.14531385162, 0.15255639401, 0.17323315047]
    ],
    [
      [0.14075032159, 0.16533569205, 0.18548406666, 0.040038297144, 0.32349802111, 0.074933806832, 0.016542067715, 0.00045636764009],
      [0.0066954349176, 0.01380457573, 0.059402838473, 0.0044505902136, 0.22218633879, 0.1870592057, 0.055022827655, 0.49003045568]
    ],
    [
      [0.053746297465, 0.047182500919, 0.52395416533, 0.020559937304, 0, 0.056539631101, 0.0044700187832, 0.18993768827],
      [0.0076071810212, 0.00016945081909, 0.14661543197, 0.19413771621, 0.24442884301, 0.09203269824, 0.25477736809, 0.074061087231]
    ],
    [
      [0.021502370503, 0.21948209045, 0.07568277201, 0.022554136076, 0, 0.13152704069, 0.21555459004, 0.21818471312],
      [0.0044105290667, 0.15273790391, 0.14965848302, 0.085394358431, 0.39828019373, 0.0058110713344, 0, 0.079242611001]
    ],
    [
      [0.0082555284953, 0.02814464822, 0.090087971762, 0.0031570601724, 0.2480258481, 0.11768645471, 0.063930847413, 0.41354647448],
      [0.20230292452, 0.19304091908, 0.072144752486, 0.35149622552, 0.048777950458, 0.0076194737062, 0, 0.18854577922]
    ],
    [
      [0.0088211610775, 0.00032329998464, 0.20499887313, 0.13972017174, 0.2677960627, 0.053504754211, 0.29129105934, 0.05286020512],
      [0.073317521781, 0.46878051127, 0.020769174176, 0.067338174455, 0.11998387763, 0.0043491343086, 0.13317380848, 0.12802627114]
    ],
    [
      [0.0026327100519, 0.1741850048, 0.1446618313, 0.090988633331, 0.42764522777, 0.026863550247, 0.087357544138, 0.10243188454],
      [0.31738272798, 0.066067411856, 0.026714739186, 0.00068294373016, 0.23170206834, 0.23003252428, 0.21169431613, 0.059583725355]
    ],
    [
      [0.11366425912, 0.24835299766, 0.064351896572, 0.3801810342, 0.051463725604, 0.032579953378, 0.00097606439492, 0.20661679001],
      [0.045101685489, 0.069613598886, 0.0030085890212, 0.12786608259, 0.17977982119, 0.054629100753, 0.5804202826, 0.012722302931]
    ],
    [
      [0.10006464644, 0.50652971281, 0.0067915063946, 0.016429581571, 0.067697668375, 0.0035996590645, 0.1420705413, 0.1260575878],
      [0.00048184880192, 0.15446489841, 0.15640407714, 0.15343239747, 0.067890612264, 0.27277168304, 0.10251963743, 0.015779617507]
    ],
    [
      [0.40771377262, 0.080457198877, 0.0080536941033, 0.00016931973565, 0.1282350537, 0.17617873081, 0.18872128371, 0.049686142896],
      [0.18045858396, 0.19828421668, 0.061857129014, 0.53745419019, 0.014197383457, 0.039018557407, 0.073721999456, 0.0041318946698]
    ],
    [
      [0.021366692552, 0.092873604806, 0.002440933729, 0.11174505897, 0.11232607757, 0.065568377437, 0.48838620606, 0.0074022006975],
      [0.24073376184, 0.086072352938, 0.30337156571, 0.071736472371, 0.014296362835, 0.00048160556848, 0.20569343161, 0.2072273237]
    ],
    [
      [0.00021348129665, 0.23245825406, 0.11718526779, 0.13184471097, 0.041667142741, 0.30295962767, 0.072150127471, 0.0077827863013],
      [0.48115521131, 0.025599696608, 0.03152300345, 0.096548992274, 0.0038448668148, 0.1104894523, 0.11917554277, 0.059303538755]
    ],
    [
      [0.13372795736, 0.16920881971, 0.076066521092, 0.42523132726, 0.024975545901, 0.049433885462, 0.095909528297, 0.0041626698035],
      [0.071514882095, 0.029615638504, 0.0003805693724, 0.20340105972, 0.15617195268, 0.14446223925, 0.064991265582, 0.28041562847]
    ],
    [
      [0.16599322465, 0.082834979936, 0.34410008741, 0.055827860632, 0.024685526672, 0.00056261019811, 0.22363995543, 0.1767840414],
      [0.092368131462, 0.003635327437, 0.13003948262, 0.13571688188, 0.061727518387, 0.43755484781, 0.0058826407238, 0.098699852641]
    ],
    [
      [0.51302116097, 0, 0.012831410406, 0.08232386508, 0.004447528035, 0.11607926574, 0.20243981098, 0.071678180299],
      [0.21631503101, 0.16988171649, 0.15584747334, 0.055878296051, 0.23673221041, 0.063459840609, 0.0085593705172, 0.0011536880512]
    ]
  ],
  "prob": [
    [0.15636083217, 0.49179675082, 0.081724552859, 0.15039850304, 0.013395711864, 0.0035923553987, 0.067340029568, 0.035391264287],
    [0.19913887156, 0.070576042918, 0.18220566063, 0.066244605323, 0.015614735418, 0.16850391116, 0.29732520606, 0.00039096692366]
  ],
  "iterations": 363,
  "logLik": -326.4189164058,
  "time": 0.002607,
  "message": "Converged",
  "status": 0,
  "maxiter": 3600,
  "param_threshold": 0.0001,
  "ll_threshold": "-Inf",
  "initial_prob": "group_proportional",
  "ballotbox_id": ["1", "10", "11", "12", "13", "14", "15", "16", "17", "18", "19", "2", "3", "4", "5", "6", "7", "8", "9"],
  "candidates_id": ["C1", "C2", "C3", "C4", "C5", "C6", "C7", "C8"],
  "group_id": ["M", "F"]
}
