{
  "X": [
    [17, 69, 7, 19, 3, 6, 12, 1],
    [9, 76, 19, 32, 0, 10, 16, 7],
    [9, 49, 13, 24, 1, 3, 11, 4],
    [16, 77, 15, 23, 1, 8, 25, 3],
    [19, 69, 21, 26, 1, 8, 12, 1],
    [20, 46, 19, 18, 1, 7, 14, 1],
    [13, 38, 10, 22, 0, 1, 8, 5],
    [8, 43, 10, 15, 3, 1, 6, 3],
    [8, 49, 13, 23, 0, 9, 11, 5],
    [6, 50, 14, 18, 2, 4, 10, 3],
    [10, 49, 9, 23, 1, 8, 11, 4],
    [11, 47, 13, 19, 0, 2, 14, 0],
    [11, 57, 15, 16, 1, 5, 15, 1],
    [17, 39, 4, 14, 0, 4, 19, 2],
    [8, 45, 9, 16, 0, 1, 10, 1],
    [10, 43, 4, 15, 0, 7, 9, 2],
    [28, 62, 16, 16, 0, 8, 20, 3],
    [13, 32, 11, 15, 0, 3, 13, 5],
    [11, 47, 7, 16, 0, 5, 6, 4],
    [11, 46, 15, 15, 0, 4, 10, 2],
    [13, 62, 9, 19, 2, 8, 11, 2],
    [21, 54, 17, 11, 0, 8, 13, 3],
    [10, 29, 14, 5, 0, 3, 10, 2],
    [4, 32, 7, 9, 0, 1, 2, 3],
    [12, 45, 11, 29, 1, 5, 8, 3],
    [13, 51, 15, 17, 1, 5, 12, 5],
    [9, 48, 19, 22, 0, 1, 9, 4],
    [7, 69, 10, 17, 1, 5, 19, 2],
    [20, 51, 15, 18, 1, 12, 10, 4],
    [10, 46, 19, 15, 0, 7, 14, 6],
    [12, 34, 11, 15, 0, 6, 12, 2]
  ],
  "W": [
    [48, 86],
    [33, 136],
    [12, 102],
    [24, 144],
    [9, 148],
    [64, 62],
    [19, 78],
    [37, 52],
    [43, 75],
    [51, 56],
    [45, 70],
    [48, 58],
    [57, 64],
    [60, 39],
    [31, 59],
    [71, 19],
    [115, 38],
    [65, 27],
    [82, 14],
    [80, 23],
    [103, 23],
    [112, 15],
    [33, 40],
    [48, 10],
    [48, 66],
    [56, 63],
    [47, 65],
    [58, 72],
    [68, 63],
    [65, 52],
    [64, 28]
  ],
  "method": "mult",
  "cond_prob": [
    [
      [0.17284942974, 0.019947403173, 0.071312738685, 0.023345550105, 0, 0.12994035375, 0.11962011676, 0.53651510266],
      [0.039978529422, 0.11041655093, 0.029364241439, 0, 0.21922561637, 0.1508979334, 0.42896910142, 0.061222734466]
    ],
    [
      [0.10105167583, 0.017497869997, 0.064768582704, 0.015236708098, 0, 0.19956437991, 0.12551925026, 0.52611846844],
      [0.12909177879, 0.0084542304865, 0.098086429574, 0.045766195163, 0, 0.080840196528, 0.1197883296, 0.39178159779]
    ],
    [
      [0.51219979598, 0.19393736243, 0.03821678849, 0.13606285431, 0.083731877978, 0, 0.14253230669, 0.073834829144],
      [0.073193513099, 0.0073862414934, 0.089435100575, 0.031796871668, 0, 0.13185953518, 0.13159710626, 0.39478923211]
    ],
    [
      [0.51631655869, 0.11644148767, 0.030671328827, 0.12879721315, 0.055585591783, 0, 0.21369092672, 0.079350925388],
      [0.43795592298, 0.2019644495, 0.031296255236, 0.19131912501, 0.036130102352, 0, 0.11012556073, 0.15520368704]
    ],
    [
      [0.048950512013, 0.42531450791, 0.093071633835, 0, 0.10077559642, 0.042128067564, 0, 0.10099581788],
      [0.42885535665, 0.1174584214, 0.025222179391, 0.19278857847, 0.024110078326, 0, 0.17210079639, 0.17141542208]
    ],
    [
      [0.054076871096, 0.44036782006, 0.053475302218, 0, 0.097038262209, 0.027575806112, 0, 0.15436073109],
      [0.10700035552, 0.39010449481, 0.11786283389, 0.021083488133, 0.14261652715, 0.065243841541, 0.0026142348131, 0.10236704808]
    ],
    [
      [0.10387481501, 0.11872356887, 0.41752401813, 0.11738913161, 0.022942327838, 0.098208092331, 0.01844877058, 0.0023488848898],
      [0.11483851682, 0.39208288906, 0.067405343268, 0.018777127033, 0.1380488973, 0.045423883473, 0.013619368343, 0.16086092602]
    ],
    [
      [0.16316462424, 0.13470084003, 0.4138719317, 0.06756086393, 0.019523400137, 0.093202402294, 0.011709683619, 0.011956941688],
      [0.14304754596, 0.09529106466, 0.42950072607, 0.1244743019, 0.056740966848, 0.10225589099, 0.051004904659, 0]
    ],
    [
      [0.0060568671703, 0.10508554133, 0.10440359009, 0.47287705468, 0.20173736646, 0.020149979712, 0.034962474491, 0.047728436283],
      [0.2183173539, 0.10498660263, 0.42379177607, 0.070633990544, 0.04853933382, 0.10314529133, 0.034016543468, 0]
    ],
    [
      [0.031655074774, 0.16942060896, 0.11342736606, 0.4693451497, 0.1233898821, 0.016902671053, 0.032250600473, 0.031149879188],
      [0.0018866735091, 0.15579744548, 0.074533245541, 0.50641174118, 0.1223529557, 0.023914829968, 0.10261928546, 0.070051073771]
    ],
    [
      [0.056726524517, 0.0012507486499, 0.14466740388, 0.11843167842, 0.40010103172, 0.11269071804, 0.053491801983, 0.15068443519],
      [0.0095714184285, 0.24422744024, 0.080605772916, 0.49657357601, 0.069857692416, 0.02132704994, 0.099221880078, 0.04697056115]
    ],
    [
      [0.038056745142, 0.0066934057627, 0.22355295161, 0.12883227175, 0.42143389335, 0.062468930788, 0.043575662893, 0.14254302182],
      [0.038303802486, 0, 0.15047688224, 0.095272610352, 0.49063344846, 0.17313651962, 0.045506994576, 0.12114147926]
    ],
    [
      [0.091144463697, 0.072018950305, 0, 0.10249323409, 0.10085348734, 0.49618248707, 0.14276868907, 0.016931706063],
      [0.024937303244, 0, 0.23149469104, 0.10241647773, 0.48319465941, 0.10567979537, 0.038895404556, 0.1177544053]
    ],
    [
      [0.088631102529, 0.049630788719, 0, 0.15859683186, 0.11641288113, 0.47393881282, 0.079212903558, 0.01415977853],
      [0.10153033601, 0.014062801775, 0.0024748158357, 0.13173463869, 0.072062949494, 0.38566450249, 0.10895104511, 0.054682624057]
    ],
    [
      [0.008197591866, 0.076513262519, 0.097441891388, 0.0025863803171, 0.090707791782, 0.070787572882, 0.40485716322, 0.18749357176],
      [0.095903265376, 0.0093920895443, 0.012683344688, 0.20158883931, 0.077802007448, 0.40720862246, 0.060579292152, 0.046986718881]
    ],
    [
      [0.0070473476987, 0.076425350121, 0.064256093962, 0.013340087943, 0.14890217376, 0.074105006259, 0.38754235109, 0.11352322894],
      [0.041183584746, 0.084535620765, 0.088095277375, 0, 0.15443568962, 0.17683554382, 0.43904018365, 0.14935683587]
    ],
    [
      [0.081198733399, 0.0071560579824, 0.095884778698, 0.050413165181, 0, 0.13800968374, 0.093754833899, 0.3814019645],
      [0.034383272479, 0.081953917842, 0.057823234697, 0, 0.23755431237, 0.2047421436, 0.42120285311, 0.087049327704]
    ],
    [
      [0.046568518745, 0.0063196986811, 0.09168481068, 0.033294901501, 0, 0.20560993941, 0.098365421121, 0.39807368789],
      [0.14528456455, 0.058244123008, 0.098539807676, 0.014432591999, 0, 0.050860209955, 0.16461483961, 0.36883845843]
    ],
    [
      [0.45394420075, 0.19777817249, 0.047006683973, 0.12681230001, 0.056301193862, 0.0090869124503, 0.19718409093, 0.10723289597],
      [0.086682651676, 0.049898639287, 0.093790786598, 0.0094036805214, 0, 0.083917481862, 0.17309864305, 0.37101656256]
    ],
    [
      [0.44865335462, 0.11752291682, 0.039731543769, 0.12141505294, 0.039499587611, 0.0454739968, 0.29431048292, 0.12265841619],
      [0.44747604621, 0.12360045662, 0.038516411379, 0.11521372252, 0.054881272592, 0, 0.15198304567, 0.11593660813]
    ],
    [
      [0.10536868587, 0.36071727958, 0.074102219716, 0.0089970557108, 0.13020573574, 0.068190999915, 0.0026324098681, 0.10615120553],
      [0.46016537276, 0.06736486046, 0.032405050726, 0.10896956784, 0.035953777706, 0, 0.22736663536, 0.12785090946]
    ],
    [
      [0.11411253306, 0.36955057705, 0.040593255445, 0.0076148403789, 0.13230774129, 0.04336401611, 0.013094160578, 0.17269177651],
      [0.080559830834, 0.50048721283, 0.13625105594, 0.012460393352, 0.062959221167, 0.048927113587, 0, 0.13905416382]
    ],
    [
      [0.1319997676, 0.14227779846, 0.48134923074, 0.20241070021, 0.020093393106, 0.088603750884, 0.055815337485, 0.002487950806],
      [0.090777108129, 0.47127087251, 0.077478677451, 0.010413868039, 0.059808053981, 0.034296855646, 0, 0.21842846829]
    ],
    [
      [0.20313137583, 0.15975140623, 0.45499784976, 0.12253706488, 0.018053840764, 0.081640711478, 0.03554167058, 0.013491911791],
      [0.090482985716, 0.11019666864, 0.44793698197, 0.12200385788, 0.042674462961, 0.13562928134, 0.01135608607, 0]
    ],
    [
      [0, 0.11075636844, 0.1283274427, 0.38722958753, 0.16107819341, 0.016447875017, 0.073479176935, 0.10696244855],
