{
  "X": [
    [17, 42, 13, 15, 2, 9, 23, 2],
    [25, 46, 19, 10, 0, 7, 18, 5],
    [17, 36, 38, 10, 0, 12, 15, 2],
    [16, 54, 27, 11, 0, 9, 19, 1],
    [33, 47, 28, 6, 1, 6, 23, 5],
    [16, 45, 26, 24, 1, 10, 31, 4],
    [21, 52, 20, 19, 1, 3, 36, 3],
    [25, 44, 18, 16, 0, 2, 37, 6],
    [27, 50, 17, 14, 0, 6, 34, 7],
    [24, 34, 6, 7, 0, 5, 45, 1],
    [21, 47, 15, 13, 0, 6, 38, 0],
    [21, 47, 22, 12, 3, 5, 39, 3],
    [25, 47, 14, 10, 2, 3, 33, 1],
    [12, 41, 10, 9, 1, 3, 52, 0]
  ],
  "W": [
    [56, 67],
    [36, 94],
    [71, 59],
    [37, 101],
    [85, 64],
    [24, 133],
    [99, 55],
    [54, 94],
    [98, 59],
    [78, 43],
    [70, 70],
    [83, 71],
    [52, 83],
    [69, 59]
  ],
  "method": "mult",
  "cond_prob": [
    [
      [0.17757624899, 0.21493675286, 0, 0.1234650877, 0.21024782742, 0.27074415139, 0, 0.077435561913],
      [0.014930640742, 0.065402550165, 0.024917658502, 0.31966467375, 0.034001820918, 0.027621282394, 0.046870327622, 0.27687954485]
    ],
    [
      [0.10731281422, 0.10958851069, 0, 0.17297950202, 0.1437175655, 0.13625924729, 0, 0.12161658184],
      [0.017290478159, 0.11972393406, 0.060505787011, 0.36212489293, 0.044503575193, 0.068898535064, 0.11728822628, 0.37787340136]
    ],
    [
      [0.31922789338, 0.033142073236, 0.037400703852, 0.070116131417, 0.25452772743, 0.041906950587, 0.026658306114, 0.037102355048],
      [0.26099398767, 0.16043292829, 0.007715276648, 0.11375005812, 0.20298059474, 0.42522891343, 0.022618466246, 0.061251493886]
    ],
    [
      [0.35862834033, 0.040463083249, 0.075344307111, 0.16742373503, 0.32319433224, 0.050395141515, 0.059583713759, 0.099413529503],
      [0.16629192896, 0.069760049533, 0.0053920861831, 0.15500382478, 0.12754360941, 0.25169391037, 0.016297165384, 0.10057154005]
    ],
    [
      [0.088269905029, 0.16911864082, 0.22704474874, 0.0086658080612, 0.091591939025, 0.21487057396, 0.35300974107, 0.017142999669],
      [0.31201628892, 0.015077489252, 0.026955231975, 0.082317572051, 0.30318908792, 0.0072180089422, 0.021202189438, 0.039694367033]
    ],
    [
      [0.11930432763, 0.091845397162, 0.10871629104, 0.0059653176078, 0.13987984851, 0.15884053178, 0.18757119578, 0.013219402571],
      [0.3695591047, 0.01568515645, 0.057801805341, 0.19149021591, 0.35371099065, 0.010223747385, 0.046856937928, 0.11128558613]
    ],
    [
      [0.070441038269, 0.27556005759, 0.0065800700964, 0.032771459228, 0.05416141686, 0.24841667844, 0, 0.012269966711],
      [0.11172180096, 0.16677794768, 0.19592522456, 0.0073486146664, 0.095027569699, 0.17977588362, 0.32753422599, 0.0085188282135]
    ],
    [
      [0.16252474926, 0.27809515278, 0.0075416838342, 0.069130258545, 0.14106901455, 0.3413333435, 0, 0.029037240168],
      [0.15916881729, 0.099784967051, 0.099929800459, 0.0049197066543, 0.13335071967, 0.11930174665, 0.17222948391, 0.0068656723462]
    ],
    [
      [0.020037451129, 0.26416917619, 0.26273099233, 0.34271088316, 0, 0.040567666729, 0.16382514472, 0.33045280728],
      [0.03777852342, 0.36369341311, 0.030644033097, 0.013933774064, 0.058985298344, 0.30104939311, 0.017660495428, 0.014365683374]
    ],
    [
      [0.013290347567, 0.32074132337, 0.16732854286, 0.17201426713, 0, 0.067074571818, 0.10756851442, 0.18585298515],
      [0.091802262864, 0.40439543619, 0.037360815928, 0.028621893132, 0.14128045707, 0.37114231603, 0.0221958022, 0.035563820063]
    ],
    [
      [0.046290849652, 0.050239157695, 0.29225264401, 0.021754994949, 0.0074760088116, 0.036076876112, 0.28098440331, 0.0061427292969],
      [0, 0.15742668686, 0.14923404668, 0.28647208873, 0, 0.08652926179, 0.22491417614, 0.49351099724]
    ],
    [
      [0.094317986546, 0.10414898664, 0.34566744437, 0.026125782345, 0.017199346534, 0.10193536008, 0.34259718562, 0.0082672977375],
      [0, 0.21053721029, 0.093597122346, 0.1399885052, 0, 0.12832235308, 0.15802536678, 0.29016008799]
    ],
    [
      [0.26322597281, 0, 0.15885893888, 0.15829472458, 0.34799325954, 0, 0.11930474725, 0.1057790854],
      [0.029410572933, 0.041076429664, 0.2512815888, 0.018218494031, 0.027166347318, 0.052977414302, 0.29453940394, 0]
    ],
    [
      [0.12733095629, 0, 0.22601371785, 0.096577105839, 0.19043631747, 0, 0.17496668425, 0.077679892063],
      [0.063126292238, 0.093680104485, 0.29276401497, 0.021273855561, 0.057459834399, 0.1340786747, 0.38456759625, 0]
    ]
  ],
  "prob": [
    [0.1889086282, 0.29199477389, 0.11283839396, 0.050578862836, 0.0066556533461, 0.026985996486, 0.30387440656, 0.018163284735],
    [0.12199630956, 0.34927752868, 0.16204688064, 0.12386515145, 0.0047137849188, 0.058336570753, 0.1573841469, 0.022379627101]
  ],
  "iterations": 39,
  "logLik": -266.5050293054,
  "time": 0.000247,
  "message": "Converged",
  "status": 0,
  "maxiter": 3600,
  "param_threshold": 0.0001,
  "ll_threshold": "-Inf",
  "initial_prob": "group_proportional",
  "ballotbox_id": ["10", "1M", "1V", "2M", "2V", "3M", "3V", "4M", "4V", "5", "6", "7", "8", "9"],
  "candidates_id": ["C1", "C2", "C3", "C4", "C5", "C6", "C7", "C8"],
  "group_id": ["M", "F"]
}
