{
  "X": [
    [24, 52, 20, 20, 0, 9, 17, 1],
    [22, 52, 23, 28, 0, 12, 16, 1],
    [26, 47, 22, 27, 0, 12, 17, 0],
    [27, 49, 19, 31, 6, 14, 16, 4],
    [27, 54, 32, 20, 0, 9, 13, 0],
    [24, 49, 31, 21, 0, 16, 17, 5],
    [23, 70, 26, 30, 3, 10, 14, 1],
    [29, 58, 26, 24, 1, 14, 17, 1],
    [22, 67, 28, 33, 1, 14, 17, 1],
    [25, 55, 30, 27, 3, 13, 20, 1],
    [19, 41, 13, 23, 1, 5, 24, 1],
    [36, 63, 22, 23, 2, 10, 26, 2],
    [22, 33, 24, 21, 0, 18, 7, 2],
    [18, 48, 17, 20, 1, 9, 7, 2],
    [12, 51, 16, 21, 0, 11, 13, 4],
    [16, 51, 26, 23, 0, 7, 11, 0],
    [13, 44, 22, 26, 1, 9, 15, 2],
    [23, 53, 23, 20, 2, 6, 11, 4],
    [17, 33, 16, 31, 1, 9, 11, 2],
    [22, 54, 14, 18, 0, 7, 13, 3],
    [23, 47, 14, 15, 1, 7, 23, 3],
    [24, 40, 25, 16, 0, 5, 21, 3],
    [30, 40, 26, 14, 0, 12, 20, 1],
    [24, 49, 25, 16, 3, 4, 13, 3],
    [26, 45, 35, 20, 2, 12, 15, 3],
    [25, 49, 16, 16, 2, 5, 12, 0],
    [32, 42, 21, 18, 1, 8, 14, 4],
    [27, 72, 27, 19, 0, 7, 15, 1],
    [29, 57, 23, 17, 1, 17, 22, 2],
    [33, 51, 20, 17, 1, 12, 18, 4],
    [18, 29, 16, 13, 0, 7, 7, 2],
    [36, 69, 23, 15, 1, 8, 14, 6],
    [27, 70, 12, 19, 1, 13, 24, 1],
    [17, 49, 24, 12, 2, 9, 12, 3],
    [27, 42, 27, 20, 0, 5, 11, 1],
    [22, 42, 27, 20, 1, 10, 5, 3],
    [23, 46, 25, 18, 0, 10, 21, 2],
    [17, 36, 40, 14, 1, 6, 23, 4],
    [16, 38, 23, 16, 2, 7, 17, 8],
    [15, 59, 14, 22, 1, 12, 13, 2],
    [26, 60, 24, 21, 0, 6, 14, 2]
  ],
  "W": [
    [39, 104],
    [47, 107],
    [46, 106],
    [50, 116],
    [41, 114],
    [29, 134],
    [26, 151],
    [25, 146],
    [24, 159],
    [29, 145],
    [23, 104],
    [27, 157],
    [24, 103],
    [33, 89],
    [31, 98],
    [38, 96],
    [39, 92],
    [35, 107],
    [33, 86],
    [41, 90],
    [93, 41],
    [95, 39],
    [108, 35],
    [94, 43],
    [117, 41],
    [92, 33],
    [100, 40],
    [119, 50],
    [130, 38],
    [126, 30],
    [64, 28],
    [134, 38],
    [108, 59],
    [80, 47],
    [69, 64],
    [66, 64],
    [80, 65],
    [82, 59],
    [71, 57],
    [65, 73],
    [89, 63]
  ],
  "method": "mult",
  "cond_prob": [
    [
      [0.21547997983, 0.29315204851, 0.10904483691, 0.098525120807, 0.0069585344644, 0.036630618766, 0.081202562957, 0.033577293722],
      [0, 0.085978570995, 0.052727921063, 0.020309248842, 0.13365192218, 0.33179110951, 0.1777632985, 0.18097175951]
    ],
    [
      [0.14967684788, 0.30225730667, 0.10085018083, 0.19980737588, 0.0088054843357, 0.049192818887, 0.064583833317, 0.012521389928],
      [0.064136953661, 0.11704347174, 0.032001855353, 0.19343155717, 0.35816997946, 0.14010009746, 0.066590107077, 0.013970350864]
    ],
    [
      [0.36266521826, 0.19744904414, 0.094678485353, 0, 0.047049031883, 0.1015393652, 0.027002345782, 0.1843406443],
      [0.08597337229, 0.097021549319, 0.012028402572, 0.12314127454, 0.35633007302, 0.1260654243, 0.14057732019, 0.018033242051]
    ],
    [
      [0.3639362589, 0.1885145727, 0.20051420908, 0, 0.065476782279, 0.080833154471, 0.010037722519, 0.12676458822],
      [0.13146095104, 0.012311160447, 0.19382818189, 0.29208883864, 0.18704984902, 0.081469227899, 0.014272882606, 0.046576873855]
    ],
    [
      [0.14739867851, 0.065564063151, 0.0064817165369, 0.042191089456, 0.18257407466, 0, 0.22330435967, 0.31815691028],
      [0.10455712927, 0.0047687510792, 0.13061187634, 0.2687858922, 0.17230555206, 0.16794677102, 0.017940477301, 0.066119234189]
    ],
    [
      [0.13695933122, 0.1431746384, 0.0081850205665, 0.056094443839, 0.15066391201, 0, 0.15813530965, 0.31597009824],
      [0, 0.16935585515, 0.40100643186, 0.14960992896, 0.086773317013, 0.0056567243386, 0.061633797505, 0.14377551584]
    ],
    [
      [0.077054937264, 0, 0.029882049714, 0.096891632336, 0.027725170771, 0.25059302588, 0.39921393995, 0.17880415373],
      [0, 0.11298304279, 0.39057130812, 0.1274623827, 0.18328255037, 0.0069468944637, 0.085201770697, 0.12101123228]
    ],
    [
      [0.16389210599, 0, 0.041493122903, 0.076399794252, 0.010714369849, 0.17292550397, 0.40806065575, 0.1644261817],
      [0.21190682993, 0.37818050145, 0.15011594894, 0.15191179327, 0.020265646253, 0.093677892646, 0.10041133836, 0.085777669073]
    ],
    [
      [0, 0.072561256651, 0.22083072364, 0, 0.19620357271, 0.30023188492, 0.13525906792, 0.083138618931],
      [0.14185184758, 0.364315921, 0.13536702094, 0.29655939128, 0.025488688762, 0.12650504886, 0.08229347029, 0.033779979656]
    ],
    [
      [0, 0.10394435976, 0.18182476303, 0, 0.13663021803, 0.29919069364, 0.12803089173, 0.17514294905],
      [0.30220810267, 0.16887960097, 0.09212263385, 0.0074365102345, 0.02607844988, 0.1371756679, 0.030350423615, 0.13413301692]
    ],
    [
      [0.048951491395, 0.11880251479, 0.015878012823, 0.13060515284, 0.29795655998, 0.15333036638, 0.069755459219, 0],
      [0.29213703817, 0.15065534902, 0.19031738913, 0.008652275712, 0.036071241793, 0.10993009806, 0.011642365231, 0.087154236627]
    ],
    [
      [0.068270520243, 0.10100292088, 0.0060980826997, 0.085445018994, 0.29966979605, 0.14148287993, 0.15125120788, 0],
      [0.12354599727, 0.094632745657, 0.0070086111689, 0.062192311504, 0.10051561077, 0.013894717687, 0.23927579272, 0.44214660515]
    ],
    [
      [0.13585168997, 0.060407487638, 0.25542613637, 0.34674107428, 0.19028809266, 0.097741900614, 0.0054705691992, 0.058948486522],
      [0.11059150623, 0.1929873065, 0.0086303686055, 0.079573125545, 0.082449141332, 0.0052202473401, 0.16381836656, 0.41498948242]
    ],
    [
      [0.1123944773, 0.02399840706, 0.18477936621, 0.32779422566, 0.17720477784, 0.20679794219, 0.0070669201478, 0.081374775654],
      [0.10756717328, 0.004594684199, 0.05858134121, 0.11147941967, 0.027126933655, 0.22522229212, 0.31739342224, 0.10916791417]
    ],
    [
      [0.012598004774, 0.1803262101, 0.3299239844, 0.1828513918, 0.090121515968, 0.0066517304075, 0.042657446827, 0.1575556823],
      [0.22027389045, 0.0055924598097, 0.079326208478, 0.084551722488, 0.010420830486, 0.15399767648, 0.3139072157, 0.0948726034]
    ],
    [
      [0.0048704584733, 0.12140307719, 0.34463194529, 0.16004846316, 0.19248612014, 0.0083798767081, 0.060594311194, 0.12901623371],
      [0.031269118309, 0.059089119326, 0.067049609208, 0.031849640546, 0.18039499325, 0.32768912839, 0.21153011202, 0.10382959449]
    ],
    [
      [0.18712543506, 0.40507358392, 0.12295602538, 0.1149381156, 0, 0.05150866833, 0.084229787568, 0.01905550394],
      [0.038197614167, 0.07906837232, 0.053826816324, 0.011273935531, 0.12039705307, 0.32346569775, 0.19370580866, 0.20671045109]
    ],
    [
      [0.12400402585, 0.39381991952, 0.11893814286, 0.23041135844, 0, 0.071363090619, 0.071007283792, 0.0073051734206],
      [0.067943190582, 0.11316783019, 0.03028724187, 0.21070382672, 0.28753172452, 0.13034100944, 0.098489962622, 0.0065811293203]
    ],
    [
      [0.34807112171, 0.16056988462, 0.061745744741, 0.0066520653293, 0.033483019476, 0.10531131632, 0.040109369646, 0.13672285298],
      [0.091253854762, 0.089904522909, 0.011349012069, 0.14792258261, 0.27704515504, 0.11914005431, 0.20669385868, 0.0078082834506]
    ],
    [
      [0.33315037463, 0.14456064187, 0.13654039927, 0.0079496840599, 0.046823477133, 0.086530990048, 0.015853419852, 0.097208073705],
      [0.11240558347, 0.012099663052, 0.12427513315, 0.40812273609, 0.22797127057, 0.09008214696, 0, 0.074641177682]
    ],
    [
      [0.1622679708, 0.088992876729, 0.0085547238053, 0.05572932147, 0.16477255663, 0.034631107155, 0.18291281504, 0.25250181],
      [0.089602066218, 0.0044930256459, 0.084175554534, 0.41401306211, 0.20340267434, 0.18875697658, 0, 0.097383985929]
    ],
    [
      [0.1438141746, 0.18318330231, 0.011290535171, 0.073235304425, 0.13663246585, 0.013329022893, 0.12332949601, 0.25928151036],
      [0.043154004485, 0.19496321113, 0.40487497761, 0.11146209303, 0.09929008104, 0.0061184145734, 0.031852801025, 0.10733254533]
    ],
    [
