{
  "W": [
    [27, 27, 21, 25],
    [26, 29, 21, 24],
    [18, 27, 27, 28],
    [30, 29, 25, 16],
    [34, 21, 25, 20],
    [30, 23, 23, 24],
    [34, 22, 24, 20],
    [28, 19, 32, 21],
    [38, 23, 13, 26],
    [24, 29, 18, 29],
    [34, 24, 22, 20],
    [24, 20, 22, 34],
    [25, 28, 25, 22],
    [23, 32, 24, 21],
    [24, 36, 16, 24],
    [32, 21, 18, 29],
    [33, 20, 27, 20],
    [25, 24, 27, 24],
    [22, 28, 26, 24],
    [19, 31, 26, 24],
    [16, 36, 24, 24],
    [27, 26, 26, 21],
    [28, 25, 22, 25],
    [21, 26, 22, 31],
    [23, 26, 22, 29],
    [24, 23, 34, 19],
    [21, 24, 31, 24],
    [27, 27, 27, 19],
    [18, 35, 23, 24],
    [27, 15, 36, 22],
    [20, 23, 33, 24],
    [29, 23, 23, 25],
    [17, 27, 39, 17],
    [24, 23, 27, 26],
    [18, 25, 24, 33],
    [26, 18, 25, 31],
    [22, 16, 41, 21],
    [27, 27, 24, 22],
    [21, 18, 25, 36],
    [20, 28, 21, 31],
    [26, 22, 21, 31],
    [30, 24, 27, 19],
    [22, 31, 20, 27],
    [15, 25, 33, 27],
    [31, 21, 23, 25],
    [18, 27, 23, 32],
    [27, 19, 22, 32],
    [19, 27, 33, 21],
    [31, 26, 19, 24],
    [25, 24, 18, 33]
  ],
  "X": [
    [53, 28, 19],
    [57, 31, 12],
    [55, 27, 18],
    [55, 31, 14],
    [64, 20, 16],
    [57, 32, 11],
    [50, 30, 20],
    [49, 27, 24],
    [53, 33, 14],
    [57, 27, 16],
    [56, 25, 19],
    [51, 34, 15],
    [54, 30, 16],
    [52, 28, 20],
    [62, 29, 9],
    [57, 26, 17],
    [47, 34, 19],
    [53, 25, 22],
    [60, 25, 15],
    [47, 33, 20],
    [58, 23, 19],
    [51, 37, 12],
    [55, 23, 22],
    [57, 28, 15],
    [52, 24, 24],
    [56, 26, 18],
    [58, 22, 20],
    [51, 30, 19],
    [65, 21, 14],
    [46, 30, 24],
    [60, 20, 20],
    [52, 35, 13],
    [50, 27, 23],
    [60, 24, 16],
    [55, 28, 17],
    [51, 33, 16],
    [44, 33, 23],
    [59, 26, 15],
    [49, 33, 18],
    [68, 23, 9],
    [60, 28, 12],
    [55, 25, 20],
    [55, 29, 16],
    [56, 32, 12],
    [48, 34, 18],
    [62, 21, 17],
    [57, 27, 16],
    [62, 27, 11],
    [57, 30, 13],
    [57, 35, 8]
  ],
  "real_prob": [
    [0.38098900286, 0.38730419271, 0.23170680443],
    [0.87449976457, 0.097431914566, 0.028068320868],
    [0.32758736555, 0.31012243028, 0.36229020416],
    [0.63825550561, 0.33613265416, 0.025611840236]
  ],
  "method": "exact",
  "prob": [
    [0.42083570366, 0.43075601512, 0.14840828122],
    [0.80709665829, 0.14226990328, 0.050633438424],
    [0.3504684652, 0.24051386475, 0.40901767006],
    [0.62559917285, 0.31366021685, 0.060740610296]
  ],
  "iterations": 110,
  "logLik": -272.763140074,
  "time": 441.207652,
  "message": "Converged",
  "status": 0,
  "cond_prob": [
    [
      [0.38823894804, 0.78656830437, 0.29799647346, 0.60089112969, 0.42488278216, 0.14659788448, 0.2177105545, 0.31992401426, 0.1868782698, 0.066833811151, 0.48429297204, 0.079184856057, 0.41759574463, 0.80690253459, 0.37883616891, 0.61611573289, 0.4733240167, 0.15583216244, 0.28666855646, 0.33976679873, 0.10908023867, 0.037265302969, 0.33449527463, 0.044117468379, 0.40651093808, 0.79928837525, 0.32924523636, 0.61472841433, 0.43388055934, 0.14525789256, 0.23452637283, 0.31914195594, 0.15960850259, 0.055453732191, 0.43622839081, 0.066129629733, 0.41581565758, 0.80573348303, 0.37248752305, 0.61544194928, 0.46938928445, 0.15492489468, 0.28072407657, 0.33796235041, 0.11479505797, 0.039341622287, 0.34678840038, 0.046595700309, 0.56026658725, 0.880609027],
      [0.45660876361, 0.75214636881, 0.3016634389, 0.080929073797, 0.16415436062, 0.19700367561, 0.13806997385, 0.038461899204, 0.37923687577, 0.050849955589, 0.44181594944, 0.8218458749, 0.41583594554, 0.6366183186, 0.46661374005, 0.14800348314, 0.29326658295, 0.32718234493, 0.091570310505, 0.030150641958, 0.29089747151, 0.036199336462, 0.39043839648, 0.7881735127, 0.30689319695, 0.60099202566, 0.43390701985, 0.14919143126, 0.2277616172, 0.32493355123, 0.17565458367, 0.062635056034, 0.46534518585, 0.074074423109, 0.40103187648, 0.79530991791, 0.30426016273, 0.61542351479, 0.40725099496, 0.13750410011, 0.20629163765, 0.30395532544, 0.19171712856, 0.067185981976, 0.48944819962, 0.080621159763, 0.39400013783, 0.79081456472, 0.32681201133, 0.59964244717],
      [0.4562276299, 0.1561143029, 0.25277607875, 0.33794738743, 0.14977223227, 0.053071132376, 0.42041190992, 0.062410165395, 0.41110383454, 0.80218524339, 0.32474031845, 0.62154517864, 0.41885235396, 0.13923788094, 0.22084288161, 0.30808527892, 0.1700438115, 0.058576875668, 0.45441679994, 0.070369542442, 0.45010787398, 0.82596134852, 0.3469166433, 0.66205468838, 0.37237149888, 0.11645812848, 0.19163827245, 0.26641659803, 0.17752062714, 0.057580523004, 0.46144508425, 0.071528713593, 0.37226559884, 0.77539710747, 0.32030848507, 0.57384990609, 0.49096847594, 0.17427573229, 0.28210982709, 0.36837722752, 0.13676592522, 0.050327160235, 0.39758168784, 0.057772866397, 0.39930443252, 0.79465125205, 0.34003100716, 0.60301722503, 0.46251098983, 0.15674576925],
      [0.26292261857, 0.33978537504, 0.13818457765, 0.048602978703, 0.39704637427, 0.057197399928, 0.36655333757, 0.77083110421, 0.28225708842, 0.57754798949, 0.4453011984, 0.15934486768, 0.22883274299, 0.3412881352, 0.18814546403, 0.069824028111, 0.48891016859, 0.08116387531, 0.44064542237, 0.82128000978, 0.41215574432, 0.63599740009, 0.46571700683, 0.14787581606, 0.29074137743, 0.32697501746, 0.0936375708, 0.030844174163, 0.29710287826, 0.03702758245, 0.44760355429, 0.82450599481, 0.34753420247, 0.65884292163, 0.37846171422, 0.11888261456, 0.19623386221, 0.27105105928, 0.17393473148, 0.05661139063, 0.45623193532, 0.070106019091, 0.36466292849, 0.76961780335, 0.3038445069, 0.56849828033, 0.4830685983, 0.17360800914, 0.26881312601, 0.36643108355]
    ],
    [
      [0.15226847321, 0.056774187514, 0.42734236709, 0.065070636125, 0.41270176336, 0.80298179362, 0.30810533242, 0.62883537057, 0.38946246827, 0.12902687274, 0.19407928642, 0.28861052558, 0.19783576836, 0.067991333639, 0.49781538116, 0.082554103847, 0.46637649846, 0.83558122584, 0.39661931093, 0.6679725261, 0.40309067873, 0.12303962058, 0.22878508054, 0.2807701499, 0.13053282281, 0.041379153586, 0.37459560853, 0.051257323997, 0.31004028111, 0.72347479326, 0.2478636783, 0.509877518, 0.51250274409, 0.20347129304, 0.27347217941, 0.41019004639, 0.17745697481, 0.073053913695, 0.47866414229, 0.079932435613, 0.41176981319, 0.80257203665, 0.31185092014, 0.62644448276, 0.39782979793, 0.13192247635, 0.20095231072, 0.29427744279, 0.19040038888, 0.065505486992],
      [0.48719676914, 0.07927807445, 0.36793403553, 0.77264763218, 0.35372516395, 0.56095658768, 0.53956176788, 0.19300153594, 0.34640181308, 0.40034977109, 0.092504196593, 0.034350831875, 0.29987302297, 0.038693641239, 0.42539565236, 0.81082610414, 0.30238694788, 0.64663025108, 0.35363368038, 0.11481570999, 0.16780534702, 0.26144586262, 0.22097066727, 0.074358185873, 0.5298077051, 0.091923886297, 0.42070881009, 0.80855855834, 0.35167697083, 0.62599029397, 0.43592825226, 0.14275067007, 0.24324187853, 0.31556993397, 0.14336293765, 0.048690771593, 0.40508115064, 0.058439772064, 0.3772363065, 0.77813079699, 0.25613534608, 0.60197195225, 0.3714455358, 0.13045095321, 0.16831945567, 0.28834482304, 0.2513181577, 0.091418249802, 0.57554519825, 0.10968322471],
      [0.4594399269, 0.83168825018, 0.3903402882, 0.66173906324, 0.40826795109, 0.1259064461, 0.23153371598, 0.28597760896, 0.13229212201, 0.042405303723, 0.37812599582, 0.052283327798, 0.47400021128, 0.83939161806, 0.37151894961, 0.68264622049, 0.35912604023, 0.10832356606, 0.18784498122, 0.25147471467, 0.16687374849, 0.052284815886, 0.44063606917, 0.065879064838, 0.38152892817, 0.782087626, 0.31124968444, 0.58834797671, 0.4588706029, 0.16011669929, 0.24990405006, 0.34420702575, 0.15960046893, 0.057795674708, 0.4388462655, 0.067444997536, 0.49707384636, 0.85172640405, 0.41304626533, 0.69759093838, 0.36628188846, 0.10686717528, 0.20302919186, 0.24987097751, 0.13664426518, 0.041406420675, 0.38392454281, 0.052538084108, 0.38274779217, 0.78276830219],
