{
  "W": [
    [31, 22, 24, 23],
    [29, 17, 26, 28],
    [36, 25, 19, 20],
    [28, 27, 21, 24],
    [30, 25, 23, 22],
    [29, 20, 20, 31],
    [21, 28, 24, 27],
    [31, 23, 24, 22],
    [28, 23, 30, 19],
    [30, 19, 21, 30],
    [34, 19, 26, 21],
    [32, 25, 23, 20],
    [22, 34, 19, 25],
    [17, 32, 26, 25],
    [26, 18, 28, 28],
    [32, 20, 28, 20],
    [17, 35, 27, 21],
    [28, 28, 19, 25],
    [19, 31, 23, 27],
    [27, 30, 21, 22],
    [23, 30, 26, 21],
    [27, 28, 17, 28],
    [30, 20, 25, 25],
    [21, 25, 19, 35],
    [23, 24, 28, 25],
    [19, 21, 38, 22],
    [27, 25, 31, 17],
    [27, 27, 22, 24],
    [32, 29, 21, 18],
    [20, 21, 29, 30],
    [23, 24, 31, 22],
    [20, 29, 34, 17],
    [20, 22, 28, 30],
    [20, 28, 35, 17],
    [23, 25, 31, 21],
    [23, 24, 23, 30],
    [20, 29, 26, 25],
    [18, 23, 32, 27],
    [23, 23, 25, 29],
    [23, 29, 27, 21],
    [20, 20, 23, 37],
    [30, 19, 26, 25],
    [20, 24, 21, 35],
    [19, 33, 22, 26],
    [28, 22, 21, 29],
    [18, 25, 27, 30],
    [25, 21, 26, 28],
    [25, 29, 21, 25],
    [27, 28, 23, 22],
    [29, 22, 20, 29]
  ],
  "X": [
    [21, 64, 15],
    [27, 61, 12],
    [17, 69, 14],
    [16, 76, 8],
    [28, 58, 14],
    [25, 63, 12],
    [25, 68, 7],
    [24, 66, 10],
    [29, 63, 8],
    [23, 63, 14],
    [26, 62, 12],
    [22, 64, 14],
    [24, 69, 7],
    [37, 55, 8],
    [26, 59, 15],
    [15, 74, 11],
    [21, 71, 8],
    [24, 67, 9],
    [30, 62, 8],
    [24, 68, 8],
    [26, 67, 7],
    [34, 56, 10],
    [23, 70, 7],
    [30, 65, 5],
    [29, 59, 12],
    [18, 70, 12],
    [24, 72, 4],
    [22, 64, 14],
    [23, 66, 11],
    [34, 53, 13],
    [27, 64, 9],
    [28, 64, 8],
    [20, 74, 6],
    [20, 69, 11],
    [22, 67, 11],
    [23, 60, 17],
    [22, 67, 11],
    [29, 63, 8],
    [23, 65, 12],
    [28, 67, 5],
    [29, 61, 10],
    [24, 68, 8],
    [22, 67, 11],
    [21, 67, 12],
    [25, 71, 4],
    [22, 68, 10],
    [23, 69, 8],
    [22, 68, 10],
    [23, 68, 9],
    [33, 57, 10]
  ],
  "real_prob": [
    [0.19773165769, 0.55667633633, 0.24559200598],
    [0.10502218133, 0.81495920934, 0.080018609333],
    [0.36782770739, 0.58879482761, 0.043377464997],
    [0.33029060066, 0.66270244768, 0.0070069516625]
  ],
  "method": "exact",
  "prob": [
    [0.14974470724, 0.67010221085, 0.18015308191],
    [0.24597616728, 0.71789687236, 0.036126960363],
    [0.22217158246, 0.69817542301, 0.079652994535],
    [0.36850754303, 0.52822549378, 0.10326696319]
  ],
  "iterations": 74,
  "logLik": -267.7761804402,
  "time": 124.542061,
  "message": "Converged",
  "status": 0,
  "cond_prob": [
    [
      [0.12544418533, 0.22185791515, 0.19596350456, 0.32727095705, 0.62777528287, 0.72479397265, 0.68956717496, 0.52364724495, 0.2467805318, 0.053348112205, 0.11446932048, 0.14908179801, 0.1650883289, 0.27365362201, 0.24628330432, 0.39846289198, 0.63360787335, 0.68554975834, 0.66455306713, 0.4890230727, 0.20130379776, 0.040796619654, 0.089163628545, 0.11251403531, 0.10408493492, 0.18251338259, 0.16182270953, 0.28077381485, 0.67235569793, 0.76955286193, 0.73495112492, 0.57961509764, 0.22355936715, 0.047933755479, 0.10322616555, 0.13961108751, 0.095425103235, 0.15586797258, 0.14136994414, 0.25628720928, 0.76556358102, 0.81637346945, 0.79749137875, 0.65728404594, 0.13901131574, 0.027758557969, 0.06113867711, 0.086428744778, 0.17441049508, 0.29823904061],
      [0.26568640434, 0.41822371966, 0.58349376273, 0.65119722612, 0.62487965182, 0.44741020333, 0.24209574218, 0.050563733277, 0.10943394384, 0.13436607701, 0.14745064177, 0.2467093042, 0.22156675436, 0.36640032959, 0.65207656357, 0.71227523487, 0.68898025732, 0.51821515525, 0.20047279466, 0.041015460935, 0.089452988322, 0.11538451516, 0.15098299882, 0.23829059413, 0.2178482815, 0.36773561604, 0.71408826088, 0.73571201089, 0.72442009738, 0.5562269585, 0.1349287403, 0.025997394978, 0.057731621118, 0.076037425459, 0.15222546787, 0.24755718114, 0.22425242397, 0.37296077974, 0.67695719757, 0.71848783666, 0.70105264352, 0.53017469034, 0.17081733455, 0.033954982199, 0.074694932502, 0.096864529919, 0.19346892033, 0.30102255884, 0.27585647728, 0.44124510837],
      [0.66129703014, 0.67137624631, 0.66271762385, 0.48213161975, 0.14523404953, 0.027601194851, 0.061425898869, 0.076623271873, 0.13377548002, 0.23130866792, 0.20571674632, 0.34239397454, 0.63820019139, 0.72047377671, 0.69013583008, 0.52240466898, 0.22802432859, 0.04821755537, 0.1041474236, 0.13520135649, 0.16848295293, 0.27770462335, 0.25033137303, 0.40412266943, 0.63466178352, 0.68262407418, 0.6628286992, 0.48657598914, 0.19685526355, 0.039671302467, 0.086839927777, 0.10930134143, 0.13576468378, 0.23595384195, 0.2094914792, 0.34691900243, 0.62962593187, 0.71422286665, 0.68304743569, 0.51431537465, 0.23460938435, 0.0498232914, 0.1074610851, 0.13876562292, 0.14551215865, 0.23082156182, 0.21075237619, 0.35786017041, 0.71713045422, 0.74258903727],
      [0.73026861848, 0.56399995955, 0.13735738713, 0.026589400911, 0.058979005322, 0.078139870041, 0.23471374228, 0.36515306272, 0.33405326514, 0.50558333923, 0.59311303314, 0.60221686639, 0.59339827152, 0.4087113461, 0.17217322458, 0.032630070891, 0.072548463341, 0.08570531467, 0.15222683762, 0.26677407662, 0.2360335014, 0.37968681441, 0.59318510179, 0.67870248339, 0.64677442924, 0.4732449512, 0.25458806059, 0.05452343999, 0.11719206935, 0.14706823439, 0.091980601632, 0.15597517079, 0.13985443062, 0.25105966373, 0.72895199417, 0.80688712476, 0.77928145937, 0.63579564145, 0.1790674042, 0.037137704459, 0.080864110006, 0.11314469481, 0.12461355141, 0.20485448452, 0.18519969888, 0.31958432373, 0.70995403375, 0.76199106403, 0.74195115144, 0.58230538555]
    ],
    [
      [0.16543241484, 0.033154451456, 0.072849149684, 0.098110290724, 0.14749394214, 0.23836654545, 0.21638937667, 0.36338032763, 0.69195064827, 0.72993079734, 0.71371359598, 0.54507044797, 0.16055540959, 0.031702657211, 0.069897027349, 0.091549224401, 0.18260599614, 0.28976008154, 0.26410633315, 0.42494362531, 0.65541332848, 0.67889207575, 0.6664688317, 0.48787812154, 0.16198067538, 0.031347842714, 0.069424835155, 0.087178253149, 0.15082283257, 0.24056814581, 0.21923129919, 0.36849463016, 0.70193928569, 0.73075044262, 0.71728408774, 0.5482800075, 0.14723788174, 0.028681411567, 0.06348461307, 0.083225362341, 0.16523232354, 0.25909211406, 0.23718023145, 0.39334319614, 0.6984890564, 0.71483010651, 0.70482859672, 0.53163357108, 0.13627862006, 0.026077779433],
      [0.057991171822, 0.075023232777, 0.2146874326, 0.3412088592, 0.31039748725, 0.47760121354, 0.60059229931, 0.62294606399, 0.61039700888, 0.42731317772, 0.18472026809, 0.035845076812, 0.079205503878, 0.095085608744, 0.14521996652, 0.22697833992, 0.20815819953, 0.3559951687, 0.73542586064, 0.7502075796, 0.74104795459, 0.57627494896, 0.11935417283, 0.02281408048, 0.05079384588, 0.067729882339, 0.18113500542, 0.27250758099, 0.25234896351, 0.41682414442, 0.72286577229, 0.70985302803, 0.70798595969, 0.53205028135, 0.095999222285, 0.017639390983, 0.039665076804, 0.051125574233, 0.17589259599, 0.29497371491, 0.264387873, 0.41888962762, 0.6026049839, 0.65967905566, 0.63685842141, 0.4590300894, 0.22150242011, 0.045347229434, 0.098753705598, 0.12208028297],
      [0.10348143108, 0.18077288214, 0.16048528718, 0.27905369872, 0.67714442095, 0.77242841383, 0.73856256606, 0.58399462733, 0.21937414797, 0.046798704027, 0.10095214677, 0.13695167395, 0.16274587423, 0.24309511672, 0.22576206668, 0.38410937711, 0.76261884699, 0.74328686434, 0.74352997912, 0.57515824529, 0.074635278781, 0.013618018937, 0.030707954203, 0.040732377599, 0.12865604753, 0.22648891303, 0.20032808797, 0.3334945054, 0.6273398244, 0.72104158307, 0.68691158081, 0.52006863419, 0.24400412807, 0.052469503904, 0.11276033122, 0.14643686041, 0.14723922552, 0.24444890471, 0.22008064079, 0.36542406055, 0.6615620686, 0.71677319642, 0.69511650655, 0.52478580395, 0.19119870588, 0.038777898863, 0.084802852658, 0.1097901355, 0.20254489634, 0.34130634482],
