{
  "W": [
    [93, 7],
    [91, 9],
    [93, 7],
    [94, 6],
    [98, 2],
    [93, 7],
    [95, 5],
    [95, 5],
    [96, 4],
    [98, 2],
    [93, 7],
    [97, 3],
    [96, 4],
    [94, 6],
    [97, 3],
    [97, 3],
    [96, 4],
    [93, 7],
    [94, 6],
    [97, 3],
    [99, 1],
    [96, 4],
    [96, 4],
    [92, 8],
    [96, 4],
    [3, 97],
    [6, 94],
    [5, 95],
    [4, 96],
    [4, 96],
    [5, 95],
    [6, 94],
    [11, 89],
    [8, 92],
    [5, 95],
    [6, 94],
    [6, 94],
    [3, 97],
    [4, 96],
    [5, 95],
    [4, 96],
    [4, 96],
    [7, 93],
    [4, 96],
    [3, 97],
    [4, 96],
    [2, 98],
    [6, 94],
    [4, 96],
    [2, 98]
  ],
  "X": [
    [42, 40, 18],
    [37, 43, 20],
    [41, 43, 16],
    [43, 38, 19],
    [43, 38, 19],
    [43, 39, 18],
    [40, 39, 21],
    [45, 36, 19],
    [43, 37, 20],
    [50, 36, 14],
    [49, 38, 13],
    [42, 39, 19],
    [54, 30, 16],
    [45, 40, 15],
    [41, 41, 18],
    [48, 36, 16],
    [42, 44, 14],
    [51, 30, 19],
    [39, 43, 18],
    [43, 43, 14],
    [44, 41, 15],
    [48, 33, 19],
    [51, 33, 16],
    [41, 34, 25],
    [42, 42, 16],
    [12, 32, 56],
    [8, 22, 70],
    [11, 24, 65],
    [13, 29, 58],
    [13, 35, 52],
    [13, 37, 50],
    [12, 29, 59],
    [7, 37, 56],
    [10, 31, 59],
    [12, 32, 56],
    [15, 27, 58],
    [10, 26, 64],
    [13, 28, 59],
    [11, 41, 48],
    [7, 28, 65],
    [16, 29, 55],
    [14, 25, 61],
    [9, 31, 60],
    [10, 26, 64],
    [11, 27, 62],
    [14, 33, 53],
    [11, 29, 60],
    [13, 34, 53],
    [12, 23, 65],
    [13, 28, 59]
  ],
  "real_prob": [
    [0.46316410522, 0.39573616164, 0.14109973314],
    [0.10986889947, 0.27832936466, 0.61180173587]
  ],
  "method": "exact",
  "prob": [
    [0.45937021979, 0.38775654379, 0.15287323642],
    [0.099429780208, 0.29184345621, 0.60872676358]
  ],
  "iterations": 3,
  "logLik": -265.4342694901,
  "time": 0.005613,
  "message": "Converged",
  "status": 0,
  "cond_prob": [
    [
      [0.4444647823, 0.094967892276, 0.40725813637, 0.30357047393, 0.14827708133, 0.6014616338, 0.39864786499, 0.08033825402, 0.44181042623, 0.31058346817, 0.15954170879, 0.60907827781, 0.433493326, 0.097874383092, 0.43647997707, 0.34390887609, 0.13002669693, 0.55821674082, 0.45152854516, 0.092719459236, 0.38658508451, 0.27683367607, 0.16188637034, 0.6304468647, 0.43705560053, 0.084275573943, 0.38251048698, 0.25698613813, 0.18043391249, 0.65873828793, 0.45500240284, 0.09782521947, 0.39694434347, 0.29773943669, 0.14805325369, 0.60443534384, 0.41692955311, 0.078338490945, 0.39684912632, 0.25986659996, 0.18622132057, 0.66179490909, 0.46864274851, 0.095787778383, 0.36524740565, 0.26029929269, 0.16610984585, 0.64391292893, 0.44433789626, 0.085890489744],
      [0.37489339361, 0.25255855333, 0.18076871013, 0.66155095692, 0.5077742358, 0.11906244591, 0.36131627872, 0.29550234273, 0.13090948548, 0.58543521136, 0.51661632058, 0.13638316939, 0.38207841199, 0.35238681213, 0.10130526743, 0.51123001848, 0.43039606963, 0.083860415205, 0.39379221552, 0.26738503146, 0.17581171485, 0.64875455334, 0.55709204323, 0.1297909624, 0.30226250664, 0.24569984057, 0.14064545012, 0.62450919703, 0.47163301746, 0.11108272653, 0.40431698524, 0.33236723129, 0.12404999731, 0.55655004219, 0.42008762125, 0.083833579689, 0.41377956978, 0.28779391053, 0.16613280898, 0.62837250978, 0.49149189355, 0.10842877532, 0.36250866625, 0.27888645793, 0.1459994402, 0.61268476675, 0.43332774796, 0.10013404901, 0.44343813686, 0.35748471532]
    ],
    [
      [0.12323411518, 0.54238123567, 0.53948145125, 0.11831786191, 0.30501138049, 0.23342023067, 0.15550716826, 0.64826190742, 0.40949292002, 0.084610919754, 0.43733229798, 0.31512733162, 0.153174782, 0.60026174863, 0.44018479692, 0.10069156628, 0.43262353606, 0.34517233418, 0.12719166702, 0.55413609954, 0.44347952044, 0.095527476891, 0.41102412626, 0.30861150016, 0.1454963533, 0.59586102295, 0.49577700592, 0.10135185802, 0.33383649944, 0.23792401351, 0.17038649465, 0.66072412847, 0.52623641869, 0.12032595143, 0.33269248963, 0.26538024885, 0.14107109168, 0.61429379972, 0.43887926224, 0.077888484238, 0.35070167741, 0.21693070976, 0.21041906035, 0.705180806, 0.43358639869, 0.093926431374, 0.42414904066, 0.3204230242, 0.14226456065, 0.58565054443],
      [0.47777440381, 0.10893481225, 0.39024111387, 0.31782759442, 0.13198448232, 0.57323759333, 0.38592711775, 0.060472737165, 0.37284335338, 0.21024404127, 0.24122952887, 0.72928322156, 0.47431139965, 0.090825715808, 0.34185557641, 0.23463918019, 0.18383302394, 0.674535104, 0.50551980137, 0.11435334161, 0.35561781452, 0.2872659244, 0.13886238411, 0.598380734, 0.47861618575, 0.11547432559, 0.4043075724, 0.34773718448, 0.11707624185, 0.53678848992, 0.46298206048, 0.1124746284, 0.4242346943, 0.36714554241, 0.11278324522, 0.5203798292, 0.46649917726, 0.097883031239, 0.37921583828, 0.28430537202, 0.15428498446, 0.61781159674, 0.26326702604, 0.046113064197, 0.55542535686, 0.34708225926, 0.1813076171, 0.60680467654, 0.39091646121, 0.074702916416]
    ],
    [
      [0.43762464689, 0.29890220462, 0.17145889189, 0.62639487897, 0.46160578605, 0.1020207481, 0.40015409176, 0.31578136359, 0.13824012219, 0.58219788831, 0.53962332521, 0.12513042605, 0.32250531736, 0.26664859676, 0.13787135743, 0.60822097719, 0.42880242553, 0.079012611136, 0.38190299278, 0.25221895791, 0.18929458169, 0.66876843096, 0.51855858603, 0.11798272414, 0.34211708116, 0.27807885316, 0.13932433281, 0.6039384227, 0.41011731389, 0.097495111921, 0.4802494971, 0.40707293762, 0.109633189, 0.49543195046, 0.33663923005, 0.055966356313, 0.45309606716, 0.27088968068, 0.21026470278, 0.67314396301, 0.56325200233, 0.14319783324, 0.31899817918, 0.28879174253, 0.11774981848, 0.56801042423, 0.54598590275, 0.12308392072, 0.30751104378, 0.24760370651],
      [0.14650305348, 0.62931237277, 0.37113198483, 0.068839528024, 0.45097507635, 0.29938897275, 0.17789293883, 0.63177149923, 0.44756975381, 0.085517926925, 0.37248974367, 0.25531292735, 0.17994050252, 0.65916914573, 0.47789509076, 0.098621801317, 0.36140564553, 0.26717302127, 0.16069926371, 0.63420517741, 0.50771654997, 0.12467847708, 0.37496566272, 0.32812643072, 0.11731778731, 0.5471950922, 0.47697370907, 0.10251074063, 0.37462380293, 0.28827298361, 0.14840248801, 0.60921627575, 0.46770309775, 0.10844448312, 0.40625411955, 0.33577101365, 0.12604278271, 0.55578450323, 0.51329953084, 0.10361251955, 0.31327065271, 0.22653038947, 0.17342981645, 0.66985709098, 0.5267804305, 0.12190244019, 0.33725300613, 0.2788315713, 0.13596656338, 0.5992659885]
    ]
  ],
  "maxiter": 3600,
  "param_threshold": 0.001,
  "ll_threshold": "-Inf",
  "initial_prob": "group_proportional"
}
