{
  "W": [
    [65, 35],
    [56, 44],
    [66, 34],
    [63, 37],
    [66, 34],
    [63, 37],
    [60, 40],
    [60, 40],
    [72, 28],
    [70, 30],
    [57, 43],
    [60, 40],
    [70, 30],
    [54, 46],
    [61, 39],
    [68, 32],
    [69, 31],
    [65, 35],
    [66, 34],
    [63, 37],
    [68, 32],
    [61, 39],
    [64, 36],
    [66, 34],
    [62, 38],
    [46, 54],
    [32, 68],
    [35, 65],
    [37, 63],
    [35, 65],
    [38, 62],
    [36, 64],
    [42, 58],
    [28, 72],
    [45, 55],
    [36, 64],
    [30, 70],
    [33, 67],
    [33, 67],
    [40, 60],
    [45, 55],
    [36, 64],
    [43, 57],
    [28, 72],
    [39, 61],
    [39, 61],
    [29, 71],
    [33, 67],
    [30, 70],
    [37, 63]
  ],
  "X": [
    [52, 48],
    [58, 42],
    [46, 54],
    [55, 45],
    [52, 48],
    [38, 62],
    [54, 46],
    [51, 49],
    [52, 48],
    [43, 57],
    [45, 55],
    [54, 46],
    [48, 52],
    [50, 50],
    [54, 46],
    [54, 46],
    [43, 57],
    [49, 51],
    [53, 47],
    [56, 44],
    [44, 56],
    [48, 52],
    [52, 48],
    [49, 51],
    [48, 52],
    [57, 43],
    [60, 40],
    [51, 49],
    [54, 46],
    [65, 35],
    [57, 43],
    [57, 43],
    [63, 37],
    [54, 46],
    [47, 53],
    [56, 44],
    [62, 38],
    [56, 44],
    [49, 51],
    [54, 46],
    [55, 45],
    [58, 42],
    [54, 46],
    [61, 39],
    [55, 45],
    [60, 40],
    [54, 46],
    [57, 43],
    [50, 50],
    [58, 42]
  ],
  "real_prob": [
    [0.44366347627, 0.55633652373],
    [0.65533304795, 0.34466695205]
  ],
  "method": "exact",
  "prob": [
    [0.4285270156, 0.5714729844],
    [0.6322729844, 0.3677270156]
  ],
  "iterations": 25,
  "logLik": -145.5992015891,
  "time": 0.04315,
  "message": "Converged",
  "status": 0,
  "cond_prob": [
    [
      [0.44915069422, 0.65157728216, 0.55084930578, 0.34842271784, 0.49314352776, 0.69054460103, 0.50685647224, 0.30945539897, 0.3904429261, 0.59502255521, 0.6095570739, 0.40497744479, 0.4761259852, 0.67578548466, 0.5238740148, 0.32421451534, 0.45123545694, 0.653484113, 0.54876454306, 0.346515887, 0.30708796906, 0.50414751213, 0.69291203094, 0.49585248787, 0.45939664928, 0.66090502608, 0.54060335072, 0.33909497392, 0.42847165066, 0.63229252401, 0.57152834934, 0.36770747599, 0.4637066868, 0.66475423393, 0.5362933132, 0.33524576607, 0.36882647887, 0.57273821597, 0.63117352113, 0.42726178403, 0.36247906879, 0.56601611812, 0.63752093121, 0.43398388188, 0.45939664928, 0.66090502608, 0.54060335072, 0.33909497392, 0.41872974089, 0.62296393791],
      [0.58127025911, 0.37703606209, 0.40590130262, 0.61046368823, 0.59409869738, 0.38953631177, 0.46149393989, 0.66279152991, 0.53850606011, 0.33720847009, 0.47611224827, 0.67576147243, 0.52388775173, 0.32423852757, 0.36682025289, 0.57062588874, 0.63317974711, 0.42937411126, 0.41851405625, 0.62275960981, 0.58148594375, 0.37724039019, 0.46156469605, 0.66284500178, 0.53843530395, 0.33715499822, 0.48662883576, 0.68492927965, 0.51337116424, 0.31507072035, 0.37466447877, 0.57883798261, 0.62533552123, 0.42116201739, 0.40020039984, 0.60481475922, 0.59979960016, 0.39518524078, 0.44706472854, 0.64966270482, 0.55293527146, 0.35033729518, 0.42058270636, 0.62475121706, 0.57941729364, 0.37524878294, 0.40225160658, 0.60685264189, 0.59774839342, 0.39314735811]
    ],
    [
      [0.46127051741, 0.6626214111, 0.53872948259, 0.3373785889, 0.46319394956, 0.66437931785, 0.53680605044, 0.33562068215, 0.37724039019, 0.58148594375, 0.62275960981, 0.41851405625, 0.41118201603, 0.61565500646, 0.58881798397, 0.38434499354, 0.52509457896, 0.71725676517, 0.47490542104, 0.28274323483, 0.44422765219, 0.64708627769, 0.55577234781, 0.35291372231, 0.43997415943, 0.64313953532, 0.56002584057, 0.35686046468, 0.51779022575, 0.71125535377, 0.48220977425, 0.28874464623, 0.39269156645, 0.59728661305, 0.60730843355, 0.40271338695, 0.35822075427, 0.56145574651, 0.64177924573, 0.43854425349, 0.42957448292, 0.63336435335, 0.57042551708, 0.36663564665, 0.48056715328, 0.67975693431, 0.51943284672, 0.32024306569, 0.42326063483, 0.62734923956],
      [0.57673936517, 0.37265076044, 0.35405554754, 0.55695771539, 0.64594445246, 0.44304228461, 0.41741981321, 0.62172012453, 0.58258018679, 0.37827987547, 0.43820072085, 0.64147213749, 0.56179927915, 0.35852786251, 0.45048639317, 0.65285140384, 0.54951360683, 0.34714859616, 0.42368473955, 0.62774659999, 0.57631526045, 0.37225340001, 0.46529797554, 0.66627300951, 0.53470202446, 0.33372699049, 0.42557089155, 0.62955303655, 0.57442910845, 0.37044696345, 0.47833747948, 0.67778423443, 0.52166252052, 0.32221576557, 0.39472638793, 0.59933710916, 0.60527361207, 0.40066289084, 0.43360715997, 0.637178563, 0.56639284003, 0.362821437, 0.35777353114, 0.56095420094, 0.64222646886, 0.43904579906, 0.45262674274, 0.65480651617, 0.54737325726, 0.34519348383]
    ]
  ],
  "maxiter": 3600,
  "param_threshold": 0.001,
  "ll_threshold": "-Inf",
  "initial_prob": "group_proportional"
}
