{
  "W": [
    [54, 46],
    [68, 32],
    [62, 38],
    [69, 31],
    [63, 37],
    [60, 40],
    [55, 45],
    [64, 36],
    [61, 39],
    [62, 38],
    [63, 37],
    [68, 32],
    [60, 40],
    [61, 39],
    [62, 38],
    [64, 36],
    [60, 40],
    [65, 35],
    [54, 46],
    [60, 40],
    [64, 36],
    [57, 43],
    [70, 30],
    [65, 35],
    [61, 39],
    [40, 60],
    [34, 66],
    [42, 58],
    [42, 58],
    [41, 59],
    [36, 64],
    [36, 64],
    [37, 63],
    [42, 58],
    [44, 56],
    [39, 61],
    [45, 55],
    [41, 59],
    [33, 67],
    [41, 59],
    [44, 56],
    [37, 63],
    [31, 69],
    [33, 67],
    [44, 56],
    [30, 70],
    [30, 70],
    [39, 61],
    [39, 61],
    [28, 72]
  ],
  "X": [
    [29, 71],
    [31, 69],
    [39, 61],
    [43, 57],
    [39, 61],
    [29, 71],
    [36, 64],
    [30, 70],
    [34, 66],
    [33, 67],
    [31, 69],
    [40, 60],
    [32, 68],
    [27, 73],
    [39, 61],
    [41, 59],
    [35, 65],
    [42, 58],
    [28, 72],
    [41, 59],
    [36, 64],
    [34, 66],
    [36, 64],
    [29, 71],
    [30, 70],
    [20, 80],
    [34, 66],
    [26, 74],
    [32, 68],
    [27, 73],
    [27, 73],
    [22, 78],
    [25, 75],
    [31, 69],
    [20, 80],
    [30, 70],
    [34, 66],
    [25, 75],
    [32, 68],
    [22, 78],
    [31, 69],
    [31, 69],
    [31, 69],
    [29, 71],
    [29, 71],
    [24, 76],
    [25, 75],
    [25, 75],
    [24, 76],
    [28, 72]
  ],
  "real_prob": [
    [0.46748607698, 0.53251392302],
    [0.16476314494, 0.83523685506]
  ],
  "method": "exact",
  "prob": [
    [0.4355049878, 0.5644950122],
    [0.1836950122, 0.8163049878]
  ],
  "iterations": 32,
  "logLik": -145.2577677154,
  "time": 0.048322,
  "message": "Converged",
  "status": 0,
  "cond_prob": [
    [
      [0.39905077831, 0.16198386894, 0.60094922169, 0.83801613106, 0.38363815027, 0.15351893068, 0.61636184973, 0.84648106932, 0.49357822207, 0.22100395346, 0.50642177793, 0.77899604654, 0.51658329517, 0.237282343, 0.48341670483, 0.762717657, 0.49049027432, 0.21889493832, 0.50950972568, 0.78110506168, 0.38172860014, 0.15240709979, 0.61827139986, 0.84759290021, 0.48084062425, 0.21230590369, 0.51915937575, 0.78769409631, 0.3827023356, 0.15297362559, 0.6172976644, 0.84702637441, 0.43881212017, 0.18544770948, 0.56118787983, 0.81455229052, 0.42405071779, 0.17654882886, 0.57594928221, 0.82345117114, 0.39742312205, 0.1611444138, 0.60257687795, 0.8388555862, 0.48648881164, 0.21621127527, 0.51351118836, 0.78378872473, 0.41802065319, 0.17296902022],
      [0.58197934681, 0.82703097978, 0.35446126986, 0.13789391124, 0.64553873014, 0.86210608876, 0.49357822207, 0.22100395346, 0.50642177793, 0.77899604654, 0.50988083862, 0.23243406468, 0.49011916138, 0.76756593532, 0.45358232761, 0.19462650858, 0.54641767239, 0.80537349142, 0.51789108238, 0.23820227558, 0.48210891762, 0.76179772442, 0.38650261112, 0.15497519564, 0.61349738888, 0.84502480436, 0.52237490238, 0.24143764643, 0.47762509762, 0.75856235357, 0.45315547371, 0.19439026896, 0.54684452629, 0.80560973104, 0.45094183842, 0.19293756303, 0.54905816158, 0.80706243697, 0.43561356398, 0.18356835071, 0.56438643602, 0.81643164929, 0.36804196783, 0.14506491689, 0.63195803217, 0.85493508311, 0.39106456748, 0.15756567651, 0.60893543252, 0.84243432349]
    ],
    [
      [0.31966726226, 0.12022182516, 0.68033273774, 0.87977817484, 0.52621524769, 0.24407093301, 0.47378475231, 0.75592906699, 0.39706666208, 0.16074483091, 0.60293333792, 0.83925516909, 0.47460554411, 0.20804426116, 0.52539445589, 0.79195573884, 0.4136066608, 0.1702055408, 0.5863933392, 0.8297944592, 0.43012455208, 0.17992993945, 0.56987544792, 0.82007006055, 0.3606562265, 0.14088087259, 0.6393437735, 0.85911912741, 0.39961661387, 0.16212992519, 0.60038338613, 0.83787007481, 0.46207574174, 0.19987618701, 0.53792425826, 0.80012381299, 0.30839000271, 0.11483642645, 0.69160999729, 0.88516357355, 0.45936766465, 0.19810919801, 0.54063233535, 0.80189080199, 0.4892409816, 0.21789374233, 0.5107590184, 0.78210625767, 0.38674099778, 0.15497659476],
      [0.61325900222, 0.84502340524, 0.50513382907, 0.22881468121, 0.49486617093, 0.77118531879, 0.34524503712, 0.13296531319, 0.65475496288, 0.86703468681, 0.45548835716, 0.19568771938, 0.54451164284, 0.80431228062, 0.47886660648, 0.21082437397, 0.52113339352, 0.78917562603, 0.49951868291, 0.22485392507, 0.50048131709, 0.77514607493, 0.46686977806, 0.20288503469, 0.53313022194, 0.79711496531, 0.43004347183, 0.17996584356, 0.56995652817, 0.82003415644, 0.40916017802, 0.16750278085, 0.59083982198, 0.83249721915, 0.4232492648, 0.17575031509, 0.5767507352, 0.82424968491, 0.39311938448, 0.15849744271, 0.60688061552, 0.84150255729, 0.37935255689, 0.15090574231, 0.62064744311, 0.84909425769, 0.47118505811, 0.20565025518, 0.52881494189, 0.79434974482]
    ]
  ],
  "maxiter": 3600,
  "param_threshold": 0.001,
  "ll_threshold": "-Inf",
  "initial_prob": "group_proportional"
}
