{
  "W": [
    [83, 7, 10],
    [81, 7, 12],
    [77, 13, 10],
    [80, 8, 12],
    [79, 10, 11],
    [81, 13, 6],
    [84, 10, 6],
    [81, 10, 9],
    [75, 13, 12],
    [75, 12, 13],
    [76, 14, 10],
    [79, 9, 12],
    [88, 7, 5],
    [80, 8, 12],
    [77, 12, 11],
    [86, 7, 7],
    [59, 32, 9],
    [7, 77, 16],
    [13, 72, 15],
    [10, 82, 8],
    [5, 82, 13],
    [14, 74, 12],
    [12, 79, 9],
    [8, 81, 11],
    [6, 86, 8],
    [13, 69, 18],
    [6, 85, 9],
    [6, 84, 10],
    [8, 85, 7],
    [4, 82, 14],
    [14, 77, 9],
    [9, 86, 5],
    [9, 72, 19],
    [12, 36, 52],
    [9, 9, 82],
    [9, 14, 77],
    [9, 6, 85],
    [12, 10, 78],
    [9, 9, 82],
    [9, 12, 79],
    [9, 8, 83],
    [12, 5, 83],
    [13, 11, 76],
    [12, 8, 80],
    [8, 13, 79],
    [9, 17, 74],
    [10, 9, 81],
    [12, 10, 78],
    [13, 11, 76],
    [15, 14, 71]
  ],
  "X": [
    [38, 62],
    [37, 63],
    [32, 68],
    [48, 52],
    [40, 60],
    [43, 57],
    [34, 66],
    [44, 56],
    [42, 58],
    [44, 56],
    [27, 73],
    [32, 68],
    [40, 60],
    [46, 54],
    [40, 60],
    [38, 62],
    [30, 70],
    [43, 57],
    [39, 61],
    [36, 64],
    [41, 59],
    [45, 55],
    [40, 60],
    [31, 69],
    [35, 65],
    [41, 59],
    [39, 61],
    [36, 64],
    [43, 57],
    [31, 69],
    [35, 65],
    [34, 66],
    [38, 62],
    [47, 53],
    [51, 49],
    [47, 53],
    [48, 52],
    [35, 65],
    [44, 56],
    [52, 48],
    [41, 59],
    [44, 56],
    [55, 45],
    [44, 56],
    [46, 54],
    [50, 50],
    [41, 59],
    [50, 50],
    [38, 62],
    [44, 56]
  ],
  "real_prob": [
    [0.37662294599, 0.62337705401],
    [0.37357174284, 0.62642825716],
    [0.47355910811, 0.52644089189]
  ],
  "method": "exact",
  "prob": [
    [0.37939903818, 0.62060096182],
    [0.36370208718, 0.63629791282],
    [0.48034239136, 0.51965760864]
  ],
  "iterations": 5,
  "logLik": -151.6415596755,
  "time": 0.022289,
  "message": "Converged",
  "status": 0,
  "cond_prob": [
    [
      [0.37104023123, 0.35564925069, 0.47141160527, 0.62895976877, 0.64435074931, 0.52858839473, 0.35912153081, 0.34395508376, 0.45862253484, 0.64087846919, 0.65604491624, 0.54137746516, 0.31235471883, 0.29824476404, 0.40715047179, 0.68764528117, 0.70175523596, 0.59284952821, 0.46899322023, 0.45245963719, 0.57173877368, 0.53100677977, 0.54754036281, 0.42826122632, 0.390406017, 0.37468984266, 0.49191147546, 0.609593983, 0.62531015734, 0.50808852454, 0.42594099098, 0.40975479509, 0.5286612324, 0.57405900902, 0.59024520491, 0.4713387676, 0.33562284915, 0.32095141052, 0.43302776099, 0.66437715085, 0.67904858948, 0.56697223901, 0.43237137425, 0.41611795894, 0.5351932329, 0.56762862575, 0.58388204106, 0.4648067671, 0.40980251762, 0.39380947036],
      [0.51210733867, 0.59019748238, 0.60619052964, 0.48789266133, 0.4285862316, 0.4123718925, 0.53135153233, 0.5714137684, 0.5876281075, 0.46864846767, 0.26302942491, 0.25033735877, 0.3505040684, 0.73697057509, 0.74966264123, 0.6494959316, 0.30992550842, 0.29587860867, 0.40441477976, 0.69007449158, 0.70412139133, 0.59558522024, 0.39601744815, 0.38021577975, 0.49779082088, 0.60398255185, 0.61978422025, 0.50220917912, 0.44896118373, 0.432559044, 0.55188607916, 0.55103881627, 0.567440956, 0.44811392084, 0.39071918143, 0.37499809944, 0.49224053059, 0.60928081857, 0.62500190056, 0.50775946941, 0.37404113214, 0.35859627411, 0.47461267387, 0.62595886786, 0.64140372589, 0.52538732613, 0.29603730202, 0.28236121584, 0.38869336376, 0.70396269798],
      [0.71763878416, 0.61130663624, 0.42602837459, 0.40984039703, 0.5287556754, 0.57397162541, 0.59015960297, 0.4712443246, 0.38607374216, 0.37042486822, 0.48736338935, 0.61392625784, 0.62957513178, 0.51263661065, 0.36452955267, 0.34925641843, 0.46445977031, 0.63547044733, 0.65074358157, 0.53554022969, 0.40981469281, 0.39382008802, 0.51212917832, 0.59018530719, 0.60617991198, 0.48787082168, 0.44979150673, 0.4333820094, 0.55272085088, 0.55020849327, 0.5666179906, 0.44727914912, 0.40337975672, 0.38747130667, 0.50546774361, 0.59662024328, 0.61252869333, 0.49453225639, 0.31099167792, 0.2969144658, 0.40563589516, 0.68900832208, 0.7030855342, 0.59436410484, 0.3550404292, 0.33995210953, 0.4542345007, 0.6449595708, 0.66004789047, 0.5457654993]
    ],
    [
      [0.40259932973, 0.38670251493, 0.50465195463, 0.59740067027, 0.61329748507, 0.49534804537, 0.39425708925, 0.37848010101, 0.49596098647, 0.60574291075, 0.62151989899, 0.50403901353, 0.36282179717, 0.34758126251, 0.46262431665, 0.63717820283, 0.65241873749, 0.53737568335, 0.43665050727, 0.42035405016, 0.53952881119, 0.56334949273, 0.57964594984, 0.46047118881, 0.30828343073, 0.29427698198, 0.40258241106, 0.69171656927, 0.70572301802, 0.59741758894, 0.35267128326, 0.33763136223, 0.45166523807, 0.64732871674, 0.66236863777, 0.54833476193, 0.34792098027, 0.33297863624, 0.44650969218, 0.65207901973, 0.66702136376, 0.55349030782, 0.37201062906, 0.35660133428, 0.47245306687, 0.62798937094, 0.64339866572, 0.52754693313, 0.42243881271, 0.40629282976],
      [0.52508062262, 0.57756118729, 0.59370717024, 0.47491937738, 0.42722027043, 0.41102262804, 0.52994895017, 0.57277972957, 0.58897737196, 0.47005104983, 0.39394112502, 0.37817557187, 0.49558534894, 0.60605887498, 0.62182442813, 0.50441465106, 0.39452958772, 0.37875588219, 0.49619645197, 0.60547041228, 0.62124411781, 0.50380354803, 0.28087918546, 0.26765067682, 0.371191577, 0.71912081454, 0.73234932318, 0.628808423, 0.35977807998, 0.34460657887, 0.45927485452, 0.64022192002, 0.65539342113, 0.54072514548, 0.44067051702, 0.42433899954, 0.54356832092, 0.55932948298, 0.57566100046, 0.45643167908, 0.33079826182, 0.31624837125, 0.42762444185, 0.66920173818, 0.68375162875, 0.57237555815, 0.35827479007, 0.3431330845, 0.45765104936, 0.64172520993],
      [0.6568669155, 0.54234895064, 0.4737938371, 0.45723441925, 0.57646186192, 0.5262061629, 0.54276558075, 0.42353813808, 0.3615103684, 0.34630495601, 0.46114294914, 0.6384896316, 0.65369504399, 0.53885705086, 0.38221390149, 0.36663520958, 0.48324089954, 0.61778609851, 0.63336479042, 0.51675910046, 0.42673830834, 0.41054550701, 0.52946056224, 0.57326169166, 0.58945449299, 0.47053943776, 0.33271915372, 0.31812444643, 0.42974924006, 0.66728084628, 0.68187555357, 0.57025075994, 0.42157527163, 0.40544066101, 0.524188335, 0.57842472837, 0.59455933899, 0.475811665, 0.30980335401, 0.29576978566, 0.40419853626, 0.69019664599, 0.70423021434, 0.59580146374, 0.37092502033, 0.35554206987, 0.47124698193, 0.62907497967, 0.64445793013, 0.52875301807]
    ]
  ],
  "maxiter": 3600,
  "param_threshold": 0.001,
  "ll_threshold": "-Inf",
  "initial_prob": "group_proportional"
}
