{
  "W": [
    [44, 21, 17, 18],
    [38, 21, 20, 21],
    [43, 21, 16, 20],
    [39, 22, 17, 22],
    [42, 19, 23, 16],
    [50, 18, 12, 20],
    [51, 19, 11, 19],
    [49, 21, 17, 13],
    [52, 19, 11, 18],
    [45, 20, 17, 18],
    [41, 19, 19, 21],
    [45, 18, 18, 19],
    [31, 33, 19, 17],
    [18, 49, 14, 19],
    [16, 46, 16, 22],
    [27, 35, 25, 13],
    [24, 39, 16, 21],
    [21, 41, 26, 12],
    [15, 42, 23, 20],
    [23, 45, 12, 20],
    [21, 42, 20, 17],
    [13, 48, 20, 19],
    [22, 38, 20, 20],
    [24, 40, 19, 17],
    [20, 36, 21, 23],
    [21, 13, 44, 22],
    [17, 22, 43, 18],
    [6, 21, 45, 28],
    [13, 16, 56, 15],
    [20, 16, 46, 18],
    [19, 19, 44, 18],
    [14, 18, 51, 17],
    [20, 14, 47, 19],
    [23, 20, 36, 21],
    [21, 20, 42, 17],
    [12, 21, 43, 24],
    [16, 14, 47, 23],
    [21, 26, 29, 24],
    [19, 14, 16, 51],
    [17, 25, 21, 37],
    [15, 22, 20, 43],
    [25, 12, 19, 44],
    [17, 21, 16, 46],
    [20, 18, 14, 48],
    [15, 25, 17, 43],
    [17, 22, 19, 42],
    [10, 23, 29, 38],
    [22, 14, 23, 41],
    [14, 22, 18, 46],
    [22, 20, 16, 42]
  ],
  "X": [
    [42, 16, 42],
    [28, 27, 45],
    [33, 30, 37],
    [32, 30, 38],
    [29, 23, 48],
    [27, 27, 46],
    [33, 19, 48],
    [24, 30, 46],
    [27, 25, 48],
    [26, 23, 51],
    [27, 26, 47],
    [28, 30, 42],
    [30, 31, 39],
    [26, 38, 36],
    [24, 43, 33],
    [25, 36, 39],
    [27, 34, 39],
    [23, 35, 42],
    [23, 41, 36],
    [27, 36, 37],
    [23, 40, 37],
    [34, 24, 42],
    [33, 28, 39],
    [25, 29, 46],
    [32, 34, 34],
    [27, 28, 45],
    [27, 33, 40],
    [16, 36, 48],
    [18, 39, 43],
    [27, 27, 46],
    [22, 38, 40],
    [25, 35, 40],
    [17, 35, 48],
    [29, 32, 39],
    [19, 32, 49],
    [27, 30, 43],
    [23, 33, 44],
    [29, 29, 42],
    [41, 36, 23],
    [36, 30, 34],
    [42, 31, 27],
    [41, 26, 33],
    [37, 31, 32],
    [45, 26, 29],
    [38, 37, 25],
    [39, 31, 30],
    [26, 41, 33],
    [36, 32, 32],
    [39, 34, 27],
    [32, 37, 31]
  ],
  "real_prob": [
    [0.27470200278, 0.1152221292, 0.61007586802],
    [0.14356512748, 0.53452782041, 0.32190705212],
    [0.040003906425, 0.34214718084, 0.61784891274],
    [0.70480797, 0.28592690773, 0.0092651222787]
  ],
  "method": "exact",
  "prob": [
    [0.29264660648, 0.099003961389, 0.60834943213],
    [0.20784552566, 0.47075711028, 0.32139736406],
    [0.059063090143, 0.35896465365, 0.58197225621],
    [0.61324477771, 0.33047427469, 0.056280947602]
  ],
  "iterations": 55,
  "logLik": -271.9689298204,
  "time": 307.059915,
  "message": "Converged",
  "status": 0,
  "cond_prob": [
    [
      [0.41785986329, 0.35630080533, 0.107188965, 0.79497981657, 0.053692536845, 0.30991325152, 0.24899048738, 0.16091732286, 0.52844759986, 0.33378594315, 0.64382054763, 0.044102860571, 0.26714108088, 0.1947206673, 0.053698345751, 0.604073238, 0.093550876026, 0.46089455949, 0.33871541822, 0.33295107606, 0.63930804309, 0.34438477321, 0.60758623603, 0.062975685935, 0.34642670147, 0.2219278778, 0.068557084361, 0.61731265265, 0.12114034673, 0.52572736049, 0.4330525111, 0.34109251713, 0.5324329518, 0.2523447617, 0.49839040454, 0.041594830217, 0.32441440246, 0.21519308405, 0.064501775472, 0.61441183055, 0.11342918151, 0.50912144736, 0.40689419146, 0.33901767384, 0.56215641603, 0.27568546859, 0.52860403307, 0.046570495613, 0.29997246454, 0.22972047987],
      [0.063926070274, 0.66038548472, 0.080891475349, 0.41924942858, 0.31109266288, 0.28010547788, 0.61913606011, 0.35103009155, 0.62498126685, 0.0595090374, 0.24800044258, 0.16857497834, 0.047078664707, 0.55003421422, 0.11062500264, 0.50943438925, 0.37847122651, 0.38786380718, 0.64137455478, 0.32199063241, 0.57445010878, 0.062101978608, 0.2933918123, 0.23549688622, 0.064021546068, 0.6767547225, 0.071213892915, 0.38737980667, 0.28022025488, 0.25923433321, 0.63539429478, 0.37712330711, 0.65575819905, 0.06401094429, 0.25998533531, 0.16591415192, 0.047859981011, 0.53560782327, 0.12568878529, 0.54389731575, 0.41778212397, 0.4090084448, 0.6143258794, 0.29018853234, 0.53435789502, 0.055383731932, 0.24825699692, 0.17533143478, 0.048247298083, 0.56825659002],
      [0.10137748717, 0.48527245708, 0.35515526498, 0.366749226, 0.65036551591, 0.33939610813, 0.59659743694, 0.064994183985, 0.23716547004, 0.18401450519, 0.048231375583, 0.6015183533, 0.080958146655, 0.42494397383, 0.29646517588, 0.32322755188, 0.68187638331, 0.39104152098, 0.65530344854, 0.075254094811, 0.2490865334, 0.18320997014, 0.049592643151, 0.58877154657, 0.092274669417, 0.45888569477, 0.33081040609, 0.34345298274, 0.65863879718, 0.35790433509, 0.61959695076, 0.067775470691, 0.28750919102, 0.18465733318, 0.05431590363, 0.56634569165, 0.1230534836, 0.53537506086, 0.41953297028, 0.38285519353, 0.58943732537, 0.27996760596, 0.52615112609, 0.050799114817, 0.32826824384, 0.23025012371, 0.067860658488, 0.6432986969, 0.099797856471, 0.4728990759],
      [0.37206609178, 0.307725953, 0.57193389969, 0.29685080039, 0.56007324974, 0.048975350102, 0.27191210487, 0.18854280653, 0.053174352848, 0.58539703435, 0.10545877427, 0.49262334254, 0.37092062456, 0.35633208079, 0.62262912087, 0.31883385094, 0.57590502259, 0.05827088486, 0.25558786796, 0.16301888837, 0.046817758029, 0.53012005086, 0.12720609077, 0.54662287684, 0.41908011952, 0.41430765003, 0.61720604127, 0.29035823479, 0.53410212245, 0.05557229911, 0.31292982355, 0.20581315684, 0.061175850742, 0.60138753895, 0.11611523552, 0.51605635165, 0.40975793516, 0.35068984261, 0.57095494093, 0.2781304915, 0.5290662141, 0.047922618439, 0.26583312202, 0.18903561932, 0.052551876632, 0.59079932819, 0.099663725166, 0.47775875171, 0.3543680888, 0.34788523135]
    ],
    [
      [0.63450315281, 0.33320562897, 0.59308003457, 0.061315440454, 0.28448029334, 0.20119021295, 0.056854491328, 0.60824152786, 0.099867819121, 0.47644362477, 0.35980777587, 0.33446541751, 0.61565188754, 0.32236616227, 0.5833377328, 0.057293054638, 0.25683557479, 0.16928450233, 0.048043279539, 0.54662609254, 0.11861796447, 0.52673374733, 0.39930617547, 0.39569355547, 0.62454646074, 0.30398175034, 0.55265054499, 0.057680351992, 0.2698623083, 0.18793366589, 0.052850865614, 0.58509707783, 0.10445211947, 0.49033449446, 0.36790317837, 0.35588554306, 0.62568557223, 0.32173183965, 0.57924595602, 0.059017379109, 0.26380909068, 0.17103248896, 0.049125055051, 0.54671432109, 0.12229954591, 0.53485156205, 0.41014510173, 0.39794364088, 0.61389136341, 0.29411594899],
      [0.54072984321, 0.055342038036, 0.33167685796, 0.28901581728, 0.078673938957, 0.74957699147, 0.053723505744, 0.31476585274, 0.22915818135, 0.18998262458, 0.61459963629, 0.39621832998, 0.69216787969, 0.06044038395, 0.33944462967, 0.26371697396, 0.07563561347, 0.69991304337, 0.076508984043, 0.40063489832, 0.30704973318, 0.24758407758, 0.58404638629, 0.33564812773, 0.61731465335, 0.052502879052, 0.24366473033, 0.19231238409, 0.0502612692, 0.61791688197, 0.077410063503, 0.4115763944, 0.28705074571, 0.30736109007, 0.67892520617, 0.3961112215, 0.66268798509, 0.074722027955, 0.34350303853, 0.23935975037, 0.071613632074, 0.65256964968, 0.10097090929, 0.47448313605, 0.37935554808, 0.30142271333, 0.55552605219, 0.28615711357, 0.54903081985, 0.046007636992],
      [0.31098113586, 0.23315845904, 0.065879076042, 0.66089349244, 0.085331793416, 0.43167753294, 0.32639591656, 0.28340018552, 0.60368707073, 0.33516400803, 0.6077250074, 0.055706322041, 0.35830587604, 0.25270721948, 0.076124170465, 0.6708834416, 0.097153194384, 0.4624919692, 0.37323948206, 0.28468192468, 0.54454092958, 0.28480081132, 0.55063634747, 0.044434633715, 0.1287258404, 0.099455145062, 0.023867563882, 0.43089451917, 0.087837999496, 0.45513826235, 0.29158502313, 0.45691937331, 0.78343616011, 0.44540659259, 0.68454741298, 0.11218610753, 0.28103833716, 0.1816503034, 0.052735433094, 0.56579416728, 0.12182162148, 0.53191695328, 0.41382152751, 0.38210947518, 0.59714004136, 0.28643274332, 0.5334430394, 0.052096357535, 0.34020830833, 0.26164858117],
