{
  "W": [
    [38, 37, 25],
    [46, 22, 32],
    [40, 38, 22],
    [28, 36, 36],
    [35, 27, 38],
    [35, 30, 35],
    [31, 40, 29],
    [38, 26, 36],
    [38, 37, 25],
    [29, 39, 32],
    [23, 37, 40],
    [31, 33, 36],
    [33, 28, 39],
    [28, 37, 35],
    [30, 35, 35],
    [35, 25, 40],
    [36, 30, 34],
    [35, 31, 34],
    [31, 39, 30],
    [28, 36, 36],
    [32, 37, 31],
    [34, 35, 31],
    [32, 37, 31],
    [36, 36, 28],
    [44, 29, 27],
    [33, 37, 30],
    [32, 32, 36],
    [35, 35, 30],
    [37, 28, 35],
    [32, 38, 30],
    [38, 31, 31],
    [32, 28, 40],
    [35, 32, 33],
    [35, 32, 33],
    [35, 27, 38],
    [32, 37, 31],
    [27, 29, 44],
    [33, 31, 36],
    [33, 38, 29],
    [30, 35, 35],
    [32, 35, 33],
    [25, 35, 40],
    [32, 37, 31],
    [38, 26, 36],
    [31, 34, 35],
    [23, 36, 41],
    [40, 34, 26],
    [35, 34, 31],
    [28, 35, 37],
    [38, 34, 28]
  ],
  "X": [
    [30, 34, 36],
    [32, 30, 38],
    [32, 32, 36],
    [40, 28, 32],
    [39, 26, 35],
    [32, 30, 38],
    [26, 33, 41],
    [38, 24, 38],
    [26, 30, 44],
    [32, 28, 40],
    [36, 31, 33],
    [42, 28, 30],
    [38, 21, 41],
    [39, 25, 36],
    [34, 25, 41],
    [47, 25, 28],
    [34, 34, 32],
    [34, 30, 36],
    [40, 31, 29],
    [35, 31, 34],
    [37, 32, 31],
    [30, 29, 41],
    [35, 21, 44],
    [31, 29, 40],
    [34, 29, 37],
    [32, 33, 35],
    [33, 30, 37],
    [32, 35, 33],
    [39, 27, 34],
    [30, 35, 35],
    [28, 37, 35],
    [45, 27, 28],
    [35, 28, 37],
    [36, 33, 31],
    [44, 27, 29],
    [31, 36, 33],
    [41, 27, 32],
    [37, 36, 27],
    [32, 32, 36],
    [45, 20, 35],
    [34, 26, 40],
    [34, 25, 41],
    [34, 29, 37],
    [40, 36, 24],
    [30, 35, 35],
    [44, 19, 37],
    [32, 33, 35],
    [32, 30, 38],
    [27, 42, 31],
    [32, 30, 38]
  ],
  "real_prob": [
    [0.16299790109, 0.32120744952, 0.51579464939],
    [0.03265069979, 0.45127387866, 0.51607542155],
    [0.85762468482, 0.13111104673, 0.011264268449]
  ],
  "method": "exact",
  "prob": [
    [0.20463623814, 0.41834889036, 0.3770148715],
    [0.11519084001, 0.34946223442, 0.53534692557],
    [0.73160159707, 0.12248430672, 0.14591409621]
  ],
  "iterations": 145,
  "logLik": -275.4849700853,
  "time": 727.703916,
  "message": "Converged",
  "status": 0,
  "cond_prob": [
    [
      [0.19848854441, 0.11272724291, 0.73146109299, 0.44470549744, 0.37432773205, 0.13004260045, 0.35680595815, 0.51294502504, 0.13849630655, 0.17119937348, 0.092959270228, 0.68999140234, 0.40574296064, 0.32611249604, 0.13004215306, 0.42305766588, 0.58092823373, 0.1799664446, 0.2409939968, 0.13902152319, 0.77624646577, 0.40949037131, 0.35032520067, 0.10491034192, 0.34951563189, 0.51065327614, 0.11884319232, 0.24429515387, 0.14150560427, 0.77959816494, 0.41148533292, 0.35332703443, 0.10440659551, 0.3442195132, 0.50516736129, 0.11599523955, 0.21367462546, 0.11864092776, 0.74521271209, 0.38379407496, 0.31557935989, 0.10648854367, 0.40253129958, 0.56577971235, 0.14829874425, 0.16197041917, 0.088188018081, 0.67672556533, 0.42377294899, 0.34147337067],
      [0.14067844757, 0.41425663183, 0.57033861125, 0.1825959871, 0.1406140204, 0.076282937231, 0.64102234064, 0.44841050533, 0.36008633593, 0.16192485853, 0.41097547427, 0.56363072684, 0.19705280083, 0.21488429122, 0.1170304106, 0.74421128495, 0.34838269552, 0.28097008155, 0.096006540282, 0.43673301326, 0.60199950786, 0.15978217477, 0.15948558931, 0.085313165811, 0.67131841885, 0.39659081173, 0.31416388174, 0.1322194212, 0.44392359896, 0.60052295245, 0.19646215995, 0.18464177128, 0.10090353072, 0.70969221671, 0.3981744789, 0.32226121298, 0.12139852517, 0.41718374982, 0.5768352563, 0.16890925811, 0.17793679714, 0.10058769135, 0.70464272715, 0.46583179071, 0.38986830748, 0.14651853592, 0.35623141215, 0.50954400117, 0.14883873693, 0.26384388397],
      [0.15525563326, 0.79715010276, 0.40905199385, 0.35689982966, 0.098380383667, 0.32710412218, 0.48784453709, 0.10446951357, 0.20198858381, 0.10701926075, 0.72661121624, 0.31762847527, 0.24907705578, 0.090874429597, 0.48038294093, 0.64390368347, 0.18251435416, 0.2427567382, 0.13688096719, 0.77537758698, 0.36868352989, 0.30812730261, 0.093604313336, 0.38855973191, 0.55499173021, 0.13101809968, 0.18705808058, 0.10055917, 0.71053390379, 0.36543103753, 0.29084063114, 0.11021847955, 0.4475108819, 0.60860019886, 0.17924761666, 0.28891990342, 0.1706996624, 0.81550779551, 0.37935396822, 0.33231036851, 0.085371297492, 0.33172612836, 0.4969899691, 0.099120906997, 0.18357062153, 0.10472160858, 0.71322968728, 0.47325268238, 0.39984294094, 0.14610632959]
    ],
    [
      [0.34317669609, 0.49543545049, 0.14066398312, 0.18643212589, 0.10354293475, 0.71367778284, 0.42351084989, 0.34831031467, 0.12880883821, 0.39005702422, 0.54814675058, 0.15751337895, 0.28463212039, 0.17240310772, 0.81508943556, 0.42527992514, 0.38219010836, 0.097030269818, 0.29008795447, 0.44540678392, 0.087880294618, 0.18875570288, 0.1066263591, 0.71878587199, 0.44924818596, 0.37585242349, 0.13584343188, 0.36199611116, 0.51752121741, 0.14537069613, 0.23994632947, 0.14113285713, 0.77741295946, 0.4428760819, 0.38624438291, 0.11409429715, 0.31717758863, 0.47262275996, 0.10849274339, 0.16674115872, 0.09003035596, 0.68321735952, 0.4024663137, 0.32171882714, 0.13083827046, 0.43079252759, 0.5882508169, 0.18594437002, 0.22512528872, 0.12040503646],
      [0.75293562619, 0.30191504112, 0.23924550502, 0.080214032209, 0.47295967015, 0.64034945853, 0.1668503416, 0.19358992893, 0.10632320942, 0.7215402507, 0.39416215439, 0.3207157537, 0.11658554674, 0.41224791668, 0.57296103688, 0.16187420256, 0.22471053422, 0.12599365452, 0.75773779679, 0.38491291101, 0.31984732305, 0.10326887212, 0.39037655477, 0.55415902243, 0.13899333109, 0.19128774486, 0.10842794909, 0.72252234344, 0.45164642536, 0.37930677631, 0.13537724132, 0.35706582978, 0.5122652746, 0.14210041524, 0.16746320278, 0.091928729619, 0.68609606009, 0.43030649246, 0.34963061138, 0.1400559077, 0.40223030476, 0.558440659, 0.17384803221, 0.18861828121, 0.10810998958, 0.72048368408, 0.474134033, 0.40264240579, 0.14376082141, 0.33724768579],
      [0.48924760463, 0.13575549451, 0.23145105319, 0.1307363847, 0.76501977887, 0.38770532786, 0.32448149407, 0.10198345815, 0.38084361895, 0.54478212123, 0.13299676298, 0.17093187202, 0.096623887708, 0.69528241208, 0.47623016346, 0.39874625747, 0.15360923285, 0.35283796452, 0.50462985482, 0.15110835507, 0.14283691441, 0.079731290522, 0.64840410472, 0.49476637106, 0.40880229079, 0.17825828662, 0.36239671453, 0.51146641869, 0.17333760866, 0.26762115245, 0.15799610808, 0.80030580238, 0.40889017524, 0.35786363775, 0.097383313388, 0.32348867231, 0.48414025418, 0.10231088423, 0.20395134188, 0.11310419598, 0.73461723524, 0.3958608568, 0.32518154425, 0.11330486655, 0.40018780132, 0.56171425977, 0.15207789822, 0.21138184223, 0.12251787041, 0.74791102027]
    ],
    [
      [0.45983261744, 0.39494324409, 0.12932347208, 0.32878554033, 0.4825388855, 0.12276550764, 0.26765571959, 0.15713800951, 0.79971904099, 0.39973498228, 0.34790221651, 0.095155678276, 0.33260929813, 0.49495977399, 0.10512528073, 0.17419202722, 0.099639547075, 0.70126425442, 0.49145990029, 0.41642157789, 0.15695757447, 0.33434807248, 0.48393887503, 0.14177817111, 0.20163147247, 0.11338343822, 0.73335978489, 0.42273181514, 0.35191222576, 0.122290601, 0.37563671239, 0.53470433602, 0.14434961411, 0.2018231927, 0.11955929868, 0.73981934394, 0.50919420027, 0.44694188241, 0.14837202879, 0.28898260703, 0.43349881891, 0.11180862727, 0.19840236657, 0.11213414175, 0.73074567299, 0.43655223428, 0.36561815539, 0.12759608151, 0.36504539915, 0.52224770286],
