{
  "W": [
    [78, 22],
    [79, 21],
    [78, 22],
    [84, 16],
    [77, 23],
    [72, 28],
    [73, 27],
    [67, 33],
    [73, 27],
    [75, 25],
    [78, 22],
    [77, 23],
    [73, 27],
    [81, 19],
    [79, 21],
    [79, 21],
    [74, 26],
    [68, 32],
    [73, 27],
    [74, 26],
    [69, 31],
    [76, 24],
    [78, 22],
    [74, 26],
    [73, 27],
    [27, 73],
    [24, 76],
    [19, 81],
    [25, 75],
    [31, 69],
    [24, 76],
    [18, 82],
    [34, 66],
    [27, 73],
    [23, 77],
    [24, 76],
    [30, 70],
    [29, 71],
    [15, 85],
    [21, 79],
    [24, 76],
    [25, 75],
    [27, 73],
    [29, 71],
    [26, 74],
    [20, 80],
    [24, 76],
    [25, 75],
    [25, 75],
    [22, 78]
  ],
  "X": [
    [40, 25, 35],
    [34, 26, 40],
    [40, 36, 24],
    [45, 22, 33],
    [43, 19, 38],
    [37, 29, 34],
    [35, 26, 39],
    [36, 22, 42],
    [35, 25, 40],
    [41, 26, 33],
    [43, 33, 24],
    [35, 23, 42],
    [35, 32, 33],
    [37, 30, 33],
    [40, 27, 33],
    [46, 26, 28],
    [50, 19, 31],
    [41, 23, 36],
    [47, 20, 33],
    [44, 29, 27],
    [49, 23, 28],
    [41, 20, 39],
    [42, 19, 39],
    [37, 31, 32],
    [36, 19, 45],
    [25, 27, 48],
    [27, 33, 40],
    [21, 25, 54],
    [24, 27, 49],
    [28, 36, 36],
    [23, 34, 43],
    [28, 27, 45],
    [32, 27, 41],
    [22, 23, 55],
    [24, 30, 46],
    [17, 32, 51],
    [17, 35, 48],
    [21, 36, 43],
    [25, 30, 45],
    [23, 28, 49],
    [26, 30, 44],
    [26, 32, 42],
    [25, 22, 53],
    [25, 34, 41],
    [25, 29, 46],
    [21, 26, 53],
    [24, 24, 52],
    [27, 25, 48],
    [23, 25, 52],
    [25, 26, 49]
  ],
  "real_prob": [
    [0.47508097397, 0.22317111643, 0.30174790961],
    [0.15859479413, 0.32963240565, 0.51177280022]
  ],
  "method": "exact",
  "prob": [
    [0.47786053139, 0.23754816671, 0.28459130191],
    [0.16733946861, 0.30365183329, 0.52900869809]
  ],
  "iterations": 12,
  "logLik": -284.8103028848,
  "time": 0.474485,
  "message": "Converged",
  "status": 0,
  "cond_prob": [
    [
      [0.46751181002, 0.1606399463, 0.23665416523, 0.29731705056, 0.29583402476, 0.54204300314, 0.39723540877, 0.12468584322, 0.25223017934, 0.28922932533, 0.35053441189, 0.58608483146, 0.4651956419, 0.16885181508, 0.33579869318, 0.44580463326, 0.19900566492, 0.38534355166, 0.50167572374, 0.17870245039, 0.20985353171, 0.27326895853, 0.28847074456, 0.54802859108, 0.50537991894, 0.17764114094, 0.17828733025, 0.22921198133, 0.31633275081, 0.59314687774, 0.45340540655, 0.1555289546, 0.27068688237, 0.33966230249, 0.27590771109, 0.50480874291, 0.42781560929, 0.13960964897, 0.2471090788, 0.2948532314, 0.32507531192, 0.56553711964, 0.46135711361, 0.1542143451, 0.20490627872, 0.25064482805, 0.33373660767, 0.59514082685, 0.42803024229, 0.13902934492],
      [0.23794606884, 0.28259025831, 0.33402368887, 0.57838039677, 0.48871515494, 0.17385453519, 0.24178204986, 0.31465385042, 0.2695027952, 0.51149161439, 0.49849001022, 0.18717178196, 0.30492617225, 0.41889811658, 0.19658381754, 0.39393010146, 0.41528022321, 0.13145316579, 0.22199809378, 0.25678899039, 0.36272168301, 0.61175784382, 0.42650603117, 0.14315036017, 0.30148722785, 0.37005305062, 0.27200674098, 0.48679658921, 0.42378270248, 0.14071584734, 0.28831252972, 0.3498255312, 0.2879047678, 0.50945862147, 0.4637388598, 0.16022047981, 0.25585951255, 0.32319516709, 0.28040162766, 0.5165843531, 0.52900049083, 0.20042672498, 0.24049010396, 0.33339437082, 0.23050940521, 0.4661789042, 0.59204322524, 0.23803082046, 0.16921215387, 0.24916540821]
    ],
    [
      [0.23874462088, 0.51280377133, 0.51498122585, 0.18691489508, 0.208099649, 0.27653824588, 0.27691912516, 0.53654685904, 0.56345384854, 0.21732848358, 0.17996678668, 0.25416387306, 0.25657936479, 0.52850764335, 0.52434421353, 0.19994339226, 0.26294000557, 0.36701690724, 0.2127157809, 0.4330397005, 0.59859758387, 0.2482827972, 0.19807683253, 0.30105479211, 0.2033255836, 0.4506624107, 0.48664282648, 0.16729771615, 0.18836956301, 0.23682971712, 0.32498761051, 0.59587256673, 0.49080750685, 0.16895520297, 0.17976715699, 0.22628007976, 0.32942533615, 0.60476471727, 0.44617816126, 0.15318523334, 0.29067673339, 0.36499698958, 0.26314510535, 0.48181777708, 0.44084882595, 0.14140872983, 0.18153158757, 0.21289607805, 0.37761958647, 0.64569519212],
      [0.4785781141, 0.16545740985, 0.22536121297, 0.2865102363, 0.29606067293, 0.54803235385, 0.5154824116, 0.19247923844, 0.25710875231, 0.35301828874, 0.22740883609, 0.45450247281, 0.45748059501, 0.15194899623, 0.21171773314, 0.25897979099, 0.33080167185, 0.58907121278, 0.47318612965, 0.16227129012, 0.22573297521, 0.28475567493, 0.30108089514, 0.55297303495, 0.49582240072, 0.18303631272, 0.28894987988, 0.39192106846, 0.2152277194, 0.42504261882, 0.45736217989, 0.15820141688, 0.28168670733, 0.358414724, 0.26095111278, 0.48338385912, 0.56160656392, 0.21818392499, 0.19971611564, 0.28542816974, 0.23867732044, 0.49638790527, 0.54182216925, 0.20572797342, 0.21419233658, 0.29874940237, 0.24398549417, 0.49552262421, 0.4362109568, 0.14003156392]
    ],
    [
      [0.20318550725, 0.2399176891, 0.36060353595, 0.62005074698, 0.48011826375, 0.16827636278, 0.24532200149, 0.31633238916, 0.27455973476, 0.51539124806, 0.36105043527, 0.1096682836, 0.29369132926, 0.32830800128, 0.34525823547, 0.56202371512, 0.33399658612, 0.099715748807, 0.3276735022, 0.35956849906, 0.33832991169, 0.54071575213, 0.4028565956, 0.13122758771, 0.31573775415, 0.37807894549, 0.28140565024, 0.4906934668, 0.53225897213, 0.20018959315, 0.22611418088, 0.31303867396, 0.24162684699, 0.48677173288, 0.47633161537, 0.16451944402, 0.23059338572, 0.2931334038, 0.29307499891, 0.54234715219, 0.5042466686, 0.18286947307, 0.23929212411, 0.31917090818, 0.25646120728, 0.49795961875, 0.49800118197, 0.18066627268, 0.25588852248, 0.34137049251],
      [0.24611029555, 0.47796323482, 0.48248860816, 0.16401106274, 0.18602589985, 0.23256576307, 0.33148549199, 0.60342317419, 0.46429509772, 0.16247101643, 0.28257202051, 0.36345649866, 0.25313288177, 0.47407248491, 0.48161751389, 0.1686208735, 0.23911819358, 0.30787739144, 0.27926429253, 0.52350173506, 0.45168737602, 0.14957815599, 0.22118240087, 0.26970439978, 0.3271302231, 0.58071744422, 0.48034825327, 0.1641005516, 0.20079039696, 0.25238197991, 0.31886134978, 0.58351746849, 0.51784550536, 0.18738483155, 0.2003041529, 0.26656528237, 0.28185034173, 0.54604988609, 0.45967968853, 0.15344010382, 0.21348842772, 0.26217052409, 0.32683188375, 0.58438937208, 0.50284130474, 0.17868578584, 0.20970161924, 0.27418672278, 0.28745707603, 0.54712749138]
    ]
  ],
  "maxiter": 3600,
  "param_threshold": 0.001,
  "ll_threshold": "-Inf",
  "initial_prob": "group_proportional"
}
