{
    "X": [
        [
            22,
            18,
            27,
            12,
            1,
            11,
            19,
            3
        ],
        [
            19,
            19,
            23,
            16,
            1,
            2,
            9,
            3
        ],
        [
            26,
            18,
            43,
            6,
            2,
            9,
            18,
            3
        ],
        [
            20,
            19,
            54,
            18,
            3,
            14,
            20,
            4
        ],
        [
            21,
            29,
            44,
            11,
            1,
            11,
            24,
            1
        ],
        [
            26,
            17,
            38,
            17,
            1,
            3,
            31,
            2
        ],
        [
            14,
            12,
            32,
            5,
            0,
            3,
            8,
            6
        ],
        [
            16,
            11,
            34,
            11,
            1,
            5,
            14,
            3
        ]
    ],
    "W": [
        [
            2,
            3,
            17,
            7,
            21,
            24,
            25,
            14
        ],
        [
            0,
            6,
            4,
            8,
            23,
            31,
            13,
            7
        ],
        [
            0,
            11,
            15,
            14,
            26,
            33,
            22,
            4
        ],
        [
            1,
            8,
            9,
            1,
            41,
            47,
            30,
            15
        ],
        [
            0,
            4,
            14,
            30,
            33,
            29,
            22,
            10
        ],
        [
            4,
            10,
            11,
            25,
            40,
            29,
            10,
            6
        ],
        [
            1,
            6,
            1,
            1,
            31,
            20,
            14,
            6
        ],
        [
            0,
            3,
            3,
            29,
            27,
            18,
            10,
            5
        ]
    ],
    "cond_prob": [
        [
            [
                0.19469026549,
                0.20652173913,
                0.208,
                0.13157894737,
                0.14788732394,
                0.19259259259,
                0.175,
                0.16842105263
            ]
        ],
        [
            [
                0.1592920354,
                0.20652173913,
                0.144,
                0.125,
                0.20422535211,
                0.12592592593,
                0.15,
                0.11578947368
            ]
        ],
        [
            [
                0.2389380531,
                0.25,
                0.344,
                0.35526315789,
                0.30985915493,
                0.28148148148,
                0.4,
                0.35789473684
            ]
        ],
        [
            [
                0.10619469027,
                0.17391304348,
                0.048,
                0.11842105263,
                0.077464788732,
                0.12592592593,
                0.0625,
                0.11578947368
            ]
        ],
        [
            [
                0.0088495575221,
                0.010869565217,
                0.016,
                0.019736842105,
                0.0070422535211,
                0.0074074074074,
                0,
                0.010526315789
            ]
        ],
        [
            [
                0.097345132743,
                0.021739130435,
                0.072,
                0.092105263158,
                0.077464788732,
                0.022222222222,
                0.0375,
                0.052631578947
            ]
        ],
        [
            [
                0.16814159292,
                0.097826086957,
                0.144,
                0.13157894737,
                0.16901408451,
                0.22962962963,
                0.1,
                0.14736842105
            ]
        ],
        [
            [
                0.026548672566,
                0.032608695652,
                0.024,
                0.026315789474,
                0.0070422535211,
                0.014814814815,
                0.075,
                0.031578947368
            ]
        ]
    ],
    "W_agg": [
        [
            113
        ],
        [
            92
        ],
        [
            125
        ],
        [
            152
        ],
        [
            142
        ],
        [
            135
        ],
        [
            80
        ],
        [
            95
        ]
    ],
    "group_agg": 8,
    "prob": [
        [
            0.1755888651,
            0.15310492505,
            0.31584582441,
            0.10278372591,
            0.010706638116,
            0.062098501071,
            0.15310492505,
            0.026766595289
        ]
    ],
    "iterations": 1,
    "logLik": -135.4036433583,
    "time": 6e-06,
    "message": "Converged",
    "status": 0,
    "sd": [
        [
            0.010406522487,
            0.010899808343,
            0.016402925543,
            0.013355903017,
            0.0020261677835,
            0.010203011699,
            0.012517017174,
            0.0052018777043
        ]
    ],
    "method": "mult",
    "ll_threshold": "-Inf",
    "param_threshold": 0.0001,
    "maxtime": 3600,
    "maxiter": 1000,
    "initial_prob": "group_proportional",
    "ballotbox_id": [
        "1M-7",
        "1V-15",
        "2M-6V",
        "2V-3V",
        "3M-5M",
        "4M-11-12",
        "4V",
        "5V"
    ],
    "candidates_id": [
        "C1",
        "C2",
        "C3",
        "C4",
        "C5",
        "C6",
        "C7",
        "C8"
    ],
    "group_id": [
        "X18.19",
        "X20.29",
        "X30.39",
        "X40.49",
        "X50.59",
        "X60.69",
        "X70.79",
        "X80."
    ],
    "p_values": [
        0.589,
        0.067,
        0.499,
        0.353,
        0.483,
        0.131,
        0.135,
        0.952
    ],
    "p_values_trials": [
        3,
        3,
        3,
        3,
        3,
        3,
        3,
        3
    ]
}