{
    "X": [
        [
            15,
            22,
            20,
            2,
            6,
            7,
            53,
            0
        ],
        [
            2,
            19,
            6,
            5,
            0,
            7,
            11,
            2
        ]
    ],
    "W": [
        [
            1,
            15,
            23,
            30,
            29,
            18,
            6,
            3
        ],
        [
            4,
            15,
            13,
            11,
            7,
            1,
            1,
            0
        ]
    ],
    "W_agg": [
        [
            125
        ],
        [
            52
        ]
    ],
    "group_agg": 8,
    "method": "mult",
    "cond_prob": [
        [
            [
                0.12,
                0.16,
                0.048,
                0.424,
                0.038461538462,
                0.11538461538,
                0,
                0.21153846154
            ]
        ],
        [
            [
                0.176,
                0.016,
                0.056,
                0,
                0.36538461538,
                0.096153846154,
                0.13461538462,
                0.038461538462
            ]
        ]
    ],
    "prob": [
        [
            0.09604519774,
            0.23163841808,
            0.14689265537,
            0.039548022599,
            0.033898305085,
            0.079096045198,
            0.3615819209,
            0.011299435028
        ]
    ],
    "iterations": 1,
    "logLik": -36.8947012674,
    "time": 4e-06,
    "message": "Converged",
    "status": 0,
    "maxiter": 3600,
    "param_threshold": 0.0001,
    "ll_threshold": "-Inf",
    "initial_prob": "group_proportional",
    "ballotbox_id": [
        "1M-1V",
        "2"
    ],
    "candidates_id": [
        "C1",
        "C2",
        "C3",
        "C4",
        "C5",
        "C6",
        "C7",
        "C8"
    ],
    "group_id": [
        "X18.19",
        "X20.29",
        "X30.39",
        "X40.49",
        "X50.59",
        "X60.69",
        "X70.79",
        "X80."
    ],
    "p_values": [
        0.32,
        0.0034
    ],
    "p_values_trials": [
        3,
        4
    ]
}