{
    "X": [
        [
            23,
            58,
            30,
            11,
            2,
            9,
            15,
            3
        ],
        [
            10,
            46,
            24,
            13,
            0,
            8,
            20,
            5
        ],
        [
            14,
            61,
            27,
            19,
            0,
            17,
            16,
            5
        ],
        [
            37,
            50,
            14,
            18,
            4,
            17,
            24,
            2
        ]
    ],
    "W": [
        [
            0,
            37,
            6,
            6,
            3,
            40,
            52,
            7
        ],
        [
            4,
            9,
            43,
            33,
            8,
            26,
            0,
            3
        ],
        [
            0,
            3,
            7,
            25,
            93,
            27,
            4,
            0
        ],
        [
            11,
            20,
            46,
            37,
            25,
            21,
            5,
            1
        ]
    ],
    "cond_prob": [
        [
            [
                0.15231788079,
                0.013245033113,
                0.079365079365,
                0,
                0.088050314465,
                0,
                0.22289156627,
                0.024096385542
            ]
        ],
        [
            [
                0.38410596026,
                0.059602649007,
                0.36507936508,
                0.063492063492,
                0.38364779874,
                0.10691823899,
                0.30120481928,
                0.10240963855
            ]
        ],
        [
            [
                0.19867549669,
                0.099337748344,
                0.19047619048,
                0.15873015873,
                0.16981132075,
                0.10062893082,
                0.084337349398,
                0.14457831325
            ]
        ],
        [
            [
                0.072847682119,
                0.019867549669,
                0.10317460317,
                0.039682539683,
                0.11949685535,
                0.031446540881,
                0.10843373494,
                0.012048192771
            ]
        ]
    ],
    "W_agg": [
        [
            151
        ],
        [
            126
        ],
        [
            159
        ],
        [
            166
        ]
    ],
    "group_agg": 8,
    "prob": [
        [
            0.13953488372,
            0.35714285714,
            0.15780730897,
            0.10132890365,
            0.0099667774086,
            0.084717607973,
            0.12458471761,
            0.024916943522
        ]
    ],
    "iterations": 1,
    "logLik": -76.6490967724,
    "time": 4e-06,
    "message": "Converged",
    "status": 0,
    "sd": [
        [
            0.030968017157,
            0.017059277644,
            0.022955579646,
            0.0092436905999,
            0.0054572927713,
            0.011486654433,
            0.012291576207,
            0.005601242947
        ]
    ],
    "method": "mult",
    "ll_threshold": "-Inf",
    "param_threshold": 0.0001,
    "maxtime": 3600,
    "maxiter": 1000,
    "initial_prob": "group_proportional",
    "ballotbox_id": [
        "1",
        "2",
        "3",
        "4"
    ],
    "candidates_id": [
        "C1",
        "C2",
        "C3",
        "C4",
        "C5",
        "C6",
        "C7",
        "C8"
    ],
    "group_id": [
        "X18.19",
        "X20.29",
        "X30.39",
        "X40.49",
        "X50.59",
        "X60.69",
        "X70.79",
        "X80."
    ],
    "p_values": [
        0.59,
        0.28,
        0.369,
        0.0026
    ],
    "p_values_trials": [
        3,
        3,
        3,
        4
    ]
}