{
    "X": [
        [
            8,
            8,
            72,
            1,
            0,
            0,
            6,
            1
        ],
        [
            12,
            10,
            58,
            1,
            1,
            2,
            20,
            2
        ],
        [
            12,
            19,
            83,
            3,
            0,
            2,
            26,
            1
        ],
        [
            11,
            9,
            47,
            1,
            2,
            2,
            13,
            2
        ]
    ],
    "W": [
        [
            1,
            8,
            8,
            6,
            33,
            21,
            9,
            10
        ],
        [
            1,
            13,
            16,
            4,
            29,
            24,
            12,
            7
        ],
        [
            2,
            12,
            30,
            45,
            26,
            22,
            6,
            3
        ],
        [
            2,
            16,
            14,
            22,
            15,
            9,
            7,
            3
        ]
    ],
    "cond_prob": [
        [
            [
                0.083333333333,
                0,
                0.11320754717,
                0.0094339622642,
                0.082191780822,
                0,
                0.12643678161,
                0.022988505747
            ]
        ],
        [
            [
                0.083333333333,
                0,
                0.094339622642,
                0.018867924528,
                0.1301369863,
                0.013698630137,
                0.10344827586,
                0.022988505747
            ]
        ],
        [
            [
                0.75,
                0.0625,
                0.54716981132,
                0.18867924528,
                0.56849315068,
                0.17808219178,
                0.54022988506,
                0.14942528736
            ]
        ],
        [
            [
                0.010416666667,
                0.010416666667,
                0.0094339622642,
                0.018867924528,
                0.020547945205,
                0.0068493150685,
                0.011494252874,
                0.022988505747
            ]
        ]
    ],
    "W_agg": [
        [
            96
        ],
        [
            106
        ],
        [
            146
        ],
        [
            88
        ]
    ],
    "group_agg": 8,
    "prob": [
        [
            0.098913845829,
            0.10574185384,
            0.5975693346,
            0.013787830855,
            0.0069334598756,
            0.013814193821,
            0.14942528736,
            0.013814193821
        ]
    ],
    "iterations": 1,
    "logLik": -53.3484310371,
    "time": 5e-06,
    "message": "Converged",
    "status": 0,
    "sd": [
        [
            0.0089420395159,
            0.010567824496,
            0.040455926405,
            0.0027524228995,
            0.0041939194067,
            0.0037718554627,
            0.025343258623,
            0.0032226195011
        ]
    ],
    "method": "mult",
    "ll_threshold": "-Inf",
    "param_threshold": 0.0001,
    "maxtime": 3600,
    "maxiter": 1000,
    "initial_prob": "group_proportional",
    "ballotbox_id": [
        "1M",
        "1V",
        "2M-3V",
        "2V"
    ],
    "candidates_id": [
        "C1",
        "C2",
        "C3",
        "C4",
        "C5",
        "C6",
        "C7",
        "C8"
    ],
    "group_id": [
        "X18.19",
        "X20.29",
        "X30.39",
        "X40.49",
        "X50.59",
        "X60.69",
        "X70.79",
        "X80."
    ],
    "p_values": [
        0.153,
        0.744,
        0.794,
        0.357
    ],
    "p_values_trials": [
        3,
        3,
        3,
        3
    ]
}