{
    "X": [
        [
            36,
            51,
            38,
            21,
            3,
            18,
            25,
            8
        ],
        [
            34,
            66,
            41,
            18,
            3,
            20,
            18,
            6
        ],
        [
            36,
            66,
            30,
            36,
            1,
            19,
            35,
            4
        ]
    ],
    "W": [
        [
            4,
            11,
            18,
            40,
            57,
            43,
            20,
            7
        ],
        [
            2,
            4,
            24,
            47,
            52,
            47,
            22,
            8
        ],
        [
            9,
            38,
            54,
            36,
            39,
            23,
            20,
            8
        ]
    ],
    "cond_prob": [
        [
            [
                0.18,
                0.105,
                0.125,
                0.32038834951,
                0.014563106796,
                0.029126213592,
                0.13215859031,
                0.083700440529
            ]
        ],
        [
            [
                0.255,
                0.015,
                0.04,
                0.19902912621,
                0.097087378641,
                0.15859030837,
                0.15859030837,
                0.15418502203
            ]
        ],
        [
            [
                0.19,
                0.09,
                0.16504854369,
                0.087378640777,
                0.087378640777,
                0.29074889868,
                0.0044052863436,
                0.017621145374
            ]
        ]
    ],
    "W_agg": [
        [
            200
        ],
        [
            206
        ],
        [
            227
        ]
    ],
    "group_agg": 8,
    "prob": [
        [
            0.16745655608,
            0.28909952607,
            0.17219589258,
            0.11848341232,
            0.011058451817,
            0.090047393365,
            0.12322274882,
            0.028436018957
        ]
    ],
    "iterations": 1,
    "logLik": -55.1420887989,
    "time": 4e-06,
    "message": "Converged",
    "status": 0,
    "sd": [
        [
            0.0052412600125,
            0.014346431903,
            0.016103146503,
            0.016156412295,
            0.0027272501421,
            0.0027842080432,
            0.013861362787,
            0.0053308530542
        ]
    ],
    "method": "mult",
    "ll_threshold": "-Inf",
    "param_threshold": 0.0001,
    "maxtime": 3600,
    "maxiter": 1000,
    "initial_prob": "group_proportional",
    "ballotbox_id": [
        "1",
        "2",
        "3-4"
    ],
    "candidates_id": [
        "C1",
        "C2",
        "C3",
        "C4",
        "C5",
        "C6",
        "C7",
        "C8"
    ],
    "group_id": [
        "X18.19",
        "X20.29",
        "X30.39",
        "X40.49",
        "X50.59",
        "X60.69",
        "X70.79",
        "X80."
    ],
    "p_values": [
        0.842,
        0.496,
        0.284
    ],
    "p_values_trials": [
        3,
        3,
        3
    ]
}