{
    "X": [
        [
            19,
            61,
            52,
            17,
            0,
            11,
            11,
            7
        ],
        [
            16,
            49,
            25,
            17,
            1,
            2,
            17,
            7
        ],
        [
            26,
            71,
            32,
            12,
            0,
            1,
            17,
            4
        ],
        [
            16,
            46,
            19,
            11,
            4,
            7,
            22,
            6
        ],
        [
            22,
            59,
            35,
            11,
            1,
            6,
            17,
            3
        ],
        [
            10,
            63,
            30,
            16,
            3,
            4,
            18,
            5
        ]
    ],
    "W": [
        [
            4,
            0,
            1,
            3,
            117,
            46,
            6,
            1
        ],
        [
            1,
            17,
            20,
            31,
            16,
            23,
            22,
            4
        ],
        [
            5,
            22,
            30,
            35,
            19,
            27,
            18,
            7
        ],
        [
            1,
            16,
            24,
            26,
            16,
            27,
            14,
            7
        ],
        [
            4,
            20,
            26,
            31,
            17,
            29,
            21,
            6
        ],
        [
            0,
            13,
            18,
            53,
            13,
            26,
            21,
            5
        ]
    ],
    "cond_prob": [
        [
            [
                0.10674157303,
                0.061797752809,
                0.0074626865672,
                0.1963190184,
                0.12213740458,
                0.1679389313,
                0.0064935064935,
                0.20134228188
            ]
        ],
        [
            [
                0.34269662921,
                0.039325842697,
                0.014925373134,
                0.073619631902,
                0.35114503817,
                0.045801526718,
                0.038961038961,
                0.10738255034
            ]
        ],
        [
            [
                0.29213483146,
                0.11940298507,
                0.12686567164,
                0,
                0.14503816794,
                0.14285714286,
                0.11038961039,
                0.020134228188
            ]
        ],
        [
            [
                0.095505617978,
                0.36567164179,
                0.05223880597,
                0.0061349693252,
                0.083969465649,
                0.38311688312,
                0.019480519481,
                0.026845637584
            ]
        ],
        [
            [
                0,
                0.18656716418,
                0.15950920245,
                0.10429447853,
                0.030534351145,
                0.22727272727,
                0.06711409396,
                0.12080536913
            ]
        ],
        [
            [
                0.061797752809,
                0.12686567164,
                0.43558282209,
                0.024539877301,
                0.053435114504,
                0.071428571429,
                0.42281879195,
                0.03355704698
            ]
        ]
    ],
    "W_agg": [
        [
            178
        ],
        [
            134
        ],
        [
            163
        ],
        [
            131
        ],
        [
            154
        ],
        [
            149
        ]
    ],
    "group_agg": 8,
    "prob": [
        [
            0.1199119912,
            0.38393839384,
            0.21232123212,
            0.092409240924,
            0.009900990099,
            0.034103410341,
            0.11221122112,
            0.035203520352
        ]
    ],
    "iterations": 1,
    "logLik": -108.9093489869,
    "time": 6e-06,
    "message": "Converged",
    "status": 0,
    "sd": [
        [
            0.011911106203,
            0.014057217471,
            0.018700499396,
            0.0077030475567,
            0.0043595683527,
            0.0085089034077,
            0.012976016712,
            0.0047447063774
        ]
    ],
    "method": "mult",
    "ll_threshold": "-Inf",
    "param_threshold": 0.0001,
    "maxtime": 3600,
    "maxiter": 1000,
    "initial_prob": "group_proportional",
    "ballotbox_id": [
        "1",
        "2",
        "3",
        "4",
        "5",
        "6"
    ],
    "candidates_id": [
        "C1",
        "C2",
        "C3",
        "C4",
        "C5",
        "C6",
        "C7",
        "C8"
    ],
    "group_id": [
        "X18.19",
        "X20.29",
        "X30.39",
        "X40.49",
        "X50.59",
        "X60.69",
        "X70.79",
        "X80."
    ],
    "p_values": [
        0.022,
        0.63,
        0.216,
        0.045,
        0.924,
        0.396
    ],
    "p_values_trials": [
        3,
        3,
        3,
        3,
        3,
        3
    ]
}