{
    "X": [
        [
            6,
            74,
            13,
            29,
            0,
            11,
            7,
            7
        ],
        [
            11,
            83,
            16,
            36,
            2,
            13,
            8,
            7
        ]
    ],
    "W": [
        [
            1,
            8,
            17,
            20,
            30,
            43,
            24,
            4
        ],
        [
            2,
            9,
            14,
            21,
            40,
            60,
            26,
            4
        ]
    ],
    "cond_prob": [
        [
            [
                0.0052468936813,
                0.061735669568,
                0,
                0.049133372744,
                0.0069989113506,
                0.055211194995,
                0.17294452668,
                0.040770666949
            ],
            [
                0.57676416536,
                0.13190296799,
                0.064424716347,
                0.11079221431,
                0.46958000828,
                0.11898796383,
                0.055303674141,
                0.080203053779
            ]
        ],
        [
            [
                0.042976241448,
                0.090046757986,
                0,
                0.047524510198,
                0.066427997294,
                0.093374396244,
                0.00076877080281,
                0.045742418717
            ],
            [
                0.49893963847,
                0.20122650349,
                0.075454646228,
                0.043831702178,
                0.47124292827,
                0.2104690064,
                0.075116429785,
                0.03685805249
            ]
        ]
    ],
    "W_agg": [
        [
            9,
            138
        ],
        [
            11,
            165
        ]
    ],
    "group_agg": [
        2,
        8
    ],
    "prob": [
        [
            0.0062105033994,
            0.51781287896,
            0.058147208553,
            0.1247997157,
            0.095119489672,
            0.059408143134,
            0.044533884557,
            0.093968176017
        ],
        [
            0.055746999582,
            0.48385727153,
            0.091858838225,
            0.20625954963,
            0.00041863756589,
            0.075270468957,
            0.046554064342,
            0.040034170169
        ]
    ],
    "iterations": 434,
    "logLik": -28.1169940457,
    "time": 0.000454,
    "message": "Converged",
    "status": 0,
    "sd": [
        [
            0.023940769281,
            0.018961397646,
            0.015794600097,
            0.038152309603,
            0.045100851692,
            0.0075003334145,
            0.0012981712734,
            0.025275415966
        ],
        [
            0.0083118564258,
            0.011928238356,
            0.0014435206918,
            0.0038380592287,
            0.0048980146713,
            0.00057707167754,
            0.00079882874986,
            0.003467016207
        ]
    ],
    "method": "mult",
    "ll_threshold": "-Inf",
    "param_threshold": 0.0001,
    "maxtime": 3600,
    "maxiter": 1000,
    "initial_prob": "group_proportional",
    "ballotbox_id": [
        "1M-2M",
        "1V-2V-3V-4-6-7-8"
    ],
    "candidates_id": [
        "C1",
        "C2",
        "C3",
        "C4",
        "C5",
        "C6",
        "C7",
        "C8"
    ],
    "group_id": [
        "X18.19",
        "X20.29",
        "X30.39",
        "X40.49",
        "X50.59",
        "X60.69",
        "X70.79",
        "X80."
    ],
    "p_values": [
        0.999,
        0.97
    ],
    "p_values_trials": [
        3,
        3
    ]
}