{
    "X": [
        [
            13,
            48,
            30,
            20,
            5,
            14,
            15,
            6
        ],
        [
            11,
            34,
            33,
            12,
            3,
            16,
            15,
            8
        ],
        [
            17,
            23,
            22,
            9,
            0,
            9,
            24,
            4
        ],
        [
            24,
            33,
            15,
            12,
            1,
            3,
            16,
            3
        ]
    ],
    "W": [
        [
            1,
            3,
            5,
            25,
            39,
            38,
            30,
            10
        ],
        [
            1,
            5,
            5,
            16,
            25,
            33,
            29,
            18
        ],
        [
            3,
            23,
            31,
            23,
            10,
            13,
            4,
            1
        ],
        [
            7,
            18,
            23,
            13,
            13,
            23,
            9,
            1
        ]
    ],
    "cond_prob": [
        [
            [
                0.086092715232,
                0.033112582781,
                0.083333333333,
                0.022727272727,
                0.15740740741,
                0,
                0.22429906542,
                0.0093457943925
            ]
        ],
        [
            [
                0.3178807947,
                0.092715231788,
                0.25757575758,
                0.12121212121,
                0.21296296296,
                0.083333333333,
                0.30841121495,
                0.028037383178
            ]
        ],
        [
            [
                0.19867549669,
                0.099337748344,
                0.25,
                0.11363636364,
                0.2037037037,
                0.22222222222,
                0.14018691589,
                0.14953271028
            ]
        ],
        [
            [
                0.13245033113,
                0.039735099338,
                0.090909090909,
                0.060606060606,
                0.083333333333,
                0.037037037037,
                0.11214953271,
                0.028037383178
            ]
        ]
    ],
    "W_agg": [
        [
            151
        ],
        [
            132
        ],
        [
            108
        ],
        [
            107
        ]
    ],
    "group_agg": 8,
    "prob": [
        [
            0.13052208835,
            0.27710843373,
            0.20080321285,
            0.10642570281,
            0.018072289157,
            0.084337349398,
            0.140562249,
            0.042168674699
        ]
    ],
    "iterations": 1,
    "logLik": -75.3453248356,
    "time": 5e-06,
    "message": "Converged",
    "status": 0,
    "sd": [
        [
            0.029069970922,
            0.022566931005,
            0.01987028955,
            0.010922296304,
            0.0068944273688,
            0.016784303695,
            0.025379311703,
            0.0063541176524
        ]
    ],
    "method": "mult",
    "ll_threshold": "-Inf",
    "param_threshold": 0.0001,
    "maxtime": 3600,
    "maxiter": 1000,
    "initial_prob": "group_proportional",
    "ballotbox_id": [
        "1M",
        "1V",
        "2M",
        "2V-3"
    ],
    "candidates_id": [
        "C1",
        "C2",
        "C3",
        "C4",
        "C5",
        "C6",
        "C7",
        "C8"
    ],
    "group_id": [
        "X18.19",
        "X20.29",
        "X30.39",
        "X40.49",
        "X50.59",
        "X60.69",
        "X70.79",
        "X80."
    ],
    "p_values": [
        0.304,
        0.249,
        0.223,
        0.05
    ],
    "p_values_trials": [
        3,
        3,
        3,
        3
    ]
}