{
    "X": [
        [
            16,
            60,
            32,
            7,
            3,
            7,
            5,
            6
        ],
        [
            20,
            45,
            21,
            5,
            1,
            5,
            7,
            2
        ],
        [
            28,
            58,
            10,
            14,
            0,
            8,
            17,
            4
        ],
        [
            18,
            63,
            29,
            8,
            1,
            10,
            8,
            3
        ],
        [
            11,
            53,
            24,
            5,
            3,
            6,
            12,
            4
        ],
        [
            12,
            72,
            23,
            5,
            2,
            4,
            12,
            4
        ],
        [
            15,
            41,
            16,
            9,
            0,
            10,
            9,
            2
        ],
        [
            10,
            40,
            6,
            6,
            1,
            2,
            2,
            1
        ]
    ],
    "W": [
        [
            0,
            1,
            1,
            2,
            93,
            36,
            3,
            0
        ],
        [
            4,
            17,
            5,
            47,
            22,
            5,
            3,
            3
        ],
        [
            1,
            34,
            2,
            19,
            28,
            27,
            4,
            24
        ],
        [
            2,
            1,
            30,
            71,
            16,
            2,
            16,
            2
        ],
        [
            1,
            16,
            45,
            11,
            3,
            29,
            9,
            4
        ],
        [
            0,
            3,
            31,
            1,
            7,
            43,
            46,
            3
        ],
        [
            0,
            34,
            2,
            0,
            29,
            23,
            14,
            0
        ],
        [
            4,
            3,
            5,
            8,
            29,
            11,
            7,
            1
        ]
    ],
    "cond_prob": [
        [
            [
                0.11764705882,
                0.18867924528,
                0.20143884892,
                0.12857142857,
                0.093220338983,
                0.089552238806,
                0.14705882353,
                0.14705882353
            ]
        ],
        [
            [
                0.44117647059,
                0.42452830189,
                0.41726618705,
                0.45,
                0.44915254237,
                0.53731343284,
                0.40196078431,
                0.58823529412
            ]
        ],
        [
            [
                0.23529411765,
                0.19811320755,
                0.071942446043,
                0.20714285714,
                0.20338983051,
                0.17164179104,
                0.1568627451,
                0.088235294118
            ]
        ],
        [
            [
                0.051470588235,
                0.047169811321,
                0.10071942446,
                0.057142857143,
                0.042372881356,
                0.037313432836,
                0.088235294118,
                0.088235294118
            ]
        ],
        [
            [
                0.022058823529,
                0.0094339622642,
                0,
                0.0071428571429,
                0.025423728814,
                0.014925373134,
                0,
                0.014705882353
            ]
        ],
        [
            [
                0.051470588235,
                0.047169811321,
                0.057553956835,
                0.071428571429,
                0.050847457627,
                0.029850746269,
                0.098039215686,
                0.029411764706
            ]
        ],
        [
            [
                0.036764705882,
                0.066037735849,
                0.12230215827,
                0.057142857143,
                0.10169491525,
                0.089552238806,
                0.088235294118,
                0.029411764706
            ]
        ],
        [
            [
                0.044117647059,
                0.018867924528,
                0.028776978417,
                0.021428571429,
                0.033898305085,
                0.029850746269,
                0.019607843137,
                0.014705882353
            ]
        ]
    ],
    "W_agg": [
        [
            136
        ],
        [
            106
        ],
        [
            139
        ],
        [
            140
        ],
        [
            118
        ],
        [
            134
        ],
        [
            102
        ],
        [
            68
        ]
    ],
    "group_agg": 8,
    "prob": [
        [
            0.13785790032,
            0.45811240721,
            0.17073170732,
            0.062566277837,
            0.011664899258,
            0.055143160127,
            0.076352067869,
            0.027571580064
        ]
    ],
    "iterations": 1,
    "logLik": -134.4557537775,
    "time": 5e-06,
    "message": "Converged",
    "status": 0,
    "sd": [
        [
            0.013930290035,
            0.017640506292,
            0.020328945779,
            0.0081372249292,
            0.0029978276512,
            0.0070312250697,
            0.010818668974,
            0.0032533118708
        ]
    ],
    "method": "mult",
    "ll_threshold": "-Inf",
    "param_threshold": 0.0001,
    "maxtime": 3600,
    "maxiter": 1000,
    "initial_prob": "group_proportional",
    "ballotbox_id": [
        "1",
        "2",
        "3",
        "4",
        "5",
        "6",
        "7",
        "8"
    ],
    "candidates_id": [
        "C1",
        "C2",
        "C3",
        "C4",
        "C5",
        "C6",
        "C7",
        "C8"
    ],
    "group_id": [
        "X18.19",
        "X20.29",
        "X30.39",
        "X40.49",
        "X50.59",
        "X60.69",
        "X70.79",
        "X80."
    ],
    "p_values": [
        0.178,
        0.859,
        0.003,
        0.915,
        0.439,
        0.336,
        0.454,
        0.21
    ],
    "p_values_trials": [
        3,
        3,
        4,
        3,
        3,
        3,
        3,
        3
    ]
}