{
    "X": [
        [
            23,
            46,
            12,
            19,
            2,
            7,
            25,
            10
        ],
        [
            12,
            20,
            8,
            7,
            0,
            5,
            8,
            2
        ],
        [
            16,
            19,
            17,
            11,
            3,
            6,
            4,
            6
        ]
    ],
    "W": [
        [
            0,
            11,
            4,
            9,
            57,
            49,
            11,
            3
        ],
        [
            1,
            6,
            16,
            18,
            8,
            6,
            5,
            2
        ],
        [
            1,
            14,
            28,
            23,
            7,
            7,
            2,
            0
        ]
    ],
    "cond_prob": [
        [
            [
                0.15972222222,
                0.13194444444,
                0.17361111111,
                0.32258064516,
                0,
                0.032258064516,
                0.20731707317,
                0.073170731707
            ]
        ],
        [
            [
                0.31944444444,
                0.013888888889,
                0.069444444444,
                0.12903225806,
                0.08064516129,
                0.19512195122,
                0.13414634146,
                0.048780487805
            ]
        ],
        [
            [
                0.083333333333,
                0.048611111111,
                0.1935483871,
                0.11290322581,
                0.12903225806,
                0.23170731707,
                0.036585365854,
                0.073170731707
            ]
        ]
    ],
    "W_agg": [
        [
            144
        ],
        [
            62
        ],
        [
            82
        ]
    ],
    "group_agg": 8,
    "prob": [
        [
            0.17708333333,
            0.29513888889,
            0.12847222222,
            0.12847222222,
            0.017361111111,
            0.0625,
            0.12847222222,
            0.0625
        ]
    ],
    "iterations": 1,
    "logLik": -48.3716336565,
    "time": 3e-06,
    "message": "Converged",
    "status": 0,
    "sd": [
        [
            0.010872277085,
            0.022599682127,
            0.032368907996,
            0.0039199357081,
            0.0066801888461,
            0.0086163054156,
            0.032534081976,
            0.0076229553977
        ]
    ],
    "method": "mult",
    "ll_threshold": "-Inf",
    "param_threshold": 0.0001,
    "maxtime": 3600,
    "maxiter": 1000,
    "initial_prob": "group_proportional",
    "ballotbox_id": [
        "1",
        "2",
        "3"
    ],
    "candidates_id": [
        "C1",
        "C2",
        "C3",
        "C4",
        "C5",
        "C6",
        "C7",
        "C8"
    ],
    "group_id": [
        "X18.19",
        "X20.29",
        "X30.39",
        "X40.49",
        "X50.59",
        "X60.69",
        "X70.79",
        "X80."
    ],
    "p_values": [
        0.573,
        0.968,
        0.061
    ],
    "p_values_trials": [
        3,
        3,
        3
    ]
}