{
    "X": [
        [
            27,
            48,
            30,
            26,
            1,
            7,
            13,
            2
        ],
        [
            27,
            42,
            20,
            21,
            2,
            9,
            19,
            3
        ],
        [
            25,
            39,
            23,
            19,
            2,
            8,
            23,
            1
        ],
        [
            13,
            33,
            15,
            2,
            1,
            5,
            9,
            2
        ]
    ],
    "W": [
        [
            3,
            4,
            9,
            35,
            41,
            41,
            17,
            5
        ],
        [
            2,
            12,
            8,
            14,
            40,
            37,
            23,
            7
        ],
        [
            0,
            35,
            45,
            18,
            20,
            11,
            8,
            3
        ],
        [
            5,
            16,
            11,
            12,
            17,
            15,
            4,
            0
        ]
    ],
    "cond_prob": [
        [
            [
                0.17532467532,
                0.0064935064935,
                0.18881118881,
                0.013986013986,
                0.17857142857,
                0.014285714286,
                0.1625,
                0.0125
            ]
        ],
        [
            [
                0.31168831169,
                0.045454545455,
                0.29370629371,
                0.062937062937,
                0.27857142857,
                0.057142857143,
                0.4125,
                0.0625
            ]
        ],
        [
            [
                0.19480519481,
                0.084415584416,
                0.13986013986,
                0.13286713287,
                0.16428571429,
                0.16428571429,
                0.1875,
                0.1125
            ]
        ],
        [
            [
                0.16883116883,
                0.012987012987,
                0.14685314685,
                0.020979020979,
                0.13571428571,
                0.0071428571429,
                0.025,
                0.025
            ]
        ]
    ],
    "W_agg": [
        [
            155
        ],
        [
            143
        ],
        [
            140
        ],
        [
            80
        ]
    ],
    "group_agg": 8,
    "prob": [
        [
            0.17794464223,
            0.31334302763,
            0.17026024169,
            0.13160006017,
            0.01159554731,
            0.056072306072,
            0.123715088,
            0.015469086898
        ]
    ],
    "iterations": 1,
    "logLik": -64.3564240952,
    "time": 4e-06,
    "message": "Converged",
    "status": 0,
    "sd": [
        [
            0.0043563536162,
            0.021018353237,
            0.012034998526,
            0.021996382412,
            0.0018653986387,
            0.0037694856586,
            0.01747566221,
            0.0032177670281
        ]
    ],
    "method": "mult",
    "ll_threshold": "-Inf",
    "param_threshold": 0.0001,
    "maxtime": 3600,
    "maxiter": 1000,
    "initial_prob": "group_proportional",
    "ballotbox_id": [
        "1M",
        "1V",
        "2M",
        "2V"
    ],
    "candidates_id": [
        "C1",
        "C2",
        "C3",
        "C4",
        "C5",
        "C6",
        "C7",
        "C8"
    ],
    "group_id": [
        "X18.19",
        "X20.29",
        "X30.39",
        "X40.49",
        "X50.59",
        "X60.69",
        "X70.79",
        "X80."
    ],
    "p_values": [
        0.73,
        0.904,
        0.864,
        0.059
    ],
    "p_values_trials": [
        3,
        3,
        3,
        3
    ]
}