{
    "X": [
        [
            23,
            49,
            14,
            10,
            0,
            5,
            20,
            2
        ],
        [
            30,
            56,
            16,
            14,
            1,
            10,
            14,
            2
        ],
        [
            12,
            51,
            13,
            21,
            3,
            13,
            18,
            2
        ],
        [
            17,
            48,
            13,
            21,
            1,
            12,
            17,
            2
        ],
        [
            26,
            59,
            15,
            25,
            2,
            13,
            21,
            0
        ]
    ],
    "W": [
        [
            2,
            28,
            38,
            7,
            4,
            2,
            28,
            14
        ],
        [
            7,
            14,
            15,
            1,
            48,
            51,
            3,
            4
        ],
        [
            0,
            24,
            4,
            2,
            22,
            31,
            47,
            3
        ],
        [
            2,
            4,
            16,
            29,
            47,
            29,
            4,
            0
        ],
        [
            2,
            4,
            32,
            58,
            24,
            27,
            13,
            1
        ]
    ],
    "cond_prob": [
        [
            [
                0.18699186992,
                0.040650406504,
                0.11188811189,
                0.013986013986,
                0.022556390977,
                0.36641221374,
                0.12977099237,
                0.15527950311
            ]
        ],
        [
            [
                0.39837398374,
                0.16260162602,
                0.097902097902,
                0.09022556391,
                0.097744360902,
                0.099236641221,
                0.015267175573,
                0.012422360248
            ]
        ],
        [
            [
                0.11382113821,
                0.016260162602,
                0.006993006993,
                0.38345864662,
                0.13533834586,
                0.16030534351,
                0.16149068323,
                0.080745341615
            ]
        ],
        [
            [
                0.081300813008,
                0.20979020979,
                0.06993006993,
                0.097744360902,
                0.015037593985,
                0.0076335877863,
                0.36645962733,
                0.13043478261
            ]
        ],
        [
            [
                0,
                0.39160839161,
                0.097902097902,
                0.15789473684,
                0.12977099237,
                0.091603053435,
                0.093167701863,
                0
            ]
        ]
    ],
    "W_agg": [
        [
            123
        ],
        [
            143
        ],
        [
            133
        ],
        [
            131
        ],
        [
            161
        ]
    ],
    "group_agg": 8,
    "prob": [
        [
            0.15629522431,
            0.38060781476,
            0.10274963821,
            0.13169319826,
            0.01013024602,
            0.076700434153,
            0.13024602026,
            0.011577424023
        ]
    ],
    "iterations": 1,
    "logLik": -79.7660586819,
    "time": 5e-06,
    "message": "Converged",
    "status": 0,
    "sd": [
        [
            0.017068232638,
            0.0059995952354,
            0.0035877470118,
            0.014639005975,
            0.0029365441557,
            0.0085739500652,
            0.0089325943627,
            0.0029716261496
        ]
    ],
    "method": "mult",
    "ll_threshold": "-Inf",
    "param_threshold": 0.0001,
    "maxtime": 3600,
    "maxiter": 1000,
    "initial_prob": "group_proportional",
    "ballotbox_id": [
        "1",
        "2",
        "3",
        "4",
        "5"
    ],
    "candidates_id": [
        "C1",
        "C2",
        "C3",
        "C4",
        "C5",
        "C6",
        "C7",
        "C8"
    ],
    "group_id": [
        "X18.19",
        "X20.29",
        "X30.39",
        "X40.49",
        "X50.59",
        "X60.69",
        "X70.79",
        "X80."
    ],
    "p_values": [
        0.331,
        0.58,
        0.252,
        0.925,
        0.909
    ],
    "p_values_trials": [
        3,
        3,
        3,
        3,
        3
    ]
}