{
    "X": [
        [
            25,
            54,
            26,
            12,
            0,
            11,
            21,
            2
        ]
    ],
    "W": [
        [
            9,
            19,
            34,
            29,
            22,
            21,
            11,
            6
        ]
    ],
    "W_agg": [
        [
            151
        ]
    ],
    "group_agg": 8,
    "method": "mult",
    "cond_prob": [
        [
            [
                0.16556291391,
                0.35761589404,
                0.17218543046,
                0.079470198675,
                0,
                0.072847682119,
                0.13907284768,
                0.013245033113
            ]
        ]
    ],
    "prob": [
        [
            0.16556291391,
            0.35761589404,
            0.17218543046,
            0.079470198675,
            0,
            0.072847682119,
            0.13907284768,
            0.013245033113
        ]
    ],
    "iterations": 1,
    "logLik": -12.6155598643,
    "time": 3e-06,
    "message": "Converged",
    "status": 0,
    "maxiter": 3600,
    "param_threshold": 0.0001,
    "ll_threshold": "-Inf",
    "initial_prob": "group_proportional",
    "ballotbox_id": "1",
    "candidates_id": [
        "C1",
        "C2",
        "C3",
        "C4",
        "C5",
        "C6",
        "C7",
        "C8"
    ],
    "group_id": [
        "X18.19",
        "X20.29",
        "X30.39",
        "X40.49",
        "X50.59",
        "X60.69",
        "X70.79",
        "X80."
    ],
    "p_values": [
        1.0
    ],
    "p_values_trials": [
        3
    ]
}