{
  "W": [
    [63, 12, 10, 15],
    [61, 16, 11, 12],
    [67, 11, 12, 10],
    [65, 11, 18, 6],
    [64, 14, 13, 9],
    [62, 9, 17, 12],
    [79, 6, 4, 11],
    [66, 12, 12, 10],
    [68, 14, 9, 9],
    [68, 11, 13, 8],
    [69, 8, 10, 13],
    [63, 15, 12, 10],
    [43, 38, 10, 9],
    [10, 65, 7, 18],
    [8, 71, 14, 7],
    [12, 57, 17, 14],
    [12, 70, 12, 6],
    [10, 67, 15, 8],
    [12, 64, 12, 12],
    [11, 72, 9, 8],
    [8, 66, 14, 12],
    [7, 68, 12, 13],
    [16, 63, 11, 10],
    [12, 67, 8, 13],
    [14, 65, 10, 11],
    [14, 8, 62, 16],
    [11, 10, 73, 6],
    [13, 16, 63, 8],
    [8, 9, 65, 18],
    [16, 10, 62, 12],
    [13, 11, 62, 14],
    [13, 12, 60, 15],
    [7, 16, 67, 10],
    [9, 12, 76, 3],
    [9, 20, 60, 11],
    [14, 7, 70, 9],
    [10, 12, 66, 12],
    [13, 8, 39, 40],
    [12, 9, 11, 68],
    [12, 13, 11, 64],
    [14, 13, 14, 59],
    [10, 10, 13, 67],
    [9, 8, 8, 75],
    [8, 15, 7, 70],
    [13, 11, 17, 59],
    [10, 9, 6, 75],
    [10, 10, 9, 71],
    [14, 11, 14, 61],
    [9, 14, 11, 66],
    [9, 4, 12, 75]
  ],
  "X": [
    [56, 44],
    [58, 42],
    [57, 43],
    [64, 36],
    [64, 36],
    [61, 39],
    [59, 41],
    [63, 37],
    [57, 43],
    [60, 40],
    [56, 44],
    [49, 51],
    [46, 54],
    [26, 74],
    [32, 68],
    [30, 70],
    [29, 71],
    [35, 65],
    [21, 79],
    [23, 77],
    [32, 68],
    [21, 79],
    [27, 73],
    [25, 75],
    [27, 73],
    [79, 21],
    [79, 21],
    [67, 33],
    [70, 30],
    [74, 26],
    [72, 28],
    [72, 28],
    [74, 26],
    [77, 23],
    [63, 37],
    [74, 26],
    [69, 31],
    [63, 37],
    [32, 68],
    [32, 68],
    [34, 66],
    [38, 62],
    [30, 70],
    [38, 62],
    [36, 64],
    [35, 65],
    [29, 71],
    [40, 60],
    [35, 65],
    [34, 66]
  ],
  "real_prob": [
    [0.64510336084, 0.35489663916],
    [0.11182121027, 0.88817878973],
    [0.93131502807, 0.068684971929],
    [0.24649801147, 0.75350198853]
  ],
  "method": "exact",
  "prob": [
    [0.66558883781, 0.33441116219],
    [0.10305621988, 0.89694378012],
    [0.92757163401, 0.072428365992],
    [0.24298330831, 0.75701669169]
  ],
  "iterations": 16,
  "logLik": -137.4334878856,
  "time": 0.228182,
  "message": "Converged",
  "status": 0,
  "cond_prob": [
    [
      [0.66554323948, 0.10097102412, 0.9275154014, 0.23893130728, 0.33445676052, 0.89902897588, 0.072484598599, 0.76106869272, 0.69886316047, 0.11551810125, 0.93716879071, 0.26768340782, 0.30113683953, 0.88448189875, 0.062831209294, 0.73231659218, 0.63863984301, 0.090836359435, 0.91917261319, 0.2181859206, 0.36136015699, 0.90916364057, 0.080827386814, 0.7818140794, 0.68432328806, 0.10876606498, 0.93307676928, 0.2545296191, 0.31567671194, 0.89123393502, 0.066923230716, 0.7454703809, 0.73536584843, 0.13492492888, 0.94693049408, 0.30417114147, 0.26463415157, 0.86507507112, 0.05306950592, 0.69582885853, 0.66795872184, 0.10186326949, 0.92826966774, 0.24076712242, 0.33204127816, 0.89813673051, 0.071730332263, 0.75923287758, 0.65977299555, 0.098934581351],
      [0.92568087204, 0.23469112499, 0.34022700445, 0.90106541865, 0.074319127956, 0.76530887501, 0.71728147717, 0.1248704211, 0.94217939143, 0.28548247565, 0.28271852283, 0.8751295789, 0.057820608568, 0.71451752435, 0.66352004289, 0.10018341852, 0.92690010146, 0.23732981235, 0.33647995711, 0.89981658148, 0.073099898536, 0.76267018765, 0.66147318805, 0.099348632897, 0.92629059838, 0.23565130894, 0.33852681195, 0.9006513671, 0.073709401619, 0.76434869106, 0.6288912407, 0.087534500705, 0.91598127441, 0.21126274167, 0.3711087593, 0.9124654993, 0.084018725587, 0.78873725833, 0.56437705814, 0.068419412358, 0.8931315101, 0.17003760307, 0.43562294186, 0.93158058764, 0.1068684899, 0.82996239693, 0.69613345677, 0.11371253131, 0.93652106031, 0.26444161847],
      [0.30386654323, 0.88628746869, 0.063478939688, 0.73555838153, 0.70285009116, 0.11614462469, 0.93852014668, 0.26958096983, 0.29714990884, 0.88385537531, 0.061479853315, 0.73041903017, 0.75503842908, 0.14589495419, 0.95200994909, 0.32471593321, 0.24496157092, 0.85410504581, 0.047990050911, 0.67528406679, 0.60827642169, 0.079126993915, 0.91008883327, 0.19420958007, 0.39172357831, 0.92087300608, 0.089911166733, 0.80579041993, 0.69544206213, 0.11205693281, 0.93660791048, 0.26190250533, 0.30455793787, 0.88794306719, 0.063392089516, 0.73809749467, 0.76617531294, 0.15387119566, 0.95468175905, 0.338581297, 0.23382468706, 0.84612880434, 0.045318240954, 0.661418703, 0.48903208858, 0.050310289998, 0.86350125869, 0.12914510607, 0.51096791142, 0.94968971],
      [0.13649874131, 0.87085489393, 0.62917811973, 0.085568369913, 0.91703206325, 0.20810368501, 0.37082188027, 0.91443163009, 0.08296793675, 0.79189631499, 0.74178080435, 0.13742249013, 0.94872153742, 0.30948064106, 0.25821919565, 0.86257750987, 0.051278462575, 0.69051935894, 0.55378355286, 0.063876425647, 0.89092008889, 0.16068285533, 0.44621644714, 0.93612357435, 0.10907991111, 0.83931714467, 0.61529416874, 0.081406387057, 0.9123659686, 0.1990665261, 0.38470583126, 0.91859361294, 0.087634031398, 0.8009334739, 0.66294399549, 0.098231974886, 0.92726846083, 0.23422938848, 0.33705600451, 0.90176802511, 0.072731539172, 0.76577061152, 0.65281286847, 0.094308600654, 0.92424279043, 0.22619389952, 0.34718713153, 0.90569139935, 0.075757209573, 0.77380610048]
    ],
    [
      [0.80966182381, 0.18800232162, 0.96480535788, 0.39642398156, 0.19033817619, 0.81199767838, 0.035194642117, 0.60357601844, 0.70232135177, 0.11376868158, 0.93892424697, 0.26588471427, 0.29767864823, 0.88623131842, 0.061075753025, 0.73411528573, 0.58432297544, 0.072462823246, 0.90171790717, 0.17952099943, 0.41567702456, 0.92753717675, 0.098282092828, 0.82047900057, 0.64795324546, 0.092143756983, 0.92298555827, 0.22183438534, 0.35204675454, 0.90785624302, 0.077014441732, 0.77816561466, 0.70658324623, 0.11684612365, 0.93982581696, 0.27141718104, 0.29341675377, 0.88315387635, 0.060174183042, 0.72858281896, 0.69537703295, 0.11148135658, 0.93677776898, 0.26097014091, 0.30462296705, 0.88851864342, 0.063222231022, 0.73902985909, 0.72567990408, 0.12670874691],
      [0.94485789933, 0.29027882161, 0.27432009592, 0.87329125309, 0.05514210067, 0.70972117839, 0.74185036333, 0.1347608924, 0.94913460428, 0.30588546914, 0.25814963667, 0.8652391076, 0.050865395717, 0.69411453086, 0.62849056374, 0.08507016312, 0.91712472356, 0.20708799275, 0.37150943626, 0.91492983688, 0.082875276439, 0.79291200725, 0.58932742216, 0.073645111899, 0.90364687257, 0.18221260076, 0.41067257784, 0.9263548881, 0.096353127429, 0.81778739924, 0.59680937764, 0.076021831624, 0.90609730806, 0.18730048079, 0.40319062236, 0.92397816838, 0.093902691935, 0.81269951921, 0.59835104568, 0.076289763663, 0.90674897114, 0.18796502367, 0.40164895432, 0.92371023634, 0.093251028861, 0.81203497633, 0.77876137825, 0.16391752899, 0.95762148857, 0.35543809492],
      [0.22123862175, 0.83608247101, 0.042378511433, 0.64456190508, 0.61818354093, 0.083389565388, 0.91273268768, 0.20281223317, 0.38181645907, 0.91661043461, 0.087267312318, 0.79718776683, 0.62568910431, 0.085806390015, 0.91523184047, 0.20794839739, 0.37431089569, 0.91419360998, 0.084768159528, 0.79205160261, 0.61063367939, 0.080905902391, 0.91025348913, 0.19755598152, 0.38936632061, 0.91909409761, 0.089746510865, 0.80244401848, 0.69574401138, 0.11390666553, 0.9363087994, 0.26464893789, 0.30425598862, 0.88609333447, 0.063691200596, 0.73535106211, 0.63667128929, 0.089692119521, 0.91871415603, 0.21603610923, 0.36332871071, 0.91030788048, 0.081285843966, 0.78396389077, 0.75660612607, 0.1490940118, 0.95216895989, 0.3292222585, 0.24339387393, 0.8509059882],
