{
  "W": [
    [74, 26],
    [74, 26],
    [79, 21],
    [75, 25],
    [71, 29],
    [74, 26],
    [81, 19],
    [71, 29],
    [77, 23],
    [68, 32],
    [72, 28],
    [76, 24],
    [71, 29],
    [75, 25],
    [73, 27],
    [77, 23],
    [75, 25],
    [82, 18],
    [77, 23],
    [74, 26],
    [78, 22],
    [71, 29],
    [81, 19],
    [82, 18],
    [70, 30],
    [23, 77],
    [23, 77],
    [29, 71],
    [24, 76],
    [22, 78],
    [32, 68],
    [30, 70],
    [22, 78],
    [21, 79],
    [30, 70],
    [28, 72],
    [25, 75],
    [21, 79],
    [22, 78],
    [25, 75],
    [32, 68],
    [22, 78],
    [23, 77],
    [29, 71],
    [23, 77],
    [28, 72],
    [22, 78],
    [22, 78],
    [24, 76],
    [20, 80]
  ],
  "X": [
    [62, 38],
    [55, 45],
    [68, 32],
    [65, 35],
    [63, 37],
    [65, 35],
    [66, 34],
    [63, 37],
    [65, 35],
    [62, 38],
    [61, 39],
    [61, 39],
    [60, 40],
    [64, 36],
    [68, 32],
    [63, 37],
    [65, 35],
    [69, 31],
    [63, 37],
    [56, 44],
    [61, 39],
    [55, 45],
    [69, 31],
    [68, 32],
    [58, 42],
    [31, 69],
    [45, 55],
    [39, 61],
    [38, 62],
    [41, 59],
    [41, 59],
    [43, 57],
    [39, 61],
    [35, 65],
    [39, 61],
    [41, 59],
    [33, 67],
    [45, 55],
    [33, 67],
    [33, 67],
    [44, 56],
    [45, 55],
    [39, 61],
    [45, 55],
    [33, 67],
    [35, 65],
    [40, 60],
    [38, 62],
    [43, 57],
    [36, 64]
  ],
  "real_prob": [
    [0.75057079326, 0.24942920674],
    [0.27030176426, 0.72969823574]
  ],
  "method": "mult",
  "prob": [
    [0.74874889525, 0.25125110475],
    [0.27104419664, 0.72895580336]
  ],
  "iterations": 15,
  "logLik": -139.7222410745,
  "time": 2.6e-05,
  "message": "Converged",
  "status": 0,
  "cond_prob": [
    [
      [0.74553707274, 0.26553984169, 0.25446292726, 0.73446015831, 0.68698732888, 0.21311530164, 0.31301267112, 0.78688469836, 0.77477354401, 0.29787225246, 0.22522645599, 0.70212774754, 0.76565291703, 0.28730628568, 0.23434708297, 0.71269371432, 0.7646898319, 0.28629214528, 0.2353101681, 0.71370785472, 0.7693138151, 0.2915475404, 0.2306861849, 0.7084524596, 0.75075288771, 0.27080115647, 0.24924711229, 0.72919884353, 0.7646898319, 0.28629214528, 0.2353101681, 0.71370785472, 0.75815050418, 0.2788658533, 0.24184949582, 0.7211341467, 0.7678212483, 0.28992954706, 0.2321787517, 0.71007045294, 0.74525056261, 0.26528465038, 0.25474943739, 0.73471534962, 0.72939903107, 0.24955889404, 0.27060096893, 0.75044110596, 0.74112310195, 0.26110896683],
      [0.25887689805, 0.73889103317, 0.75772564937, 0.27844702478, 0.24227435063, 0.72155297522, 0.79569230545, 0.32461735937, 0.20430769455, 0.67538264063, 0.74187636141, 0.26174535334, 0.25812363859, 0.73825464666, 0.76565291703, 0.28730628568, 0.23434708297, 0.71269371432, 0.77172354938, 0.29415828775, 0.22827645062, 0.70584171225, 0.74187636141, 0.26174535334, 0.25812363859, 0.73825464666, 0.69562781782, 0.21998444422, 0.30437218218, 0.78001555578, 0.72111200885, 0.24180651647, 0.27888799115, 0.75819348353, 0.69994157818, 0.22356563831, 0.30005842182, 0.77643436169, 0.77546945053, 0.29864961615, 0.22453054947, 0.70135038385, 0.76345604295, 0.28462782333, 0.23654395705, 0.71537217667, 0.72894079652, 0.24923748475, 0.27105920348, 0.75076251525]
    ],
    [
      [0.68702775258, 0.21316604419, 0.31297224742, 0.78683395581, 0.79990628938, 0.33037328675, 0.20009371062, 0.66962671325, 0.73458854287, 0.25470705774, 0.26541145713, 0.74529294226, 0.74581795118, 0.26587015343, 0.25418204882, 0.73412984657, 0.77607132447, 0.29956052746, 0.22392867553, 0.70043947254, 0.73922041925, 0.25930673733, 0.26077958075, 0.74069326267, 0.76198684745, 0.28332673366, 0.23801315255, 0.71667326634, 0.76125457277, 0.28236950224, 0.23874542723, 0.71763049776, 0.73271732491, 0.25275687446, 0.26728267509, 0.74724312554, 0.73069317474, 0.25096347446, 0.26930682526, 0.74903652554, 0.75423667606, 0.27479490856, 0.24576332394, 0.72520509144, 0.69793649721, 0.22191776361, 0.30206350279, 0.77808223639, 0.80640561555, 0.33948411159],
      [0.19359438445, 0.66051588841, 0.71068169501, 0.23261370766, 0.28931830499, 0.76738629234, 0.69793649721, 0.22191776361, 0.30206350279, 0.77808223639, 0.76219001786, 0.28358014691, 0.23780998214, 0.71641985309, 0.80316771352, 0.33490192526, 0.19683228648, 0.66509807474, 0.75750834383, 0.27825403267, 0.24249165617, 0.72174596733, 0.7798291067, 0.30427517604, 0.2201708933, 0.69572482396, 0.70644791884, 0.22899201645, 0.29355208116, 0.77100798355, 0.70396759623, 0.22696942259, 0.29603240377, 0.77303057741, 0.7687767835, 0.29092595038, 0.2312232165, 0.70907404962, 0.75349386464, 0.27389012741, 0.24650613536, 0.72610987259, 0.78315161235, 0.30832094226, 0.21684838765, 0.69167905774, 0.74513873671, 0.2650902611, 0.25486126329, 0.7349097389]
    ]
  ],
  "maxiter": 3600,
  "param_threshold": 0.001,
  "ll_threshold": "-Inf",
  "initial_prob": "group_proportional"
}
