{
  "W": [
    [45, 19, 16, 20],
    [54, 14, 16, 16],
    [43, 17, 23, 17],
    [51, 14, 16, 19],
    [48, 18, 15, 19],
    [49, 18, 15, 18],
    [51, 18, 14, 17],
    [47, 20, 16, 17],
    [43, 18, 24, 15],
    [53, 12, 20, 15],
    [51, 14, 21, 14],
    [55, 16, 12, 17],
    [30, 33, 21, 16],
    [16, 44, 21, 19],
    [22, 49, 14, 15],
    [15, 55, 12, 18],
    [21, 55, 13, 11],
    [16, 49, 18, 17],
    [18, 54, 14, 14],
    [15, 53, 17, 15],
    [17, 55, 9, 19],
    [14, 55, 12, 19],
    [22, 47, 15, 16],
    [17, 46, 15, 22],
    [14, 49, 25, 12],
    [12, 19, 49, 20],
    [19, 14, 55, 12],
    [13, 18, 51, 18],
    [14, 12, 60, 14],
    [18, 11, 57, 14],
    [20, 14, 47, 19],
    [19, 15, 52, 14],
    [14, 15, 53, 18],
    [12, 15, 57, 16],
    [15, 19, 55, 11],
    [18, 9, 56, 17],
    [13, 24, 49, 14],
    [23, 13, 30, 34],
    [18, 15, 13, 54],
    [18, 15, 14, 53],
    [13, 15, 14, 58],
    [16, 20, 12, 52],
    [18, 17, 15, 50],
    [14, 26, 22, 38],
    [16, 15, 12, 57],
    [18, 21, 10, 51],
    [16, 20, 18, 46],
    [24, 18, 7, 51],
    [17, 13, 16, 54],
    [25, 15, 12, 48]
  ],
  "X": [
    [45, 55],
    [40, 60],
    [40, 60],
    [38, 62],
    [41, 59],
    [46, 54],
    [34, 66],
    [44, 56],
    [34, 66],
    [45, 55],
    [48, 52],
    [41, 59],
    [34, 66],
    [32, 68],
    [45, 55],
    [46, 54],
    [31, 69],
    [32, 68],
    [36, 64],
    [36, 64],
    [34, 66],
    [31, 69],
    [39, 61],
    [41, 59],
    [35, 65],
    [24, 76],
    [24, 76],
    [24, 76],
    [18, 82],
    [14, 86],
    [30, 70],
    [27, 73],
    [17, 83],
    [22, 78],
    [17, 83],
    [24, 76],
    [23, 77],
    [33, 67],
    [37, 63],
    [46, 54],
    [34, 66],
    [38, 62],
    [37, 63],
    [38, 62],
    [41, 59],
    [37, 63],
    [36, 64],
    [49, 51],
    [33, 67],
    [54, 46]
  ],
  "real_prob": [
    [0.4668242416, 0.5331757584],
    [0.47581091116, 0.52418908884],
    [0.025344485497, 0.9746555145],
    [0.420743411, 0.579256589]
  ],
  "method": "exact",
  "prob": [
    [0.55144272885, 0.44855727115],
    [0.36781315445, 0.63218684555],
    [0.028589054855, 0.97141094515],
    [0.44815506185, 0.55184493815]
  ],
  "iterations": 33,
  "logLik": -146.0112800789,
  "time": 0.740954,
  "message": "Converged",
  "status": 0,
  "cond_prob": [
    [
      [0.59594007131, 0.40936509064, 0.034412639875, 0.49270789154, 0.40405992869, 0.59063490936, 0.96558736012, 0.50729210846, 0.52149839751, 0.33872999226, 0.025735758762, 0.41781840643, 0.47850160249, 0.66127000774, 0.97426424124, 0.58218159357, 0.5741817807, 0.38772090197, 0.031523175822, 0.47022912073, 0.4258182193, 0.61227909803, 0.96847682418, 0.52977087927, 0.50121759121, 0.32080022148, 0.023792358445, 0.39821168486, 0.49878240879, 0.67919977852, 0.97620764156, 0.60178831514, 0.53977611156, 0.35536163711, 0.02762717099, 0.43578050592, 0.46022388844, 0.64463836289, 0.97237282901, 0.56421949408, 0.59644980176, 0.40989640267, 0.034490334774, 0.49324830246, 0.40355019824, 0.59010359733, 0.96550966523, 0.50675169754, 0.44786183618, 0.27607343591],
      [0.019330219959, 0.34818243699, 0.55213816382, 0.72392656409, 0.98066978004, 0.65181756301, 0.58296474412, 0.39646712249, 0.03269147204, 0.47930888376, 0.41703525588, 0.60353287751, 0.96730852796, 0.52069111624, 0.50301932185, 0.32217686651, 0.023904899305, 0.39981786533, 0.49698067815, 0.67782313349, 0.9760951007, 0.60018213467, 0.60105273552, 0.41441996873, 0.035079191047, 0.4979721048, 0.39894726448, 0.58558003127, 0.96492080895, 0.5020278952, 0.64680975361, 0.4623944712, 0.042206350259, 0.54663190099, 0.35319024639, 0.5376055288, 0.95779364974, 0.45336809901, 0.51556632862, 0.33350739088, 0.025173781744, 0.41209695828, 0.48443367138, 0.66649260912, 0.97482621826, 0.58790304172, 0.52097568464, 0.33809451782, 0.025633649083, 0.41720648388],
      [0.47902431536, 0.66190548218, 0.97436635092, 0.58279351612, 0.52523820565, 0.3418974198, 0.026050389177, 0.42134968767, 0.47476179435, 0.6581025802, 0.97394961082, 0.57865031233, 0.63942225712, 0.45462484839, 0.041047835257, 0.53876153858, 0.36057774288, 0.54537515161, 0.95895216474, 0.46123846142, 0.6519727385, 0.4683250083, 0.043271497135, 0.55240419446, 0.3480272615, 0.5316749917, 0.95672850286, 0.44759580554, 0.47795559999, 0.3007956894, 0.02171835129, 0.37607553784, 0.52204440001, 0.6992043106, 0.97828164871, 0.62392446216, 0.51511174393, 0.33288212235, 0.025064170896, 0.41151958974, 0.48488825607, 0.66711787765, 0.9749358291, 0.58848041026, 0.5470760178, 0.36208940398, 0.028407466298, 0.44300709547, 0.4529239822, 0.63791059602],
      [0.9715925337, 0.55699290453, 0.56508817877, 0.37905763045, 0.030455791201, 0.46105829693, 0.43491182123, 0.62094236955, 0.9695442088, 0.53894170307, 0.5018538432, 0.32137918276, 0.023856741579, 0.39883783892, 0.4981461568, 0.67862081724, 0.97614325842, 0.60116216108, 0.48246002409, 0.30461851772, 0.022106031657, 0.38032993726, 0.51753997591, 0.69538148228, 0.97789396834, 0.61967006274, 0.57579316456, 0.38945298314, 0.031782548022, 0.471970122, 0.42420683544, 0.61054701686, 0.96821745198, 0.528029878, 0.60362996072, 0.4171657013, 0.035493988351, 0.50073902648, 0.39637003928, 0.5828342987, 0.96450601165, 0.49926097352, 0.59391096336, 0.40710974013, 0.034045936562, 0.49047673606, 0.40608903664, 0.59289025987, 0.96595406344, 0.50952326394]
    ],
    [
      [0.55350259319, 0.36701091091, 0.028762241274, 0.44877058761, 0.44649740681, 0.63298908909, 0.97123775873, 0.55122941239, 0.58070911758, 0.39282558523, 0.031872142914, 0.47616672603, 0.41929088242, 0.60717441477, 0.96812785709, 0.52383327397, 0.56566988161, 0.37846839971, 0.030125501558, 0.46096998693, 0.43433011839, 0.62153160029, 0.96987449844, 0.53903001307, 0.50574913625, 0.32298196331, 0.023724008699, 0.40144914363, 0.49425086375, 0.67701803669, 0.9762759913, 0.59855085637, 0.37706573581, 0.22022441402, 0.01427082609, 0.28406507957, 0.62293426419, 0.77977558598, 0.98572917391, 0.71593492043, 0.6191323251, 0.43211309418, 0.037326697692, 0.51649554674, 0.3808676749, 0.56788690582, 0.96267330231, 0.48350445326, 0.61202176056, 0.42448952735],
      [0.03616454641, 0.50883480185, 0.38797823944, 0.57551047265, 0.96383545359, 0.49116519815, 0.43378449111, 0.26351341514, 0.017998984072, 0.33446498564, 0.56621550889, 0.73648658486, 0.98200101593, 0.66553501436, 0.57490446631, 0.38703258039, 0.031108657712, 0.47015401305, 0.42509553369, 0.61296741961, 0.96889134229, 0.52984598695, 0.45234598176, 0.27824250912, 0.019335517056, 0.35134083294, 0.54765401824, 0.72175749088, 0.98066448294, 0.64865916706, 0.5833167498, 0.39534258191, 0.032184042754, 0.47881816896, 0.4166832502, 0.60465741809, 0.96781595725, 0.52118183104, 0.54079469209, 0.35514085964, 0.027368630141, 0.43608753533, 0.45920530791, 0.64485914036, 0.97263136986, 0.56391246467, 0.54444502989, 0.35930907234, 0.028011990254, 0.44018784307],
      [0.45555497011, 0.64069092766, 0.97198800975, 0.55981215693, 0.51719912906, 0.33491974512, 0.025320494133, 0.41365653845, 0.48280087094, 0.66508025488, 0.97467950587, 0.58634346155, 0.62373567359, 0.43796960544, 0.038505043274, 0.52196496581, 0.37626432641, 0.56203039456, 0.96149495673, 0.47803503419, 0.49205837918, 0.31286886615, 0.022960531674, 0.38946139026, 0.50794162082, 0.68713113385, 0.97703946833, 0.61053860974, 0.53127854131, 0.34762263043, 0.026744928642, 0.42742599205, 0.46872145869, 0.65237736957, 0.97325507136, 0.57257400795, 0.52839896391, 0.34495001829, 0.02643094285, 0.42456408392, 0.47160103609, 0.65504998171, 0.97356905715, 0.57543591608, 0.59035527491, 0.40366065773, 0.033610270086, 0.48685323969, 0.40964472509, 0.59633934227],
