{
  "W": [
    [54, 18, 16, 12],
    [50, 17, 21, 12],
    [51, 20, 18, 11],
    [50, 20, 16, 14],
    [53, 13, 12, 22],
    [59, 15, 14, 12],
    [55, 13, 16, 16],
    [41, 14, 26, 19],
    [50, 16, 19, 15],
    [51, 19, 15, 15],
    [52, 18, 18, 12],
    [47, 21, 16, 16],
    [34, 27, 27, 12],
    [19, 50, 18, 13],
    [14, 46, 21, 19],
    [16, 53, 18, 13],
    [16, 60, 8, 16],
    [18, 54, 10, 18],
    [20, 53, 10, 17],
    [12, 54, 10, 24],
    [21, 46, 16, 17],
    [20, 55, 12, 13],
    [16, 55, 12, 17],
    [23, 52, 15, 10],
    [18, 54, 13, 15],
    [11, 17, 50, 22],
    [10, 15, 61, 14],
    [19, 14, 47, 20],
    [13, 14, 56, 17],
    [19, 19, 43, 19],
    [15, 18, 52, 15],
    [16, 13, 53, 18],
    [17, 23, 43, 17],
    [10, 14, 61, 15],
    [20, 17, 51, 12],
    [13, 13, 49, 25],
    [18, 10, 52, 20],
    [15, 11, 42, 32],
    [15, 18, 23, 44],
    [17, 16, 11, 56],
    [13, 14, 19, 54],
    [15, 8, 13, 64],
    [14, 14, 18, 54],
    [18, 17, 13, 52],
    [17, 16, 21, 46],
    [16, 19, 20, 45],
    [20, 14, 16, 50],
    [17, 13, 16, 54],
    [19, 22, 10, 49],
    [13, 18, 13, 56]
  ],
  "X": [
    [54, 46],
    [51, 49],
    [63, 37],
    [49, 51],
    [55, 45],
    [58, 42],
    [53, 47],
    [50, 50],
    [57, 43],
    [47, 53],
    [59, 41],
    [49, 51],
    [53, 47],
    [45, 55],
    [43, 57],
    [47, 53],
    [57, 43],
    [43, 57],
    [39, 61],
    [32, 68],
    [39, 61],
    [46, 54],
    [50, 50],
    [48, 52],
    [49, 51],
    [38, 62],
    [44, 56],
    [37, 63],
    [38, 62],
    [44, 56],
    [57, 43],
    [41, 59],
    [40, 60],
    [39, 61],
    [50, 50],
    [40, 60],
    [48, 52],
    [34, 66],
    [38, 62],
    [33, 67],
    [31, 69],
    [18, 82],
    [25, 75],
    [34, 66],
    [38, 62],
    [38, 62],
    [25, 75],
    [24, 76],
    [30, 70],
    [25, 75]
  ],
  "real_prob": [
    [0.70518673397, 0.29481326603],
    [0.51033879424, 0.48966120576],
    [0.40632926227, 0.59367073773],
    [0.029448081264, 0.97055191874]
  ],
  "method": "exact",
  "prob": [
    [0.71406126419, 0.28593873581],
    [0.48095134541, 0.51904865459],
    [0.45513661473, 0.54486338527],
    [0.06585077568, 0.93414922432]
  ],
  "iterations": 32,
  "logLik": -150.4789177844,
  "time": 0.743026,
  "message": "Converged",
  "status": 0,
  "cond_prob": [
    [
      [0.70196031188, 0.46394419766, 0.43773709652, 0.06161283803, 0.29803968812, 0.53605580234, 0.56226290348, 0.93838716197, 0.68218223466, 0.44096311498, 0.41505810533, 0.056524591679, 0.31781776534, 0.55903688502, 0.58494189467, 0.94347540832, 0.7907582703, 0.58148017536, 0.55548718415, 0.094814126604, 0.2092417297, 0.41851982464, 0.44451281585, 0.9051858734, 0.66761606279, 0.4246096668, 0.39897941435, 0.053095206794, 0.33238393721, 0.5753903332, 0.60102058565, 0.94690479321, 0.75818340279, 0.53508673875, 0.50861788488, 0.079851701367, 0.24181659721, 0.46491326125, 0.49138211512, 0.92014829863, 0.73009098685, 0.49845794435, 0.4720022548, 0.069977586963, 0.26990901315, 0.50154205565, 0.5279977452, 0.93002241304, 0.70596873362, 0.46860997029],
      [0.442341926, 0.062644951327, 0.29403126638, 0.53139002971, 0.557658074, 0.93735504867, 0.72485154809, 0.49179005144, 0.46535478638, 0.068252703282, 0.27514845191, 0.50820994856, 0.53464521362, 0.93174729672, 0.75485001175, 0.53082228771, 0.50436583243, 0.078759466204, 0.24514998825, 0.46917771229, 0.49563416757, 0.9212405338, 0.64665193873, 0.40201524341, 0.37685996951, 0.04863746381, 0.35334806127, 0.59798475659, 0.62314003049, 0.95136253619, 0.75642901363, 0.53301393944, 0.50657294031, 0.079427287969, 0.24357098637, 0.46698606056, 0.49342705969, 0.92057271203, 0.68365272657, 0.44254223396, 0.41660287076, 0.056830562873, 0.31634727343, 0.55745776604, 0.58339712924, 0.94316943713, 0.74053366585, 0.51208148648, 0.4856218696, 0.073655395599],
      [0.25946633415, 0.48791851352, 0.5143781304, 0.9263446044, 0.69975442878, 0.46148872989, 0.43532527022, 0.061105730377, 0.30024557122, 0.53851127011, 0.56467472978, 0.93889426962, 0.71654458686, 0.48165936817, 0.4553040097, 0.065824244451, 0.28345541314, 0.51834063183, 0.5446959903, 0.93417575555, 0.72527272845, 0.49265887112, 0.46625773203, 0.068621307607, 0.27472727155, 0.50734112888, 0.53374226797, 0.93137869239, 0.81764371902, 0.62276024215, 0.59758827359, 0.11071123613, 0.18235628098, 0.37723975785, 0.40241172641, 0.88928876387, 0.70015992265, 0.46184940419, 0.4356688697, 0.061142492731, 0.29984007735, 0.53815059581, 0.5643311303, 0.93885750727, 0.6484850354, 0.40395550073, 0.37875517552, 0.049006235172, 0.3515149646, 0.59604449927],
      [0.62124482448, 0.95099376483, 0.61739035177, 0.37189751133, 0.34751461067, 0.043071002506, 0.38260964823, 0.62810248867, 0.65248538933, 0.95692899749, 0.64744878784, 0.40285328774, 0.37767763416, 0.048793063104, 0.35255121216, 0.59714671226, 0.62232236584, 0.9512069369, 0.70560605874, 0.46846774504, 0.44223252133, 0.062720199371, 0.29439394126, 0.53153225496, 0.55776747867, 0.93727980063, 0.76631078555, 0.54676365494, 0.52042407949, 0.083643379748, 0.23368921445, 0.45323634506, 0.47957592051, 0.91635662025, 0.70697962715, 0.47017482659, 0.4439297506, 0.063143133386, 0.29302037285, 0.52982517341, 0.5560702494, 0.93685686661, 0.74588939225, 0.51915807463, 0.49270737316, 0.075617270553, 0.25411060775, 0.48084192537, 0.50729262684, 0.92438272945]
    ],
    [
      [0.69306824254, 0.45340937354, 0.4273179051, 0.059199760319, 0.30693175746, 0.54659062646, 0.5726820949, 0.94080023968, 0.7248535527, 0.49214248658, 0.46574462506, 0.068493217552, 0.2751464473, 0.50785751342, 0.53425537494, 0.93150678245, 0.6513695535, 0.40690495683, 0.38162650835, 0.04954315977, 0.3486304465, 0.59309504317, 0.61837349165, 0.95045684023, 0.66901139739, 0.42616718904, 0.40050887805, 0.053412589214, 0.33098860261, 0.57383281096, 0.59949112195, 0.94658741079, 0.72057942632, 0.48661674353, 0.46022643661, 0.067028210456, 0.27942057368, 0.51338325647, 0.53977356339, 0.93297178954, 0.82331108581, 0.63183194939, 0.60689069155, 0.11460284422, 0.17668891419, 0.36816805061, 0.39310930845, 0.88539715578, 0.69611157735, 0.45706102314],
      [0.43093414515, 0.060050653795, 0.30388842265, 0.54293897686, 0.56906585485, 0.9399493462, 0.67642758056, 0.43443982708, 0.40863703729, 0.055130735533, 0.32357241944, 0.56556017292, 0.59136296271, 0.94486926447, 0.68047079406, 0.4390837649, 0.41321391515, 0.056138035103, 0.31952920594, 0.5609162351, 0.58678608485, 0.9438619649, 0.747780473, 0.52171412156, 0.49527352321, 0.076358399147, 0.252219527, 0.47828587844, 0.50472647679, 0.92364160085, 0.72150159667, 0.48764327854, 0.46123328674, 0.067227422875, 0.27849840333, 0.51235672146, 0.53876671326, 0.93277257713, 0.76640353173, 0.5468170775, 0.52046860223, 0.083609916892, 0.23359646827, 0.4531829225, 0.47953139777, 0.91639008311, 0.67866104935, 0.43649345062, 0.41060774207, 0.055410347993],
      [0.32133895065, 0.56350654938, 0.58939225793, 0.94458965201, 0.77794081798, 0.5624372483, 0.53614855443, 0.088081829747, 0.22205918202, 0.4375627517, 0.46385144557, 0.91191817025, 0.7778203701, 0.56175443938, 0.53539407071, 0.087493712508, 0.2221796299, 0.43824556062, 0.46460592929, 0.91250628749, 0.75479522503, 0.52983252406, 0.5032607514, 0.077926897428, 0.24520477497, 0.47016747594, 0.4967392486, 0.92207310257, 0.58610226607, 0.33961185931, 0.31607733497, 0.03722759031, 0.41389773393, 0.66038814069, 0.68392266503, 0.96277240969, 0.66355298559, 0.4186123381, 0.39293798159, 0.051422255549, 0.33644701441, 0.5813876619, 0.60706201841, 0.94857774445, 0.76492664029, 0.54372317016, 0.51722500663, 0.082001951845, 0.23507335971, 0.45627682984],
