{
  "W": [
    [53, 26, 21],
    [50, 28, 22],
    [46, 28, 26],
    [46, 27, 27],
    [56, 19, 25],
    [55, 23, 22],
    [54, 21, 25],
    [50, 19, 31],
    [63, 23, 14],
    [52, 31, 17],
    [58, 24, 18],
    [59, 20, 21],
    [52, 25, 23],
    [51, 27, 22],
    [56, 28, 16],
    [64, 18, 18],
    [49, 27, 24],
    [25, 49, 26],
    [22, 51, 27],
    [17, 57, 26],
    [15, 61, 24],
    [27, 49, 24],
    [27, 52, 21],
    [21, 57, 22],
    [23, 55, 22],
    [24, 44, 32],
    [21, 55, 24],
    [26, 56, 18],
    [18, 61, 21],
    [27, 43, 30],
    [20, 50, 30],
    [29, 51, 20],
    [17, 52, 31],
    [24, 32, 44],
    [18, 24, 58],
    [26, 17, 57],
    [20, 18, 62],
    [27, 27, 46],
    [20, 19, 61],
    [20, 28, 52],
    [26, 21, 53],
    [29, 23, 48],
    [21, 32, 47],
    [15, 24, 61],
    [31, 21, 48],
    [16, 27, 57],
    [27, 19, 54],
    [18, 28, 54],
    [31, 26, 43],
    [25, 24, 51]
  ],
  "X": [
    [51, 13, 36],
    [56, 13, 31],
    [62, 7, 31],
    [64, 12, 24],
    [56, 8, 36],
    [54, 10, 36],
    [68, 6, 26],
    [59, 12, 29],
    [55, 10, 35],
    [60, 10, 30],
    [61, 9, 30],
    [55, 8, 37],
    [59, 7, 34],
    [54, 14, 32],
    [55, 10, 35],
    [45, 6, 49],
    [54, 10, 36],
    [52, 20, 28],
    [54, 13, 33],
    [49, 16, 35],
    [52, 19, 29],
    [58, 12, 30],
    [45, 20, 35],
    [45, 22, 33],
    [52, 19, 29],
    [60, 14, 26],
    [52, 17, 31],
    [50, 20, 30],
    [51, 17, 32],
    [59, 12, 29],
    [48, 26, 26],
    [59, 12, 29],
    [46, 21, 33],
    [59, 13, 28],
    [51, 22, 27],
    [59, 12, 29],
    [53, 14, 33],
    [61, 18, 21],
    [50, 18, 32],
    [70, 6, 24],
    [53, 16, 31],
    [63, 13, 24],
    [60, 10, 30],
    [60, 21, 19],
    [55, 15, 30],
    [59, 15, 26],
    [58, 13, 29],
    [50, 18, 32],
    [67, 14, 19],
    [53, 18, 29]
  ],
  "real_prob": [
    [0.55722073699, 0.011245825486, 0.43153343753],
    [0.48356164615, 0.24012834929, 0.27631000456],
    [0.61202972867, 0.18754328645, 0.20042698488]
  ],
  "method": "exact",
  "prob": [
    [0.58950032829, 0.020301194578, 0.39019847713],
    [0.46182911751, 0.23288133349, 0.30528954901],
    [0.6173072112, 0.16743380895, 0.21525897985]
  ],
  "iterations": 25,
  "logLik": -274.2366069698,
  "time": 29.587929,
  "message": "Converged",
  "status": 0,
  "cond_prob": [
    [
      [0.54300476858, 0.40287494611, 0.55933326982, 0.02634772492, 0.27881941654, 0.20734598805, 0.4306475065, 0.31830563735, 0.23332074212, 0.60008925109, 0.45124593428, 0.60730233115, 0.025005741764, 0.26789119518, 0.1931254294, 0.37490500714, 0.28086287054, 0.19957223945, 0.62551758566, 0.54388946961, 0.69220330426, 0.011459406226, 0.14155597719, 0.096511536625, 0.36302300812, 0.3145545532, 0.21128515911, 0.68195206222, 0.52948620286, 0.67903991337, 0.021848166579, 0.24139568252, 0.1658259596, 0.29619977121, 0.22911811462, 0.15513412703, 0.56511393465, 0.46486166235, 0.62084992299, 0.016363622831, 0.19212794293, 0.13732824823, 0.41852244251, 0.34301039472, 0.24182182878, 0.55850917966, 0.4407569883, 0.59748110853, 0.020253696902, 0.22804319751],
      [0.1655024149, 0.42123712343, 0.33119981419, 0.23701647658, 0.68693099331, 0.59602250431, 0.73557015083, 0.011583057332, 0.14330386508, 0.094605349492, 0.30148594936, 0.2606736306, 0.16982449968, 0.61671111849, 0.46697726628, 0.62231858117, 0.02429092995, 0.26227039181, 0.18717148575, 0.35899795156, 0.27075234192, 0.19050993308, 0.57905041253, 0.44127062798, 0.59789996907, 0.023541380409, 0.25696368163, 0.18619488262, 0.39740820706, 0.30176569039, 0.2159051483, 0.6335475556, 0.50978031786, 0.66190219147, 0.018428470986, 0.21116032312, 0.14680879365, 0.34802397341, 0.27905935902, 0.19128901488, 0.63609334878, 0.50870097009, 0.66098680492, 0.018943934786, 0.21640417811, 0.15041952821, 0.34496271643, 0.2748948518, 0.18859366688, 0.55937352028],
      [0.45640631504, 0.6128017144, 0.01709135909, 0.19927402615, 0.14314901384, 0.42353512063, 0.3443196588, 0.24404927176, 0.59573519347, 0.51074846444, 0.66317644908, 0.012673900905, 0.15469736944, 0.10754447465, 0.39159090563, 0.33455416612, 0.22927907627, 0.58265133414, 0.42533301554, 0.58185411541, 0.028011421357, 0.29153520521, 0.21363486228, 0.3893372445, 0.28313177925, 0.20451102231, 0.57794055559, 0.45766783052, 0.613789352, 0.019918053227, 0.22500131212, 0.16153451749, 0.40214139118, 0.31733085735, 0.2246761305, 0.44589004033, 0.37910918241, 0.53550400752, 0.013376898739, 0.16277021214, 0.12300081457, 0.54073306093, 0.45812060546, 0.34149517791, 0.55639509336, 0.45060091118, 0.60710065932, 0.017865688893, 0.2058633192, 0.14859465107]
    ],
    [
      [0.42573921775, 0.34353576961, 0.24430468961, 0.59739758916, 0.44007358813, 0.59620978664, 0.027287300155, 0.28448032252, 0.20685698818, 0.37531511068, 0.27544608935, 0.19693322518, 0.57241546962, 0.47716381917, 0.63227795893, 0.015319873369, 0.18037106967, 0.12829771232, 0.41226465702, 0.34246511116, 0.23942432876, 0.53357441924, 0.43192796469, 0.58882080328, 0.018064656572, 0.20640198688, 0.15107644563, 0.44836092419, 0.36167004843, 0.26010275109, 0.59418113747, 0.46299669936, 0.61852017821, 0.021704884531, 0.23875360831, 0.17126902605, 0.384113978, 0.29824969233, 0.21021079574, 0.6171048912, 0.51647196582, 0.66796006718, 0.01492924048, 0.17662754256, 0.1225900384, 0.36796586832, 0.30690049162, 0.20944989441, 0.51631852422, 0.38074933943],
      [0.53621115217, 0.027197079382, 0.28385011989, 0.21454631535, 0.4564843964, 0.33540054067, 0.24924253248, 0.52806854284, 0.38590371958, 0.54154766292, 0.028161577724, 0.29098134366, 0.21921228541, 0.44376987943, 0.32311493676, 0.23924005167, 0.59625193759, 0.45268767646, 0.6085628741, 0.02423941658, 0.26020985485, 0.18777051828, 0.37950864583, 0.28710246869, 0.20366660763, 0.6447957946, 0.52246265339, 0.67301700563, 0.01791239759, 0.20522553585, 0.14188059001, 0.33729180781, 0.27231181076, 0.18510240436, 0.57958766132, 0.45678971821, 0.61271769211, 0.020584224549, 0.22920968383, 0.16504994473, 0.39982811413, 0.31400059795, 0.22223236316, 0.58344818614, 0.43265150218, 0.58899239103, 0.026611177498, 0.27921360276, 0.20400820169, 0.38994063637],
      [0.28813489506, 0.20699940728, 0.57203070082, 0.45642742164, 0.61244641264, 0.019416039542, 0.21871347482, 0.15757092019, 0.40855325964, 0.32485910354, 0.22998266717, 0.62047707401, 0.51648437363, 0.66794303119, 0.015418861741, 0.18150834567, 0.1259610623, 0.36410406425, 0.3020072807, 0.20609590651, 0.58443108162, 0.39555137526, 0.55112698683, 0.036415917823, 0.34886284351, 0.26095131561, 0.37915300056, 0.25558578124, 0.18792169756, 0.6342845464, 0.52969840456, 0.6795564761, 0.015117197226, 0.1785068059, 0.12288770899, 0.35059825637, 0.29179478955, 0.19755581492, 0.52076577153, 0.38932338249, 0.54523116112, 0.025847221265, 0.27301231106, 0.20528893753, 0.4533870072, 0.33766430646, 0.24947990135, 0.6077660687, 0.49552655917, 0.64901737404]
    ],
    [
      [0.017338096345, 0.19997912555, 0.14055803796, 0.37489583495, 0.30449431528, 0.21042458801, 0.55273787382, 0.39055058507, 0.54616386603, 0.031724981967, 0.31723041425, 0.23819690315, 0.41553714422, 0.29221900068, 0.21563923082, 0.58103853972, 0.47356652726, 0.62881345621, 0.017366958888, 0.20046465158, 0.14281684197, 0.4015945014, 0.32596882117, 0.22836970182, 0.51338490335, 0.41254506546, 0.5694595283, 0.018749602662, 0.21307665122, 0.15789722943, 0.46786549399, 0.37437828333, 0.27264324226, 0.67131653387, 0.49076554068, 0.64399530407, 0.028017693645, 0.29037173546, 0.20442359596, 0.30066577248, 0.21886272386, 0.15158109997, 0.5054027838, 0.38008605399, 0.53557884095, 0.02523849869, 0.26853697692, 0.20316438467, 0.46935871751, 0.35137696909],
