{
  "W": [
    [51, 21, 28],
    [59, 18, 23],
    [56, 19, 25],
    [52, 21, 27],
    [58, 23, 19],
    [52, 26, 22],
    [55, 31, 14],
    [50, 25, 25],
    [48, 27, 25],
    [54, 28, 18],
    [58, 22, 20],
    [45, 31, 24],
    [48, 28, 24],
    [49, 25, 26],
    [56, 17, 27],
    [60, 14, 26],
    [39, 39, 22],
    [18, 58, 24],
    [24, 56, 20],
    [23, 51, 26],
    [26, 55, 19],
    [25, 51, 24],
    [20, 55, 25],
    [24, 56, 20],
    [26, 49, 25],
    [28, 58, 14],
    [20, 57, 23],
    [33, 43, 24],
    [23, 49, 28],
    [27, 46, 27],
    [22, 53, 25],
    [21, 57, 22],
    [24, 49, 27],
    [25, 31, 44],
    [24, 14, 62],
    [28, 23, 49],
    [24, 29, 47],
    [20, 19, 61],
    [18, 24, 58],
    [22, 27, 51],
    [28, 23, 49],
    [24, 31, 45],
    [22, 22, 56],
    [30, 26, 44],
    [19, 24, 57],
    [21, 23, 56],
    [24, 21, 55],
    [24, 20, 56],
    [20, 26, 54],
    [20, 26, 54]
  ],
  "X": [
    [36, 35, 29],
    [40, 38, 22],
    [37, 38, 25],
    [46, 36, 18],
    [30, 35, 35],
    [28, 36, 36],
    [21, 45, 34],
    [35, 33, 32],
    [44, 36, 20],
    [37, 37, 26],
    [42, 34, 24],
    [40, 31, 29],
    [36, 32, 32],
    [37, 34, 29],
    [31, 43, 26],
    [46, 41, 13],
    [36, 37, 27],
    [25, 28, 47],
    [24, 37, 39],
    [20, 40, 40],
    [22, 38, 40],
    [22, 39, 39],
    [20, 38, 42],
    [28, 35, 37],
    [28, 33, 39],
    [15, 42, 43],
    [23, 38, 39],
    [24, 34, 42],
    [30, 32, 38],
    [32, 31, 37],
    [22, 46, 32],
    [26, 36, 38],
    [26, 38, 36],
    [38, 28, 34],
    [47, 29, 24],
    [46, 30, 24],
    [34, 27, 39],
    [41, 34, 25],
    [36, 26, 38],
    [44, 26, 30],
    [40, 29, 31],
    [32, 33, 35],
    [45, 26, 29],
    [38, 35, 27],
    [42, 33, 25],
    [47, 25, 28],
    [38, 30, 32],
    [43, 23, 34],
    [44, 23, 33],
    [44, 25, 31]
  ],
  "real_prob": [
    [0.42285248488, 0.45255815286, 0.12458936226],
    [0.028642009457, 0.40936112056, 0.56199686998],
    [0.56735003008, 0.16785752362, 0.2647924463]
  ],
  "method": "exact",
  "prob": [
    [0.39991749511, 0.44819388027, 0.15188862462],
    [0.042192373097, 0.39818428521, 0.55962334169],
    [0.58283484376, 0.16631908652, 0.25084606972]
  ],
  "iterations": 41,
  "logLik": -282.2824418342,
  "time": 109.985973,
  "message": "Converged",
  "status": 0,
  "cond_prob": [
    [
      [0.38395400662, 0.038243684604, 0.5576867245, 0.44541010794, 0.3678013415, 0.16286629727, 0.17063588544, 0.5939549739, 0.27944697824, 0.42171545194, 0.048506211093, 0.61937724068, 0.44863509738, 0.42850682997, 0.16597418762, 0.12964945068, 0.52298695894, 0.2146485717, 0.38870053725, 0.041260970761, 0.57795245877, 0.46291532407, 0.40758070081, 0.17330834148, 0.14838413868, 0.55115832843, 0.24873919975, 0.49161839953, 0.068624021364, 0.70350884355, 0.41777844361, 0.48620834409, 0.15056095209, 0.090603156857, 0.44516763455, 0.14593020437, 0.34525199693, 0.029497287321, 0.48931297734, 0.43178016966, 0.30555746664, 0.15415412773, 0.2229678334, 0.66494524604, 0.35653289493, 0.32421849308, 0.027713379188, 0.47364047732, 0.45860454607, 0.32472618505],
      [0.16862194514, 0.21717696085, 0.64756043577, 0.35773757754, 0.26144011545, 0.022556980924, 0.42296623154, 0.54298666162, 0.38853262525, 0.22080158775, 0.19557322293, 0.58891039383, 0.35623218071, 0.39955734862, 0.038921074058, 0.5619642287, 0.41738511945, 0.3374149986, 0.14781476251, 0.18305753193, 0.62366392734, 0.29022100879, 0.50496327146, 0.071570123615, 0.7131747853, 0.4051290581, 0.47971284603, 0.14406233474, 0.089907670445, 0.44871703036, 0.14276287996, 0.44604284017, 0.051932208172, 0.6366436001, 0.42225507598, 0.40950405299, 0.15178402296, 0.13170208384, 0.53856373884, 0.21157237694, 0.47589138664, 0.056730708451, 0.65751119945, 0.39175198263, 0.38862943364, 0.13642687337, 0.13235663073, 0.55463985791, 0.20606192718, 0.49333359013],
      [0.058700274247, 0.6658449976, 0.36931865695, 0.36670235097, 0.12553698155, 0.13734775292, 0.57459737479, 0.20861802085, 0.42830472335, 0.043761181598, 0.59233584143, 0.39929583173, 0.33916163992, 0.13905308996, 0.17239944491, 0.61707717848, 0.26861106861, 0.41748487082, 0.043985691212, 0.59398457882, 0.42396286148, 0.37109643281, 0.15186188336, 0.1585522677, 0.58491787598, 0.25415353782, 0.30657010185, 0.029770677389, 0.49355454743, 0.53352146141, 0.42871599637, 0.2160972675, 0.15990843673, 0.54151332625, 0.29034818507, 0.45241160071, 0.064579669932, 0.69043032994, 0.47332963484, 0.56220025761, 0.18190070397, 0.074258764451, 0.37322007246, 0.1276689661, 0.47764278271, 0.061827518851, 0.68002991996, 0.41510828528, 0.44978325206, 0.14860136562]
    ],
    [
      [0.10724893201, 0.48838922909, 0.17136871442, 0.44520365324, 0.044613321526, 0.59994839972, 0.37343852797, 0.31465764513, 0.12616512829, 0.18135781879, 0.64072903334, 0.27388647199, 0.40343841675, 0.043401098369, 0.59435082446, 0.45153417362, 0.40769202891, 0.16662131071, 0.14502740963, 0.54890687272, 0.23902786483, 0.28438151318, 0.026468065121, 0.46574437984, 0.54647498462, 0.42367911224, 0.22397848575, 0.1691435022, 0.54985282264, 0.31027713441, 0.36496551322, 0.036822468191, 0.55187688977, 0.47696857127, 0.40303565589, 0.18062400384, 0.15806591551, 0.56014187592, 0.26749910638, 0.32447388517, 0.031585133853, 0.51155462685, 0.51378988987, 0.41739361161, 0.20284077338, 0.16173622496, 0.55102125454, 0.28560459977, 0.30850943636, 0.028976561136],
      [0.48944401641, 0.52018526079, 0.40792571892, 0.20641520974, 0.17130530285, 0.56309771994, 0.30414077384, 0.4773109073, 0.057830719308, 0.66530089718, 0.39711917023, 0.40522384508, 0.1388302295, 0.12556992248, 0.53694543561, 0.19586887332, 0.41955797109, 0.044160092632, 0.59710592851, 0.42257055805, 0.37225594458, 0.15090496825, 0.15787147086, 0.58358396279, 0.25198910324, 0.26755614247, 0.023661813369, 0.43828877396, 0.54827748208, 0.40527404542, 0.22445256197, 0.18416637546, 0.57106414121, 0.33725866407, 0.37706663345, 0.039899392047, 0.57323486889, 0.47901398343, 0.4250778299, 0.18218626204, 0.14391938312, 0.53502277805, 0.24457886908, 0.33260323627, 0.029351315942, 0.49008277573, 0.4629175862, 0.33985421615, 0.17124951505, 0.20447917753],
      [0.63079446791, 0.33866770922, 0.44265213221, 0.048803499913, 0.62241533798, 0.40949048109, 0.37829855278, 0.1444674946, 0.1478573867, 0.57289794731, 0.23311716743, 0.46148865068, 0.051611146159, 0.63576643364, 0.39028034867, 0.36556982225, 0.13504513935, 0.14823100066, 0.58281903159, 0.22918842701, 0.31263339066, 0.033990808342, 0.53282210254, 0.56936661155, 0.51717902989, 0.24253783847, 0.11799999779, 0.44883016177, 0.22464005899, 0.43898856169, 0.050406898986, 0.63218395283, 0.42862897016, 0.41398550531, 0.154618992, 0.13238246815, 0.53560759571, 0.21319705517, 0.36783026425, 0.038873587373, 0.56545436581, 0.48925971486, 0.43203190268, 0.18845198563, 0.14291002089, 0.52909450994, 0.24609364856, 0.42111974198, 0.043896008959, 0.59343704938]
    ],
    [
      [0.41517592295, 0.35981626837, 0.14696130925, 0.16370433506, 0.59628772267, 0.25960164138, 0.39268108885, 0.044295625087, 0.59605669543, 0.47768817202, 0.44615497723, 0.18208571275, 0.12963073914, 0.50954939769, 0.22185759182, 0.45211331358, 0.055801024615, 0.65423272762, 0.4320330837, 0.44372650495, 0.15708906209, 0.11585360272, 0.50047247043, 0.18867821028, 0.36350456432, 0.032852262236, 0.51751435854, 0.43193002723, 0.32332241863, 0.15441125971, 0.20456540845, 0.64382531914, 0.32807438175, 0.33497414916, 0.036990418446, 0.55078195191, 0.54361807506, 0.49688859708, 0.22437303532, 0.12140777578, 0.46612098447, 0.22484501278, 0.34324255583, 0.030901980784, 0.50137907683, 0.45522660375, 0.33868731027, 0.166852167, 0.20153084041, 0.63041070895],
