{
  "W": [
    [47, 25, 28],
    [54, 24, 22],
    [49, 29, 22],
    [54, 23, 23],
    [50, 27, 23],
    [50, 24, 26],
    [56, 22, 22],
    [49, 23, 28],
    [42, 40, 18],
    [53, 25, 22],
    [55, 26, 19],
    [55, 17, 28],
    [51, 30, 19],
    [48, 27, 25],
    [63, 18, 19],
    [55, 20, 25],
    [51, 33, 16],
    [24, 50, 26],
    [26, 55, 19],
    [24, 51, 25],
    [24, 47, 29],
    [19, 54, 27],
    [23, 46, 31],
    [24, 41, 35],
    [17, 66, 17],
    [22, 51, 27],
    [24, 57, 19],
    [21, 58, 21],
    [19, 56, 25],
    [23, 59, 18],
    [26, 49, 25],
    [24, 51, 25],
    [20, 54, 26],
    [16, 38, 46],
    [25, 20, 55],
    [23, 17, 60],
    [24, 28, 48],
    [26, 26, 48],
    [24, 21, 55],
    [25, 21, 54],
    [21, 21, 58],
    [28, 20, 52],
    [23, 25, 52],
    [29, 29, 42],
    [22, 19, 59],
    [25, 23, 52],
    [25, 27, 48],
    [32, 17, 51],
    [25, 19, 56],
    [32, 18, 50]
  ],
  "X": [
    [25, 27, 48],
    [27, 26, 47],
    [28, 31, 41],
    [33, 26, 41],
    [30, 25, 45],
    [24, 26, 50],
    [27, 29, 44],
    [26, 28, 46],
    [23, 35, 42],
    [31, 24, 45],
    [23, 27, 50],
    [24, 28, 48],
    [33, 30, 37],
    [25, 20, 55],
    [31, 19, 50],
    [24, 27, 49],
    [27, 25, 48],
    [28, 27, 45],
    [17, 37, 46],
    [19, 34, 47],
    [22, 26, 52],
    [29, 30, 41],
    [20, 30, 50],
    [21, 25, 54],
    [22, 33, 45],
    [22, 34, 44],
    [26, 35, 39],
    [18, 41, 41],
    [22, 29, 49],
    [16, 35, 49],
    [16, 38, 46],
    [25, 29, 46],
    [16, 38, 46],
    [19, 23, 58],
    [14, 21, 65],
    [20, 20, 60],
    [19, 18, 63],
    [19, 25, 56],
    [15, 13, 72],
    [15, 28, 57],
    [21, 21, 58],
    [25, 17, 58],
    [17, 19, 64],
    [16, 32, 52],
    [25, 15, 60],
    [20, 22, 58],
    [20, 18, 62],
    [25, 18, 57],
    [18, 25, 57],
    [28, 25, 47]
  ],
  "real_prob": [
    [0.36735053727, 0.30672863609, 0.32592082664],
    [0.19358592485, 0.47892052061, 0.32749355454],
    [0.11777370843, 0.025074692596, 0.85715159897]
  ],
  "method": "exact",
  "prob": [
    [0.38071599583, 0.24313640202, 0.37614760216],
    [0.18040899701, 0.46897808604, 0.35061291695],
    [0.12041094654, 0.088178360388, 0.79141069307]
  ],
  "iterations": 35,
  "logLik": -272.2051457943,
  "time": 72.750037,
  "message": "Converged",
  "status": 0,
  "cond_prob": [
    [
      [0.37131980395, 0.17099258419, 0.11689837891, 0.2575353215, 0.49082846233, 0.093754583255, 0.37114487455, 0.33817895347, 0.78934703783, 0.37480673306, 0.17607579344, 0.11520988055, 0.23974856781, 0.46580762206, 0.085190654935, 0.38544469912, 0.3581165845, 0.79959946452, 0.4007758726, 0.18392006165, 0.13765002067, 0.27490027344, 0.52165414484, 0.10917801824, 0.32432385397, 0.29442579351, 0.75317196108, 0.45006575136, 0.21964732939, 0.15845916741, 0.23680083058, 0.47810874632, 0.096358868842, 0.31313341806, 0.3022439243, 0.74518196375, 0.42426486251, 0.20806069049, 0.13778774919, 0.22042040241, 0.44721648562, 0.082788468176, 0.35531473508, 0.3447228239, 0.77942378264, 0.34886750963, 0.16051244489, 0.10401253235, 0.24844375564, 0.47296241099],
      [0.085642859775, 0.40268873473, 0.36652514412, 0.81034460787, 0.36944995537, 0.16719021611, 0.11966444295, 0.27515591489, 0.51480404853, 0.1029808954, 0.35539412975, 0.31800573536, 0.77735466165, 0.37874599586, 0.17253866312, 0.12403774826, 0.27195813403, 0.51266677067, 0.1029541324, 0.34929587012, 0.3147945662, 0.77300811934, 0.35113812219, 0.1558400924, 0.11214417623, 0.28679854014, 0.52614396165, 0.10603904713, 0.36206333768, 0.31801594595, 0.78181677664, 0.42772974553, 0.21167181356, 0.13811491582, 0.2135291469, 0.43716484229, 0.079719734408, 0.35874110757, 0.35116334415, 0.78216534977, 0.31851718064, 0.14514465227, 0.089883900307, 0.24507391408, 0.46160642688, 0.079956190865, 0.43640890528, 0.39324892085, 0.83015990883, 0.33678977116],
      [0.14786551555, 0.10581602936, 0.29156375725, 0.5294884011, 0.10581037617, 0.3716464716, 0.32264608335, 0.78837359448, 0.45564512962, 0.21937908702, 0.16740661993, 0.25254719714, 0.50271980354, 0.10728941262, 0.29180767324, 0.27790110944, 0.72530396744, 0.36594672154, 0.1822653251, 0.10053574352, 0.17919726912, 0.36942259266, 0.056964843218, 0.45485600933, 0.44831208224, 0.84249941326, 0.39930995741, 0.20269690365, 0.11552254828, 0.17731600808, 0.37238993954, 0.05926697785, 0.42337403451, 0.4249131568, 0.82521047387, 0.33563303155, 0.15068743053, 0.10105738617, 0.2677638522, 0.49720469444, 0.093155769605, 0.39660311625, 0.35210787503, 0.80578684423, 0.37628642181, 0.18371105905, 0.10918297118, 0.20331092179, 0.41027119846, 0.068262089966]
    ],
    [
      [0.4204026564, 0.40601774249, 0.82255493885, 0.47630124886, 0.24747148886, 0.16135367632, 0.19055390621, 0.40960370742, 0.074866187702, 0.33314484493, 0.34292480372, 0.76378013598, 0.30577188835, 0.13376421881, 0.089099940432, 0.28037941289, 0.50742934848, 0.094816899927, 0.41384869876, 0.35880643271, 0.81608315964, 0.3475163075, 0.15704662212, 0.10600923568, 0.26508969641, 0.49592175946, 0.093833502149, 0.38739399609, 0.34703161842, 0.80015726217, 0.39429172301, 0.19456868274, 0.11697484686, 0.19997715424, 0.40859694436, 0.068844548726, 0.40573112275, 0.3968343729, 0.81418060441, 0.50791329476, 0.26405269663, 0.18854821413, 0.20441540966, 0.43963080875, 0.088001612729, 0.28767129558, 0.29631649461, 0.72345017314, 0.37075733934, 0.17278245483],
      [0.1136963959, 0.24422899916, 0.47150048865, 0.086893888434, 0.3850136615, 0.35571705652, 0.79940971566, 0.3864242651, 0.1877300578, 0.11511100765, 0.21070105374, 0.42426364739, 0.072810433359, 0.40287468117, 0.38800629481, 0.81207855899, 0.40311036504, 0.19769033226, 0.12350363912, 0.2103663885, 0.42652774882, 0.074878821967, 0.38652324646, 0.37578191892, 0.80161753892, 0.40181997115, 0.18699718531, 0.13418904385, 0.26009623065, 0.50112392435, 0.10076158458, 0.3380837982, 0.31187889034, 0.76504937157, 0.44576277524, 0.21642715543, 0.15607081761, 0.23947951927, 0.48078312295, 0.09725544892, 0.31475770549, 0.30278972162, 0.74667373346, 0.34037879058, 0.14704127726, 0.11065006271, 0.3091277893, 0.55273824746, 0.11664276534, 0.35049342012],
      [0.30022047529, 0.77270717194, 0.40531082293, 0.20031065808, 0.12326790047, 0.2037127024, 0.41662180595, 0.071945500838, 0.39097647467, 0.38306753596, 0.80478659869, 0.29477940626, 0.13156916911, 0.080971815463, 0.25420962749, 0.46937900652, 0.081100954623, 0.45101096625, 0.39905182437, 0.83792722991, 0.29507780107, 0.12427812184, 0.089533968068, 0.31604027118, 0.55106568441, 0.11122937653, 0.38888192774, 0.32465619375, 0.7992366554, 0.4346359944, 0.2166544003, 0.14077446876, 0.20926300637, 0.43160735505, 0.078628509595, 0.35610099924, 0.35173824465, 0.78059702165, 0.31292926921, 0.13425743927, 0.095827419041, 0.30350207805, 0.53934178992, 0.10790391475, 0.38356865274, 0.32640077081, 0.79626866621, 0.39302774501, 0.19118469039, 0.11840299663]
    ],
    [
      [0.21128301683, 0.42686138942, 0.073885628975, 0.39568923816, 0.38195392019, 0.8077113744, 0.28616115936, 0.12545009586, 0.078853983614, 0.26569079146, 0.484708325, 0.084792067521, 0.44814804919, 0.38984157914, 0.83635394886, 0.39585072138, 0.18420975365, 0.12939779327, 0.25432110013, 0.49284801864, 0.096203306336, 0.34982817849, 0.32294222771, 0.77439890039, 0.37090243336, 0.18346867297, 0.10335872409, 0.18541701165, 0.38121534554, 0.059915875941, 0.44368055499, 0.43531598149, 0.83672539997, 0.35954848979, 0.16210469324, 0.11327119252, 0.2711559104, 0.50775353683, 0.098924049421, 0.36929559981, 0.33014176993, 0.78780475806, 0.31329325693, 0.15523766667, 0.076744924244, 0.15665650321, 0.32345192638, 0.044504608525, 0.53005023985, 0.52131040694],
