{
  "W": [
    [78, 22],
    [78, 22],
    [77, 23],
    [72, 28],
    [75, 25],
    [76, 24],
    [67, 33],
    [73, 27],
    [71, 29],
    [70, 30],
    [76, 24],
    [68, 32],
    [72, 28],
    [69, 31],
    [82, 18],
    [81, 19],
    [71, 29],
    [74, 26],
    [78, 22],
    [74, 26],
    [78, 22],
    [76, 24],
    [79, 21],
    [77, 23],
    [79, 21],
    [29, 71],
    [23, 77],
    [33, 67],
    [24, 76],
    [27, 73],
    [23, 77],
    [25, 75],
    [24, 76],
    [25, 75],
    [25, 75],
    [31, 69],
    [25, 75],
    [21, 79],
    [23, 77],
    [23, 77],
    [28, 72],
    [29, 71],
    [23, 77],
    [33, 67],
    [21, 79],
    [23, 77],
    [24, 76],
    [25, 75],
    [20, 80],
    [22, 78]
  ],
  "X": [
    [33, 12, 55],
    [42, 10, 48],
    [29, 6, 65],
    [30, 12, 58],
    [33, 8, 59],
    [29, 9, 62],
    [33, 4, 63],
    [35, 8, 57],
    [30, 9, 61],
    [33, 12, 55],
    [44, 1, 55],
    [35, 3, 62],
    [41, 6, 53],
    [38, 5, 57],
    [36, 4, 60],
    [46, 1, 53],
    [37, 8, 55],
    [39, 9, 52],
    [44, 5, 51],
    [25, 6, 69],
    [38, 6, 56],
    [38, 1, 61],
    [37, 7, 56],
    [45, 6, 49],
    [34, 8, 58],
    [23, 12, 65],
    [25, 15, 60],
    [26, 15, 59],
    [31, 20, 49],
    [22, 19, 59],
    [20, 15, 65],
    [24, 19, 57],
    [32, 14, 54],
    [22, 20, 58],
    [22, 18, 60],
    [22, 16, 62],
    [25, 10, 65],
    [33, 18, 49],
    [31, 15, 54],
    [17, 23, 60],
    [29, 13, 58],
    [25, 11, 64],
    [24, 13, 63],
    [22, 18, 60],
    [21, 12, 67],
    [28, 12, 60],
    [21, 14, 65],
    [25, 11, 64],
    [24, 18, 58],
    [20, 25, 55]
  ],
  "real_prob": [
    [0.41692500483, 0.02054848178, 0.56252651339],
    [0.18238331392, 0.21277520529, 0.60484148079]
  ],
  "method": "mcmc",
  "mcmc_stepsize": 3000,
  "mcmc_samples": 100,
  "prob": [
    [0.42751433143, 0.019845436265, 0.5526402323],
    [0.17968566857, 0.20495456374, 0.6153597677]
  ],
  "iterations": 19,
  "logLik": -327.5685312272,
  "time": 0.046678,
  "message": "Converged",
  "status": 0,
  "cond_prob": [
    [
      [0.38851086603, 0.12255238407, 0.044123856617, 0.38901541745, 0.56736527735, 0.48843219848, 0.48419382519, 0.19240371068, 0.033149652384, 0.33701486882, 0.48265652242, 0.4705814205, 0.33931789535, 0.12489226339, 0.020867709151, 0.19100810415, 0.6398143955, 0.68409963246, 0.36810672408, 0.1248684238, 0.03607804877, 0.33579930316, 0.59581522715, 0.53933227303, 0.38953733186, 0.15138800442, 0.025918477192, 0.24224456842, 0.58454419095, 0.60636742716, 0.34727462237, 0.10863036249, 0.026994732752, 0.28951667962, 0.62573064488, 0.60185295789, 0.40645869769, 0.1747656744, 0.010412758536, 0.100071066, 0.58312854378, 0.7251632596, 0.41582697661, 0.17202335952, 0.027391570804, 0.22223760486, 0.55678145258, 0.60573903561, 0.36798490594, 0.1335541958],
      [0.027608000227, 0.24275282703, 0.60440709383, 0.62369297716, 0.41025823992, 0.14273077352, 0.033473067635, 0.32189617552, 0.55626869245, 0.53537305096, 0.49509109896, 0.2655448533, 0.0036276459445, 0.030179121176, 0.5012812551, 0.70427602552, 0.42820250588, 0.183819675, 0.0046695524774, 0.083827200986, 0.56712794164, 0.73235312402, 0.4846341306, 0.21808366416, 0.019044697815, 0.16531363419, 0.49632117158, 0.61660270165, 0.45616784832, 0.2104651118, 0.011312707912, 0.13611042432, 0.53251944376, 0.65342446388, 0.4037987557, 0.16047233513, 0.013409530797, 0.1611343597, 0.5827917135, 0.67839330517, 0.50602093962, 0.26380546794, 0.003434698578, 0.037988916588, 0.4905443618, 0.69820561547, 0.44235237803, 0.1928614193, 0.02757338756, 0.20835480977]
    ],
    [
      [0.53007423441, 0.59878377094, 0.46307225072, 0.18202513255, 0.027337198327, 0.26834797399, 0.50959055095, 0.54962689345, 0.49727229107, 0.2369436953, 0.014467273837, 0.17597966549, 0.48826043509, 0.58707663922, 0.30001702085, 0.10764386374, 0.018257595922, 0.17880530391, 0.68172538323, 0.71355083235, 0.43557547546, 0.18295967791, 0.020786386683, 0.19903008358, 0.54363813786, 0.61801023851, 0.43118314204, 0.21792005021, 0.0032466919939, 0.031385475353, 0.56557016597, 0.75069447443, 0.4235887753, 0.16840413102, 0.023285452368, 0.24573567919, 0.55312577233, 0.58586018979, 0.51255691119, 0.2405703408, 0.020434925929, 0.19245698711, 0.46700816288, 0.56697267209, 0.39335091826, 0.13929892656, 0.025299643249, 0.28577753254, 0.5813494385, 0.5749235409],
      [0.39540530054, 0.16244008851, 0.0081718631872, 0.16567628123, 0.59642283627, 0.67188363026, 0.46206212392, 0.18665676818, 0.014922576888, 0.19034780171, 0.52301529919, 0.62299543011, 0.41253761617, 0.18486953233, 0.0086002243151, 0.21964466564, 0.57886215951, 0.59548580203, 0.52968770652, 0.24062493478, 0.018182026493, 0.25741620216, 0.45213026699, 0.50195886306, 0.41800858127, 0.14676394939, 0.02908915799, 0.24951496896, 0.55290226074, 0.60372108164, 0.36905467016, 0.14950315047, 0.02253446357, 0.18807412127, 0.60841086627, 0.66242272826, 0.46062510397, 0.16645829868, 0.023504123336, 0.24549862555, 0.5158707727, 0.58804307577, 0.54858553552, 0.24781509405, 0.0083224821512, 0.18158237406, 0.44309198233, 0.57060253189, 0.43894452402, 0.14701849199]
    ],
    [
      [0.026227588478, 0.25792413717, 0.5348278875, 0.59505737083, 0.43050994526, 0.14983001825, 0.027534959415, 0.2308216802, 0.54195509533, 0.61934830156, 0.38907058024, 0.14404075381, 0.015513761506, 0.22491410715, 0.59541565825, 0.63104513905, 0.42773280047, 0.19075573318, 0.0069961344798, 0.13100128851, 0.56527106505, 0.67824297832, 0.55626313514, 0.26985410332, 0.010447449819, 0.22507093106, 0.43328941504, 0.50507496562, 0.53652521639, 0.24233662367, 0.0089767478122, 0.19212382858, 0.45449803579, 0.56553954775, 0.32977782316, 0.12227415672, 0.029677705017, 0.28983652967, 0.64054447183, 0.58788931361, 0.46810609292, 0.22073651942, 0.0059814806847, 0.17822942418, 0.5259124264, 0.6010340564, 0.40133933341, 0.18818534269, 0.010716824927, 0.15055228278],
      [0.58794384167, 0.66126237453, 0.44644701896, 0.17833400732, 0.018936999613, 0.16317466245, 0.53461598143, 0.65849133022, 0.39366767306, 0.13446219088, 0.017496429636, 0.26003907197, 0.58883589731, 0.60549873715, 0.37064153375, 0.16729782014, 0.020748690337, 0.14638325953, 0.60860977591, 0.68631892033, 0.50461279841, 0.21290786541, 0.0097217158217, 0.1529402667, 0.48566548577, 0.63415186789, 0.38218024048, 0.15562729248, 0.024353202814, 0.17652004122, 0.59346655671, 0.6678526663, 0.43076411736, 0.18974529421, 0.0087333838625, 0.14375553871, 0.56050249878, 0.66649916707, 0.47721717095, 0.18069570726, 0.017363311091, 0.22065917223, 0.50541951796, 0.59864512051, 0.43463996973, 0.13381949572, 0.032848198402, 0.31124794404, 0.53251183187, 0.55493256024]
    ]
  ],
  "maxiter": 3600,
  "param_threshold": 0.001,
  "ll_threshold": "-Inf",
  "initial_prob": "group_proportional"
}
