{
  "W": [
    [46, 21, 13, 20],
    [51, 13, 21, 15],
    [41, 21, 16, 22],
    [54, 14, 19, 13],
    [53, 16, 16, 15],
    [52, 19, 14, 15],
    [43, 23, 15, 19],
    [55, 17, 15, 13],
    [42, 21, 18, 19],
    [49, 12, 21, 18],
    [40, 20, 24, 16],
    [53, 16, 19, 12],
    [31, 35, 15, 19],
    [14, 43, 20, 23],
    [19, 48, 16, 17],
    [21, 46, 21, 12],
    [13, 50, 12, 25],
    [18, 51, 14, 17],
    [24, 43, 16, 17],
    [13, 51, 21, 15],
    [18, 47, 22, 13],
    [23, 50, 14, 13],
    [14, 49, 21, 16],
    [16, 45, 23, 16],
    [15, 46, 20, 19],
    [21, 19, 47, 13],
    [15, 16, 46, 23],
    [13, 19, 53, 15],
    [18, 22, 38, 22],
    [12, 13, 52, 23],
    [13, 12, 55, 20],
    [18, 18, 52, 12],
    [12, 16, 43, 29],
    [22, 13, 49, 16],
    [19, 18, 46, 17],
    [20, 21, 43, 16],
    [14, 16, 50, 20],
    [16, 22, 41, 21],
    [10, 15, 22, 53],
    [18, 15, 20, 47],
    [21, 15, 12, 52],
    [15, 18, 15, 52],
    [23, 21, 14, 42],
    [19, 16, 21, 44],
    [17, 17, 14, 52],
    [21, 17, 14, 48],
    [18, 17, 15, 50],
    [22, 12, 13, 53],
    [21, 22, 14, 43],
    [14, 23, 15, 48]
  ],
  "X": [
    [32, 68],
    [39, 61],
    [38, 62],
    [44, 56],
    [42, 58],
    [43, 57],
    [38, 62],
    [29, 71],
    [42, 58],
    [46, 54],
    [44, 56],
    [34, 66],
    [42, 58],
    [42, 58],
    [41, 59],
    [49, 51],
    [33, 67],
    [33, 67],
    [44, 56],
    [44, 56],
    [46, 54],
    [45, 55],
    [35, 65],
    [41, 59],
    [36, 64],
    [61, 39],
    [58, 42],
    [63, 37],
    [51, 49],
    [64, 36],
    [70, 30],
    [61, 39],
    [57, 43],
    [65, 35],
    [52, 48],
    [55, 45],
    [55, 45],
    [58, 42],
    [44, 56],
    [41, 59],
    [45, 55],
    [44, 56],
    [43, 57],
    [47, 53],
    [52, 48],
    [42, 58],
    [47, 53],
    [44, 56],
    [41, 59],
    [36, 64]
  ],
  "real_prob": [
    [0.27046579921, 0.72953420079],
    [0.29627814705, 0.70372185295],
    [0.86047990232, 0.13952009768],
    [0.3919963135, 0.6080036865]
  ],
  "method": "exact",
  "prob": [
    [0.26657926537, 0.73342073463],
    [0.26874185615, 0.73125814385],
    [0.89064490566, 0.10935509434],
    [0.41243397283, 0.58756602717]
  ],
  "iterations": 40,
  "logLik": -143.350574587,
  "time": 1.057948,
  "message": "Converged",
  "status": 0,
  "cond_prob": [
    [
      [0.20902331685, 0.21101525997, 0.85871636562, 0.33951471063, 0.79097668315, 0.78898474003, 0.14128363438, 0.66048528937, 0.23422274098, 0.23638468062, 0.87546278066, 0.37312806455, 0.76577725902, 0.76361531938, 0.12453721934, 0.62687193545, 0.24646354942, 0.24870111127, 0.88232359383, 0.38886789254, 0.75353645058, 0.75129888873, 0.11767640617, 0.61113210746, 0.30454192191, 0.30709433213, 0.90915735608, 0.46010967705, 0.69545807809, 0.69290566787, 0.090842643924, 0.53989032295, 0.29915748391, 0.30168357579, 0.90699304097, 0.45372183231, 0.70084251609, 0.69831642421, 0.093006959033, 0.54627816769, 0.32272858388, 0.32536133485, 0.91571940539, 0.48107844006, 0.67727141612, 0.67463866515, 0.084280594608, 0.51892155994, 0.25723799575, 0.25954001989],
      [0.88805588158, 0.40255302641, 0.74276200425, 0.74045998011, 0.11194411842, 0.59744697359, 0.17607963145, 0.17782798292, 0.8316635174, 0.29366090766, 0.82392036855, 0.82217201708, 0.1683364826, 0.70633909234, 0.27939805928, 0.28182407221, 0.89869713211, 0.4300225061, 0.72060194072, 0.71817592779, 0.10130286789, 0.5699774939, 0.30473732833, 0.30729076347, 0.90924456866, 0.46034698935, 0.69526267167, 0.69270923653, 0.09075543134, 0.53965301065, 0.26548031262, 0.26783109295, 0.89235573002, 0.41297675723, 0.73451968738, 0.73216890705, 0.10764426998, 0.58702324277, 0.20050257036, 0.20243471144, 0.85258073438, 0.32794786955, 0.79949742964, 0.79756528856, 0.14741926562, 0.67205213045, 0.29855230258, 0.30107505033, 0.90671383201, 0.45297601992],
      [0.70144769742, 0.69892494967, 0.093286167989, 0.54702398008, 0.25949117892, 0.26180661998, 0.88924995798, 0.40541042072, 0.74050882108, 0.73819338002, 0.11075004202, 0.59458957928, 0.28440421098, 0.2868562732, 0.90086844511, 0.436077868, 0.71559578902, 0.7131437268, 0.099131554888, 0.563922132, 0.34844083143, 0.35117673534, 0.92421229052, 0.51001288446, 0.65155916857, 0.64882326466, 0.075787709477, 0.48998711554, 0.21795672735, 0.2200098924, 0.86485153933, 0.35151397809, 0.78204327265, 0.7799901076, 0.13514846067, 0.64848602191, 0.21569069305, 0.21772905701, 0.86345066047, 0.34853390418, 0.78430930695, 0.78227094299, 0.13654933953, 0.65146609582, 0.31659368957, 0.31920014305, 0.91356961682, 0.47406067236, 0.68340631043, 0.68079985695],
      [0.086430383179, 0.52593932764, 0.28670742227, 0.28917229936, 0.90195823668, 0.43892621819, 0.71329257773, 0.71082770064, 0.098041763321, 0.56107378181, 0.30567033165, 0.30822857139, 0.90963950559, 0.46147092711, 0.69432966835, 0.69177142861, 0.090360494414, 0.53852907289, 0.34692632022, 0.34965496795, 0.9236379033, 0.50823196856, 0.65307367978, 0.65034503205, 0.0763620967, 0.49176803144, 0.19194164326, 0.19381075346, 0.84567294935, 0.31605988366, 0.80805835674, 0.80618924654, 0.15432705065, 0.68394011634, 0.23954727452, 0.24174307448, 0.87860580045, 0.38005449037, 0.76045272548, 0.75825692552, 0.12139419955, 0.61994550963, 0.20441347457, 0.20637317874, 0.85542755773, 0.33326739498, 0.79558652543, 0.79362682126, 0.14457244227, 0.66673260502]
    ],
    [
      [0.30485167212, 0.30741215745, 0.9098916465, 0.46095203911, 0.69514832788, 0.69258784255, 0.090108353499, 0.53904796089, 0.25540120165, 0.25769619387, 0.88768188698, 0.40054243792, 0.74459879835, 0.74230380613, 0.11231811302, 0.59945756208, 0.27778137364, 0.28020562369, 0.89879673964, 0.42858053943, 0.72221862636, 0.71979437631, 0.10120326036, 0.57141946057, 0.23528157224, 0.23745135039, 0.87630988245, 0.37460120264, 0.76471842776, 0.76254864961, 0.12369011755, 0.62539879736, 0.28351659463, 0.28597050953, 0.90122565622, 0.43549783118, 0.71648340537, 0.71402949047, 0.098774343781, 0.56450216882, 0.35108332779, 0.35384036372, 0.92575157691, 0.5136747822, 0.64891667221, 0.64615963628, 0.07424842309, 0.4863252178, 0.26549781674, 0.26785376841],
      [0.89305476728, 0.41340196406, 0.73450218326, 0.73214623159, 0.10694523272, 0.58659803594, 0.25579333169, 0.25808970112, 0.88774755105, 0.40096207265, 0.74420666831, 0.74191029888, 0.11225244895, 0.59903792735, 0.33793079885, 0.34063555817, 0.92151906893, 0.49892661197, 0.66206920115, 0.65936444183, 0.07848093107, 0.50107338803, 0.19782651822, 0.19973976174, 0.85071095801, 0.32431037495, 0.80217348178, 0.80026023826, 0.14928904199, 0.67568962505, 0.25421349201, 0.25650158815, 0.88707879488, 0.3990505393, 0.74578650799, 0.74349841185, 0.11292120512, 0.6009494607, 0.19796868822, 0.19988286697, 0.85080693944, 0.32449827607, 0.80203131178, 0.80011713303, 0.14919306056, 0.67550172393, 0.29707866856, 0.29959932488, 0.90663110285, 0.45160385422],
      [0.70292133144, 0.70040067512, 0.093368897145, 0.54839614578, 0.22588463693, 0.22798984815, 0.86986348262, 0.36196809983, 0.77411536307, 0.77201015185, 0.13013651738, 0.63803190017, 0.21764138815, 0.2196915175, 0.86446729324, 0.35101566779, 0.78235861185, 0.7803084825, 0.13553270676, 0.64898433221, 0.29649562808, 0.29900627338, 0.90569399747, 0.45038787962, 0.70350437192, 0.70099372662, 0.094306002533, 0.54961212038, 0.26888039425, 0.27124691726, 0.89357637852, 0.41693661342, 0.73111960575, 0.72875308274, 0.10642362148, 0.58306338658, 0.27961183645, 0.28203710891, 0.89858560736, 0.43014166599, 0.72038816355, 0.71796289109, 0.10141439264, 0.56985833401, 0.27325158766, 0.27564339538, 0.89578322358, 0.4224199503, 0.72674841234, 0.72435660462],
