{
  "W": [
    [42, 20, 17, 21],
    [49, 17, 13, 21],
    [43, 18, 23, 16],
    [49, 16, 17, 18],
    [46, 19, 15, 20],
    [43, 18, 16, 23],
    [49, 18, 15, 18],
    [44, 19, 17, 20],
    [40, 25, 21, 14],
    [48, 13, 20, 19],
    [49, 19, 16, 16],
    [46, 18, 16, 20],
    [32, 35, 19, 14],
    [18, 42, 21, 19],
    [22, 47, 19, 12],
    [17, 49, 18, 16],
    [21, 52, 16, 11],
    [17, 44, 20, 19],
    [21, 48, 16, 15],
    [16, 49, 19, 16],
    [18, 48, 12, 22],
    [14, 54, 12, 20],
    [22, 36, 17, 25],
    [19, 39, 16, 26],
    [14, 48, 25, 13],
    [13, 18, 51, 18],
    [20, 19, 46, 15],
    [17, 16, 50, 17],
    [15, 12, 57, 16],
    [18, 15, 54, 13],
    [20, 18, 45, 17],
    [19, 18, 41, 22],
    [15, 17, 54, 14],
    [13, 15, 52, 20],
    [16, 21, 48, 15],
    [19, 11, 56, 14],
    [14, 25, 46, 15],
    [23, 14, 30, 33],
    [18, 17, 15, 50],
    [20, 13, 16, 51],
    [13, 18, 14, 55],
    [17, 21, 14, 48],
    [19, 20, 13, 48],
    [17, 27, 21, 35],
    [19, 14, 14, 53],
    [18, 24, 11, 47],
    [17, 22, 23, 38],
    [26, 17, 10, 47],
    [19, 12, 20, 49],
    [26, 15, 13, 46]
  ],
  "X": [
    [66, 34],
    [54, 46],
    [57, 43],
    [52, 48],
    [57, 43],
    [53, 47],
    [51, 49],
    [59, 41],
    [50, 50],
    [58, 42],
    [56, 44],
    [61, 39],
    [54, 46],
    [52, 48],
    [50, 50],
    [58, 42],
    [60, 40],
    [54, 46],
    [53, 47],
    [48, 52],
    [51, 49],
    [53, 47],
    [51, 49],
    [43, 57],
    [51, 49],
    [58, 42],
    [54, 46],
    [58, 42],
    [67, 33],
    [60, 40],
    [51, 49],
    [59, 41],
    [50, 50],
    [59, 41],
    [60, 40],
    [57, 43],
    [52, 48],
    [58, 42],
    [62, 38],
    [67, 33],
    [67, 33],
    [59, 41],
    [61, 39],
    [57, 43],
    [68, 32],
    [64, 36],
    [66, 34],
    [64, 36],
    [72, 28],
    [64, 36]
  ],
  "real_prob": [
    [0.54496645466, 0.45503354534],
    [0.33969880836, 0.66030119164],
    [0.5938890892, 0.4061109108],
    [0.82446641044, 0.17553358956]
  ],
  "method": "exact",
  "prob": [
    [0.52606821548, 0.47393178452],
    [0.40006465741, 0.59993534259],
    [0.57735543061, 0.42264456939],
    [0.7893116965, 0.2106883035]
  ],
  "iterations": 34,
  "logLik": -143.7224726348,
  "time": 0.912321,
  "message": "Converged",
  "status": 0,
  "cond_prob": [
    [
      [0.63052134859, 0.50499239065, 0.67747480781, 0.85243732445, 0.36947865141, 0.49500760935, 0.32252519219, 0.14756267555, 0.49728721021, 0.37172720252, 0.5490670557, 0.77027107299, 0.50271278979, 0.62827279748, 0.4509329443, 0.22972892701, 0.53975934479, 0.41225038881, 0.5907558413, 0.7989035516, 0.46024065521, 0.58774961119, 0.4092441587, 0.2010964484, 0.48112504561, 0.3567766543, 0.53300069515, 0.75863524883, 0.51887495439, 0.6432233457, 0.46699930485, 0.24136475117, 0.53431291131, 0.40693996094, 0.5854568022, 0.79539473944, 0.46568708869, 0.59306003906, 0.4145431978, 0.20460526056, 0.48017627821, 0.35588601563, 0.532063573, 0.75797628643, 0.51982372179, 0.64411398437, 0.467936427, 0.24202371357, 0.47421517204, 0.35045036627],
      [0.52610214283, 0.75354543526, 0.52578482796, 0.64954963373, 0.47389785717, 0.24645456474, 0.55496459781, 0.42716458301, 0.60551463176, 0.80858409397, 0.44503540219, 0.57283541699, 0.39448536824, 0.19141590603, 0.48135590863, 0.35699272059, 0.53322889468, 0.75879563228, 0.51864409137, 0.64300727941, 0.46677110532, 0.24120436772, 0.5369216511, 0.40947715593, 0.58799758029, 0.79708453232, 0.4630783489, 0.59052284407, 0.41200241971, 0.20291546768, 0.53424204481, 0.406891015, 0.58537964536, 0.7953210121, 0.46575795519, 0.593108985, 0.41462035464, 0.2046789879, 0.57594158532, 0.44815661547, 0.6257148354, 0.82142153151, 0.42405841468, 0.55184338453, 0.3742851646, 0.17857846849, 0.53858349801, 0.41111012537, 0.58960906809, 0.79813581302],
      [0.46141650199, 0.58888987463, 0.41039093191, 0.20186418698, 0.51118732517, 0.38477842955, 0.56279929307, 0.77995520796, 0.48881267483, 0.61522157045, 0.43720070693, 0.22004479204, 0.51777702463, 0.39106757554, 0.56926599386, 0.78438962704, 0.48222297537, 0.60893242446, 0.43073400614, 0.21561037296, 0.5956115571, 0.46830400532, 0.64448542961, 0.83293559596, 0.4043884429, 0.53169599468, 0.35551457039, 0.16706440404, 0.6333754488, 0.5081670632, 0.6801139154, 0.8538732402, 0.3666245512, 0.4918329368, 0.3198860846, 0.1461267598, 0.53638624728, 0.40894342133, 0.58748100618, 0.79675279653, 0.46361375272, 0.59105657867, 0.41251899382, 0.20324720347, 0.54450250551, 0.4168826193, 0.59536731635, 0.80194697308, 0.45549749449, 0.5831173807],
      [0.40463268365, 0.19805302692, 0.48718053942, 0.36232724706, 0.53904272006, 0.76307903639, 0.51281946058, 0.63767275294, 0.46095727994, 0.23692096361, 0.50472834188, 0.37866637967, 0.55643866525, 0.77552907451, 0.49527165812, 0.62133362033, 0.44356133475, 0.22447092549, 0.54102505367, 0.41345463128, 0.59199878305, 0.79975568815, 0.45897494633, 0.58654536872, 0.40800121695, 0.20024431185, 0.47607273779, 0.35210046685, 0.52797982097, 0.75500504021, 0.52392726221, 0.64789953315, 0.47202017903, 0.24499495979, 0.38949025631, 0.27624401588, 0.43988374427, 0.68415494625, 0.61050974369, 0.72375598412, 0.56011625573, 0.31584505375, 0.5236964407, 0.39672093862, 0.57507359036, 0.78836961671, 0.4763035593, 0.60327906138, 0.42492640964, 0.21163038329]
    ],
    [
      [0.52945988978, 0.40224782335, 0.58071928166, 0.79221540266, 0.47054011022, 0.59775217665, 0.41928071834, 0.20778459734, 0.49921289253, 0.37354406669, 0.55096569795, 0.77159885178, 0.50078710747, 0.62645593331, 0.44903430205, 0.22840114822, 0.53010610271, 0.40287734126, 0.58134820332, 0.79263227222, 0.46989389729, 0.59712265874, 0.41865179668, 0.20736772778, 0.62193659301, 0.49582125118, 0.66941307303, 0.84778443299, 0.37806340699, 0.50417874882, 0.33058692697, 0.15221556701, 0.55919676535, 0.43138424193, 0.6095960255, 0.81119301676, 0.44080323465, 0.56861575807, 0.3904039745, 0.18880698324, 0.46066555819, 0.338179653, 0.51251260953, 0.74331692078, 0.53933444181, 0.661820347, 0.48748739047, 0.25668307922, 0.53453469818, 0.40713566514],
      [0.58568106616, 0.7955670477, 0.46546530182, 0.59286433486, 0.41431893384, 0.2044329523, 0.45290509617, 0.33123334016, 0.50469048494, 0.73729789916, 0.54709490383, 0.66876665984, 0.49530951506, 0.26270210084, 0.52991122574, 0.40267434158, 0.5811639919, 0.79252556814, 0.47008877426, 0.59732565842, 0.4188360081, 0.20747443186, 0.56530857161, 0.43747064912, 0.61549274338, 0.81496850271, 0.43469142839, 0.56252935088, 0.38450725662, 0.18503149729, 0.51777966953, 0.39107626431, 0.56926660863, 0.78438694915, 0.48222033047, 0.60892373569, 0.43073339137, 0.21561305085, 0.48589599644, 0.36116835179, 0.5377530355, 0.7621071748, 0.51410400356, 0.63883164821, 0.4622469645, 0.2378928252, 0.49128684228, 0.3660980685, 0.54313765375, 0.76608788049],
      [0.50871315772, 0.6339019315, 0.45686234625, 0.23391211951, 0.49693510594, 0.37127061932, 0.54877526364, 0.7702387722, 0.50306489406, 0.62872938068, 0.45122473636, 0.2297612278, 0.54762988673, 0.41974134084, 0.59848613711, 0.80421542433, 0.45237011327, 0.58025865916, 0.40151386289, 0.19578457567, 0.5440101828, 0.41616695219, 0.59498292136, 0.80194730155, 0.4559898172, 0.58383304781, 0.40501707864, 0.19805269845, 0.4746204145, 0.35070838125, 0.5265594846, 0.75405717006, 0.5253795855, 0.64929161875, 0.4734405154, 0.24594282994, 0.49726358433, 0.37158317328, 0.54909780183, 0.770459521, 0.50273641567, 0.62841682672, 0.45090219817, 0.229540479, 0.49747793817, 0.3718346162, 0.54928712937, 0.77052316277, 0.50252206183, 0.6281653838],
