{
  "W": [
    [50, 11, 14, 25],
    [51, 20, 14, 15],
    [43, 22, 16, 19],
    [49, 18, 14, 19],
    [41, 19, 22, 18],
    [44, 13, 19, 24],
    [46, 13, 26, 15],
    [55, 22, 12, 11],
    [42, 15, 23, 20],
    [49, 15, 17, 19],
    [57, 14, 13, 16],
    [45, 14, 21, 20],
    [21, 40, 20, 19],
    [21, 44, 17, 18],
    [15, 45, 23, 17],
    [17, 41, 19, 23],
    [19, 46, 15, 20],
    [14, 52, 15, 19],
    [18, 52, 20, 10],
    [20, 48, 15, 17],
    [11, 47, 22, 20],
    [22, 47, 12, 19],
    [16, 48, 23, 13],
    [15, 60, 11, 14],
    [18, 44, 18, 20],
    [18, 23, 45, 14],
    [19, 15, 47, 19],
    [14, 17, 49, 20],
    [15, 21, 46, 18],
    [22, 16, 50, 12],
    [16, 17, 47, 20],
    [13, 15, 57, 15],
    [20, 17, 51, 12],
    [18, 14, 37, 31],
    [13, 17, 52, 18],
    [20, 16, 46, 18],
    [21, 16, 44, 19],
    [21, 18, 33, 28],
    [14, 22, 14, 50],
    [27, 17, 11, 45],
    [20, 17, 24, 39],
    [19, 22, 13, 46],
    [10, 26, 22, 42],
    [23, 10, 20, 47],
    [15, 16, 18, 51],
    [18, 18, 16, 48],
    [18, 18, 14, 50],
    [18, 17, 17, 48],
    [20, 17, 16, 47],
    [19, 18, 20, 43]
  ],
  "X": [
    [28, 72],
    [19, 81],
    [25, 75],
    [22, 78],
    [21, 79],
    [24, 76],
    [18, 82],
    [17, 83],
    [22, 78],
    [26, 74],
    [22, 78],
    [25, 75],
    [27, 73],
    [28, 72],
    [28, 72],
    [25, 75],
    [27, 73],
    [33, 67],
    [22, 78],
    [30, 70],
    [31, 69],
    [36, 64],
    [33, 67],
    [32, 68],
    [36, 64],
    [16, 84],
    [24, 76],
    [23, 77],
    [22, 78],
    [19, 81],
    [22, 78],
    [19, 81],
    [15, 85],
    [34, 66],
    [23, 77],
    [20, 80],
    [20, 80],
    [29, 71],
    [46, 54],
    [38, 62],
    [34, 66],
    [42, 58],
    [45, 55],
    [39, 61],
    [46, 54],
    [47, 53],
    [48, 52],
    [45, 55],
    [41, 59],
    [44, 56]
  ],
  "real_prob": [
    [0.045508233954, 0.95449176605],
    [0.32503557033, 0.67496442967],
    [0.020879081123, 0.97912091888],
    [0.75616143596, 0.24383856404]
  ],
  "method": "exact",
  "prob": [
    [0.046281199984, 0.95371880002],
    [0.30327247544, 0.69672752456],
    [0.02790005737, 0.97209994263],
    [0.7889462672, 0.2110537328]
  ],
  "iterations": 43,
  "logLik": -120.8809218353,
  "time": 0.866153,
  "message": "Converged",
  "status": 0,
  "cond_prob": [
    [
      [0.056678906577, 0.35398213684, 0.034588006826, 0.83152076282, 0.94332109342, 0.64601786316, 0.96541199317, 0.16847923718, 0.038033456798, 0.26370053071, 0.023047232973, 0.76424145516, 0.9619665432, 0.73629946929, 0.97695276703, 0.23575854484, 0.049334765816, 0.31994793341, 0.030029344497, 0.80838321173, 0.95066523418, 0.68005206659, 0.9699706555, 0.19161678827, 0.040333034508, 0.27572343475, 0.024463303065, 0.77464069688, 0.95966696549, 0.72427656525, 0.97553669694, 0.22535930312, 0.038747552057, 0.26741212922, 0.023487154732, 0.76743347258, 0.96125244794, 0.73258787078, 0.97651284527, 0.23256652742, 0.038547780967, 0.2663385927, 0.023364474091, 0.76656545519, 0.96145221903, 0.7336614073, 0.97663552591, 0.23343454481, 0.041605482449, 0.28341363321],
      [0.025238905011, 0.78303726969, 0.95839451755, 0.71658636679, 0.97476109499, 0.21696273031, 0.039837972435, 0.27342127158, 0.024156147779, 0.7730699789, 0.96016202757, 0.72657872842, 0.97584385222, 0.2269300211, 0.040755302531, 0.27820571466, 0.024721306934, 0.77733007572, 0.95924469747, 0.72179428534, 0.97527869307, 0.22266992428, 0.065966730671, 0.39213669915, 0.040400891203, 0.85256655576, 0.93403326933, 0.60786330085, 0.9595991088, 0.14743344424, 0.056988371066, 0.35556782111, 0.034778057466, 0.83259991292, 0.94301162893, 0.64443217889, 0.96522194253, 0.16740008708, 0.057474486716, 0.35747776931, 0.035083346403, 0.83361045265, 0.94252551328, 0.64252223069, 0.9649166536, 0.16638954735, 0.040476086852, 0.27507000843, 0.02456204772, 0.77136636233],
      [0.95952391315, 0.72492999157, 0.97543795228, 0.22863363767, 0.042747730785, 0.28651113956, 0.025964766572, 0.78080036006, 0.95725226922, 0.71348886044, 0.97403523343, 0.21919963994, 0.044592055875, 0.29571376361, 0.027104366664, 0.78827055094, 0.95540794413, 0.70428623639, 0.97289563334, 0.21172944906, 0.027503258479, 0.20209077638, 0.016607467642, 0.69266003866, 0.97249674152, 0.79790922362, 0.98339253236, 0.30733996134, 0.034670680358, 0.24366310837, 0.020993768738, 0.74089237787, 0.96532931964, 0.75633689163, 0.97900623126, 0.25910762213, 0.049445810172, 0.31853700429, 0.030115742254, 0.80484727899, 0.95055418983, 0.68146299571, 0.96988425775, 0.19515272101, 0.037008866892, 0.25661592761, 0.022428693439, 0.75412382914, 0.96299113311, 0.74338407239],
      [0.97757130656, 0.24587617086, 0.04806072007, 0.31227763615, 0.029254052967, 0.80062636876, 0.95193927993, 0.68772236385, 0.97074594703, 0.19937363124, 0.04539892646, 0.29946837417, 0.027605256481, 0.79091412902, 0.95460107354, 0.70053162583, 0.97239474352, 0.20908587098, 0.064599952489, 0.38370338091, 0.039578755343, 0.8457787936, 0.93540004751, 0.61629661909, 0.96042124466, 0.1542212064, 0.071436108279, 0.40989149424, 0.043883709004, 0.85945424899, 0.92856389172, 0.59010850576, 0.956116291, 0.14054575101, 0.051091128112, 0.32590758103, 0.031140010924, 0.80975986404, 0.94890887189, 0.67409241897, 0.96885998908, 0.19024013596, 0.065879100873, 0.38891723344, 0.040380460127, 0.84874848153, 0.93412089913, 0.61108276656, 0.95961953987, 0.15125151847]
    ],
    [
      [0.028502236496, 0.20943233244, 0.017209316212, 0.70682834767, 0.9714977635, 0.79056766756, 0.98279068379, 0.29317165233, 0.057732757955, 0.3589630769, 0.03524071972, 0.83485882203, 0.94226724205, 0.6410369231, 0.96475928028, 0.16514117797, 0.045176131931, 0.30070593393, 0.027448151097, 0.79552869362, 0.95482386807, 0.69929406607, 0.9725518489, 0.20447130638, 0.04265015487, 0.28774020963, 0.025890882558, 0.7848179265, 0.95734984513, 0.71225979037, 0.97410911744, 0.2151820735, 0.058997500034, 0.3648446895, 0.036024576602, 0.83860926143, 0.94100249997, 0.6351553105, 0.9639754234, 0.16139073857, 0.040346755499, 0.27607983271, 0.024469690424, 0.7755509653, 0.9596532445, 0.72392016729, 0.97553030958, 0.2244490347, 0.047239043022, 0.31170782733],
      [0.028716075296, 0.80489724926, 0.95276095698, 0.68829217267, 0.9712839247, 0.19510275074, 0.034926356753, 0.2476103506, 0.021133386401, 0.75119118319, 0.96507364325, 0.7523896494, 0.9788666136, 0.24880881681, 0.062342627335, 0.37738441591, 0.038131742142, 0.84463149761, 0.93765737267, 0.62261558409, 0.96186825786, 0.15536850239, 0.053537378473, 0.34038425025, 0.032629065675, 0.82337613392, 0.94646262153, 0.65961574975, 0.96737093433, 0.17662386608, 0.03882786458, 0.26833119732, 0.023533036707, 0.76931243682, 0.96117213542, 0.73166880268, 0.97646696329, 0.23068756318, 0.035584800765, 0.25054488601, 0.021542229733, 0.75242857366, 0.96441519924, 0.74945511399, 0.97845777027, 0.24757142634, 0.043232594942, 0.29011124297, 0.026255012677, 0.78584634695],
      [0.95676740506, 0.70988875703, 0.97374498732, 0.21415365305, 0.04195596147, 0.28225526559, 0.025478177653, 0.77692612419, 0.95804403853, 0.71774473441, 0.97452182235, 0.22307387581, 0.033027088581, 0.23442119141, 0.019986102351, 0.73118358286, 0.96697291142, 0.76557880859, 0.98001389765, 0.26881641714, 0.033871201114, 0.23947776306, 0.020501562923, 0.73742093578, 0.96612879889, 0.76052223694, 0.97949843708, 0.26257906422, 0.038868420932, 0.26631870274, 0.023574517091, 0.76295695261, 0.96113157907, 0.73368129726, 0.97642548291, 0.23704304739, 0.055725644552, 0.34751294235, 0.034017143338, 0.82521499762, 0.94427435545, 0.65248705765, 0.96598285666, 0.17478500238, 0.035997606063, 0.25124249811, 0.021806687671, 0.74943609204, 0.96400239394, 0.74875750189],
