{
  "W": [
    [43, 19, 22, 16],
    [51, 27, 7, 15],
    [40, 25, 19, 16],
    [47, 15, 24, 14],
    [53, 19, 17, 11],
    [47, 21, 12, 20],
    [46, 14, 17, 23],
    [50, 23, 14, 13],
    [41, 21, 16, 22],
    [41, 18, 19, 22],
    [50, 14, 21, 15],
    [49, 15, 18, 18],
    [42, 28, 16, 14],
    [14, 53, 21, 12],
    [15, 47, 22, 16],
    [14, 57, 17, 12],
    [19, 53, 14, 14],
    [19, 49, 18, 14],
    [16, 45, 19, 20],
    [16, 48, 16, 20],
    [23, 41, 20, 16],
    [20, 40, 18, 22],
    [13, 45, 21, 21],
    [17, 46, 19, 18],
    [18, 52, 11, 19],
    [15, 18, 47, 20],
    [19, 15, 48, 18],
    [20, 16, 44, 20],
    [19, 19, 47, 15],
    [17, 19, 44, 20],
    [23, 16, 44, 17],
    [14, 21, 44, 21],
    [19, 18, 47, 16],
    [22, 16, 47, 15],
    [13, 23, 49, 15],
    [18, 16, 47, 19],
    [14, 13, 61, 12],
    [21, 14, 32, 33],
    [15, 19, 22, 44],
    [18, 13, 15, 54],
    [12, 23, 17, 48],
    [12, 14, 19, 55],
    [16, 17, 17, 50],
    [24, 14, 15, 47],
    [18, 14, 20, 48],
    [11, 14, 18, 57],
    [21, 23, 15, 41],
    [18, 18, 15, 49],
    [21, 8, 21, 50],
    [26, 14, 17, 43]
  ],
  "X": [
    [76, 24],
    [76, 24],
    [83, 17],
    [72, 28],
    [82, 18],
    [81, 19],
    [76, 24],
    [83, 17],
    [80, 20],
    [76, 24],
    [76, 24],
    [73, 27],
    [82, 18],
    [68, 32],
    [78, 22],
    [68, 32],
    [74, 26],
    [79, 21],
    [66, 34],
    [73, 27],
    [74, 26],
    [77, 23],
    [66, 34],
    [77, 23],
    [70, 30],
    [72, 28],
    [71, 29],
    [67, 33],
    [76, 24],
    [66, 34],
    [73, 27],
    [72, 28],
    [72, 28],
    [68, 32],
    [71, 29],
    [68, 32],
    [72, 28],
    [68, 32],
    [65, 35],
    [73, 27],
    [67, 33],
    [78, 22],
    [60, 40],
    [58, 42],
    [64, 36],
    [75, 25],
    [74, 26],
    [65, 35],
    [62, 38],
    [68, 32]
  ],
  "real_prob": [
    [0.89260030342, 0.10739969658],
    [0.79656025597, 0.20343974403],
    [0.64232444112, 0.35767555888],
    [0.54636009268, 0.45363990732]
  ],
  "method": "exact",
  "prob": [
    [0.88693607311, 0.11306392689],
    [0.74937452339, 0.25062547661],
    [0.66844501489, 0.33155498511],
    [0.58404438861, 0.41595561139]
  ],
  "iterations": 31,
  "logLik": -147.756333171,
  "time": 0.601269,
  "message": "Converged",
  "status": 0,
  "cond_prob": [
    [
      [0.8845276266, 0.74531838781, 0.66266965259, 0.57659564567, 0.1154723734, 0.25468161219, 0.33733034741, 0.42340435433, 0.86767692082, 0.71452369158, 0.62680607325, 0.53791299019, 0.13232307918, 0.28547630842, 0.37319392675, 0.46208700981, 0.92471689428, 0.82444545487, 0.75918105475, 0.68598423857, 0.075283105723, 0.17555454513, 0.24081894525, 0.31401576143, 0.85379471731, 0.69036114352, 0.59945091562, 0.50924351132, 0.14620528269, 0.30963885648, 0.40054908438, 0.49075648868, 0.90599575166, 0.78634683378, 0.71175989595, 0.63106518991, 0.094004248338, 0.21365316622, 0.28824010405, 0.36893481009, 0.91022134325, 0.79483261154, 0.72222897511, 0.64306821618, 0.089778656748, 0.20516738846, 0.27777102489, 0.35693178382, 0.88665356232, 0.74928360972],
      [0.66734386017, 0.58170086844, 0.11334643768, 0.25071639028, 0.33265613983, 0.41829913156, 0.9146394771, 0.80365463386, 0.73307449441, 0.65545589574, 0.085360522905, 0.19634536614, 0.26692550559, 0.34454410426, 0.91172526512, 0.79791238458, 0.72607629481, 0.64754015169, 0.088274734882, 0.20208761542, 0.27392370519, 0.35245984831, 0.89061447632, 0.75678119415, 0.67626206871, 0.59153480322, 0.10938552368, 0.24321880585, 0.32373793129, 0.40846519678, 0.87671698985, 0.73086077671, 0.64570448071, 0.55815370256, 0.12328301015, 0.26913922329, 0.35429551929, 0.44184629744, 0.85961817109, 0.70040724607, 0.61076720143, 0.52104396109, 0.14038182891, 0.29959275393, 0.38923279857, 0.47895603891, 0.91558165418, 0.80563803284, 0.73559541533, 0.65844135428],
      [0.084418345825, 0.19436196716, 0.26440458467, 0.34155864572, 0.85806404412, 0.69797678631, 0.60819093489, 0.51852700627, 0.14193595588, 0.30202321369, 0.39180906511, 0.48147299373, 0.91395226887, 0.80253282776, 0.73189740015, 0.65437064119, 0.086047731129, 0.19746717224, 0.26810259985, 0.34562935881, 0.85596002849, 0.69432985315, 0.60406979006, 0.51421429505, 0.14403997151, 0.30567014685, 0.39593020994, 0.48578570495, 0.88630964468, 0.7487886857, 0.66686561627, 0.58129984151, 0.11369035532, 0.2512113143, 0.33313438373, 0.41870015849, 0.9138580592, 0.80230190254, 0.7315790658, 0.65396289045, 0.086141940803, 0.19769809746, 0.2684209342, 0.34603710955, 0.85181911016, 0.68724071529, 0.59611386013, 0.50594493534, 0.14818088984, 0.31275928471],
      [0.40388613987, 0.49405506466, 0.88932636118, 0.75450173458, 0.67366478773, 0.58880291788, 0.11067363882, 0.24549826542, 0.32633521227, 0.41119708212, 0.88782193688, 0.75161994234, 0.67021169233, 0.58496524807, 0.11217806312, 0.24838005766, 0.32978830767, 0.41503475193, 0.90936875309, 0.7933332178, 0.72054396049, 0.64134113352, 0.09063124691, 0.2066667822, 0.27945603951, 0.35865886648, 0.85675218787, 0.69573988975, 0.60568617272, 0.5159293758, 0.14324781213, 0.30426011025, 0.39431382728, 0.4840706242, 0.90845574394, 0.79151756716, 0.7183165321, 0.63880167522, 0.091544256061, 0.20848243284, 0.2816834679, 0.36119832478, 0.86810137916, 0.71558622551, 0.62822789123, 0.53964129711, 0.13189862084, 0.28441377449, 0.37177210877, 0.46035870289]
    ],
    [
      [0.89719782782, 0.76957863569, 0.69173644002, 0.60890022297, 0.10280217218, 0.23042136431, 0.30826355998, 0.39109977703, 0.88853548169, 0.75306328867, 0.67199462915, 0.58700746214, 0.11146451831, 0.24693671133, 0.32800537085, 0.41299253786, 0.86669014538, 0.71314365928, 0.62547065444, 0.53675948742, 0.13330985462, 0.28685634072, 0.37452934556, 0.46324051258, 0.91009556686, 0.79482800736, 0.72241658417, 0.64352484226, 0.089904433141, 0.20517199264, 0.27758341583, 0.35647515774, 0.86371415022, 0.70790307898, 0.61949438619, 0.53044739767, 0.13628584978, 0.29209692102, 0.38050561381, 0.46955260233, 0.89353081879, 0.76248817523, 0.68318822806, 0.59933519586, 0.10646918121, 0.23751182477, 0.31681177194, 0.40066480414, 0.8974558024, 0.77007794562],
      [0.69233884735, 0.6095748869, 0.1025441976, 0.22992205438, 0.30766115265, 0.3904251131, 0.89150578539, 0.758663417, 0.67864303443, 0.59432662208, 0.10849421461, 0.241336583, 0.32135696557, 0.40567337792, 0.86712315904, 0.71388926128, 0.6263097282, 0.53763367303, 0.13287684096, 0.28611073872, 0.3736902718, 0.46236632697, 0.89046461723, 0.75672594466, 0.67636149068, 0.59183668037, 0.10953538277, 0.24327405534, 0.32363850932, 0.40816331963, 0.87418788695, 0.72659614739, 0.64097865453, 0.55332015334, 0.12581211305, 0.27340385261, 0.35902134547, 0.44667984666, 0.89687105016, 0.76895550969, 0.69099163915, 0.60807447363, 0.10312894984, 0.23104449031, 0.30900836085, 0.39192552637, 0.87788346701, 0.73331598009, 0.64878574971, 0.56172362064],
      [0.12211653299, 0.26668401991, 0.35121425029, 0.43827637936, 0.87225768824, 0.72315813718, 0.63703191689, 0.54912336133, 0.12774231176, 0.27684186282, 0.36296808311, 0.45087663867, 0.91299963249, 0.80073361381, 0.72976588551, 0.65203669172, 0.087000367509, 0.19926638619, 0.27023411449, 0.34796330828, 0.8856806894, 0.7477906235, 0.66581191138, 0.58028843528, 0.1143193106, 0.2522093765, 0.33418808862, 0.41971156472, 0.93632019871, 0.84927320039, 0.79113135636, 0.72441521889, 0.063679801285, 0.15072679961, 0.20886864364, 0.27558478111, 0.84750323487, 0.67999101122, 0.5880621276, 0.49766089764, 0.15249676513, 0.32000898878, 0.4119378724, 0.50233910236, 0.82196102048, 0.63817109897, 0.54225626833, 0.45116374677, 0.17803897952, 0.36182890103],
