{
  "W": [
    [66, 16, 18],
    [66, 13, 21],
    [65, 19, 16],
    [64, 18, 18],
    [62, 16, 22],
    [74, 18, 8],
    [72, 20, 8],
    [66, 20, 14],
    [68, 22, 10],
    [71, 16, 13],
    [63, 17, 20],
    [70, 16, 14],
    [67, 21, 12],
    [71, 18, 11],
    [58, 15, 27],
    [61, 19, 20],
    [59, 29, 12],
    [16, 58, 26],
    [9, 72, 19],
    [20, 66, 14],
    [21, 60, 19],
    [13, 69, 18],
    [20, 58, 22],
    [22, 57, 21],
    [19, 67, 14],
    [18, 68, 14],
    [15, 68, 17],
    [6, 80, 14],
    [13, 67, 20],
    [16, 67, 17],
    [18, 72, 10],
    [12, 69, 19],
    [20, 65, 15],
    [23, 31, 46],
    [20, 18, 62],
    [11, 19, 70],
    [15, 11, 74],
    [19, 25, 56],
    [19, 8, 73],
    [16, 21, 63],
    [14, 16, 70],
    [23, 9, 68],
    [15, 15, 70],
    [20, 12, 68],
    [12, 22, 66],
    [16, 16, 68],
    [9, 20, 71],
    [21, 12, 67],
    [13, 19, 68],
    [20, 17, 63]
  ],
  "X": [
    [19, 23, 58],
    [15, 17, 68],
    [13, 18, 69],
    [17, 16, 67],
    [17, 18, 65],
    [18, 15, 67],
    [15, 13, 72],
    [18, 18, 64],
    [19, 11, 70],
    [14, 15, 71],
    [16, 21, 63],
    [15, 14, 71],
    [20, 10, 70],
    [16, 16, 68],
    [17, 23, 60],
    [16, 22, 62],
    [23, 17, 60],
    [29, 39, 32],
    [43, 36, 21],
    [40, 26, 34],
    [30, 32, 38],
    [39, 34, 27],
    [30, 30, 40],
    [36, 32, 32],
    [35, 29, 36],
    [41, 32, 27],
    [31, 26, 43],
    [45, 32, 23],
    [38, 32, 30],
    [37, 36, 27],
    [42, 26, 32],
    [40, 31, 29],
    [32, 28, 40],
    [29, 31, 40],
    [19, 40, 41],
    [19, 51, 30],
    [14, 56, 30],
    [23, 42, 35],
    [17, 50, 33],
    [18, 49, 33],
    [17, 53, 30],
    [11, 46, 43],
    [13, 52, 35],
    [15, 45, 40],
    [21, 46, 33],
    [13, 46, 41],
    [22, 51, 27],
    [13, 46, 41],
    [17, 54, 29],
    [19, 42, 39]
  ],
  "real_prob": [
    [0.09881636624, 0.021614039455, 0.87956959431],
    [0.49940121443, 0.28390221705, 0.21669656852],
    [0.099760780431, 0.6418105321, 0.25842868747]
  ],
  "method": "mvn_cdf",
  "mvnc_method": "genz",
  "mvnc_samples": 5000,
  "mvnc_error": 1e-06,
  "prob": [
    [0.082541614034, 0.025136382974, 0.89232200299],
    [0.51714608314, 0.28289145984, 0.19996245703],
    [0.10477373601, 0.64467364245, 0.25055262154]
  ],
  "iterations": 51,
  "logLik": -249.9877770805,
  "time": 0.038352,
  "message": "Converged",
  "status": 0,
  "cond_prob": [
    [
      [0.14661902845, 0.49015636334, 0.096192410624, 0.048258209602, 0.40847597321, 0.77653047062, 0.80512276195, 0.10136766345, 0.12727711876, 0.075844720511, 0.55109233056, 0.11488293563, 0.018767087706, 0.23788531226, 0.60850278934, 0.90538819178, 0.21102235717, 0.27661427503, 0.055267313101, 0.43859461896, 0.075566040069, 0.022587792338, 0.31398700421, 0.65770555757, 0.92214489456, 0.24741837683, 0.26672840236, 0.07729197493, 0.55490933404, 0.11856439455, 0.01884958188, 0.23209802962, 0.58471835952, 0.90385844319, 0.21299263634, 0.29671724593, 0.086725100565, 0.57175338507, 0.11715852966, 0.019399518743, 0.22205882814, 0.60028738856, 0.89387538069, 0.20618778679, 0.28255408178, 0.10500489816, 0.53162588789, 0.095139469538, 0.041110453206, 0.33047760902],
      [0.75234387851, 0.85388464864, 0.13789650309, 0.15251665196, 0.065512606382, 0.47596064287, 0.087814462806, 0.022507328946, 0.30140274541, 0.65052973725, 0.91198006467, 0.22263661172, 0.26165579994, 0.091904749953, 0.52920904408, 0.09282386713, 0.030048200619, 0.30458739789, 0.70197831534, 0.87804704943, 0.16620355803, 0.20519781753, 0.079672764523, 0.57290882589, 0.12194399106, 0.016492613008, 0.19839262303, 0.55229123138, 0.90383462247, 0.22869855108, 0.32576477755, 0.069052388181, 0.4877554099, 0.089838909672, 0.023999331898, 0.29726093805, 0.65568003256, 0.90694827992, 0.21498365205, 0.25448105777, 0.079974139458, 0.49897275913, 0.09560641633, 0.028150993568, 0.31396195373, 0.69166476636, 0.89187486697, 0.18706528714, 0.21272881731, 0.075148085168],
      [0.51267729326, 0.10905172157, 0.019189084329, 0.26214149493, 0.60269545808, 0.9056628305, 0.22518121181, 0.28825282036, 0.075272274207, 0.60734041554, 0.15273580508, 0.013771332083, 0.15688324465, 0.51539092401, 0.91095639371, 0.23577633981, 0.33187327091, 0.086108522739, 0.49318204542, 0.091162600161, 0.032446933055, 0.33101674457, 0.70782084815, 0.88144454421, 0.17580121001, 0.20101655169, 0.092212144761, 0.55686409393, 0.11428075018, 0.025109764278, 0.26303602839, 0.6536040958, 0.88267809096, 0.18009987769, 0.23211515401, 0.076838250287, 0.48754074069, 0.085244079421, 0.028819397233, 0.31947167263, 0.70502777292, 0.89434235248, 0.19298758668, 0.20972814766, 0.092412097063, 0.55900084928, 0.11377903674, 0.02489419417, 0.26361585392, 0.64890749792]
    ],
    [
      [0.88269370877, 0.1773832968, 0.23731346534, 0.073114368328, 0.46288856925, 0.075636223882, 0.032200809578, 0.32931429658, 0.70078179165, 0.89468482209, 0.20779713418, 0.22358198447, 0.11573604288, 0.53164691642, 0.11284625413, 0.036086044814, 0.32465003621, 0.7176631827, 0.84817791231, 0.14370304737, 0.16949056318, 0.090189514381, 0.55981637513, 0.1204281955, 0.022181037405, 0.24890063015, 0.62213324814, 0.88762944821, 0.19128299471, 0.25743855636, 0.0619868151, 0.45088980589, 0.081550831024, 0.023660700847, 0.31955621705, 0.66015893811, 0.91435248405, 0.22955397707, 0.25829023087, 0.088818411528, 0.51403368133, 0.10411293237, 0.029746288132, 0.31010668255, 0.70789412126, 0.88143530034, 0.17585963611, 0.18799294636, 0.050559174698, 0.4887864528],
      [0.085077967576, 0.018641324626, 0.25782117784, 0.61059974423, 0.93079950068, 0.25339236936, 0.30432228819, 0.09747352978, 0.53517942206, 0.11009740107, 0.028959202, 0.29347903296, 0.68932358663, 0.87356726822, 0.17134154498, 0.2005790123, 0.068546635478, 0.48400384644, 0.093733132722, 0.022220631681, 0.29214578703, 0.63713735001, 0.90923273284, 0.22385036653, 0.26912951727, 0.11174764116, 0.55354686022, 0.10921196318, 0.035350198512, 0.296231115, 0.70024767784, 0.85290216033, 0.15022202478, 0.19054035898, 0.040177184366, 0.41395641152, 0.071651130655, 0.010084977594, 0.24312804439, 0.48880737365, 0.94973783804, 0.3429155441, 0.4395414957, 0.088604555239, 0.5475579646, 0.10972734189, 0.02609813889, 0.27706808696, 0.65826038026, 0.88529730587],
      [0.17537394844, 0.23201227785, 0.080340406806, 0.52257787683, 0.10331147976, 0.024472604711, 0.27883387978, 0.64812931657, 0.89518698848, 0.19858824338, 0.24855920367, 0.087065546392, 0.50809197797, 0.11249390085, 0.039608507645, 0.34316073568, 0.71522999717, 0.87332594596, 0.14874728636, 0.17227610197, 0.088099365403, 0.54735571901, 0.11384505823, 0.024113685353, 0.26614126569, 0.6405534859, 0.88778694924, 0.1865030153, 0.24560145586, 0.08310298214, 0.53317265878, 0.11060892705, 0.023211598895, 0.27219877076, 0.64084893658, 0.89368541896, 0.19462857045, 0.24854213637, 0.051859506104, 0.47624037617, 0.080900667767, 0.016689190629, 0.26860221293, 0.61703188605, 0.93145130327, 0.2551574109, 0.30206744618, 0.1119764755, 0.60849102094, 0.17167625821]
    ],
    [
      [0.017903203325, 0.20327268624, 0.53388610489, 0.87012032118, 0.18823629282, 0.29443763691, 0.082701429692, 0.53199021301, 0.11593261975, 0.019462694014, 0.24124775164, 0.54506321146, 0.89783587629, 0.22676203535, 0.33900416878, 0.085957571042, 0.53951049245, 0.10800447193, 0.025368696689, 0.27250803808, 0.65798419649, 0.88867373227, 0.18798146946, 0.23401133158, 0.084305654361, 0.48609580784, 0.094108225537, 0.031081542501, 0.3377101903, 0.71719870161, 0.88461280314, 0.17619400186, 0.18869307286, 0.095623052225, 0.57396634219, 0.12381942734, 0.024177024506, 0.24849337083, 0.63198642031, 0.88019992327, 0.17754028699, 0.24419415235, 0.11108767465, 0.62194637661, 0.13947942338, 0.026948212282, 0.23624748747, 0.64041604747, 0.86196411307, 0.14180613593],
