{
  "W": [
    [71, 12, 17],
    [65, 12, 23],
    [66, 16, 18],
    [75, 14, 11],
    [71, 13, 16],
    [66, 18, 16],
    [69, 10, 21],
    [67, 13, 20],
    [62, 20, 18],
    [63, 21, 16],
    [66, 14, 20],
    [69, 13, 18],
    [73, 8, 19],
    [58, 24, 18],
    [67, 19, 14],
    [58, 22, 20],
    [56, 28, 16],
    [20, 63, 17],
    [13, 75, 12],
    [17, 59, 24],
    [14, 67, 19],
    [16, 71, 13],
    [11, 70, 19],
    [20, 70, 10],
    [15, 65, 20],
    [18, 69, 13],
    [21, 64, 15],
    [15, 69, 16],
    [13, 71, 16],
    [16, 63, 21],
    [18, 67, 15],
    [18, 60, 22],
    [12, 77, 11],
    [21, 23, 56],
    [17, 16, 67],
    [17, 18, 65],
    [13, 11, 76],
    [21, 17, 62],
    [19, 18, 63],
    [11, 18, 71],
    [16, 15, 69],
    [18, 16, 66],
    [15, 21, 64],
    [13, 20, 67],
    [13, 20, 67],
    [17, 22, 61],
    [23, 18, 59],
    [16, 17, 67],
    [23, 20, 57],
    [15, 20, 65]
  ],
  "X": [
    [7, 23, 70],
    [15, 17, 68],
    [14, 28, 58],
    [7, 35, 58],
    [9, 24, 67],
    [7, 24, 69],
    [9, 24, 67],
    [16, 24, 60],
    [15, 22, 63],
    [15, 19, 66],
    [12, 23, 65],
    [7, 17, 76],
    [6, 25, 69],
    [16, 27, 57],
    [11, 28, 61],
    [9, 21, 70],
    [22, 24, 54],
    [31, 17, 52],
    [28, 30, 42],
    [31, 21, 48],
    [27, 22, 51],
    [36, 20, 44],
    [34, 19, 47],
    [30, 24, 46],
    [29, 24, 47],
    [29, 22, 49],
    [27, 25, 48],
    [35, 19, 46],
    [33, 14, 53],
    [31, 25, 44],
    [29, 19, 52],
    [27, 18, 55],
    [37, 18, 45],
    [19, 12, 69],
    [23, 12, 65],
    [17, 15, 68],
    [21, 11, 68],
    [15, 20, 65],
    [18, 13, 69],
    [18, 9, 73],
    [25, 8, 67],
    [21, 12, 67],
    [26, 16, 58],
    [27, 14, 59],
    [26, 8, 66],
    [24, 19, 57],
    [22, 12, 66],
    [18, 16, 66],
    [21, 7, 72],
    [17, 11, 72]
  ],
  "real_prob": [
    [0.0050813539466, 0.28898799914, 0.70593064691],
    [0.40225380009, 0.24370259122, 0.35404360869],
    [0.214920626, 0.069284715333, 0.71579465867]
  ],
  "method": "mvn_cdf",
  "mvnc_method": "genz",
  "mvnc_samples": 5000,
  "mvnc_error": 1e-06,
  "prob": [
    [0.018054333164, 0.2888462312, 0.69309943564],
    [0.40603155717, 0.22996761462, 0.36400082821],
    [0.20476120724, 0.05519496611, 0.74004382665]
  ],
  "iterations": 43,
  "logLik": -265.0832715069,
  "time": 0.022052,
  "message": "Converged",
  "status": 0,
  "cond_prob": [
    [
      [0.011701463766, 0.31861002286, 0.14122489945, 0.265225415, 0.24476184544, 0.053167106755, 0.72307312124, 0.43662813171, 0.80560799379, 0.029316577855, 0.54802809589, 0.28383542394, 0.21995171496, 0.14290858112, 0.036753898458, 0.75073170718, 0.30906332299, 0.6794106776, 0.023377768159, 0.475966533, 0.25738781468, 0.35685649191, 0.23445198166, 0.065441309672, 0.61976573993, 0.28958148534, 0.67717087565, 0.011556567875, 0.29969149346, 0.15117603497, 0.38478744434, 0.35834954612, 0.084136765789, 0.60365598779, 0.34195896041, 0.76468719924, 0.015180515431, 0.37690010495, 0.17680529281, 0.28002274012, 0.23439560154, 0.054650744447, 0.70479674445, 0.38870429351, 0.76854396275, 0.0096745631765, 0.27585080925, 0.11683156515, 0.27544981011, 0.26483471602],
      [0.055372654966, 0.71487562672, 0.45931447472, 0.82779577988, 0.015624958919, 0.38333996124, 0.18433280221, 0.29306712756, 0.24030808045, 0.05689774314, 0.69130791352, 0.37635195832, 0.75876945465, 0.033770721597, 0.57856280843, 0.34409463267, 0.30343215779, 0.17284295744, 0.049328730629, 0.66279712062, 0.24859423412, 0.6065766367, 0.021759515842, 0.4673705129, 0.23550033795, 0.27308770887, 0.19771715931, 0.049903656927, 0.70515277528, 0.3349123278, 0.71459600512, 0.021327188411, 0.46209455626, 0.2375831374, 0.23546778062, 0.16940187245, 0.041916896924, 0.74320503097, 0.36850357129, 0.72049996567, 0.019487447157, 0.43837109007, 0.22036808069, 0.28340949101, 0.2147064016, 0.052322966987, 0.69710306184, 0.34692250833, 0.72730895232, 0.012168372681],
      [0.31019563559, 0.12245885937, 0.20420404044, 0.19454243539, 0.03751324104, 0.78362758687, 0.49526192901, 0.84002789959, 0.011544279543, 0.31186214555, 0.14190071653, 0.29487768788, 0.26868956324, 0.059850529447, 0.69357803258, 0.41944829121, 0.79824875402, 0.019992761282, 0.45100530257, 0.24123998889, 0.3391998965, 0.24688212582, 0.06789767146, 0.64080734222, 0.3021125716, 0.69086233965, 0.015805944325, 0.38327152814, 0.18481066717, 0.33743901448, 0.26342088984, 0.065857402126, 0.64675504119, 0.35330758202, 0.7493319307, 0.010338470411, 0.28420137312, 0.1187069134, 0.24405869099, 0.24223198454, 0.049366201824, 0.7456028386, 0.47356664234, 0.83192688477, 0.032017957411, 0.55653169778, 0.32298241634, 0.31726109355, 0.18539677159, 0.052574994137]
    ],
    [
      [0.65072094904, 0.25807153063, 0.62444258953, 0.018464834159, 0.42519586627, 0.19820043493, 0.23095352628, 0.18463170694, 0.041830789717, 0.75058163956, 0.39017242679, 0.75996877536, 0.014117218929, 0.33614843457, 0.17391960588, 0.35615867772, 0.32778141418, 0.084043598147, 0.62972410335, 0.33607015125, 0.74203679598, 0.019318954702, 0.43110957338, 0.22196380593, 0.31166007113, 0.2415269607, 0.060062487836, 0.66902097417, 0.32736346591, 0.71797370623, 0.014198061983, 0.35395930726, 0.16813728214, 0.28860030816, 0.25003476888, 0.056429040774, 0.69720162986, 0.39600592386, 0.77543367709, 0.021870164733, 0.46043446922, 0.23840869955, 0.28257026591, 0.204981214, 0.051639621539, 0.69555956936, 0.33458431678, 0.70995167891, 0.018925292148, 0.42553922752],
      [0.21150869771, 0.27196419045, 0.2109969664, 0.050149275049, 0.70911051741, 0.36346380608, 0.73834202725, 0.01710430878, 0.39476983446, 0.19626909746, 0.30281232013, 0.24451933982, 0.058782840109, 0.68008337109, 0.36071082572, 0.74494806243, 0.016313925073, 0.38277417465, 0.1934521955, 0.3300891392, 0.27100210465, 0.064814326789, 0.65359693573, 0.3462237207, 0.74173347771, 0.016003653467, 0.38223470733, 0.18379691225, 0.27762451351, 0.23418111744, 0.053634475853, 0.70637183302, 0.38358417524, 0.76256861189, 0.015915867048, 0.38111983762, 0.1881248238, 0.32896250099, 0.27142913257, 0.063251809663, 0.65512163197, 0.3474510298, 0.74862336654, 0.021202368436, 0.45212719474, 0.22941454103, 0.27602701415, 0.19968393083, 0.049954802535, 0.70277061741],
      [0.34818887443, 0.72063065643, 0.016287106306, 0.39328887013, 0.18682439325, 0.19847410615, 0.15998652946, 0.032919196115, 0.78523878754, 0.44672460041, 0.78025641063, 0.019381650806, 0.41086994027, 0.22593188879, 0.37710974786, 0.28138758967, 0.075873461298, 0.60350860134, 0.30774247006, 0.69819464991, 0.0164572397, 0.3881459724, 0.17430891273, 0.25152098231, 0.21386776756, 0.043088094681, 0.73202177799, 0.39798626005, 0.78260299259, 0.014974841758, 0.38787670817, 0.18100336328, 0.24690723107, 0.21020434385, 0.046514738004, 0.73811792717, 0.40191894798, 0.77248189871, 0.0199933277, 0.44365538069, 0.21985139779, 0.25273941337, 0.19665964391, 0.045364483431, 0.72726725893, 0.35968497541, 0.73478411878, 0.015477307998, 0.38566061803, 0.17221965022]
    ],
    [
      [0.22670332367, 0.19511206698, 0.041269557174, 0.75781936834, 0.41922731498, 0.78651079261, 0.020767040811, 0.44979601354, 0.22985323362, 0.2847550111, 0.21086587422, 0.052067409998, 0.69447794809, 0.33933811223, 0.71807935638, 0.013424037891, 0.33538774363, 0.1680482025, 0.32325286088, 0.28409558189, 0.065962015894, 0.66332310123, 0.38051667448, 0.7659897816, 0.018425634763, 0.41840752383, 0.21126187831, 0.29966538043, 0.23213855912, 0.056109219516, 0.68190898481, 0.34945391704, 0.73262890217, 0.011471552395, 0.28836815101, 0.15372266056, 0.41425536897, 0.36757256669, 0.099717651967, 0.57427307864, 0.3440592823, 0.74655968748, 0.015014133885, 0.36962600832, 0.17477486353, 0.27445678364, 0.23376138303, 0.052267314208, 0.71052908248, 0.39661260864],
