{
  "W": [
    [71, 19, 10],
    [70, 13, 17],
    [69, 18, 13],
    [74, 15, 11],
    [68, 16, 16],
    [65, 19, 16],
    [61, 21, 18],
    [58, 22, 20],
    [64, 19, 17],
    [67, 17, 16],
    [69, 18, 13],
    [73, 12, 15],
    [59, 23, 18],
    [72, 16, 12],
    [70, 13, 17],
    [67, 19, 14],
    [51, 32, 17],
    [13, 63, 24],
    [13, 69, 18],
    [14, 68, 18],
    [13, 68, 19],
    [18, 68, 14],
    [24, 61, 15],
    [14, 63, 23],
    [14, 68, 18],
    [19, 67, 14],
    [18, 68, 14],
    [12, 73, 15],
    [13, 71, 16],
    [20, 68, 12],
    [17, 65, 18],
    [10, 74, 16],
    [24, 62, 14],
    [19, 32, 49],
    [16, 12, 72],
    [18, 13, 69],
    [20, 16, 64],
    [15, 21, 64],
    [8, 18, 74],
    [16, 15, 69],
    [17, 19, 64],
    [20, 15, 65],
    [11, 23, 66],
    [18, 21, 61],
    [17, 15, 68],
    [16, 11, 73],
    [18, 11, 71],
    [15, 16, 69],
    [21, 12, 67],
    [18, 9, 73]
  ],
  "X": [
    [43, 27, 30],
    [35, 38, 27],
    [35, 31, 34],
    [32, 28, 40],
    [34, 29, 37],
    [31, 30, 39],
    [33, 33, 34],
    [33, 32, 35],
    [37, 27, 36],
    [37, 27, 36],
    [38, 29, 33],
    [42, 34, 24],
    [36, 26, 38],
    [30, 30, 40],
    [39, 37, 24],
    [40, 33, 27],
    [32, 29, 39],
    [18, 37, 45],
    [14, 36, 50],
    [16, 41, 43],
    [18, 43, 39],
    [14, 37, 49],
    [25, 36, 39],
    [13, 43, 44],
    [23, 36, 41],
    [22, 32, 46],
    [18, 38, 44],
    [10, 39, 51],
    [15, 32, 53],
    [22, 26, 52],
    [23, 37, 40],
    [14, 34, 52],
    [25, 34, 41],
    [13, 45, 42],
    [12, 48, 40],
    [13, 49, 38],
    [15, 50, 35],
    [13, 52, 35],
    [10, 47, 43],
    [12, 52, 36],
    [16, 39, 45],
    [16, 52, 32],
    [14, 52, 34],
    [10, 47, 43],
    [13, 44, 43],
    [15, 42, 43],
    [12, 51, 37],
    [15, 55, 30],
    [16, 44, 40],
    [13, 45, 42]
  ],
  "real_prob": [
    [0.47508097397, 0.22317111643, 0.30174790961],
    [0.15859479413, 0.32963240565, 0.51177280022],
    [0.021138103079, 0.55657807008, 0.42228382684]
  ],
  "method": "mvn_cdf",
  "mvnc_method": "genz",
  "mvnc_samples": 5000,
  "mvnc_error": 1e-06,
  "prob": [
    [0.49314351193, 0.23162892529, 0.27522756279],
    [0.14093515763, 0.33995729026, 0.51910755211],
    [0.040440548555, 0.57869470517, 0.38086474628]
  ],
  "iterations": 52,
  "logLik": -266.2982206363,
  "time": 0.025205,
  "message": "Converged",
  "status": 0,
  "cond_prob": [
    [
      [0.55773014318, 0.16994153898, 0.049499179027, 0.2066135824, 0.33045656337, 0.5814048847, 0.23565627442, 0.49960189764, 0.36909593627, 0.45879642326, 0.13447971213, 0.033916637921, 0.31143290576, 0.40712238428, 0.69410786972, 0.22977067098, 0.45839790359, 0.27197549236, 0.47068132883, 0.12671213643, 0.036605470982, 0.24606140944, 0.34759299333, 0.59154860293, 0.28325726173, 0.52569487025, 0.37184592609, 0.40571052941, 0.10023971932, 0.029818988596, 0.24603409935, 0.30787838327, 0.52872848133, 0.34825537124, 0.59188189741, 0.44145253008, 0.47701603342, 0.1232401581, 0.036025517843, 0.21434583426, 0.30994506374, 0.55728112573, 0.30863813232, 0.56681477815, 0.40669335643, 0.44303962361, 0.113948933, 0.032869368953, 0.22651178297, 0.30845936008],
      [0.5390043976, 0.33044859342, 0.57759170692, 0.42812623344, 0.48741527053, 0.13414994031, 0.038601848355, 0.2416560493, 0.35606975674, 0.59618039335, 0.27092868017, 0.50978030295, 0.3652177583, 0.50218924617, 0.14145835151, 0.041216558915, 0.22416392243, 0.33449410248, 0.57674838712, 0.2736468314, 0.52404754601, 0.38203505396, 0.52444142077, 0.14869020175, 0.048147956544, 0.19410027346, 0.29128607184, 0.52926864317, 0.28145830577, 0.56002372641, 0.42258340029, 0.50188269529, 0.14112196124, 0.044430703877, 0.20329772675, 0.28455373078, 0.53520964315, 0.29481957796, 0.57432430798, 0.42035965297, 0.50556525119, 0.14518014839, 0.042141978206, 0.223819878, 0.33080463307, 0.57605610548, 0.27061487081, 0.52401521854, 0.38180191631, 0.52183944381],
      [0.16240449222, 0.043938428329, 0.27392937934, 0.4263332187, 0.67079087449, 0.20423117685, 0.41126228908, 0.28527069718, 0.52699545791, 0.14404816433, 0.047493863646, 0.17323622676, 0.28066471143, 0.49486150453, 0.29976831533, 0.57528712424, 0.45764463182, 0.3943207357, 0.095023500157, 0.027897009164, 0.23996374332, 0.30095542585, 0.53907377915, 0.36571552098, 0.60402107399, 0.43302921169, 0.52007505137, 0.15777721175, 0.041223939809, 0.28580154587, 0.46018424835, 0.67664761051, 0.19412340276, 0.38203853991, 0.28212844968, 0.53344178399, 0.16154170098, 0.047433836877, 0.24258444832, 0.39477239679, 0.66001977292, 0.22397376769, 0.44368590223, 0.29254639021, 0.51720331603, 0.14808763818, 0.047124944447, 0.19902025216, 0.29794012766, 0.53441771191]
    ],
    [
      [0.28377643182, 0.55397223416, 0.41845734364, 0.53446373383, 0.15607836934, 0.046079414053, 0.20834024566, 0.32791234441, 0.57054901132, 0.25719602051, 0.51600928624, 0.38337157462, 0.44401281, 0.11223994396, 0.032021115207, 0.23742290374, 0.32547873219, 0.56160669956, 0.31856428626, 0.56228132385, 0.40637218524, 0.47652173963, 0.1280143713, 0.033291271477, 0.26303569715, 0.39477005033, 0.62710787201, 0.26044256321, 0.47721557837, 0.33960085651, 0.51713191134, 0.16104420685, 0.039775462386, 0.26610899654, 0.41345267796, 0.64380528358, 0.21675909213, 0.42550311518, 0.31641925404, 0.39925635318, 0.098948257389, 0.027731715426, 0.27184698884, 0.34753862654, 0.583634754, 0.32889665798, 0.55351311607, 0.38863353058, 0.56686145382, 0.17228402852],
      [0.05138741359, 0.21025193727, 0.34684780244, 0.59841108418, 0.22288660891, 0.48086816904, 0.35020150223, 0.41015022321, 0.10503513576, 0.028082261359, 0.28578305146, 0.39179315804, 0.62121241947, 0.30406672533, 0.5031717062, 0.35070531917, 0.60990485038, 0.206182033, 0.060140090443, 0.18306782976, 0.32839180437, 0.59606293764, 0.20702731986, 0.46542616264, 0.34379697192, 0.54290751752, 0.16509996521, 0.048425601109, 0.19528101832, 0.30191249494, 0.55728783186, 0.26181146415, 0.53298753985, 0.39428656704, 0.46910740021, 0.13249875873, 0.037167973582, 0.25757377103, 0.36844908752, 0.61231826544, 0.27331882876, 0.49905215375, 0.35051376098, 0.3599573011, 0.084033004083, 0.023364730201, 0.29256212414, 0.35978103741, 0.59279062702, 0.34748057476],
      [0.55618595851, 0.38384464278, 0.45391674711, 0.12400843129, 0.033971375174, 0.21566141802, 0.28937369588, 0.52803526565, 0.33042183488, 0.58661787284, 0.43799335918, 0.52464612423, 0.15946931052, 0.050154259726, 0.16703133968, 0.27312778174, 0.51068629673, 0.30832253609, 0.56740290774, 0.43915944354, 0.58821100641, 0.19081681354, 0.05510986911, 0.20533868431, 0.35092526529, 0.60273077181, 0.20645030928, 0.45825792117, 0.34215935909, 0.45119820971, 0.11875767231, 0.033829263916, 0.2278967384, 0.30948451082, 0.54441419635, 0.32090505189, 0.57175781687, 0.42175653974, 0.56273674738, 0.17643999204, 0.050613508839, 0.20447960028, 0.33546216623, 0.58443888483, 0.23278365234, 0.48809784173, 0.36494760633, 0.42663960335, 0.10733960432, 0.030253592042]
    ],
    [
      [0.26245071298, 0.35085512574, 0.58758139445, 0.31090968367, 0.54180526994, 0.38216501351, 0.47864738234, 0.1271107768, 0.03615619213, 0.22861835002, 0.33187881854, 0.56527391049, 0.29273426765, 0.54101040466, 0.39856989738, 0.48097651636, 0.12948030332, 0.036993781286, 0.23903306575, 0.34306195705, 0.58692711628, 0.27999041789, 0.52745773963, 0.37607910243, 0.49625194733, 0.13993168181, 0.037325042722, 0.24374336827, 0.36140373783, 0.61176236303, 0.26000468439, 0.49866458036, 0.35091259424, 0.49608683163, 0.13876486889, 0.040161456299, 0.24692552648, 0.38619248947, 0.61765460539, 0.2569876419, 0.47504264164, 0.34218393831, 0.50853392329, 0.14714318603, 0.041679595938, 0.2093309552, 0.30981606951, 0.5514644852, 0.28213512151, 0.54304074446],
