{
  "W": [
    [56, 9, 21, 14],
    [58, 22, 16, 4],
    [54, 16, 20, 10],
    [57, 13, 11, 19],
    [61, 14, 12, 13],
    [64, 11, 16, 9],
    [68, 12, 9, 11],
    [63, 14, 13, 10],
    [63, 13, 15, 9],
    [59, 15, 12, 14],
    [66, 6, 12, 16],
    [63, 14, 10, 13],
    [43, 32, 15, 10],
    [11, 61, 16, 12],
    [9, 63, 12, 16],
    [12, 63, 15, 10],
    [13, 62, 15, 10],
    [16, 59, 13, 12],
    [12, 63, 13, 12],
    [14, 61, 16, 9],
    [16, 59, 14, 11],
    [14, 64, 10, 12],
    [9, 61, 14, 16],
    [12, 62, 11, 15],
    [14, 62, 18, 6],
    [10, 15, 62, 13],
    [14, 13, 61, 12],
    [12, 16, 64, 8],
    [13, 16, 57, 14],
    [15, 9, 63, 13],
    [17, 14, 59, 10],
    [11, 10, 69, 10],
    [14, 13, 60, 13],
    [13, 18, 54, 15],
    [10, 13, 67, 10],
    [14, 14, 56, 16],
    [11, 10, 65, 14],
    [17, 9, 34, 40],
    [13, 12, 14, 61],
    [12, 11, 10, 67],
    [7, 14, 16, 63],
    [9, 8, 12, 71],
    [13, 11, 10, 66],
    [18, 15, 7, 60],
    [14, 10, 10, 66],
    [8, 9, 11, 72],
    [16, 17, 11, 56],
    [12, 14, 13, 61],
    [13, 12, 9, 66],
    [17, 16, 7, 60]
  ],
  "X": [
    [41, 28, 13, 18],
    [38, 36, 13, 13],
    [44, 26, 12, 18],
    [46, 34, 5, 15],
    [48, 27, 3, 22],
    [45, 34, 12, 9],
    [55, 23, 4, 18],
    [36, 40, 8, 16],
    [41, 37, 7, 15],
    [35, 44, 12, 9],
    [41, 33, 7, 19],
    [40, 41, 4, 15],
    [50, 35, 5, 10],
    [47, 29, 14, 10],
    [58, 24, 12, 6],
    [51, 32, 9, 8],
    [49, 35, 7, 9],
    [58, 31, 6, 5],
    [48, 33, 9, 10],
    [49, 33, 7, 11],
    [46, 27, 16, 11],
    [47, 32, 7, 14],
    [56, 30, 6, 8],
    [54, 31, 9, 6],
    [43, 28, 14, 15],
    [53, 14, 24, 9],
    [60, 15, 14, 11],
    [54, 11, 24, 11],
    [60, 16, 19, 5],
    [65, 14, 16, 5],
    [56, 16, 20, 8],
    [51, 17, 21, 11],
    [61, 16, 14, 9],
    [61, 16, 18, 5],
    [60, 14, 14, 12],
    [56, 19, 14, 11],
    [61, 15, 20, 4],
    [66, 17, 10, 7],
    [70, 18, 10, 2],
    [57, 23, 14, 6],
    [75, 12, 10, 3],
    [66, 20, 10, 4],
    [49, 28, 16, 7],
    [59, 25, 10, 6],
    [59, 23, 10, 8],
    [74, 12, 11, 3],
    [66, 26, 7, 1],
    [70, 12, 13, 5],
    [63, 20, 15, 2],
    [56, 21, 15, 8]
  ],
  "real_prob": [
    [0.33101741425, 0.4322520388, 0.023151705747, 0.2135788412],
    [0.49616277708, 0.34021638548, 0.072379464181, 0.091241373258],
    [0.60460261583, 0.049000290731, 0.26812698693, 0.078270106513],
    [0.73245122264, 0.16709893017, 0.095400586104, 0.0050492610824]
  ],
  "method": "mcmc",
  "mcmc_stepsize": 3000,
  "mcmc_samples": 1000,
  "prob": [
    [0.29841702334, 0.47402650413, 0.065776065977, 0.16178040656],
    [0.49004628528, 0.34810671305, 0.07121105596, 0.090635945708],
    [0.62786475894, 0.060684293626, 0.2123314131, 0.09911953433],
    [0.73887193244, 0.11158248919, 0.12268146496, 0.026864113405]
  ],
  "iterations": 30,
  "logLik": -896.059006634,
  "time": 0.730895,
  "message": "Converged",
  "status": 0,
  "cond_prob": [
    [
      [0.28630649035, 0.39449309763, 0.5212727639, 0.74783361568, 0.41807339837, 0.18975324422, 0.069221480123, 0.1018899579, 0.062577858151, 0.29902949426, 0.2356546971, 0.132544704, 0.23304225312, 0.11672416389, 0.17385105887, 0.01773172242, 0.26274831132, 0.49398597766, 0.61309004736, 0.52086641926, 0.48169379032, 0.3021758034, 0.051387392552, 0.1479235514, 0.096555232762, 0.13029146182, 0.22114759694, 0.24875569719, 0.15900266559, 0.073546757117, 0.11437496315, 0.082454332153, 0.28716579311, 0.49096236132, 0.69629559925, 0.67117374059, 0.39189722208, 0.20755708943, 0.044026137342, 0.063611382978, 0.066976415011, 0.1325359881, 0.20085291885, 0.22456394029, 0.25396056979, 0.16894456115, 0.058825344561, 0.040650936152, 0.26173847056, 0.50802892938],
      [0.76878679112, 0.84315138914, 0.50037647144, 0.33509192514, 0.066391418403, 0.020633710444, 0.04689946506, 0.0078107064953, 0.051699965356, 0.087183773064, 0.19098559294, 0.14906843898, 0.11312182512, 0.049031127349, 0.33133878614, 0.54342445476, 0.82694156225, 0.7890071486, 0.34937743926, 0.28870124316, 0.038909239743, 0.090711378743, 0.028816483387, 0.026617647268, 0.031014075032, 0.03825988856, 0.29046729121, 0.14125665481, 0.10313512297, 0.082021584101, 0.33426176305, 0.50529789577, 0.73910684068, 0.69147342892, 0.48403708484, 0.16486696055, 0.035565076047, 0.071005420806, 0.088190165895, 0.18030874469, 0.15340133564, 0.21311242455, 0.093510986207, 0.14952639899, 0.071926747641, 0.02440872573, 0.47649532759, 0.52222859413, 0.81882359488, 0.81474202184],
      [0.28338780048, 0.26539870622, 0.036814292593, 0.019410587229, 0.029280778209, 0.0066200860373, 0.11129588875, 0.084345731875, 0.21083609372, 0.20575261361, 0.033066223783, 0.081501659052, 0.23018180023, 0.42700974576, 0.66956737601, 0.68160342567, 0.51732830096, 0.36654382248, 0.048263969521, 0.16492719211, 0.059540701286, 0.065964387786, 0.18903400855, 0.086799227889, 0.19294919752, 0.14048204398, 0.093134645925, 0.06667015433, 0.2685221161, 0.49441556328, 0.75656599472, 0.70080160471, 0.49259346903, 0.32007954588, 0.023729166884, 0.16107109463, 0.057710213759, 0.045477234436, 0.14435963706, 0.067517547728, 0.18117420112, 0.1400276564, 0.075345201331, 0.070609752931, 0.22684121062, 0.41848678335, 0.57558765283, 0.60228678495, 0.59393117278, 0.3958114293],
      [0.058401154218, 0.1657196797, 0.065966761813, 0.10234294279, 0.35724970155, 0.16327289233, 0.11326085479, 0.08335884457, 0.0087614913961, 0.068720643014, 0.270303531, 0.47631356099, 0.70468644114, 0.74036551838, 0.43050210705, 0.35290530444, 0.058526023598, 0.11044480154, 0.058566679672, 0.059445562523, 0.11528594911, 0.087155898577, 0.24062768227, 0.11133557205, 0.12150158616, 0.0620337815, 0.26036263039, 0.50302316689, 0.65934483465, 0.76626012326, 0.53453360481, 0.35901909955, 0.091273352599, 0.10656784439, 0.028647842889, 0.018904489207, 0.046356376708, 0.11284302169, 0.17645592191, 0.11905324435, 0.20302543604, 0.01432901065, 0.35088275378, 0.51781128844, 0.71578643595, 0.76052838182, 0.47889176781, 0.36105046716, 0.086454661746, 0.15572191091]
    ],
    [
      [0.041655399201, 0.038364577509, 0.086074580188, 0.069003265123, 0.12857007921, 0.082773666899, 0.11168432212, 0.014746442142, 0.28383096697, 0.44042572494, 0.6135385745, 0.59960607917, 0.53305927339, 0.35170172696, 0.04470079123, 0.080610832379, 0.043400835082, 0.11294287178, 0.21557614754, 0.26532143956, 0.13970892455, 0.094929676322, 0.12618448673, 0.054461648891, 0.38706926728, 0.56881973561, 0.60334865042, 0.71503434036, 0.3987071179, 0.27556520791, 0.074297839078, 0.13496586074, 0.1224539441, 0.090390007653, 0.24646338024, 0.14036146613, 0.091769670716, 0.065225048827, 0.075890130268, 0.0096383327668, 0.22937917752, 0.49358420961, 0.68486466492, 0.68786746904, 0.61963290601, 0.3585565803, 0.047810826115, 0.12581781771, 0.068308427483, 0.066055835321],
      [0.16171558047, 0.15930475379, 0.082679488993, 0.081803374763, 0.10560892849, 0.027009959462, 0.24744992871, 0.48326983483, 0.62741045189, 0.64092643889, 0.53657334338, 0.40802645399, 0.061481278291, 0.18046872141, 0.031943504222, 0.04253926512, 0.16781389828, 0.14300915336, 0.18403322368, 0.066164446057, 0.14329437155, 0.035595686337, 0.37402959107, 0.58097502577, 0.67868053594, 0.74292942125, 0.51681724995, 0.33328664325, 0.094259600642, 0.15346977005, 0.050573875757, 0.031256419151, 0.18770607441, 0.075542524217, 0.058579283217, 0.054481911826, 0.039353789003, 0.028058284482, 0.19881607116, 0.45213606438, 0.65746024541, 0.71522099168, 0.60513683436, 0.38013721935, 0.057004520288, 0.087387867054, 0.07752577704, 0.064900982764, 0.13575464981, 0.18467652616],
