{
  "W": [
    [27, 22, 24, 27],
    [32, 21, 23, 24],
    [35, 22, 24, 19],
    [28, 34, 17, 21],
    [31, 22, 27, 20],
    [38, 19, 26, 17],
    [32, 19, 21, 28],
    [34, 21, 25, 20],
    [38, 23, 20, 19],
    [28, 28, 23, 21],
    [34, 23, 28, 15],
    [43, 18, 17, 22],
    [22, 40, 18, 20],
    [24, 31, 25, 20],
    [21, 29, 20, 30],
    [18, 35, 23, 24],
    [18, 32, 23, 27],
    [20, 32, 30, 18],
    [28, 32, 24, 16],
    [19, 33, 23, 25],
    [17, 31, 29, 23],
    [25, 31, 19, 25],
    [22, 20, 31, 27],
    [17, 32, 26, 25],
    [21, 32, 28, 19],
    [27, 24, 27, 22],
    [22, 23, 30, 25],
    [23, 23, 34, 20],
    [21, 18, 42, 19],
    [16, 22, 37, 25],
    [20, 24, 26, 30],
    [16, 25, 34, 25],
    [23, 27, 32, 18],
    [24, 27, 29, 20],
    [20, 25, 35, 20],
    [26, 20, 28, 26],
    [16, 29, 29, 26],
    [25, 16, 27, 32],
    [21, 21, 16, 42],
    [24, 17, 19, 40],
    [18, 29, 19, 34],
    [21, 21, 21, 37],
    [28, 16, 24, 32],
    [22, 17, 29, 32],
    [27, 24, 21, 28],
    [28, 27, 23, 22],
    [22, 26, 17, 35],
    [27, 28, 23, 22],
    [28, 23, 21, 28],
    [33, 16, 13, 38]
  ],
  "X": [
    [64, 36],
    [67, 33],
    [70, 30],
    [77, 23],
    [60, 40],
    [67, 33],
    [68, 32],
    [70, 30],
    [78, 22],
    [66, 34],
    [72, 28],
    [75, 25],
    [77, 23],
    [66, 34],
    [66, 34],
    [70, 30],
    [79, 21],
    [70, 30],
    [72, 28],
    [73, 27],
    [66, 34],
    [71, 29],
    [60, 40],
    [70, 30],
    [68, 32],
    [74, 26],
    [74, 26],
    [60, 40],
    [64, 36],
    [60, 40],
    [66, 34],
    [73, 27],
    [69, 31],
    [69, 31],
    [66, 34],
    [68, 32],
    [73, 27],
    [61, 39],
    [69, 31],
    [67, 33],
    [64, 36],
    [64, 36],
    [69, 31],
    [64, 36],
    [68, 32],
    [74, 26],
    [69, 31],
    [68, 32],
    [75, 25],
    [67, 33]
  ],
  "real_prob": [
    [0.8634506813, 0.1365493187],
    [0.83425562134, 0.16574437866],
    [0.48788735361, 0.51211264639],
    [0.55005565197, 0.44994434803]
  ],
  "method": "exact",
  "prob": [
    [0.81443057845, 0.18556942155],
    [0.91864412394, 0.081355876062],
    [0.45258576996, 0.54741423004],
    [0.56393952765, 0.43606047235]
  ],
  "iterations": 103,
  "logLik": -139.4931157496,
  "time": 2.70945,
  "message": "Converged",
  "status": 0,
  "cond_prob": [
    [
      [0.77861252484, 0.90026762742, 0.39548432903, 0.50666481961, 0.22138747516, 0.099732372584, 0.60451567097, 0.49333518039, 0.79583412903, 0.90911025533, 0.42026075904, 0.53233312713, 0.20416587097, 0.090889744667, 0.57973924096, 0.46766687287, 0.81300923462, 0.91772855657, 0.44695166683, 0.5593583442, 0.18699076538, 0.082271443428, 0.55304833317, 0.4406416558, 0.84646999413, 0.93396610299, 0.50562482005, 0.61658908199, 0.15353000587, 0.066033897012, 0.49437517995, 0.38341091801, 0.73287005762, 0.87575432104, 0.33783250274, 0.44464777884, 0.26712994238, 0.12424567896, 0.66216749726, 0.55535222116, 0.79147224196, 0.90689790207, 0.41373111023, 0.52564622355, 0.20852775804, 0.093102097927, 0.58626888977, 0.47435377645, 0.80877408351, 0.91560512894],
      [0.44035920044, 0.5526853096, 0.19122591649, 0.084394871064, 0.55964079956, 0.4473146904, 0.81910103331, 0.92072659789, 0.45708537427, 0.56940859776, 0.18089896669, 0.079273402108, 0.54291462573, 0.43059140224, 0.86655316661, 0.94333311049, 0.5467251077, 0.65472715649, 0.13344683339, 0.05666688951, 0.4532748923, 0.34527284351, 0.77155572694, 0.89661974583, 0.38557779471, 0.49632368971, 0.22844427306, 0.10338025417, 0.61442220529, 0.50367631029, 0.83284289521, 0.92742229184, 0.48080931528, 0.59266453485, 0.16715710479, 0.072577708161, 0.51919068472, 0.40733546515, 0.84337613033, 0.93247132356, 0.50015503746, 0.61125940613, 0.15662386967, 0.067528676441, 0.49984496254, 0.38874059387, 0.84279597219, 0.93223248574, 0.49846942228, 0.60983697904],
      [0.15720402781, 0.067767514255, 0.50153057772, 0.39016302096, 0.77276332305, 0.89725890946, 0.38714687644, 0.49799910714, 0.22723667695, 0.10274109054, 0.61285312356, 0.50200089286, 0.78267356352, 0.90238842002, 0.40100655244, 0.51248199789, 0.21732643648, 0.097611579977, 0.59899344756, 0.48751800211, 0.80894071575, 0.91572452488, 0.44020889909, 0.55266266944, 0.19105928425, 0.084275475119, 0.55979110091, 0.44733733056, 0.88765123497, 0.9529220492, 0.59505423814, 0.69787128589, 0.11234876503, 0.047077950802, 0.40494576186, 0.30212871411, 0.82081405775, 0.92157866828, 0.45981434656, 0.57215394796, 0.17918594225, 0.078421331723, 0.54018565344, 0.42784605204, 0.81486683462, 0.91867518631, 0.44965190124, 0.56215481493, 0.18513316538, 0.081324813688],
      [0.55034809876, 0.43784518507, 0.83863463311, 0.93020920843, 0.49128155497, 0.60278249313, 0.16136536689, 0.06979079157, 0.50871844503, 0.39721750687, 0.79459337603, 0.90849102485, 0.4182946143, 0.53035421837, 0.20540662397, 0.091508975151, 0.5817053857, 0.46964578163, 0.81081571009, 0.91665640611, 0.44322124172, 0.55568220263, 0.18918428991, 0.083343593892, 0.55677875828, 0.44431779737, 0.76905703254, 0.89525520756, 0.38264514165, 0.49309784229, 0.23094296746, 0.10474479244, 0.61735485835, 0.50690215771, 0.82328217501, 0.92277917997, 0.46409925542, 0.57634754499, 0.17671782499, 0.07722082003, 0.53590074458, 0.42365245501, 0.79881465282, 0.91064275679, 0.42450441027, 0.53674739925, 0.20118534718, 0.089357243205, 0.57549558973, 0.46325260075]
    ],
    [
      [0.8576653747, 0.93918775983, 0.52851918796, 0.63784138964, 0.1423346253, 0.060812240171, 0.47148081204, 0.36215861036, 0.86955816241, 0.94468459471, 0.55387079147, 0.66103404018, 0.13044183759, 0.055315405287, 0.44612920853, 0.33896595982, 0.75837781987, 0.88961448588, 0.36861001416, 0.47817182431, 0.24162218013, 0.11038551412, 0.63138998584, 0.52182817569, 0.82048743279, 0.9213669778, 0.45990991349, 0.572049576, 0.17951256721, 0.078633022196, 0.54009008651, 0.427950424, 0.78230200471, 0.90215588456, 0.40083322496, 0.51219636563, 0.21769799529, 0.09784411544, 0.59916677504, 0.48780363437, 0.80726434282, 0.91484553528, 0.43802913407, 0.55032209369, 0.19273565718, 0.085154464719, 0.56197086593, 0.44967790631, 0.87026452207, 0.94500344423],
      [0.55553155453, 0.66250434748, 0.12973547793, 0.054996555767, 0.44446844547, 0.33749565252, 0.82262425454, 0.92245081869, 0.46306363812, 0.57530186784, 0.17737574546, 0.07754918131, 0.53693636188, 0.42469813216, 0.81774484761, 0.92006059405, 0.45480575376, 0.56715603795, 0.18225515239, 0.079939405951, 0.54519424624, 0.43284396205, 0.81263096762, 0.9175180566, 0.4465973045, 0.55892617875, 0.18736903238, 0.082481943396, 0.5534026955, 0.44107382125, 0.82441334719, 0.92330543171, 0.46637918295, 0.57848181602, 0.17558665281, 0.07669456829, 0.53362081705, 0.42151818398, 0.85856934602, 0.93960312335, 0.53048436608, 0.63962897194, 0.14143065398, 0.060396876653, 0.46951563392, 0.36037102806, 0.78053577821, 0.90123394932, 0.39842955099, 0.50966451496],
      [0.21946422179, 0.098766050679, 0.60157044901, 0.49033548504, 0.8285280427, 0.92530254108, 0.47360148214, 0.58552223872, 0.1714719573, 0.074697458925, 0.52639851786, 0.41447776128, 0.82069441638, 0.9214732163, 0.46020825115, 0.57235831395, 0.17930558362, 0.078526783705, 0.53979174885, 0.42764168605, 0.77063879775, 0.89611681076, 0.38452017197, 0.49515384886, 0.22936120225, 0.10388318924, 0.61547982803, 0.50484615114, 0.79301501698, 0.90765257239, 0.41630612336, 0.52820410899, 0.20698498302, 0.092347427606, 0.58369387664, 0.47179589101, 0.83517457853, 0.92850949236, 0.48553102036, 0.59706923234, 0.16482542147, 0.071490507641, 0.51446897964, 0.40293076766, 0.81009425782, 0.91623340077, 0.44279314957, 0.55502991179, 0.18990574218, 0.083766599234],
