{
  "W": [
    [31, 24, 26, 19],
    [34, 23, 22, 21],
    [26, 22, 18, 34],
    [34, 23, 19, 24],
    [36, 22, 18, 24],
    [28, 28, 23, 21],
    [29, 15, 23, 33],
    [37, 22, 24, 17],
    [36, 18, 24, 22],
    [30, 21, 22, 27],
    [30, 22, 22, 26],
    [32, 21, 19, 28],
    [31, 22, 24, 23],
    [20, 38, 22, 20],
    [24, 31, 22, 23],
    [24, 37, 19, 20],
    [25, 27, 23, 25],
    [17, 36, 26, 21],
    [19, 32, 29, 20],
    [31, 25, 27, 17],
    [21, 43, 18, 18],
    [22, 31, 21, 26],
    [29, 32, 19, 20],
    [22, 34, 22, 22],
    [25, 30, 19, 26],
    [22, 26, 36, 16],
    [21, 16, 32, 31],
    [29, 19, 31, 21],
    [17, 36, 26, 21],
    [26, 21, 26, 27],
    [23, 25, 33, 19],
    [25, 21, 32, 22],
    [23, 20, 36, 21],
    [21, 24, 32, 23],
    [29, 22, 26, 23],
    [21, 21, 41, 17],
    [22, 30, 25, 23],
    [21, 29, 23, 27],
    [21, 20, 25, 34],
    [25, 23, 25, 27],
    [27, 22, 21, 30],
    [20, 24, 22, 34],
    [17, 21, 26, 36],
    [23, 19, 31, 27],
    [24, 26, 17, 33],
    [19, 19, 34, 28],
    [20, 17, 29, 34],
    [25, 20, 26, 29],
    [23, 26, 21, 30],
    [13, 24, 23, 40]
  ],
  "X": [
    [11, 89],
    [14, 86],
    [28, 72],
    [23, 77],
    [11, 89],
    [20, 80],
    [19, 81],
    [15, 85],
    [15, 85],
    [15, 85],
    [18, 82],
    [17, 83],
    [19, 81],
    [16, 84],
    [14, 86],
    [15, 85],
    [19, 81],
    [20, 80],
    [16, 84],
    [14, 86],
    [26, 74],
    [18, 82],
    [11, 89],
    [17, 83],
    [21, 79],
    [22, 78],
    [19, 81],
    [18, 82],
    [17, 83],
    [19, 81],
    [12, 88],
    [16, 84],
    [14, 86],
    [14, 86],
    [23, 77],
    [19, 81],
    [15, 85],
    [21, 79],
    [14, 86],
    [14, 86],
    [16, 84],
    [25, 75],
    [26, 74],
    [22, 78],
    [21, 79],
    [14, 86],
    [18, 82],
    [10, 90],
    [20, 80],
    [31, 69]
  ],
  "real_prob": [
    [0.12291303776, 0.87708696224],
    [0.14083280272, 0.85916719728],
    [0.1330793104, 0.8669206896],
    [0.32913011076, 0.67086988924]
  ],
  "method": "exact",
  "prob": [
    [0.054136720341, 0.94586327966],
    [0.1930389489, 0.8069610511],
    [0.10436106436, 0.89563893564],
    [0.36206326639, 0.63793673361]
  ],
  "iterations": 73,
  "logLik": -138.931976946,
  "time": 0.908391,
  "message": "Converged",
  "status": 0,
  "cond_prob": [
    [
      [0.034738851092, 0.13035577229, 0.067992838392, 0.26456543595, 0.96526114891, 0.86964422771, 0.93200716161, 0.73543456405, 0.045209016355, 0.16478134477, 0.087593018415, 0.32123219567, 0.95479098365, 0.83521865523, 0.91240698159, 0.67876780433, 0.087008058773, 0.28430416133, 0.16199047714, 0.48727265688, 0.91299194123, 0.71569583867, 0.83800952286, 0.51272734312, 0.080713843867, 0.26809249838, 0.15120546764, 0.46736241502, 0.91928615613, 0.73190750162, 0.84879453236, 0.53263758498, 0.032349302912, 0.12215793898, 0.063453172764, 0.25024138866, 0.96765069709, 0.87784206102, 0.93654682724, 0.74975861134, 0.066905630581, 0.23012174919, 0.12696192586, 0.41729090817, 0.93309436942, 0.76987825081, 0.87303807414, 0.58270909183, 0.05474870562, 0.19430574664],
      [0.10507457506, 0.36609048821, 0.94525129438, 0.80569425336, 0.89492542494, 0.63390951179, 0.054433401396, 0.19364448504, 0.10456405386, 0.36566165793, 0.9455665986, 0.80635551496, 0.89543594614, 0.63433834207, 0.050248910343, 0.18070047778, 0.096896295567, 0.346041797, 0.94975108966, 0.81929952222, 0.90310370443, 0.653958203, 0.043748030381, 0.15998612065, 0.084859474877, 0.31336822621, 0.95625196962, 0.84001387935, 0.91514052512, 0.68663177379, 0.055717300459, 0.19730781045, 0.10685065963, 0.37065364017, 0.94428269954, 0.80269218955, 0.89314934037, 0.62934635983, 0.050575843378, 0.18155800561, 0.097463155292, 0.34703767655, 0.94942415662, 0.81844199439, 0.90253684471, 0.65296232345, 0.063467792153, 0.22028943071, 0.12083799241, 0.40373996304],
      [0.93653220785, 0.77971056929, 0.87916200759, 0.59626003696, 0.046987043729, 0.17027818934, 0.090850681109, 0.32954864731, 0.95301295627, 0.82972181066, 0.90914931889, 0.67045135269, 0.039984755429, 0.14772223902, 0.077836699102, 0.29341604695, 0.96001524457, 0.85227776098, 0.9221633009, 0.70658395305, 0.044292357683, 0.16171884044, 0.085867032582, 0.31609563501, 0.95570764232, 0.83828115956, 0.91413296742, 0.68390436499, 0.057899870627, 0.20380664673, 0.1107955067, 0.38005708473, 0.94210012937, 0.79619335327, 0.8892044933, 0.61994291527, 0.061067248912, 0.21312625893, 0.11649562861, 0.39335357634, 0.93893275109, 0.78687374107, 0.88350437139, 0.60664642366, 0.048568980516, 0.17529451269, 0.093774632119, 0.33741503163, 0.95143101948, 0.82470548731],
      [0.90622536788, 0.66258496837, 0.047859554854, 0.17323685554, 0.092502959767, 0.33457955867, 0.95214044515, 0.82676314446, 0.90749704023, 0.66542044133, 0.088196139368, 0.28736689223, 0.16402709259, 0.49103428004, 0.91180386063, 0.71263310777, 0.83597290741, 0.50896571996, 0.051292576394, 0.18369377161, 0.098759298067, 0.35011965923, 0.94870742361, 0.81630622839, 0.90124070193, 0.64988034077, 0.032161311236, 0.12149521368, 0.063092688953, 0.24903570231, 0.96783868876, 0.87850478632, 0.93690731105, 0.75096429769, 0.050355213647, 0.180833549, 0.097050208239, 0.34585182057, 0.94964478635, 0.819166451, 0.90294979176, 0.65414817943, 0.063586176344, 0.22047197586, 0.1210139406, 0.40372774785, 0.93641382366, 0.77952802414, 0.8789860594, 0.59627225215]
    ],
    [
      [0.082320555531, 0.27235506871, 0.15398970592, 0.47275541117, 0.91767944447, 0.72764493129, 0.84601029408, 0.52724458883, 0.054868336328, 0.19465503795, 0.10528935724, 0.36658144833, 0.94513166367, 0.80534496205, 0.89471064276, 0.63341855167, 0.062333817897, 0.21705009848, 0.11881875073, 0.39928505416, 0.9376661821, 0.78294990152, 0.88118124927, 0.60071494584, 0.049812765445, 0.17912739086, 0.096050479663, 0.34320402119, 0.95018723455, 0.82087260914, 0.90394952034, 0.65679597881, 0.058178657583, 0.20465599404, 0.11130353986, 0.38132174044, 0.94182134242, 0.79534400596, 0.88869646014, 0.61867825956, 0.037171030967, 0.13849772469, 0.072574624004, 0.27829792518, 0.96282896903, 0.86150227531, 0.927425376, 0.72170207482, 0.051217100983, 0.18361597668],
      [0.098653750753, 0.3503053155, 0.94878289902, 0.81638402332, 0.90134624925, 0.6496946845, 0.044320727101, 0.16190659786, 0.085939263978, 0.31660370554, 0.9556792729, 0.83809340214, 0.91406073602, 0.68339629446, 0.041300114489, 0.15206075507, 0.080301718415, 0.30059062977, 0.95869988551, 0.84793924493, 0.91969828159, 0.69940937023, 0.081103872406, 0.26911396161, 0.15187808843, 0.46863696721, 0.91889612759, 0.73088603839, 0.84812191157, 0.53136303279, 0.06898729747, 0.23611078314, 0.13067836318, 0.42559573041, 0.93101270253, 0.76388921686, 0.86932163682, 0.57440426959, 0.043438937494, 0.15896373851, 0.084279646343, 0.31167130702, 0.95656106251, 0.84103626149, 0.91572035366, 0.68832869298, 0.061992026095, 0.21580898921, 0.11815126065, 0.39711954704],
      [0.93800797391, 0.78419101079, 0.88184873935, 0.60288045296, 0.034754401515, 0.13018788408, 0.067979794502, 0.26373250071, 0.96524559848, 0.86981211592, 0.9320202055, 0.73626749929, 0.039087677969, 0.14475773977, 0.076154441213, 0.28850070392, 0.96091232203, 0.85524226023, 0.92384555879, 0.71149929608, 0.044177526591, 0.16130302854, 0.08564424367, 0.31533370124, 0.95582247341, 0.83869697146, 0.91435575633, 0.68466629876, 0.07155145726, 0.24294765966, 0.13513081224, 0.4342749751, 0.92844854274, 0.75705234034, 0.86486918776, 0.5657250249, 0.073678589581, 0.24879979579, 0.138865767, 0.44200439788, 0.92632141042, 0.75120020421, 0.861134233, 0.55799560212, 0.070711293439, 0.24078304384, 0.13368967685, 0.43164379391, 0.92928870656, 0.75921695616],
