{
  "W": [
    [60, 11, 11, 18],
    [52, 15, 20, 13],
    [62, 6, 17, 15],
    [52, 15, 12, 21],
    [62, 13, 8, 17],
    [66, 9, 5, 20],
    [64, 13, 10, 13],
    [69, 15, 9, 7],
    [65, 12, 12, 11],
    [63, 8, 19, 10],
    [69, 9, 11, 11],
    [72, 8, 15, 5],
    [32, 40, 10, 18],
    [14, 60, 15, 11],
    [12, 58, 14, 16],
    [23, 60, 10, 7],
    [20, 60, 13, 7],
    [18, 57, 10, 15],
    [11, 65, 10, 14],
    [10, 66, 10, 14],
    [8, 59, 17, 16],
    [18, 56, 15, 11],
    [11, 69, 10, 10],
    [13, 66, 9, 12],
    [11, 68, 10, 11],
    [17, 8, 59, 16],
    [12, 13, 64, 11],
    [14, 15, 59, 12],
    [7, 16, 66, 11],
    [14, 13, 62, 11],
    [8, 14, 70, 8],
    [22, 9, 52, 17],
    [7, 12, 70, 11],
    [10, 16, 63, 11],
    [4, 14, 69, 13],
    [11, 17, 63, 9],
    [11, 11, 67, 11],
    [19, 12, 34, 35],
    [9, 12, 12, 67],
    [10, 12, 12, 66],
    [9, 18, 9, 64],
    [16, 15, 11, 58],
    [11, 13, 15, 61],
    [8, 9, 8, 75],
    [16, 17, 17, 50],
    [8, 10, 17, 65],
    [14, 13, 12, 61],
    [12, 9, 12, 67],
    [12, 21, 11, 56],
    [12, 13, 14, 61]
  ],
  "X": [
    [39, 61],
    [41, 59],
    [42, 58],
    [35, 65],
    [44, 56],
    [51, 49],
    [39, 61],
    [39, 61],
    [32, 68],
    [37, 63],
    [40, 60],
    [38, 62],
    [51, 49],
    [45, 55],
    [59, 41],
    [34, 66],
    [35, 65],
    [48, 52],
    [49, 51],
    [59, 41],
    [48, 52],
    [50, 50],
    [49, 51],
    [53, 47],
    [47, 53],
    [52, 48],
    [57, 43],
    [50, 50],
    [53, 47],
    [49, 51],
    [49, 51],
    [42, 58],
    [50, 50],
    [61, 39],
    [55, 45],
    [49, 51],
    [59, 41],
    [51, 49],
    [64, 36],
    [66, 34],
    [66, 34],
    [63, 37],
    [66, 34],
    [66, 34],
    [72, 28],
    [68, 32],
    [50, 50],
    [63, 37],
    [63, 37],
    [66, 34]
  ],
  "real_prob": [
    [0.29230322318, 0.70769677682],
    [0.46352887682, 0.53647112318],
    [0.53250918183, 0.46749081817],
    [0.75295681214, 0.24704318786]
  ],
  "method": "exact",
  "prob": [
    [0.28509414718, 0.71490585282],
    [0.46801662044, 0.53198337956],
    [0.52974577431, 0.47025422569],
    [0.76034345807, 0.23965654193]
  ],
  "iterations": 14,
  "logLik": -155.0843248291,
  "time": 0.24884,
  "message": "Converged",
  "status": 0,
  "cond_prob": [
    [
      [0.25783248971, 0.43531384535, 0.49742499697, 0.73721796398, 0.74216751029, 0.56468615465, 0.50257500303, 0.26278203602, 0.27187332051, 0.45305884793, 0.51535673882, 0.75073614141, 0.72812667949, 0.54694115207, 0.48464326118, 0.24926385859, 0.29504301192, 0.48154143529, 0.5438677334, 0.77148887879, 0.70495698808, 0.51845856471, 0.4561322666, 0.22851112121, 0.20176228922, 0.35920089903, 0.41850546136, 0.67134675899, 0.79823771078, 0.64079910097, 0.58149453864, 0.32865324101, 0.31477270984, 0.50483558527, 0.56687073332, 0.78742726558, 0.68522729016, 0.49516441473, 0.43312926668, 0.21257273442, 0.39006025966, 0.58670387222, 0.64563759995, 0.83737500064, 0.60993974034, 0.41329612778, 0.35436240005, 0.16262499936, 0.27945906225, 0.46255688515],
      [0.52492321243, 0.75785756807, 0.72054093775, 0.53744311485, 0.47507678757, 0.24214243193, 0.30594757867, 0.49446973072, 0.55665142077, 0.78038690343, 0.69405242133, 0.50553026928, 0.44334857923, 0.21961309657, 0.2207838668, 0.38599413355, 0.44665868558, 0.69611043898, 0.7792161332, 0.61400586645, 0.55334131442, 0.30388956102, 0.26202621817, 0.44065274444, 0.50283308966, 0.74132975965, 0.73797378183, 0.55934725556, 0.49716691034, 0.25867024035, 0.30328794139, 0.49136449717, 0.55359654026, 0.77829905698, 0.69671205861, 0.50863550283, 0.44640345974, 0.22170094302, 0.30365856591, 0.49176783636, 0.55398336942, 0.77853800447, 0.69634143409, 0.50823216364, 0.44601663058, 0.22146199553, 0.32350141743, 0.51479216947, 0.57659372297, 0.79390725742],
      [0.67649858257, 0.48520783053, 0.42340627703, 0.20609274258, 0.25561418466, 0.4321825938, 0.49414212237, 0.73439217739, 0.74438581534, 0.5678174062, 0.50585787763, 0.26560782261, 0.36769201221, 0.56337344292, 0.6234867375, 0.82395136495, 0.63230798779, 0.43662655708, 0.3765132625, 0.17604863505, 0.1938897306, 0.34766531585, 0.40620028126, 0.6598020618, 0.8061102694, 0.65233468415, 0.59379971874, 0.3401979382, 0.19655640544, 0.35150944937, 0.4102759932, 0.66353100244, 0.80344359456, 0.64849055063, 0.5897240068, 0.33646899756, 0.27951521833, 0.46242786997, 0.52472720465, 0.75753769569, 0.72048478167, 0.53757213003, 0.47527279535, 0.24246230431, 0.27967238403, 0.46258799403, 0.52487621412, 0.75761585876, 0.72032761597, 0.53741200597],
      [0.47512378588, 0.24238414124, 0.37147735561, 0.56734742482, 0.62726758615, 0.82625861033, 0.62852264439, 0.43265257518, 0.37273241385, 0.17374138967, 0.25811306587, 0.43539632335, 0.49741057715, 0.73692078648, 0.74188693413, 0.56460367665, 0.50258942285, 0.26307921352, 0.30488636014, 0.49306601871, 0.55521764617, 0.7792803434, 0.69511363986, 0.50693398129, 0.44478235383, 0.2207196566, 0.28980836295, 0.47498088492, 0.53726082637, 0.76658186841, 0.71019163705, 0.52501911508, 0.46273917363, 0.23341813159, 0.32454437294, 0.5158797544, 0.57762383483, 0.794520404, 0.67545562706, 0.4841202456, 0.42237616517, 0.205479596, 0.27028211449, 0.45086522212, 0.51307738887, 0.74884434068, 0.72971788551, 0.54913477788, 0.48692261113, 0.25115565932]
    ],
    [
      [0.28362821301, 0.46749409297, 0.52980316437, 0.76124880859, 0.71637178699, 0.53250590703, 0.47019683563, 0.23875119141, 0.33106720211, 0.52330237776, 0.5848676449, 0.79933939911, 0.66893279789, 0.47669762224, 0.4151323551, 0.20066060089, 0.27191658147, 0.45292534105, 0.51515815092, 0.75041306997, 0.72808341853, 0.54707465895, 0.48484184908, 0.24958693003, 0.28535273788, 0.46954098819, 0.53182773596, 0.76265858641, 0.71464726212, 0.53045901181, 0.46817226404, 0.23734141359, 0.26451915914, 0.44357869452, 0.50571172241, 0.74328017764, 0.73548084086, 0.55642130548, 0.49428827759, 0.25671982236, 0.25916349034, 0.43669560511, 0.49871363684, 0.73787487835, 0.74083650966, 0.56330439489, 0.50128636316, 0.26212512165, 0.21051057604, 0.37139049788],
      [0.4312628094, 0.68238745632, 0.78948942396, 0.62860950212, 0.5687371906, 0.31761254368, 0.25850661058, 0.43585914604, 0.4978660653, 0.73722903662, 0.74149338942, 0.56414085396, 0.5021339347, 0.26277096338, 0.3673422356, 0.5630031153, 0.62313387849, 0.82373576859, 0.6326577644, 0.4369968847, 0.37686612151, 0.17626423141, 0.29114983418, 0.47660182353, 0.53887505026, 0.76773820506, 0.70885016582, 0.52339817647, 0.46112494974, 0.23226179494, 0.26454151915, 0.44358535122, 0.50571076323, 0.74325713721, 0.73545848085, 0.55641464878, 0.49428923677, 0.25674286279, 0.34678107337, 0.54080500346, 0.60183061715, 0.81035470962, 0.65321892663, 0.45919499654, 0.39816938285, 0.18964529038, 0.24230056306, 0.41486280051, 0.47645964019, 0.72052308369],
      [0.75769943694, 0.58513719949, 0.52354035981, 0.27947691631, 0.26814769336, 0.44846270836, 0.51075548509, 0.74740376774, 0.73185230664, 0.55153729164, 0.48924451491, 0.25259623226, 0.29295198188, 0.47917809295, 0.54157500664, 0.77002186343, 0.70704801812, 0.52082190705, 0.45842499336, 0.22997813657, 0.29907676609, 0.48653003911, 0.54887357706, 0.7751704095, 0.70092323391, 0.51346996089, 0.45112642294, 0.2248295905, 0.29825805357, 0.48553257506, 0.54787785186, 0.77445217494, 0.70174194643, 0.51446742494, 0.45212214814, 0.22554782506, 0.30832584075, 0.49749707878, 0.55971664416, 0.78270826336, 0.69167415925, 0.50250292122, 0.44028335584, 0.21729173664, 0.2649362932, 0.44442555293, 0.50668433974, 0.7443627328, 0.7350637068, 0.55557444707],
