{
  "W": [
    [64, 13, 12, 11],
    [74, 10, 6, 10],
    [57, 17, 14, 12],
    [59, 9, 19, 13],
    [63, 11, 12, 14],
    [60, 15, 13, 12],
    [58, 17, 13, 12],
    [59, 14, 14, 13],
    [63, 13, 14, 10],
    [68, 13, 7, 12],
    [61, 12, 9, 18],
    [62, 13, 15, 10],
    [33, 39, 14, 14],
    [10, 67, 8, 15],
    [7, 64, 16, 13],
    [13, 54, 17, 16],
    [20, 60, 8, 12],
    [9, 63, 17, 11],
    [9, 67, 14, 10],
    [15, 64, 9, 12],
    [12, 62, 16, 10],
    [10, 63, 11, 16],
    [14, 62, 14, 10],
    [12, 59, 16, 13],
    [14, 61, 11, 14],
    [8, 14, 61, 17],
    [13, 11, 67, 9],
    [20, 12, 58, 10],
    [13, 13, 58, 16],
    [21, 11, 60, 8],
    [12, 12, 63, 13],
    [14, 12, 61, 13],
    [9, 14, 65, 12],
    [11, 9, 64, 16],
    [11, 17, 63, 9],
    [21, 17, 50, 12],
    [11, 15, 64, 10],
    [10, 21, 37, 32],
    [14, 14, 13, 59],
    [7, 10, 14, 69],
    [9, 11, 15, 65],
    [13, 8, 10, 69],
    [8, 9, 15, 68],
    [9, 12, 20, 59],
    [13, 13, 12, 62],
    [16, 9, 11, 64],
    [15, 15, 10, 60],
    [20, 10, 10, 60],
    [12, 9, 14, 65],
    [14, 10, 16, 60]
  ],
  "X": [
    [14, 86],
    [12, 88],
    [9, 91],
    [5, 95],
    [8, 92],
    [9, 91],
    [10, 90],
    [12, 88],
    [11, 89],
    [13, 87],
    [7, 93],
    [11, 89],
    [24, 76],
    [29, 71],
    [40, 60],
    [22, 78],
    [35, 65],
    [35, 65],
    [36, 64],
    [43, 57],
    [39, 61],
    [39, 61],
    [32, 68],
    [32, 68],
    [42, 58],
    [24, 76],
    [25, 75],
    [17, 83],
    [19, 81],
    [24, 76],
    [21, 79],
    [23, 77],
    [24, 76],
    [24, 76],
    [16, 84],
    [19, 81],
    [28, 72],
    [20, 80],
    [15, 85],
    [11, 89],
    [8, 92],
    [11, 89],
    [11, 89],
    [13, 87],
    [13, 87],
    [5, 95],
    [11, 89],
    [10, 90],
    [13, 87],
    [12, 88]
  ],
  "real_prob": [
    [0.01984079407, 0.98015920593],
    [0.47920760925, 0.52079239075],
    [0.26913480036, 0.73086519964],
    [0.042736801969, 0.95726319803]
  ],
  "method": "exact",
  "prob": [
    [0.020558173625, 0.97944182638],
    [0.50021591361, 0.49978408639],
    [0.23189804355, 0.76810195645],
    [0.036127869214, 0.96387213079]
  ],
  "iterations": 16,
  "logLik": -133.1206907315,
  "time": 0.157381,
  "message": "Converged",
  "status": 0,
  "cond_prob": [
    [
      [0.030098043269, 0.60270564374, 0.30608461786, 0.05141240435, 0.96990195673, 0.39729435626, 0.69391538214, 0.94858759565, 0.036615378218, 0.65457682494, 0.35359436468, 0.062312757441, 0.96338462178, 0.34542317506, 0.64640563532, 0.93768724256, 0.011586466071, 0.36023689352, 0.14107830012, 0.020037336863, 0.98841353393, 0.63976310648, 0.85892169988, 0.97996266314, 0.0077760727735, 0.27579436311, 0.099143898521, 0.01348679742, 0.99222392723, 0.72420563689, 0.90085610148, 0.98651320258, 0.014671658392, 0.42144103403, 0.17376926584, 0.025328782636, 0.98532834161, 0.57855896597, 0.82623073416, 0.97467121736, 0.013175667135, 0.39217980922, 0.1579694084, 0.022763377033, 0.98682433287, 0.60782019078, 0.8420305916, 0.97723662297, 0.013676272564, 0.40033079134],
      [0.16290282852, 0.023617997321, 0.98632372744, 0.59966920866, 0.83709717148, 0.97638200268, 0.02072515358, 0.50667594529, 0.23004664825, 0.035623048407, 0.97927484642, 0.49332405471, 0.76995335175, 0.96437695159, 0.019433241932, 0.49076338492, 0.21867432224, 0.033434124295, 0.98056675807, 0.50923661508, 0.78132567776, 0.96656587571, 0.031426744971, 0.61555532923, 0.31670920544, 0.053649801986, 0.96857325503, 0.38444467077, 0.68329079456, 0.94635019801, 0.012250045287, 0.37761241332, 0.14889959757, 0.021183438862, 0.98774995471, 0.62238758668, 0.85110040243, 0.97881656114, 0.01893650699, 0.48378193741, 0.21405848337, 0.032589412969, 0.98106349301, 0.51621806259, 0.78594151663, 0.96741058703, 0.020932305345, 0.50228181203, 0.22978552245, 0.035946138594],
      [0.97906769466, 0.49771818797, 0.77021447755, 0.96405386141, 0.01441056243, 0.40500066092, 0.16850673745, 0.024853079641, 0.98558943757, 0.59499933908, 0.83149326255, 0.97514692036, 0.025206085455, 0.5473536007, 0.26450502393, 0.043142044151, 0.97479391455, 0.4526463993, 0.73549497607, 0.95685795585, 0.011644378338, 0.3544503394, 0.14037274579, 0.020123004741, 0.98835562166, 0.6455496606, 0.85962725421, 0.97987699526, 0.023803263244, 0.53345092092, 0.25343226286, 0.040785114728, 0.97619673676, 0.46654907908, 0.74656773714, 0.95921488527, 0.019957235441, 0.48724043321, 0.22041819219, 0.034284392891, 0.98004276456, 0.51275956679, 0.77958180781, 0.96571560711, 0.01971828184, 0.48400172657, 0.21825923886, 0.0338790439, 0.98028171816, 0.51599827343],
      [0.78174076114, 0.9661209561, 0.032147675567, 0.60953629419, 0.31670247222, 0.054761649009, 0.96785232443, 0.39046370581, 0.68329752778, 0.94523835099, 0.025316133515, 0.54864259192, 0.26544285783, 0.043327997336, 0.97468386649, 0.45135740808, 0.73455714217, 0.95667200266, 0.026054744447, 0.5562128017, 0.27135661822, 0.044570203003, 0.97394525555, 0.4437871983, 0.72864338178, 0.955429797, 0.018015795692, 0.46123058762, 0.20296853963, 0.030992287302, 0.98198420431, 0.53876941238, 0.79703146037, 0.9690077127, 0.018931315186, 0.47403634148, 0.21134829597, 0.032546718066, 0.98106868481, 0.52596365852, 0.78865170403, 0.96745328193, 0.032338530791, 0.61110191881, 0.31808362353, 0.055080261607, 0.96766146921, 0.38889808119, 0.68191637647, 0.94491973839]
    ],
    [
      [0.024039781148, 0.53671852143, 0.25563004917, 0.041187614778, 0.97596021885, 0.46328147857, 0.74436995083, 0.95881238522, 0.025946615542, 0.55603875767, 0.27084657576, 0.044394120845, 0.97405338446, 0.44396124233, 0.72915342424, 0.95560587916, 0.016628139618, 0.44347484165, 0.19067805621, 0.028641184778, 0.98337186038, 0.55652515835, 0.80932194379, 0.97135881522, 0.018596834804, 0.47156408544, 0.20889862018, 0.031986754148, 0.9814031652, 0.52843591456, 0.79110137982, 0.96801324585, 0.027122605728, 0.56788218941, 0.28021249318, 0.046371450701, 0.97287739427, 0.43211781059, 0.71978750682, 0.9536285493, 0.020661463421, 0.49812021768, 0.22719551499, 0.035484798662, 0.97933853658, 0.50187978232, 0.77280448501, 0.96451520134, 0.024168799894, 0.53835195784],
      [0.25677265121, 0.041406275643, 0.97583120011, 0.46164804216, 0.74322734879, 0.95859372436, 0.022882124934, 0.52382690117, 0.2459948388, 0.039234978111, 0.97711787507, 0.47617309883, 0.7540051612, 0.96076502189, 0.026995817732, 0.56648739436, 0.27915841425, 0.046157558993, 0.97300418227, 0.43351260564, 0.72084158575, 0.95384244101, 0.012412280649, 0.37083980136, 0.14867008849, 0.021441412774, 0.98758771935, 0.62916019864, 0.85132991151, 0.97855858723, 0.018267150255, 0.46720035862, 0.20593704719, 0.031427615702, 0.98173284974, 0.53279964138, 0.79406295281, 0.9685723843, 0.028380670251, 0.57852522774, 0.28945613543, 0.048474154375, 0.97161932975, 0.42147477226, 0.71054386457, 0.95152584563, 0.020289028176, 0.49451488571, 0.22423863763, 0.034858360184],
      [0.97971097182, 0.50548511429, 0.77576136237, 0.96514163982, 0.027614480151, 0.57878024374, 0.28642964975, 0.04723539693, 0.97238551985, 0.42121975626, 0.71357035025, 0.95276460307, 0.021007486454, 0.5104762944, 0.23264796383, 0.036103089236, 0.97899251355, 0.4895237056, 0.76735203617, 0.96389691076, 0.012576645738, 0.38144248273, 0.15186243157, 0.021738560074, 0.98742335426, 0.61855751727, 0.84813756843, 0.97826143993, 0.027058790275, 0.57713182501, 0.28348464752, 0.046323690598, 0.97294120972, 0.42286817499, 0.71651535248, 0.9536763094, 0.021812963376, 0.52025012225, 0.23969772318, 0.03746734331, 0.97818703662, 0.47974987775, 0.76030227682, 0.96253265669, 0.020881753097, 0.50654881676, 0.23082614791, 0.035880601065, 0.9791182469, 0.49345118324],
