{
  "W": [
    [64, 13, 13, 10],
    [64, 14, 7, 15],
    [54, 20, 14, 12],
    [62, 14, 9, 15],
    [67, 12, 12, 9],
    [61, 19, 12, 8],
    [54, 20, 15, 11],
    [64, 14, 10, 12],
    [58, 17, 10, 15],
    [68, 7, 10, 15],
    [55, 13, 13, 19],
    [66, 10, 13, 11],
    [33, 39, 16, 12],
    [10, 70, 10, 10],
    [16, 57, 12, 15],
    [14, 60, 10, 16],
    [9, 71, 10, 10],
    [16, 58, 16, 10],
    [18, 56, 17, 9],
    [10, 62, 15, 13],
    [15, 54, 13, 18],
    [18, 57, 15, 10],
    [11, 61, 11, 17],
    [11, 57, 15, 17],
    [11, 65, 6, 18],
    [14, 12, 64, 10],
    [8, 15, 64, 13],
    [10, 13, 65, 12],
    [15, 13, 63, 9],
    [9, 9, 69, 13],
    [9, 8, 66, 17],
    [14, 14, 58, 14],
    [10, 10, 73, 7],
    [17, 10, 60, 13],
    [15, 13, 61, 11],
    [15, 16, 59, 10],
    [7, 15, 64, 14],
    [12, 17, 37, 34],
    [9, 8, 12, 71],
    [14, 8, 18, 60],
    [16, 11, 9, 64],
    [12, 12, 10, 66],
    [18, 19, 8, 55],
    [11, 15, 10, 64],
    [15, 10, 9, 66],
    [14, 15, 11, 60],
    [16, 10, 12, 62],
    [16, 10, 12, 62],
    [15, 15, 15, 55],
    [10, 12, 17, 61]
  ],
  "X": [
    [88, 12],
    [84, 16],
    [83, 17],
    [82, 18],
    [90, 10],
    [88, 12],
    [89, 11],
    [85, 15],
    [78, 22],
    [87, 13],
    [79, 21],
    [84, 16],
    [73, 27],
    [70, 30],
    [78, 22],
    [70, 30],
    [69, 31],
    [83, 17],
    [81, 19],
    [76, 24],
    [74, 26],
    [75, 25],
    [73, 27],
    [67, 33],
    [76, 24],
    [79, 21],
    [74, 26],
    [77, 23],
    [83, 17],
    [69, 31],
    [71, 29],
    [71, 29],
    [79, 21],
    [79, 21],
    [71, 29],
    [82, 18],
    [78, 22],
    [66, 34],
    [62, 38],
    [58, 42],
    [67, 33],
    [63, 37],
    [71, 29],
    [66, 34],
    [61, 39],
    [67, 33],
    [72, 28],
    [64, 36],
    [71, 29],
    [55, 45]
  ],
  "real_prob": [
    [0.97175078832, 0.028249211682],
    [0.7223869441, 0.2776130559],
    [0.76717463836, 0.23282536164],
    [0.57677746429, 0.42322253571]
  ],
  "method": "exact",
  "prob": [
    [0.94976468772, 0.050235312281],
    [0.73975769112, 0.26024230888],
    [0.7700954105, 0.2299045895],
    [0.53078221066, 0.46921778934]
  ],
  "iterations": 14,
  "logLik": -140.8000879817,
  "time": 0.184206,
  "message": "Converged",
  "status": 0,
  "cond_prob": [
    [
      [0.95998983439, 0.7836984753, 0.80983971674, 0.58446541026, 0.040010165612, 0.2163015247, 0.19016028326, 0.41553458974, 0.94780298262, 0.73270220897, 0.76312808453, 0.516058773, 0.05219701738, 0.26729779103, 0.23687191547, 0.483941227, 0.94887605313, 0.73736247807, 0.76737557931, 0.52251545493, 0.051123946868, 0.26263752193, 0.23262442069, 0.47748454507, 0.94033864348, 0.70403958702, 0.73654532367, 0.48090279818, 0.059661356517, 0.29596041298, 0.26345467633, 0.51909720182, 0.96564276639, 0.80923568126, 0.83296839017, 0.62172064382, 0.034357233605, 0.19076431874, 0.16703160983, 0.37827935618, 0.96061039285, 0.7865430419, 0.81241019649, 0.58869073523, 0.039389607147, 0.2134569581, 0.18758980351, 0.41130926477, 0.97005235677, 0.83074701814],
      [0.85222010818, 0.65626643172, 0.029947643232, 0.16925298186, 0.14777989182, 0.34373356828, 0.94900902584, 0.73744339871, 0.7675107304, 0.522008955, 0.050990974155, 0.26255660129, 0.2324892696, 0.477991045, 0.92559913118, 0.65246188161, 0.68809643241, 0.42282893868, 0.074400868821, 0.34753811839, 0.31190356759, 0.57717106132, 0.95726995069, 0.77175138598, 0.79897405946, 0.56757620379, 0.042730049313, 0.22824861402, 0.20102594054, 0.43242379621, 0.93769735497, 0.69467352223, 0.72776154002, 0.47026261406, 0.062302645026, 0.30532647777, 0.27223845998, 0.52973738594, 0.94057666586, 0.70460689531, 0.73711526713, 0.48121569343, 0.059423334145, 0.29539310469, 0.26288473287, 0.51878430657, 0.9288963658, 0.66449220307, 0.69933768252, 0.43681842404],
      [0.071103634199, 0.33550779693, 0.30066231748, 0.56318157596, 0.93736180554, 0.69474355844, 0.72766009479, 0.47177319061, 0.062638194462, 0.30525644156, 0.27233990521, 0.52822680939, 0.95833572437, 0.77785125537, 0.80432948445, 0.57847686938, 0.041664275627, 0.22214874463, 0.19567051555, 0.42152313062, 0.93847339199, 0.69874253203, 0.73140044982, 0.47642600575, 0.061526608005, 0.30125746797, 0.26859955018, 0.52357399425, 0.93512380604, 0.68672649731, 0.72015761163, 0.462472832, 0.064876193956, 0.31327350269, 0.27984238837, 0.537527168, 0.96781689126, 0.8207661311, 0.84316256352, 0.64198931196, 0.032183108743, 0.1792338689, 0.15683743648, 0.35801068804, 0.96172304194, 0.79267930959, 0.81781544878, 0.59956458654, 0.038276958063, 0.20732069041],
      [0.18218455122, 0.40043541346, 0.95491622411, 0.76331116375, 0.79104882747, 0.55844716879, 0.045083775888, 0.23668883625, 0.20895117253, 0.44155283121, 0.9500565245, 0.7432430254, 0.77264093709, 0.53164980992, 0.049943475497, 0.2567569746, 0.22735906291, 0.46835019008, 0.94616898244, 0.72769232831, 0.75831036452, 0.51158401346, 0.053831017559, 0.27230767169, 0.24168963548, 0.48841598654, 0.94919262863, 0.73983641239, 0.76949517383, 0.52731841278, 0.050807371371, 0.26016358761, 0.23050482617, 0.47268158722, 0.93180073764, 0.67503667434, 0.70919124283, 0.44913134154, 0.06819926236, 0.32496332566, 0.29080875717, 0.55086865846, 0.95750165187, 0.77435709917, 0.80113072336, 0.57374922463, 0.042498348132, 0.22564290083, 0.19886927664, 0.42625077537]
    ],
    [
      [0.95566629979, 0.76628735829, 0.79379567349, 0.56223004001, 0.044333700209, 0.23371264171, 0.20620432651, 0.43776995999, 0.94705385653, 0.73127764591, 0.76160855997, 0.51626589394, 0.052946143474, 0.26872235409, 0.23839144003, 0.48373410606, 0.95338926174, 0.75682535468, 0.78512368139, 0.54952820678, 0.046610738263, 0.24317464532, 0.21487631861, 0.45047179322, 0.96516313172, 0.80827319643, 0.83192427438, 0.62264135388, 0.034836868279, 0.19172680357, 0.16807572562, 0.37735864612, 0.93107702039, 0.67246382365, 0.7067806286, 0.44617454078, 0.068922979612, 0.32753617635, 0.2932193714, 0.55382545922, 0.9402159372, 0.70516386021, 0.7373863835, 0.48407319838, 0.059784062803, 0.29483613979, 0.2626136165, 0.51592680162, 0.93533599228, 0.68730293155],
      [0.72072038659, 0.46294804602, 0.064664007724, 0.31269706845, 0.27927961341, 0.53705195398, 0.95538747911, 0.76513487877, 0.79273846186, 0.5606955293, 0.044612520892, 0.23486512123, 0.20726153814, 0.4393044707, 0.95608988061, 0.76806669858, 0.79542398622, 0.56464352853, 0.043910119392, 0.23193330142, 0.20457601378, 0.43535647147, 0.93201265084, 0.6755670662, 0.7097154867, 0.44952669894, 0.067987349161, 0.3244329338, 0.2902845133, 0.55047330106, 0.96336372486, 0.80005070878, 0.82449380111, 0.61035985212, 0.036636275145, 0.19994929122, 0.17550619889, 0.38964014788, 0.95844330922, 0.77835486449, 0.80478304724, 0.57924706033, 0.04155669078, 0.22164513551, 0.19521695276, 0.42075293967, 0.93728479934, 0.69449662956, 0.72742563506, 0.47151150612],
      [0.062715200656, 0.30550337044, 0.27257436494, 0.52848849388, 0.95091917727, 0.74715238761, 0.77618208507, 0.53732849694, 0.04908082273, 0.25284761239, 0.22381791493, 0.46267150306, 0.9312818407, 0.67334172731, 0.70758567654, 0.44731297057, 0.068718159296, 0.32665827269, 0.29241432346, 0.55268702943, 0.95579237022, 0.76729008783, 0.79464948459, 0.56430133983, 0.044207629777, 0.23270991217, 0.20535051541, 0.43569866017, 0.94959881851, 0.74175190282, 0.77122209397, 0.53017530916, 0.050401181488, 0.25824809718, 0.22877790603, 0.46982469084, 0.95974013119, 0.78427015603, 0.81013064518, 0.58804544568, 0.040259868814, 0.21572984397, 0.18986935482, 0.41195455432, 0.95559508473, 0.76650735193, 0.79392710647, 0.56330582382, 0.044404915269, 0.23349264807],
