{
  "W": [
    [65, 12, 11, 12],
    [69, 9, 10, 12],
    [60, 16, 12, 12],
    [63, 9, 12, 16],
    [68, 10, 13, 9],
    [64, 15, 9, 12],
    [60, 11, 11, 18],
    [66, 8, 10, 16],
    [64, 11, 11, 14],
    [67, 13, 9, 11],
    [64, 16, 11, 9],
    [56, 16, 10, 18],
    [34, 34, 18, 14],
    [8, 64, 12, 16],
    [13, 74, 5, 8],
    [17, 61, 7, 15],
    [10, 58, 17, 15],
    [14, 55, 21, 10],
    [12, 64, 12, 12],
    [16, 60, 15, 9],
    [16, 61, 14, 9],
    [10, 64, 5, 21],
    [18, 63, 9, 10],
    [11, 68, 11, 10],
    [9, 69, 14, 8],
    [12, 8, 63, 17],
    [19, 9, 63, 9],
    [13, 15, 60, 12],
    [14, 20, 57, 9],
    [11, 10, 67, 12],
    [10, 13, 62, 15],
    [9, 13, 62, 16],
    [11, 9, 71, 9],
    [9, 12, 63, 16],
    [13, 12, 63, 12],
    [11, 13, 66, 10],
    [10, 12, 64, 14],
    [10, 8, 44, 38],
    [10, 15, 12, 63],
    [12, 12, 17, 59],
    [11, 9, 14, 66],
    [16, 15, 7, 62],
    [14, 7, 14, 65],
    [11, 11, 16, 62],
    [14, 14, 11, 61],
    [8, 12, 12, 68],
    [10, 16, 12, 62],
    [14, 12, 18, 56],
    [11, 16, 16, 57],
    [13, 16, 7, 64]
  ],
  "X": [
    [31, 69],
    [16, 84],
    [22, 78],
    [26, 74],
    [25, 75],
    [30, 70],
    [34, 66],
    [24, 76],
    [32, 68],
    [29, 71],
    [25, 75],
    [25, 75],
    [31, 69],
    [37, 63],
    [52, 48],
    [40, 60],
    [45, 55],
    [44, 56],
    [39, 61],
    [46, 54],
    [40, 60],
    [47, 53],
    [47, 53],
    [46, 54],
    [47, 53],
    [27, 73],
    [25, 75],
    [31, 69],
    [25, 75],
    [24, 76],
    [23, 77],
    [25, 75],
    [23, 77],
    [28, 72],
    [17, 83],
    [26, 74],
    [28, 72],
    [24, 76],
    [42, 58],
    [30, 70],
    [26, 74],
    [31, 69],
    [25, 75],
    [36, 64],
    [28, 72],
    [35, 65],
    [32, 68],
    [23, 77],
    [25, 75],
    [38, 62]
  ],
  "real_prob": [
    [0.2354676433, 0.7645323567],
    [0.56710366951, 0.43289633049],
    [0.17015711263, 0.82984288737],
    [0.29298232703, 0.70701767297]
  ],
  "method": "exact",
  "prob": [
    [0.2141411475, 0.7858588525],
    [0.55938138782, 0.44061861218],
    [0.18696172579, 0.81303827421],
    [0.30111573889, 0.69888426111]
  ],
  "iterations": 13,
  "logLik": -143.2219697858,
  "time": 0.193068,
  "message": "Converged",
  "status": 0,
  "cond_prob": [
    [
      [0.25821924591, 0.62138951752, 0.22689376632, 0.35527028134, 0.74178075409, 0.37861048248, 0.77310623368, 0.64472971866, 0.12900556878, 0.41215800318, 0.11102578853, 0.18991132002, 0.87099443122, 0.58784199682, 0.88897421147, 0.81008867998, 0.16329680737, 0.47967018384, 0.14131545374, 0.23597359761, 0.83670319263, 0.52032981616, 0.85868454626, 0.76402640239, 0.2177192196, 0.56776681243, 0.19005570931, 0.30581995883, 0.7822807804, 0.43223318757, 0.80994429069, 0.69418004117, 0.21102553189, 0.55809829189, 0.18401069821, 0.29746020395, 0.78897446811, 0.44190170811, 0.81598930179, 0.70253979605, 0.23788384118, 0.59547831085, 0.20833982453, 0.33068342342, 0.76211615882, 0.40452168915, 0.79166017547, 0.66931657658, 0.28492270975, 0.65243607995],
      [0.25145220796, 0.38677034712, 0.71507729025, 0.34756392005, 0.74854779204, 0.61322965288, 0.20177844481, 0.54414667614, 0.17568780674, 0.28578569786, 0.79822155519, 0.45585332386, 0.82431219326, 0.71421430214, 0.26947125365, 0.63485317666, 0.23721519858, 0.36864911705, 0.73052874635, 0.36514682334, 0.76278480142, 0.63135088295, 0.23606523514, 0.59310044087, 0.20668410072, 0.32846969162, 0.76393476486, 0.40689955913, 0.79331589928, 0.67153030838, 0.19161023746, 0.52809152996, 0.16656728894, 0.27280446051, 0.80838976254, 0.47190847004, 0.83343271106, 0.72719553949, 0.18500736447, 0.51723101277, 0.16066224233, 0.26429272011, 0.81499263553, 0.48276898723, 0.83933775767, 0.73570727989, 0.18941240854, 0.52406906723, 0.16461870897, 0.26989236161],
      [0.81058759146, 0.47593093277, 0.83538129103, 0.73010763839, 0.16083381046, 0.47380181141, 0.13917441113, 0.23249504076, 0.83916618954, 0.52619818859, 0.86082558887, 0.76750495924, 0.24760323536, 0.60751696114, 0.2172301289, 0.34234402144, 0.75239676464, 0.39248303886, 0.7827698711, 0.65765597856, 0.1869422065, 0.51944130188, 0.16243194639, 0.26660263002, 0.8130577935, 0.48055869812, 0.83756805361, 0.73339736998, 0.23470326839, 0.59068820664, 0.20548033843, 0.32665903853, 0.76529673161, 0.40931179336, 0.79451966157, 0.67334096147, 0.2400942045, 0.59796442199, 0.21037644476, 0.33327325874, 0.7599057955, 0.40203557801, 0.78962355524, 0.66672674126, 0.17576620714, 0.50056209438, 0.15245272574, 0.25211656378, 0.82423379286, 0.49943790562],
      [0.84754727426, 0.74788343622, 0.24117669413, 0.59932499073, 0.21136537623, 0.33457697854, 0.75882330587, 0.40067500927, 0.78863462377, 0.66542302146, 0.19156762214, 0.52704746614, 0.1665699574, 0.27256035639, 0.80843237786, 0.47295253386, 0.8334300426, 0.72743964361, 0.22668009472, 0.57953974209, 0.19821023479, 0.31674306595, 0.77331990528, 0.42046025791, 0.80178976521, 0.68325693405, 0.23835840037, 0.59554077291, 0.20880468973, 0.33112378925, 0.76164159963, 0.40445922709, 0.79119531027, 0.66887621075, 0.21704414896, 0.56588735563, 0.18949172978, 0.3047765151, 0.78295585104, 0.43411264437, 0.81050827022, 0.6952234849, 0.22401997761, 0.57586887628, 0.195798473, 0.3134611395, 0.77598002239, 0.42413112372, 0.804201527, 0.6865388605]
    ],
    [
      [0.24417574759, 0.60395746093, 0.21405286568, 0.33840592963, 0.75582425241, 0.39604253907, 0.78594713432, 0.66159407037, 0.2279897359, 0.58249132892, 0.19933572819, 0.31862468689, 0.7720102641, 0.41750867108, 0.80066427181, 0.68137531311, 0.26263123663, 0.62688764035, 0.23092642, 0.3605745099, 0.73736876337, 0.37311235965, 0.76907358, 0.6394254901, 0.18980849149, 0.52529760039, 0.16494925881, 0.27051348437, 0.81019150851, 0.47470239961, 0.83505074119, 0.72948651563, 0.21297732953, 0.56118341639, 0.18576055561, 0.29995483211, 0.78702267047, 0.43881658361, 0.81423944439, 0.70004516789, 0.18968063297, 0.52524227039, 0.16482840366, 0.27037887521, 0.81031936703, 0.47475772961, 0.83517159634, 0.72962112479, 0.20792294066, 0.55356932319],
      [0.18121135976, 0.29357425173, 0.79207705934, 0.44643067681, 0.81878864024, 0.70642574827, 0.21013812896, 0.55709505429, 0.18319616523, 0.29641081797, 0.78986187104, 0.44290494571, 0.81680383477, 0.70358918203, 0.24077992389, 0.59950518774, 0.21096247523, 0.33426765578, 0.75922007611, 0.40049481226, 0.78903752477, 0.66573234422, 0.13902922776, 0.43331153142, 0.11983865809, 0.20358718355, 0.86097077224, 0.56668846858, 0.88016134191, 0.79641281645, 0.22382051746, 0.5766391343, 0.19556257355, 0.31345357076, 0.77617948254, 0.4233608657, 0.80443742645, 0.68654642924, 0.24292516022, 0.60232126378, 0.21291467278, 0.33688244104, 0.75707483978, 0.39767873622, 0.78708532722, 0.66311755896, 0.19308565066, 0.53045283082, 0.16788924034, 0.2746945861],
      [0.80691434934, 0.46954716918, 0.83211075966, 0.7253054139, 0.30301158309, 0.67162167361, 0.26822856602, 0.40756851227, 0.69698841691, 0.32837832639, 0.73177143398, 0.59243148773, 0.21190950889, 0.55885166138, 0.18483410757, 0.29845230726, 0.78809049111, 0.44114833862, 0.81516589243, 0.70154769274, 0.18197321283, 0.51183373348, 0.15796427183, 0.26030744321, 0.81802678717, 0.48816626652, 0.84203572817, 0.73969255679, 0.20727567046, 0.55184498496, 0.18066338414, 0.29260114209, 0.79272432954, 0.44815501504, 0.81933661586, 0.70739885791, 0.17982530044, 0.50828326121, 0.15604380572, 0.25753614901, 0.82017469956, 0.49171673879, 0.84395619428, 0.74246385099, 0.2642086704, 0.62829772766, 0.2324054167, 0.36232166055, 0.7357913296, 0.37170227234],
