{
  "W": [
    [72, 7, 14, 7],
    [62, 13, 15, 10],
    [62, 13, 15, 10],
    [70, 13, 9, 8],
    [59, 16, 10, 15],
    [63, 13, 6, 18],
    [57, 10, 12, 21],
    [63, 16, 11, 10],
    [63, 15, 5, 17],
    [66, 11, 11, 12],
    [68, 13, 10, 9],
    [63, 11, 10, 16],
    [29, 37, 18, 16],
    [17, 54, 16, 13],
    [9, 59, 16, 16],
    [11, 65, 10, 14],
    [12, 63, 12, 13],
    [8, 66, 12, 14],
    [13, 62, 10, 15],
    [16, 62, 12, 10],
    [8, 62, 11, 19],
    [15, 66, 9, 10],
    [10, 49, 22, 19],
    [7, 73, 15, 5],
    [13, 63, 8, 16],
    [12, 15, 64, 9],
    [10, 15, 59, 16],
    [12, 8, 70, 10],
    [14, 9, 66, 11],
    [14, 14, 55, 17],
    [14, 9, 70, 7],
    [9, 8, 70, 13],
    [15, 12, 56, 17],
    [13, 14, 67, 6],
    [12, 8, 61, 19],
    [13, 14, 64, 9],
    [14, 11, 61, 14],
    [17, 12, 33, 38],
    [10, 15, 13, 62],
    [21, 13, 12, 54],
    [17, 6, 17, 60],
    [14, 15, 15, 56],
    [3, 18, 16, 63],
    [16, 12, 7, 65],
    [12, 7, 19, 62],
    [11, 16, 10, 63],
    [9, 22, 8, 61],
    [7, 16, 15, 62],
    [12, 16, 11, 61],
    [13, 13, 12, 62]
  ],
  "X": [
    [70, 30],
    [50, 50],
    [53, 47],
    [58, 42],
    [45, 55],
    [62, 38],
    [56, 44],
    [57, 43],
    [66, 34],
    [61, 39],
    [62, 38],
    [56, 44],
    [33, 67],
    [35, 65],
    [34, 66],
    [28, 72],
    [28, 72],
    [24, 76],
    [24, 76],
    [33, 67],
    [28, 72],
    [25, 75],
    [29, 71],
    [21, 79],
    [21, 79],
    [51, 49],
    [53, 47],
    [53, 47],
    [63, 37],
    [49, 51],
    [62, 38],
    [53, 47],
    [59, 41],
    [61, 39],
    [53, 47],
    [49, 51],
    [55, 45],
    [48, 52],
    [41, 59],
    [38, 62],
    [43, 57],
    [36, 64],
    [36, 64],
    [34, 66],
    [47, 53],
    [34, 66],
    [35, 65],
    [34, 66],
    [44, 56],
    [41, 59]
  ],
  "real_prob": [
    [0.71774646606, 0.28225353394],
    [0.099461195604, 0.9005388044],
    [0.61592349116, 0.38407650884],
    [0.34860958915, 0.65139041085]
  ],
  "method": "exact",
  "prob": [
    [0.70938725912, 0.29061274088],
    [0.10250438529, 0.89749561471],
    [0.63851787671, 0.36148212329],
    [0.33439047888, 0.66560952112]
  ],
  "iterations": 18,
  "logLik": -145.5603638004,
  "time": 0.307298,
  "message": "Converged",
  "status": 0,
  "cond_prob": [
    [
      [0.77884447023, 0.13845067397, 0.71757466856, 0.41542829508, 0.22115552977, 0.86154932603, 0.28242533144, 0.58457170492, 0.62067085584, 0.070108320283, 0.54130237253, 0.24874631861, 0.37932914416, 0.92989167972, 0.45869762747, 0.75125368139, 0.65393022741, 0.079975862672, 0.57678451736, 0.27648719251, 0.34606977259, 0.92002413733, 0.42321548264, 0.72351280749, 0.69501848208, 0.09467481249, 0.62174192591, 0.31528204489, 0.30498151792, 0.90532518751, 0.37825807409, 0.68471795511, 0.59855574281, 0.064276290664, 0.51810485393, 0.23171613229, 0.40144425719, 0.93572370934, 0.48189514607, 0.76828386771, 0.77256231008, 0.13428824863, 0.71020342272, 0.40675592756, 0.22743768992, 0.86571175137, 0.28979657728, 0.59324407244, 0.70904216708, 0.10057690213],
      [0.63740887384, 0.32999623664, 0.29095783292, 0.89942309787, 0.36259112616, 0.67000376336, 0.71348798177, 0.10240105216, 0.64236079579, 0.33458715599, 0.28651201823, 0.89759894784, 0.35763920421, 0.66541284401, 0.81812078764, 0.16986473651, 0.7644831797, 0.47576490781, 0.18187921236, 0.83013526349, 0.2355168203, 0.52423509219, 0.7309986676, 0.11068983909, 0.66219447145, 0.35436337684, 0.2690013324, 0.88931016091, 0.33780552855, 0.64563662316, 0.74178813275, 0.11614347892, 0.67450654118, 0.3670529261, 0.25821186725, 0.88385652108, 0.32549345882, 0.6329470739, 0.69405697449, 0.094328069608, 0.62068880357, 0.31436961287, 0.30594302551, 0.90567193039, 0.37931119643, 0.68563038713, 0.60233132077, 0.064852797613, 0.52180732707, 0.23376914368],
      [0.39766867923, 0.93514720239, 0.47819267293, 0.76623085632, 0.74934123559, 0.11949552069, 0.68304446051, 0.37536380844, 0.25065876441, 0.88050447931, 0.31695553949, 0.62463619156, 0.78678564259, 0.14352976599, 0.72689142428, 0.42627563968, 0.21321435741, 0.85647023401, 0.27310857572, 0.57372436032, 0.74844525863, 0.11867729809, 0.68194674945, 0.37382930604, 0.25155474137, 0.88132270191, 0.31805325055, 0.62617069396, 0.72821053352, 0.10814981404, 0.6587350977, 0.34947801081, 0.27178946648, 0.89185018596, 0.3412649023, 0.65052198919, 0.70200517458, 0.096198535235, 0.62911024921, 0.32039516338, 0.29799482542, 0.90380146477, 0.37088975079, 0.67960483662, 0.66671440085, 0.082972540269, 0.59013346928, 0.2858053733, 0.33328559915, 0.91702745973],
      [0.40986653072, 0.7141946267, 0.77011566483, 0.13175690014, 0.70718342166, 0.40230204942, 0.22988433517, 0.86824309986, 0.29281657834, 0.59769795058, 0.74889305224, 0.11909213286, 0.68249967493, 0.37461299582, 0.25110694776, 0.88090786714, 0.31750032507, 0.62538700418, 0.69001504906, 0.091334081476, 0.61573090548, 0.30801467373, 0.30998495094, 0.90866591852, 0.38426909452, 0.69198532627, 0.66393741186, 0.082498662454, 0.58729969918, 0.28408410733, 0.33606258814, 0.91750133755, 0.41270030082, 0.71591589267, 0.66727483148, 0.082769852677, 0.59058347472, 0.28562496269, 0.33272516852, 0.91723014732, 0.40941652528, 0.71437503731, 0.62705262861, 0.070598748786, 0.54736790373, 0.25135321404, 0.37294737139, 0.92940125121, 0.45263209627, 0.74864678596]
    ],
    [
      [0.68068614534, 0.089276384184, 0.60595391476, 0.30128554984, 0.31931385466, 0.91072361582, 0.39404608524, 0.69871445016, 0.72400226746, 0.1074460149, 0.65429130852, 0.34656874372, 0.27599773254, 0.8925539851, 0.34570869148, 0.65343125628, 0.66762637369, 0.084709876461, 0.59170630854, 0.28913629063, 0.33237362631, 0.91529012354, 0.40829369146, 0.71086370937, 0.76914053725, 0.13240727133, 0.706255701, 0.40249916096, 0.23085946275, 0.86759272867, 0.293744299, 0.59750083904, 0.67830988396, 0.088386945708, 0.60333920803, 0.29897576136, 0.32169011604, 0.91161305429, 0.39666079197, 0.70102423864, 0.74895261409, 0.12035985471, 0.68281930466, 0.37629619769, 0.25104738591, 0.87964014529, 0.31718069534, 0.62370380231, 0.67891035661, 0.088729738668],
      [0.60404440496, 0.2997585026, 0.32108964339, 0.91127026133, 0.39595559504, 0.7002414974, 0.76446268703, 0.12943749829, 0.70079162131, 0.39620464244, 0.23553731297, 0.87056250171, 0.29920837869, 0.60379535756, 0.76374248401, 0.12891234402, 0.69993587028, 0.39514526383, 0.23625751599, 0.87108765598, 0.30006412972, 0.60485473617, 0.6947483306, 0.094786120319, 0.6215199359, 0.31536920948, 0.3052516694, 0.90521387968, 0.3784800641, 0.68463079052, 0.65363845983, 0.079950575496, 0.57650270752, 0.27635763156, 0.34636154017, 0.9200494245, 0.42349729248, 0.72364236844, 0.71351814403, 0.1026777196, 0.6424742344, 0.33502591213, 0.28648185597, 0.8973222804, 0.3575257656, 0.66497408787, 0.72049345326, 0.10581424765, 0.65032879831, 0.34265763101],
      [0.27950654674, 0.89418575235, 0.34967120169, 0.65734236899, 0.74433823071, 0.11785730446, 0.67752383379, 0.37066045624, 0.25566176929, 0.88214269554, 0.32247616621, 0.62933954376, 0.66982013441, 0.085201389346, 0.59399364882, 0.29070806167, 0.33017986559, 0.91479861065, 0.40600635118, 0.70929193833, 0.7060397681, 0.09941648456, 0.63409331322, 0.32702064517, 0.2939602319, 0.90058351544, 0.36590668678, 0.67297935483, 0.67161622776, 0.085805542556, 0.59594557493, 0.29234117945, 0.32838377224, 0.91419445744, 0.40405442507, 0.70765882055, 0.71998046454, 0.10550281106, 0.64973395756, 0.34198832836, 0.28001953546, 0.89449718894, 0.35026604244, 0.65801167164, 0.660788802, 0.082077655185, 0.58415153175, 0.28235979359, 0.339211198, 0.91792234482],
