{
  "W": [
    [73, 8, 8, 11],
    [80, 8, 9, 3],
    [74, 7, 9, 10],
    [71, 13, 9, 7],
    [74, 9, 9, 8],
    [73, 7, 7, 13],
    [67, 12, 11, 10],
    [67, 10, 13, 10],
    [75, 7, 10, 8],
    [73, 8, 10, 9],
    [78, 4, 10, 8],
    [81, 8, 2, 9],
    [42, 36, 14, 8],
    [7, 78, 9, 6],
    [9, 80, 9, 2],
    [11, 67, 13, 9],
    [9, 78, 5, 8],
    [4, 76, 10, 10],
    [10, 73, 8, 9],
    [4, 85, 4, 7],
    [8, 68, 13, 11],
    [6, 78, 6, 10],
    [14, 71, 7, 8],
    [9, 75, 11, 5],
    [7, 76, 9, 8],
    [7, 13, 73, 7],
    [11, 8, 73, 8],
    [6, 6, 75, 13],
    [9, 5, 84, 2],
    [11, 11, 72, 6],
    [7, 10, 70, 13],
    [4, 7, 78, 11],
    [11, 15, 63, 11],
    [9, 10, 73, 8],
    [9, 7, 78, 6],
    [12, 6, 73, 9],
    [8, 16, 66, 10],
    [8, 8, 45, 39],
    [5, 3, 11, 81],
    [9, 7, 7, 77],
    [10, 8, 7, 75],
    [9, 11, 6, 74],
    [5, 6, 17, 72],
    [12, 6, 11, 71],
    [11, 6, 10, 73],
    [9, 7, 5, 79],
    [11, 7, 6, 76],
    [10, 6, 10, 74],
    [12, 10, 6, 72],
    [9, 9, 6, 76]
  ],
  "X": [
    [42, 58],
    [43, 57],
    [44, 56],
    [42, 58],
    [44, 56],
    [40, 60],
    [41, 59],
    [50, 50],
    [42, 58],
    [51, 49],
    [44, 56],
    [43, 57],
    [37, 63],
    [20, 80],
    [16, 84],
    [20, 80],
    [19, 81],
    [23, 77],
    [28, 72],
    [26, 74],
    [33, 67],
    [19, 81],
    [21, 79],
    [23, 77],
    [22, 78],
    [51, 49],
    [52, 48],
    [49, 51],
    [43, 57],
    [51, 49],
    [48, 52],
    [47, 53],
    [45, 55],
    [42, 58],
    [52, 48],
    [44, 56],
    [43, 57],
    [47, 53],
    [60, 40],
    [53, 47],
    [48, 52],
    [47, 53],
    [58, 42],
    [49, 51],
    [49, 51],
    [53, 47],
    [60, 40],
    [49, 51],
    [49, 51],
    [50, 50]
  ],
  "real_prob": [
    [0.44928830387, 0.55071169613],
    [0.10781288753, 0.89218711247],
    [0.4913621309, 0.5086378691],
    [0.57431064096, 0.42568935904]
  ],
  "method": "exact",
  "prob": [
    [0.44677620773, 0.55322379227],
    [0.135347867, 0.864652133],
    [0.50685540681, 0.49314459319],
    [0.56862051845, 0.43137948155]
  ],
  "iterations": 9,
  "logLik": -139.1664649643,
  "time": 0.088365,
  "message": "Converged",
  "status": 0,
  "cond_prob": [
    [
      [0.4256974495, 0.12500207963, 0.4859454238, 0.54877328718, 0.5743025505, 0.87499792037, 0.5140545762, 0.45122671282, 0.44578263945, 0.13417651672, 0.50636395619, 0.56890036827, 0.55421736055, 0.86582348328, 0.49363604381, 0.43109963173, 0.44398223871, 0.13334343767, 0.50453864081, 0.56710625043, 0.55601776129, 0.86665656233, 0.49546135919, 0.43289374957, 0.44648811505, 0.13446296321, 0.50709614825, 0.56963713941, 0.55351188495, 0.86553703679, 0.49290385175, 0.43036286059, 0.45308985186, 0.1376205486, 0.5137464784, 0.57613096492, 0.54691014814, 0.8623794514, 0.4862535216, 0.42386903508, 0.39994483605, 0.1138848065, 0.45946270316, 0.52235341544, 0.60005516395, 0.8861151935, 0.54053729684, 0.47764658456, 0.42724525143, 0.12566040061],
      [0.48754112085, 0.55036910177, 0.57275474857, 0.87433959939, 0.51245887915, 0.44963089823, 0.51465994783, 0.16944262441, 0.57488955966, 0.63497929759, 0.48534005217, 0.83055737559, 0.42511044034, 0.36502070241, 0.42515904514, 0.12477037833, 0.48539151322, 0.54822047928, 0.57484095486, 0.87522962167, 0.51460848678, 0.45177952072, 0.52104589639, 0.17307628028, 0.58112039075, 0.64087060153, 0.47895410361, 0.82692371972, 0.41887960925, 0.35912939847, 0.43636744356, 0.12985178244, 0.49680334561, 0.55948735204, 0.56363255644, 0.87014821756, 0.50319665439, 0.44051264796, 0.44249482342, 0.13264132141, 0.50303626396, 0.56563513375, 0.55750517658, 0.86735867859, 0.49696373604, 0.43436486625, 0.46809878142, 0.14463198641, 0.52892751892, 0.5910143006],
      [0.53190121858, 0.85536801359, 0.47107248108, 0.4089856994, 0.41988165894, 0.12146138724, 0.4804525309, 0.5437945674, 0.58011834106, 0.87853861276, 0.5195474691, 0.4562054326, 0.36538520342, 0.099022766748, 0.42396535218, 0.48701182984, 0.63461479658, 0.90097723325, 0.57603464782, 0.51298817016, 0.35599877513, 0.095746317588, 0.41388733388, 0.47649720609, 0.64400122487, 0.90425368241, 0.58611266612, 0.52350279391, 0.40185322594, 0.11373017777, 0.46192686761, 0.52534159532, 0.59814677406, 0.88626982223, 0.53807313239, 0.47465840468, 0.45125528878, 0.1358071275, 0.51228127362, 0.57508244187, 0.54874471122, 0.8641928725, 0.48771872638, 0.42491755813, 0.51802547757, 0.17048208128, 0.57843087096, 0.63856736922, 0.48197452243, 0.82951791872],
      [0.42156912904, 0.36143263078, 0.55889890924, 0.19486704702, 0.61793838626, 0.67556454593, 0.44110109076, 0.80513295298, 0.38206161374, 0.32443545407, 0.5561478781, 0.19337319275, 0.61524836057, 0.67301919825, 0.4438521219, 0.80662680725, 0.38475163943, 0.32698080175, 0.39627011067, 0.11140952563, 0.45615292671, 0.51955187763, 0.60372988933, 0.88859047437, 0.54384707329, 0.48044812237, 0.39938215221, 0.11285422764, 0.4592930936, 0.52261850638, 0.60061784779, 0.88714577236, 0.5407069064, 0.47738149362, 0.45522397645, 0.13772407958, 0.51626420433, 0.57895439925, 0.54477602355, 0.86227592042, 0.48373579567, 0.42104560075, 0.43963620172, 0.13038046393, 0.50054290874, 0.56359314378, 0.56036379828, 0.86961953607, 0.49945709126, 0.43640685622]
    ],
    [
      [0.50146960401, 0.16213703675, 0.5619595743, 0.62269748143, 0.49853039599, 0.83786296325, 0.4380404257, 0.37730251857, 0.49285740184, 0.15758494053, 0.55344592982, 0.61454202233, 0.50714259816, 0.84241505947, 0.44655407018, 0.38545797767, 0.44730199686, 0.13491882916, 0.50788903695, 0.57038440561, 0.55269800314, 0.86508117084, 0.49211096305, 0.42961559439, 0.39189897542, 0.11059108028, 0.45109683457, 0.51390985782, 0.60810102458, 0.88940891972, 0.54890316543, 0.48609014218, 0.49616060632, 0.15931030138, 0.55671832245, 0.61768346644, 0.50383939368, 0.84068969862, 0.44328167755, 0.38231653356, 0.45309125563, 0.13762179751, 0.51374858422, 0.57613402615, 0.54690874437, 0.86237820249, 0.48625141578, 0.42386597385, 0.43063427709, 0.127244947],
      [0.49097032356, 0.55373300226, 0.56936572291, 0.872755053, 0.50902967644, 0.44626699774, 0.4449603077, 0.13374233802, 0.50555383652, 0.56812816767, 0.5550396923, 0.86625766198, 0.49444616348, 0.43187183233, 0.3952320255, 0.11192900494, 0.45457696465, 0.51743791273, 0.6047679745, 0.88807099506, 0.54542303535, 0.48256208727, 0.48872884427, 0.15542726802, 0.54935585601, 0.6106154594, 0.51127115573, 0.84457273198, 0.45064414399, 0.3893845406, 0.4027306842, 0.11509048386, 0.46232616991, 0.52520872035, 0.5972693158, 0.88490951614, 0.53767383009, 0.47479127965, 0.42605434685, 0.12511427545, 0.48633238353, 0.54917995053, 0.57394565315, 0.87488572455, 0.51366761647, 0.45082004947, 0.41876114311, 0.12196093332, 0.47883662709, 0.54170705563],
      [0.58123885689, 0.87803906668, 0.52116337291, 0.45829294437, 0.5056142371, 0.16441232851, 0.56603040002, 0.62657231393, 0.4943857629, 0.83558767149, 0.43396959998, 0.37342768607, 0.45309509839, 0.13762834659, 0.51375146992, 0.57613617401, 0.54690490161, 0.86237165341, 0.48624853008, 0.42386382599, 0.40704906654, 0.11690789186, 0.46679139205, 0.5296894194, 0.59295093346, 0.88309210814, 0.53320860795, 0.4703105806, 0.40758098612, 0.117110735, 0.46735184735, 0.53026272913, 0.59241901388, 0.882889265, 0.53264815265, 0.46973727087, 0.50289909955, 0.16291683676, 0.56336596919, 0.62403863897, 0.49710090045, 0.83708316324, 0.43663403081, 0.37596136103, 0.41384394102, 0.11983600299, 0.47378149901, 0.53666563663, 0.58615605898, 0.88016399701],
