{
  "W": [
    [82, 6, 5, 7],
    [71, 10, 8, 11],
    [73, 4, 13, 10],
    [75, 7, 9, 9],
    [72, 9, 10, 9],
    [77, 10, 8, 5],
    [78, 9, 6, 7],
    [69, 9, 13, 9],
    [79, 6, 11, 4],
    [76, 9, 7, 8],
    [71, 14, 6, 9],
    [80, 8, 5, 7],
    [36, 40, 11, 13],
    [12, 67, 11, 10],
    [9, 75, 10, 6],
    [6, 77, 9, 8],
    [7, 71, 12, 10],
    [6, 77, 6, 11],
    [11, 71, 11, 7],
    [13, 68, 12, 7],
    [5, 75, 9, 11],
    [5, 82, 5, 8],
    [7, 67, 9, 17],
    [6, 72, 14, 8],
    [7, 80, 6, 7],
    [9, 9, 70, 12],
    [8, 11, 75, 6],
    [8, 6, 77, 9],
    [13, 2, 72, 13],
    [7, 15, 69, 9],
    [10, 6, 75, 9],
    [6, 7, 77, 10],
    [12, 8, 70, 10],
    [9, 9, 77, 5],
    [11, 2, 78, 9],
    [10, 10, 71, 9],
    [9, 12, 67, 12],
    [12, 9, 35, 44],
    [6, 8, 12, 74],
    [15, 11, 8, 66],
    [15, 5, 4, 76],
    [8, 11, 13, 68],
    [2, 7, 14, 77],
    [10, 13, 6, 71],
    [5, 10, 4, 81],
    [9, 9, 9, 73],
    [6, 12, 13, 69],
    [6, 9, 9, 76],
    [3, 15, 11, 71],
    [8, 11, 8, 73]
  ],
  "X": [
    [66, 34],
    [60, 40],
    [55, 45],
    [61, 39],
    [68, 32],
    [67, 33],
    [56, 44],
    [60, 40],
    [64, 36],
    [61, 39],
    [61, 39],
    [55, 45],
    [65, 35],
    [75, 25],
    [76, 24],
    [81, 19],
    [80, 20],
    [77, 23],
    [78, 22],
    [83, 17],
    [85, 15],
    [86, 14],
    [69, 31],
    [81, 19],
    [78, 22],
    [50, 50],
    [50, 50],
    [50, 50],
    [50, 50],
    [55, 45],
    [50, 50],
    [57, 43],
    [54, 46],
    [57, 43],
    [52, 48],
    [49, 51],
    [56, 44],
    [47, 53],
    [57, 43],
    [51, 49],
    [52, 48],
    [54, 46],
    [47, 53],
    [45, 55],
    [51, 49],
    [44, 56],
    [51, 49],
    [47, 53],
    [44, 56],
    [54, 46]
  ],
  "real_prob": [
    [0.62804642147, 0.37195357853],
    [0.88933033779, 0.11066966221],
    [0.4891515279, 0.5108484721],
    [0.41427328717, 0.58572671283]
  ],
  "method": "exact",
  "prob": [
    [0.61206860185, 0.38793139815],
    [0.8908749831, 0.1091250169],
    [0.48609618771, 0.51390381229],
    [0.42856022735, 0.57143977265]
  ],
  "iterations": 10,
  "logLik": -140.8935267488,
  "time": 0.101152,
  "message": "Converged",
  "status": 0,
  "cond_prob": [
    [
      [0.66403564844, 0.91100046243, 0.54099669269, 0.48258436995, 0.33596435156, 0.088999537566, 0.45900330731, 0.51741563005, 0.60213956982, 0.88697177378, 0.47438055594, 0.4166662143, 0.39786043018, 0.11302822622, 0.52561944406, 0.5833337857, 0.5731590201, 0.8744170566, 0.44473999854, 0.38801033254, 0.4268409799, 0.1255829434, 0.55526000146, 0.61198966746, 0.61882447223, 0.89377014595, 0.49191999892, 0.43383261902, 0.38117552777, 0.10622985405, 0.50808000108, 0.56616738098, 0.68717322269, 0.91918300593, 0.56705659028, 0.50892389, 0.31282677731, 0.080816994068, 0.43294340972, 0.49107611, 0.66423208005, 0.91109524911, 0.541178602, 0.48274970576, 0.33576791995, 0.088904750886, 0.458821398, 0.51725029424, 0.55247796411, 0.86497678604],
      [0.42406362304, 0.36822085528, 0.44752203589, 0.13502321396, 0.57593637696, 0.63177914472, 0.60792751898, 0.88935752272, 0.48043197238, 0.42257420503, 0.39207248102, 0.11064247728, 0.51956802762, 0.57742579497, 0.64555583585, 0.90416416249, 0.52064977349, 0.46223912108, 0.35444416415, 0.095835837506, 0.47935022651, 0.53776087892, 0.60844969483, 0.88957643094, 0.48097417524, 0.423102011, 0.39155030517, 0.11042356906, 0.51902582476, 0.576897989, 0.59383308252, 0.88350971382, 0.46574130072, 0.40825192704, 0.40616691748, 0.11649028618, 0.53425869928, 0.59174807296, 0.54391179859, 0.86089519769, 0.4156523268, 0.36023327106, 0.45608820141, 0.13910480231, 0.5843476732, 0.63976672894, 0.56605460576, 0.87158117791, 0.43725698593, 0.38068924852],
      [0.43394539424, 0.12841882209, 0.56274301407, 0.61931075148, 0.58488260998, 0.88034481522, 0.45585744121, 0.39838742073, 0.41511739002, 0.11965518478, 0.54414255879, 0.60161257927, 0.54661902209, 0.86313408929, 0.41752241262, 0.36169132975, 0.45338097791, 0.13686591071, 0.58247758738, 0.63830867025, 0.62845458798, 0.89846047045, 0.50104328857, 0.44230333129, 0.37154541202, 0.10153952955, 0.49895671143, 0.55769666871, 0.6523841412, 0.90740506585, 0.52711628166, 0.46821559565, 0.3476158588, 0.092594934151, 0.47288371834, 0.53178440435, 0.55986776698, 0.86939759361, 0.43051262287, 0.37400935933, 0.44013223302, 0.13060240639, 0.56948737713, 0.62599064067, 0.60605043073, 0.88935512961, 0.47758185908, 0.41940437285, 0.39394956927, 0.11064487039],
      [0.52241814092, 0.58059562715, 0.70755180462, 0.92656313594, 0.58959895386, 0.5314779785, 0.29244819538, 0.073436864058, 0.41040104614, 0.4685220215, 0.72289169849, 0.93160887337, 0.60745800665, 0.54979581319, 0.27710830151, 0.068391126632, 0.39254199335, 0.45020418681, 0.69219434601, 0.92173696757, 0.57130387931, 0.51250969154, 0.30780565399, 0.078263032426, 0.42869612069, 0.48749030846, 0.50699594234, 0.84313032062, 0.37964222561, 0.32614805246, 0.49300405766, 0.15686967938, 0.62035777439, 0.67385194754, 0.66346607058, 0.91146639046, 0.53931602487, 0.48039988939, 0.33653392942, 0.088533609538, 0.46068397513, 0.51960011061, 0.54797766768, 0.86389856573, 0.41875484147, 0.36282028843, 0.45202233232, 0.13610143427, 0.58124515853, 0.63717971157]
    ],
    [
      [0.58553504397, 0.87988188091, 0.45728757551, 0.40009311587, 0.41446495603, 0.12011811909, 0.54271242449, 0.59990688413, 0.57438505953, 0.87500533462, 0.44593373788, 0.38913841697, 0.42561494047, 0.12499466538, 0.55406626212, 0.61086158303, 0.59789927861, 0.88512981831, 0.47004819716, 0.41247951996, 0.40210072139, 0.11487018169, 0.52995180284, 0.58752048004, 0.61011913041, 0.89016880095, 0.48282829944, 0.42495970329, 0.38988086959, 0.10983119905, 0.51717170056, 0.57504029671, 0.61269446132, 0.89131074218, 0.48542601693, 0.42745360775, 0.38730553868, 0.10868925782, 0.51457398307, 0.57254639225, 0.59532322226, 0.8840447261, 0.46738035335, 0.40988587994, 0.40467677774, 0.1159552739, 0.53261964665, 0.59011412006, 0.6654271095, 0.91143174487],
      [0.54265451127, 0.48430177615, 0.3345728905, 0.088568255126, 0.45734548873, 0.51569822385, 0.62529557447, 0.89630327685, 0.49884767963, 0.44066893172, 0.37470442553, 0.10369672315, 0.50115232037, 0.55933106828, 0.65188718532, 0.90648925676, 0.5276417534, 0.46923940187, 0.34811281468, 0.093510743243, 0.4723582466, 0.53076059813, 0.62957427882, 0.89794149892, 0.50347977455, 0.44526416892, 0.37042572118, 0.10205850108, 0.49652022545, 0.55473583108, 0.56743894312, 0.87188512381, 0.4389424218, 0.38242748695, 0.43256105688, 0.12811487619, 0.5610575782, 0.61757251305, 0.63453943338, 0.89993805371, 0.50872982311, 0.45041585889, 0.36546056662, 0.10006194629, 0.49127017689, 0.54958414111, 0.56909572391, 0.87264493189, 0.44059397274, 0.38400586091],
      [0.43090427609, 0.12735506811, 0.55940602726, 0.61599413909, 0.69668921128, 0.9223337942, 0.57814571454, 0.52031683519, 0.30331078872, 0.077666205802, 0.42185428546, 0.47968316481, 0.61174107342, 0.89091036008, 0.48443655714, 0.42649056789, 0.38825892658, 0.10908963992, 0.51556344286, 0.57350943211, 0.65105794464, 0.90615956475, 0.52676024099, 0.46837226372, 0.34894205536, 0.093840435255, 0.47323975901, 0.53162773628, 0.65236056873, 0.90667611258, 0.52814407636, 0.46973242969, 0.34763943127, 0.093323887424, 0.47185592364, 0.53026757031, 0.61086288237, 0.89051555332, 0.48355623035, 0.42564776801, 0.38913711763, 0.10948444668, 0.51644376965, 0.57435223199, 0.54740748348, 0.86268312481, 0.41897390101, 0.36334086108, 0.45259251652, 0.13731687519],
