{
  "W": [
    [74, 26],
    [74, 26],
    [79, 21],
    [75, 25],
    [71, 29],
    [74, 26],
    [81, 19],
    [71, 29],
    [77, 23],
    [68, 32],
    [72, 28],
    [76, 24],
    [71, 29],
    [75, 25],
    [73, 27],
    [77, 23],
    [75, 25],
    [82, 18],
    [77, 23],
    [74, 26],
    [78, 22],
    [71, 29],
    [81, 19],
    [82, 18],
    [70, 30],
    [23, 77],
    [23, 77],
    [29, 71],
    [24, 76],
    [22, 78],
    [32, 68],
    [30, 70],
    [22, 78],
    [21, 79],
    [30, 70],
    [28, 72],
    [25, 75],
    [21, 79],
    [22, 78],
    [25, 75],
    [32, 68],
    [22, 78],
    [23, 77],
    [29, 71],
    [23, 77],
    [28, 72],
    [22, 78],
    [22, 78],
    [24, 76],
    [20, 80]
  ],
  "X": [
    [15, 3, 16, 56, 10],
    [15, 5, 23, 45, 12],
    [16, 3, 14, 56, 11],
    [6, 6, 18, 56, 14],
    [9, 8, 20, 53, 10],
    [12, 7, 20, 52, 9],
    [16, 4, 17, 52, 11],
    [15, 7, 13, 52, 13],
    [15, 4, 18, 57, 6],
    [15, 7, 17, 49, 12],
    [16, 5, 23, 43, 13],
    [13, 8, 16, 53, 10],
    [15, 2, 17, 52, 14],
    [18, 7, 15, 45, 15],
    [18, 5, 21, 43, 13],
    [18, 4, 18, 47, 13],
    [18, 5, 17, 51, 9],
    [22, 6, 14, 44, 14],
    [11, 8, 22, 44, 15],
    [18, 6, 14, 44, 18],
    [18, 7, 21, 43, 11],
    [14, 2, 24, 55, 5],
    [12, 5, 22, 41, 20],
    [13, 6, 26, 43, 12],
    [15, 6, 20, 44, 15],
    [9, 2, 16, 60, 13],
    [6, 4, 16, 59, 15],
    [4, 6, 17, 62, 11],
    [5, 1, 9, 73, 12],
    [3, 3, 16, 63, 15],
    [13, 2, 23, 52, 10],
    [10, 2, 15, 57, 16],
    [10, 3, 15, 62, 10],
    [6, 1, 15, 62, 16],
    [13, 6, 20, 48, 13],
    [9, 2, 13, 63, 13],
    [10, 4, 24, 51, 11],
    [5, 0, 21, 63, 11],
    [6, 3, 16, 64, 11],
    [10, 6, 22, 50, 12],
    [8, 6, 17, 61, 8],
    [9, 3, 23, 57, 8],
    [8, 2, 19, 57, 14],
    [7, 3, 19, 61, 10],
    [7, 2, 16, 58, 17],
    [5, 2, 14, 62, 17],
    [7, 2, 18, 59, 14],
    [9, 4, 21, 55, 11],
    [11, 0, 19, 56, 14],
    [6, 3, 24, 55, 12]
  ],
  "real_prob": [
    [0.18422243635, 0.061220682411, 0.17190706109, 0.4640749554, 0.11857486474],
    [0.041588114907, 0.031057853882, 0.20309889294, 0.59120891523, 0.13304622304]
  ],
  "method": "mcmc",
  "mcmc_stepsize": 3000,
  "mcmc_samples": 1000,
  "prob": [
    [0.18199091857, 0.070560113155, 0.18391011598, 0.43699033289, 0.12654851941],
    [0.045609081426, 0.012639886845, 0.18168988402, 0.63900966711, 0.12105148059]
  ],
  "iterations": 14,
  "logLik": -579.5225287337,
  "time": 0.445615,
  "message": "Converged",
  "status": 0,
  "cond_prob": [
    [
      [0.18579249192, 0.048129061444, 0.037593305967, 0.0083882830174, 0.16774364945, 0.13796038234, 0.50435405103, 0.71837693167, 0.10451650163, 0.087145341525, 0.18656003838, 0.045944506136, 0.062416579152, 0.01466050549, 0.22242744542, 0.25155265534, 0.40420792871, 0.58033127982, 0.12438800833, 0.10751105321, 0.18787448114, 0.055138856664, 0.03664475587, 0.0050030612518, 0.1460355508, 0.11729483269, 0.51582319061, 0.72618894961, 0.11362202158, 0.096374299787, 0.07314399184, 0.020568024479, 0.075711865038, 0.012864404886, 0.18495709527, 0.16512871419, 0.52033579777, 0.6789926067, 0.14585125009, 0.12244624974, 0.11689068601, 0.024164182517, 0.1067551552, 0.014495999333, 0.19560672368, 0.21075595236, 0.47312503478, 0.6692456045, 0.10762240032, 0.081338261286],
      [0.15258675403, 0.027253084679, 0.08941376118, 0.014745448951, 0.1954984908, 0.21281198772, 0.46708782405, 0.67059619308, 0.095413169933, 0.074593285574, 0.1848263632, 0.054161293718, 0.047515415663, 0.0079605963847, 0.17466331317, 0.15011955965, 0.48133468084, 0.68483636061, 0.11166022712, 0.10292218963, 0.19108076163, 0.049422962906, 0.0912131145, 0.01806444381, 0.13482512182, 0.11818677072, 0.44612607906, 0.70086373746, 0.13675492299, 0.1134620851, 0.18392814934, 0.036414456571, 0.049717222577, 0.0074684287648, 0.18883892934, 0.15040880178, 0.51866948708, 0.74184563022, 0.058846211671, 0.063862682667, 0.19519074554, 0.053969665737, 0.094446882794, 0.018050374062, 0.16083959839, 0.18946585342, 0.42090490106, 0.63682708524, 0.12861787222, 0.10168702154]
    ],
    [
      [0.20207297994, 0.051812337285, 0.063504705153, 0.01527361532, 0.21923504618, 0.25768130983, 0.38004462134, 0.55845668798, 0.13514264738, 0.11677604958, 0.159428355, 0.036810209175, 0.0998662254, 0.017090286235, 0.1634556909, 0.1490569788, 0.47108094488, 0.71657700789, 0.10616878382, 0.080465517898, 0.18893871704, 0.054667278977, 0.024999399559, 0.007760090735, 0.17384815487, 0.16057865532, 0.4672860092, 0.64905839127, 0.14492771934, 0.1279355837, 0.21675749342, 0.06972751974, 0.086038306151, 0.021885081546, 0.14672561642, 0.15982315074, 0.39475517923, 0.61573446232, 0.15572340478, 0.13282978565, 0.22372182672, 0.061789135174, 0.06320723687, 0.014291544759, 0.20204547022, 0.23150669162, 0.37766302406, 0.57150367568, 0.13336244213, 0.12090895277],
      [0.21446938543, 0.064602492259, 0.048681990867, 0.01093420449, 0.1794423223, 0.18186700796, 0.42290389893, 0.62766955574, 0.13450240247, 0.11492673955, 0.22078392276, 0.057648231714, 0.06291623452, 0.01125129644, 0.17045091696, 0.16864724911, 0.45439130071, 0.67682609786, 0.091457625039, 0.085627124883, 0.25091675143, 0.079157021247, 0.070057645828, 0.014181835672, 0.14238798163, 0.12912141702, 0.3965717316, 0.63783988939, 0.14006588951, 0.13969983667, 0.13128084887, 0.038755419015, 0.097533470691, 0.021300989425, 0.21563346784, 0.23461839029, 0.40101884021, 0.57050214364, 0.1545333724, 0.13482305763, 0.2174180822, 0.073502381419, 0.076472368545, 0.013117104911, 0.14157795598, 0.13550889452, 0.38684344228, 0.59129174121, 0.177688151, 0.18657987794]
    ],
    [
      [0.21392062843, 0.059735953755, 0.084942439182, 0.017022261083, 0.19998288965, 0.24551520943, 0.38845924482, 0.57728085928, 0.11269479792, 0.10044571645, 0.18418471964, 0.031823617437, 0.026802525486, 0.0033455410507, 0.24016094332, 0.23960596637, 0.49685813892, 0.68010593574, 0.051993672637, 0.045118939405, 0.13745198775, 0.045599420637, 0.058431826232, 0.014053793431, 0.21829954643, 0.22724930206, 0.38097186532, 0.53375152152, 0.20484477426, 0.17934596235, 0.14943288349, 0.041472419671, 0.069500295459, 0.016720876241, 0.25794150034, 0.26937760956, 0.40086811719, 0.56271191059, 0.12225720353, 0.10971718394, 0.19303912303, 0.049575379602, 0.078175671843, 0.017590099032, 0.19101189616, 0.22097224229, 0.38111365646, 0.57740146827, 0.15665965251, 0.13446081081],
      [0.21735777593, 0.051958066929, 0.059139741865, 0.008308908274, 0.15761562487, 0.16071221595, 0.43995853759, 0.64780459267, 0.12592831975, 0.13121621618, 0.14017081501, 0.03605287344, 0.10890179705, 0.019418943738, 0.15765066843, 0.16070174839, 0.43631995183, 0.63590442997, 0.15695676768, 0.14792200446, 0.086072521189, 0.021181646275, 0.15294644656, 0.022035958448, 0.17173504648, 0.16929131904, 0.47337650692, 0.67988846901, 0.11586947886, 0.10760260723, 0.12405123699, 0.026615398844, 0.030036434568, 0.0036727048732, 0.098384164256, 0.087352369182, 0.60188752532, 0.77045657095, 0.14564063886, 0.11190295615, 0.071282594073, 0.018356191415, 0.08738552167, 0.013814340042, 0.17815496264, 0.15487936951, 0.48931377178, 0.66968073104, 0.17386314984, 0.14326936799]
    ],
    [
      [0.26534899762, 0.06630635406, 0.043740952378, 0.0088277871164, 0.22651526491, 0.23163987534, 0.36463222291, 0.59311424804, 0.09976256218, 0.10011173544, 0.21280892952, 0.051653315918, 0.047511042098, 0.0082095533864, 0.15445780073, 0.14808951397, 0.43481833673, 0.62793499854, 0.15040389091, 0.16411261818, 0.23348964104, 0.062349075605, 0.088365434746, 0.013537954303, 0.15244869048, 0.14930934371, 0.42501826239, 0.67499484907, 0.10067797135, 0.099808777313, 0.15521953006, 0.034688479351, 0.031064064517, 0.0044006917107, 0.15220999581, 0.14941253276, 0.48710437675, 0.65532668466, 0.17440203286, 0.15617161152, 0.26521185519, 0.07205206206, 0.1410467011, 0.02526569953, 0.18176283052, 0.20781592978, 0.29216079717, 0.5605025155, 0.11981781602, 0.13436379313],
