{
  "W": [
    [73, 27],
    [66, 34],
    [71, 29],
    [70, 30],
    [61, 39],
    [70, 30],
    [63, 37],
    [63, 37],
    [64, 36],
    [62, 38],
    [73, 27],
    [63, 37],
    [60, 40],
    [63, 37],
    [66, 34],
    [65, 35],
    [68, 32],
    [71, 29],
    [65, 35],
    [64, 36],
    [61, 39],
    [64, 36],
    [78, 22],
    [66, 34],
    [58, 42],
    [29, 71],
    [31, 69],
    [40, 60],
    [33, 67],
    [34, 66],
    [40, 60],
    [35, 65],
    [34, 66],
    [31, 69],
    [41, 59],
    [37, 63],
    [34, 66],
    [30, 70],
    [33, 67],
    [34, 66],
    [38, 62],
    [31, 69],
    [31, 69],
    [38, 62],
    [33, 67],
    [32, 68],
    [35, 65],
    [35, 65],
    [34, 66],
    [29, 71]
  ],
  "X": [
    [67, 10, 23],
    [51, 17, 32],
    [55, 19, 26],
    [63, 7, 30],
    [57, 20, 23],
    [62, 16, 22],
    [52, 16, 32],
    [52, 22, 26],
    [54, 17, 29],
    [56, 17, 27],
    [68, 15, 17],
    [52, 23, 25],
    [53, 16, 31],
    [51, 19, 30],
    [59, 20, 21],
    [53, 17, 30],
    [64, 16, 20],
    [61, 10, 29],
    [51, 17, 32],
    [59, 17, 24],
    [52, 20, 28],
    [54, 14, 32],
    [71, 12, 17],
    [57, 16, 27],
    [47, 19, 34],
    [23, 39, 38],
    [27, 41, 32],
    [44, 37, 19],
    [33, 31, 36],
    [29, 26, 45],
    [40, 28, 32],
    [31, 38, 31],
    [31, 39, 30],
    [27, 35, 38],
    [40, 29, 31],
    [34, 37, 29],
    [34, 34, 32],
    [27, 36, 37],
    [29, 34, 37],
    [27, 39, 34],
    [36, 29, 35],
    [23, 40, 37],
    [31, 39, 30],
    [37, 28, 35],
    [33, 34, 33],
    [30, 34, 36],
    [31, 34, 35],
    [33, 31, 36],
    [32, 30, 38],
    [28, 39, 33]
  ],
  "real_prob": [
    [0.84231516257, 0.0013888471978, 0.15629599024],
    [0.035055549361, 0.50824936936, 0.45669508127]
  ],
  "method": "exact",
  "prob": [
    [0.83305253688, 0.0094609681435, 0.15748649498],
    [0.051347463124, 0.49973903186, 0.44891350502]
  ],
  "iterations": 36,
  "logLik": -264.4737337796,
  "time": 2.289854,
  "message": "Converged",
  "status": 0,
  "cond_prob": [
    [
      [0.88465712988, 0.089630722926, 0.0039916083352, 0.35957824413, 0.11135126179, 0.55079103294, 0.75543036487, 0.033576350549, 0.012341671518, 0.47604263764, 0.23222796361, 0.49038101181, 0.76356367267, 0.027137215197, 0.019406426162, 0.60766012905, 0.21702990117, 0.36520265575, 0.86165587283, 0.089469630058, 0.0025068123214, 0.22748410458, 0.13583731485, 0.68304626536, 0.88789188098, 0.072784493847, 0.0068761699608, 0.50206547775, 0.10523194906, 0.4251500284, 0.86081398421, 0.058100703505, 0.0085246518084, 0.51344247911, 0.13066136398, 0.42845681738, 0.79832625222, 0.046093138112, 0.0083286775899, 0.41825117059, 0.19334507019, 0.5356556913, 0.80409408194, 0.03627223886, 0.014358627386, 0.57014612094, 0.18154729067, 0.3935816402, 0.81666818041, 0.048145457047],
      [0.0088467542709, 0.45649465907, 0.17448506532, 0.49535988388, 0.86228656044, 0.06679561192, 0.0063992681918, 0.43692750979, 0.13131417137, 0.49627687829, 0.90270569376, 0.077869790945, 0.0068424546191, 0.53705558566, 0.090451851621, 0.3850746234, 0.8050666657, 0.034616217865, 0.015681249335, 0.594921116, 0.17925208497, 0.37046266614, 0.8417926209, 0.062311068655, 0.0060400142982, 0.39093997855, 0.15216736481, 0.54674895279, 0.78707274611, 0.038227486351, 0.011653117552, 0.49367171876, 0.20127413634, 0.46810079489, 0.86607499146, 0.054089722465, 0.010167363084, 0.56849864813, 0.12375764546, 0.3774116294, 0.79307667526, 0.041429031657, 0.010241114314, 0.46669507342, 0.19668221042, 0.49187589493, 0.90149011411, 0.084333507515, 0.0058084648351, 0.48765701223]
    ],
    [
      [0.092701421054, 0.42800948026, 0.83287205197, 0.064347734833, 0.0049210657682, 0.33277945967, 0.16220688226, 0.6028728055, 0.76526319299, 0.03593978445, 0.011394648598, 0.46455279546, 0.22334215841, 0.49950742009, 0.88043145095, 0.073677420535, 0.0062089817059, 0.46118403252, 0.11335956734, 0.46513854694, 0.82276005577, 0.046452220463, 0.010029273163, 0.49713370095, 0.16721067107, 0.45641407859, 0.81362240635, 0.053560166484, 0.0065832774381, 0.37718528455, 0.17979431621, 0.56925454896, 0.88995413552, 0.071980792237, 0.0070417628369, 0.5204882954, 0.10300410164, 0.40753091237, 0.83568063721, 0.054266998354, 0.0079680876514, 0.45512077103, 0.15635127514, 0.49061223062, 0.78102321201, 0.040491754837, 0.0097601174353, 0.43890269497, 0.20921667055, 0.52060555019],
      [0.73085229387, 0.025426527858, 0.017627607314, 0.54209576603, 0.25152009882, 0.43247770612, 0.79819511284, 0.032694949306, 0.016022893502, 0.58700420727, 0.18578199366, 0.38030084343, 0.94284133649, 0.10477244234, 0.0062292109176, 0.61251385939, 0.050929452594, 0.28271369827, 0.8669753348, 0.065519611217, 0.0068757481472, 0.45930000464, 0.12614891705, 0.47518038414, 0.77322637831, 0.041065199052, 0.0083971186856, 0.38961360553, 0.218376503, 0.56932119542, 0.88580091133, 0.076132725778, 0.0061032154107, 0.46259785639, 0.10809587326, 0.46126941783, 0.81639339248, 0.037326634819, 0.014156160193, 0.57699283682, 0.16945044733, 0.38568052836, 0.83290604417, 0.040624159066, 0.013373052289, 0.58401994276, 0.15372090354, 0.37535589817, 0.78896517307, 0.036841733838]
    ],
    [
      [0.012131664051, 0.50179591905, 0.19890316288, 0.46136234711, 0.87753896062, 0.06815089177, 0.0070829360116, 0.48660338345, 0.11537810336, 0.44524572478, 0.84375286959, 0.044145140079, 0.012403351168, 0.58001707947, 0.14384377924, 0.37583778045, 0.87583727746, 0.06396261464, 0.0078757635549, 0.51109430362, 0.11628695898, 0.42494308174, 0.80660021984, 0.04002847721, 0.011539072076, 0.50934039768, 0.18186070808, 0.45063112511, 0.79933268091, 0.039134649702, 0.011583298961, 0.50175747962, 0.18908402013, 0.45910787068, 0.74493204019, 0.025338039904, 0.01936688558, 0.58093221046, 0.23570107423, 0.39372974964, 0.85189823438, 0.058513985381, 0.0076381433309, 0.4630604928, 0.14046362229, 0.47842552182, 0.69599123456, 0.020641619256, 0.021884780574, 0.56987785221],
      [0.28212398487, 0.40948052854, 0.87367099366, 0.056756510094, 0.0096329973647, 0.56088952292, 0.11669600897, 0.38235396698, 0.86548203069, 0.066317465063, 0.006625941177, 0.4475518425, 0.12789202814, 0.48613069243, 0.87216640856, 0.062962813694, 0.0078528461172, 0.50359486684, 0.11998074532, 0.43344231947, 0.83404184044, 0.048686192733, 0.0095563125846, 0.49550291172, 0.15640184697, 0.45581089554, 0.8102754112, 0.040620932433, 0.011643762946, 0.51680720457, 0.17808082586, 0.442571863, 0.84272955004, 0.053914857672, 0.0083488092027, 0.47242756428, 0.14892164076, 0.47365757805, 0.83677215288, 0.053784042457, 0.0079374655795, 0.45045645713, 0.15529038154, 0.49575950042, 0.84747707569, 0.048213588804, 0.010683221793, 0.54493220518, 0.14183970252, 0.40685420601]
    ]
  ],
  "maxiter": 3600,
  "param_threshold": 0.001,
  "ll_threshold": "-Inf",
  "initial_prob": "group_proportional"
}
