{
  "W": [
    [60, 40],
    [66, 34],
    [65, 35],
    [66, 34],
    [59, 41],
    [64, 36],
    [66, 34],
    [60, 40],
    [68, 32],
    [64, 36],
    [59, 41],
    [71, 29],
    [61, 39],
    [62, 38],
    [66, 34],
    [63, 37],
    [67, 33],
    [60, 40],
    [69, 31],
    [67, 33],
    [58, 42],
    [78, 22],
    [64, 36],
    [59, 41],
    [64, 36],
    [44, 56],
    [33, 67],
    [34, 66],
    [31, 69],
    [29, 71],
    [35, 65],
    [27, 73],
    [42, 58],
    [42, 58],
    [37, 63],
    [34, 66],
    [29, 71],
    [32, 68],
    [33, 67],
    [37, 63],
    [30, 70],
    [32, 68],
    [38, 62],
    [32, 68],
    [42, 58],
    [37, 63],
    [36, 64],
    [42, 58],
    [44, 56],
    [42, 58]
  ],
  "X": [
    [41, 33, 26],
    [40, 37, 23],
    [38, 34, 28],
    [38, 30, 32],
    [34, 36, 30],
    [43, 38, 19],
    [50, 30, 20],
    [36, 41, 23],
    [45, 40, 15],
    [42, 36, 22],
    [48, 29, 23],
    [48, 33, 19],
    [34, 38, 28],
    [46, 35, 19],
    [48, 34, 18],
    [40, 32, 28],
    [43, 36, 21],
    [37, 31, 32],
    [44, 34, 22],
    [35, 39, 26],
    [34, 37, 29],
    [39, 41, 20],
    [35, 46, 19],
    [40, 33, 27],
    [35, 31, 34],
    [38, 27, 35],
    [42, 26, 32],
    [40, 29, 31],
    [38, 30, 32],
    [32, 40, 28],
    [25, 37, 38],
    [32, 27, 41],
    [34, 31, 35],
    [28, 31, 41],
    [41, 21, 38],
    [37, 31, 32],
    [35, 27, 38],
    [31, 39, 30],
    [34, 39, 27],
    [30, 39, 31],
    [27, 26, 47],
    [27, 35, 38],
    [34, 33, 33],
    [36, 33, 31],
    [29, 39, 32],
    [38, 33, 29],
    [29, 39, 32],
    [42, 29, 29],
    [35, 29, 36],
    [32, 34, 34]
  ],
  "real_prob": [
    [0.47593699649, 0.41956353819, 0.10449946532],
    [0.25346336545, 0.26531813899, 0.48121849556]
  ],
  "method": "exact",
  "prob": [
    [0.4783030483, 0.38791058499, 0.1337863667],
    [0.2652969517, 0.28728941501, 0.4474136333]
  ],
  "iterations": 29,
  "logLik": -290.3915954177,
  "time": 2.42621,
  "message": "Converged",
  "status": 0,
  "cond_prob": [
    [
      [0.49869874481, 0.27695188279, 0.36790814256, 0.27313778617, 0.13339311264, 0.44991033104, 0.46982866917, 0.26445023044, 0.40401946285, 0.30396221918, 0.12615186798, 0.43158755039, 0.45777866254, 0.23555391243, 0.38171924229, 0.26252140717, 0.16050209517, 0.5019246804, 0.46255499194, 0.21974619211, 0.34252079143, 0.21745964016, 0.19492421662, 0.56279416774, 0.42522713485, 0.21735607423, 0.41372219928, 0.28269244494, 0.16105066587, 0.49995148082, 0.49882656399, 0.30764166401, 0.40563692893, 0.33442323746, 0.095536507079, 0.35793509853, 0.5761362588, 0.35220608587, 0.31988184966, 0.26140582124, 0.10398189154, 0.38638809289, 0.43348252514, 0.24977621229, 0.45148359452, 0.34777460822, 0.11503388034, 0.4024491795, 0.50617547911, 0.33062710688],
      [0.4169249542, 0.36403447232, 0.076899566682, 0.3053384208, 0.49413975227, 0.28819599597, 0.39102156391, 0.30485055304, 0.11483868382, 0.40695345099, 0.57409215589, 0.34459909274, 0.31555190844, 0.25323018053, 0.11035593567, 0.40217072672, 0.54277096829, 0.3263193535, 0.34993376574, 0.28119664251, 0.10729526598, 0.39248400399, 0.41780857929, 0.21829940162, 0.43065318587, 0.30077322211, 0.15153823484, 0.48092737627, 0.5356078982, 0.33663974505, 0.37262039563, 0.31309303871, 0.091771706175, 0.35026721624, 0.54902667759, 0.34600703762, 0.35924204216, 0.30264780051, 0.091731280245, 0.35134516188, 0.48541414515, 0.2545651042, 0.35980769189, 0.25221933543, 0.15477816296, 0.49321556037, 0.49821205634, 0.29150885532, 0.38789323704, 0.30336827632]
    ],
    [
      [0.11389470663, 0.40512286836, 0.46376501983, 0.22935247025, 0.35862061013, 0.2370690848, 0.17761437003, 0.53357844495, 0.50788189147, 0.28890804802, 0.36729196659, 0.27925336469, 0.12482614194, 0.4318385873, 0.41549122946, 0.21703295836, 0.43315122701, 0.30238993304, 0.15135754352, 0.4805771086, 0.42510905024, 0.22246845442, 0.42342485607, 0.29622281781, 0.15146609369, 0.48130872777, 0.43282494398, 0.23816610771, 0.43535737068, 0.32009659486, 0.13181768534, 0.44173729743, 0.40839531781, 0.24618610167, 0.49457627035, 0.39853107493, 0.097028411837, 0.3552828234, 0.49107610576, 0.26893926244, 0.37071432539, 0.27141109273, 0.13820956885, 0.45964964483, 0.43419354412, 0.20032258823, 0.35964168259, 0.22174811984, 0.20616477329, 0.57792929192],
      [0.51804924729, 0.27153273428, 0.3243025407, 0.22733371802, 0.15764821201, 0.50113354771, 0.57940185493, 0.34148863862, 0.3029484096, 0.23884630572, 0.11764973547, 0.41966505566, 0.54829224204, 0.32360702683, 0.33679366861, 0.26589417072, 0.11491408935, 0.41049880246, 0.53166683065, 0.31185982971, 0.35235051521, 0.27648020331, 0.11598265414, 0.41165996698, 0.4429761495, 0.26977030513, 0.46062124845, 0.37523920838, 0.096402602055, 0.35499048648, 0.36862547248, 0.18612474559, 0.46892322661, 0.31673364721, 0.1624513009, 0.49714160721, 0.4929365139, 0.25603717979, 0.34732238871, 0.24140130829, 0.1597410974, 0.50256151192, 0.4698868369, 0.24594401466, 0.37529143973, 0.26271999192, 0.15482172337, 0.49133599342, 0.40520634824, 0.18933333403]
    ],
    [
      [0.39618618477, 0.24758931447, 0.19860746698, 0.5630773515, 0.5832951081, 0.30822350794, 0.25756537664, 0.1820647788, 0.15913951525, 0.50971171326, 0.51365510332, 0.29599585587, 0.36524248394, 0.2815417507, 0.12110241275, 0.42246239343, 0.5190542525, 0.28094967151, 0.33574484669, 0.24314647107, 0.14520090081, 0.47590385742, 0.43204324362, 0.25256788536, 0.45788023378, 0.35805636058, 0.1100765226, 0.38937575407, 0.45965258873, 0.2810666354, 0.44419817961, 0.36330537422, 0.096149231666, 0.35562799037, 0.41434924553, 0.23284250659, 0.46234135117, 0.34751380963, 0.1233094033, 0.41964368378, 0.43466356938, 0.19942989884, 0.35627398574, 0.2187397204, 0.20906244488, 0.58183038076, 0.40204863602, 0.2078594654, 0.44284694777, 0.3063073187],
      [0.15510441622, 0.4858332159, 0.4710939286, 0.25965210828, 0.39422681739, 0.29063517644, 0.13467925401, 0.44971271529, 0.50042619808, 0.29391708326, 0.38630164983, 0.30350510596, 0.11327215209, 0.40257781078, 0.39603075985, 0.21321910494, 0.46559974445, 0.33525535747, 0.13836949571, 0.45152553759, 0.51072704831, 0.30322379702, 0.37918590992, 0.30111303703, 0.11008704177, 0.39566316594, 0.40551163611, 0.22502470469, 0.46704006878, 0.34666496131, 0.12744829511, 0.428310334, 0.55209795855, 0.32434285761, 0.33116226564, 0.26019284212, 0.11673977581, 0.41546430027, 0.48200890626, 0.24627871651, 0.35251273914, 0.24088284782, 0.1654783546, 0.51283843567, 0.4406915913, 0.23260264078, 0.40991816794, 0.28936960253, 0.14939024076, 0.47802775669]
    ]
  ],
  "maxiter": 3600,
  "param_threshold": 0.001,
  "ll_threshold": "-Inf",
  "initial_prob": "group_proportional"
}
