{
  "W": [
    [76, 24],
    [84, 16],
    [80, 20],
    [85, 15],
    [85, 15],
    [80, 20],
    [79, 21],
    [82, 18],
    [78, 22],
    [83, 17],
    [80, 20],
    [80, 20],
    [77, 23],
    [79, 21],
    [84, 16],
    [80, 20],
    [78, 22],
    [78, 22],
    [78, 22],
    [78, 22],
    [83, 17],
    [78, 22],
    [77, 23],
    [79, 21],
    [84, 16],
    [24, 76],
    [18, 82],
    [14, 86],
    [21, 79],
    [14, 86],
    [14, 86],
    [23, 77],
    [13, 87],
    [22, 78],
    [21, 79],
    [23, 77],
    [17, 83],
    [19, 81],
    [12, 88],
    [21, 79],
    [23, 77],
    [17, 83],
    [28, 72],
    [20, 80],
    [21, 79],
    [22, 78],
    [20, 80],
    [24, 76],
    [25, 75],
    [19, 81]
  ],
  "X": [
    [51, 23, 26],
    [52, 25, 23],
    [46, 31, 23],
    [45, 24, 31],
    [50, 21, 29],
    [41, 21, 38],
    [50, 18, 32],
    [38, 27, 35],
    [47, 22, 31],
    [50, 18, 32],
    [48, 24, 28],
    [44, 18, 38],
    [52, 26, 22],
    [50, 24, 26],
    [45, 28, 27],
    [38, 33, 29],
    [48, 24, 28],
    [46, 19, 35],
    [48, 26, 26],
    [44, 27, 29],
    [48, 29, 23],
    [50, 26, 24],
    [47, 21, 32],
    [49, 22, 29],
    [46, 21, 33],
    [72, 11, 17],
    [77, 5, 18],
    [86, 5, 9],
    [66, 10, 24],
    [77, 11, 12],
    [76, 9, 15],
    [73, 8, 19],
    [79, 9, 12],
    [84, 7, 9],
    [71, 17, 12],
    [72, 9, 19],
    [78, 11, 11],
    [75, 11, 14],
    [78, 11, 11],
    [77, 10, 13],
    [72, 15, 13],
    [71, 10, 19],
    [72, 12, 16],
    [69, 9, 22],
    [71, 15, 14],
    [68, 10, 22],
    [77, 8, 15],
    [70, 10, 20],
    [71, 10, 19],
    [78, 13, 9]
  ],
  "real_prob": [
    [0.38452342362, 0.28284916703, 0.33262740935],
    [0.82262763324, 0.067290909596, 0.11008145716]
  ],
  "method": "exact",
  "prob": [
    [0.37926433748, 0.28284358592, 0.3378920766],
    [0.83393566252, 0.058756414082, 0.1073079234]
  ],
  "iterations": 10,
  "logLik": -267.3849457764,
  "time": 0.176318,
  "message": "Converged",
  "status": 0,
  "cond_prob": [
    [
      [0.40265919714, 0.84991254238, 0.28488174903, 0.056207794751, 0.31245905383, 0.093879662867, 0.4522063056, 0.87591689561, 0.28767327813, 0.052215289821, 0.26012041627, 0.071867814572, 0.36616678747, 0.83533285013, 0.36790337698, 0.07838649209, 0.26592983556, 0.086280657776, 0.38181801287, 0.83636459376, 0.27250147354, 0.055824983251, 0.34568051359, 0.10781042299, 0.43581118946, 0.86373659305, 0.23922042796, 0.044417574914, 0.32496838258, 0.091845832037, 0.31560209376, 0.78759162494, 0.24806576991, 0.05773692038, 0.43633213633, 0.15467145468, 0.40780131364, 0.84684267727, 0.21666051442, 0.042086636228, 0.37553817194, 0.1110706865, 0.29326331403, 0.77513379166, 0.31237983647, 0.076936300504, 0.3943568495, 0.14792990784, 0.36906608722, 0.82785659985],
      [0.26631282214, 0.055799994232, 0.36462109064, 0.11634340592, 0.42696114964, 0.85660144589, 0.20883148077, 0.03923453506, 0.36420736959, 0.10416401905, 0.38944492796, 0.84222028815, 0.28556630218, 0.057734791286, 0.32498876986, 0.10004492057, 0.34784196651, 0.80863213394, 0.21341763694, 0.046329452247, 0.43874039655, 0.14503841381, 0.41802682826, 0.86138844452, 0.31928358012, 0.061528883947, 0.26268959162, 0.077082671529, 0.40635187154, 0.8522953404, 0.28874170534, 0.056638346568, 0.30490642312, 0.091066313032, 0.37623242983, 0.8372797434, 0.3206278409, 0.066703835262, 0.30313972927, 0.096016421343, 0.28184997926, 0.77260008295, 0.38776047176, 0.098958112973, 0.33038954898, 0.12844180407, 0.37941416298, 0.83662251307, 0.29079446445, 0.059910535139]
    ],
    [
      [0.32979137257, 0.10346695179, 0.35905131626, 0.81790896963, 0.22980089552, 0.048887734073, 0.41114778822, 0.1332032963, 0.37888740907, 0.8384900951, 0.31496608571, 0.065120241565, 0.30614650521, 0.096389663336, 0.33554254582, 0.81034915572, 0.3254714146, 0.073328620953, 0.33898603958, 0.11632222332, 0.40326325635, 0.85465586608, 0.3357626859, 0.066570415899, 0.26097405775, 0.078773718022, 0.40083987239, 0.85156772516, 0.31565107483, 0.062691643777, 0.28350905278, 0.085740631067, 0.36429932528, 0.82386747622, 0.25654335696, 0.054180935411, 0.37915731776, 0.12195158836, 0.39585910627, 0.84414907643, 0.26446441077, 0.052729121388, 0.33967648296, 0.10312180218, 0.38811740637, 0.83738361655, 0.24074548054, 0.04858622715, 0.37113711309, 0.1140301563],
      [0.37019241804, 0.8304655522, 0.27663245047, 0.057379226168, 0.35317513149, 0.11215522163, 0.4170054283, 0.8474866133, 0.14985700653, 0.028080169299, 0.43313756517, 0.1244332174, 0.55056317187, 0.91037343714, 0.18491548783, 0.028037013609, 0.26452134029, 0.061589549254, 0.2835635361, 0.76006538914, 0.24623708658, 0.061126850403, 0.47019937732, 0.17880776046, 0.36787978686, 0.83546143005, 0.34383109897, 0.071934472261, 0.28828911417, 0.092604097693, 0.36096861181, 0.82495859808, 0.28025306856, 0.059028570235, 0.35877831963, 0.11601283169, 0.38433755251, 0.83324982198, 0.20817016261, 0.041715405975, 0.40749228488, 0.12503477205, 0.39630296687, 0.84882829231, 0.29859267908, 0.058830978988, 0.30510435405, 0.092340728705, 0.56614839733, 0.91724019563]
    ],
    [
      [0.20797619813, 0.031083636425, 0.22587540454, 0.05167616795, 0.32356092221, 0.81272431182, 0.43208411142, 0.10033207165, 0.24435496637, 0.086943616534, 0.36826650415, 0.82506325201, 0.23107375462, 0.047861086282, 0.40065974123, 0.12707566171, 0.405205037, 0.85676523338, 0.33164493021, 0.06460284562, 0.26315003279, 0.078631920995, 0.37655427104, 0.83759838087, 0.30875599518, 0.063378223352, 0.31468973378, 0.09902339578, 0.36669373544, 0.83635994517, 0.36094421307, 0.075780334581, 0.27236205149, 0.087859720252, 0.42362943386, 0.86207318847, 0.27906409597, 0.052400683351, 0.29730647017, 0.085526128182, 0.35403746419, 0.82931348472, 0.37810515479, 0.081864694025, 0.26785738103, 0.088821821251, 0.31538147275, 0.79082548148, 0.27598028283, 0.063955845686],
      [0.40863824442, 0.14521867283, 0.39507935591, 0.84635802826, 0.2838599995, 0.056276666859, 0.32106064459, 0.097365304884, 0.31259965645, 0.78435008589, 0.23335023308, 0.05416244173, 0.45405011047, 0.16148747238, 0.328239821, 0.81148055391, 0.38407513459, 0.087777495869, 0.28768504441, 0.10074195022, 0.3106280124, 0.78418184266, 0.24860667999, 0.058085295387, 0.44076530761, 0.15773286196, 0.42213515212, 0.85696621197, 0.22868762532, 0.04282809367, 0.34917722256, 0.10020569436, 0.34650602972, 0.81162967483, 0.24710420243, 0.053546041337, 0.40638976785, 0.13482428384, 0.36576971614, 0.82474342795, 0.24603993554, 0.051320021488, 0.38819034832, 0.12393655056, 0.41447487076, 0.86574046241, 0.37577675811, 0.072348661677, 0.20974837113, 0.061910875908]
    ]
  ],
  "maxiter": 3600,
  "param_threshold": 0.001,
  "ll_threshold": "-Inf",
  "initial_prob": "group_proportional"
}
