{
  "W": [
    [77, 23],
    [80, 20],
    [78, 22],
    [85, 15],
    [81, 19],
    [70, 30],
    [75, 25],
    [82, 18],
    [76, 24],
    [77, 23],
    [76, 24],
    [72, 28],
    [73, 27],
    [81, 19],
    [84, 16],
    [88, 12],
    [83, 17],
    [75, 25],
    [77, 23],
    [80, 20],
    [88, 12],
    [79, 21],
    [85, 15],
    [83, 17],
    [85, 15],
    [24, 76],
    [18, 82],
    [24, 76],
    [22, 78],
    [25, 75],
    [18, 82],
    [21, 79],
    [21, 79],
    [22, 78],
    [19, 81],
    [21, 79],
    [22, 78],
    [18, 82],
    [15, 85],
    [19, 81],
    [24, 76],
    [21, 79],
    [19, 81],
    [26, 74],
    [16, 84],
    [18, 82],
    [19, 81],
    [22, 78],
    [18, 82],
    [18, 82]
  ],
  "X": [
    [48, 43, 9],
    [49, 36, 15],
    [46, 34, 20],
    [39, 42, 19],
    [46, 37, 17],
    [42, 41, 17],
    [48, 36, 16],
    [36, 47, 17],
    [55, 32, 13],
    [55, 29, 16],
    [51, 33, 16],
    [54, 32, 14],
    [44, 38, 18],
    [46, 43, 11],
    [49, 36, 15],
    [42, 40, 18],
    [39, 42, 19],
    [51, 35, 14],
    [49, 32, 19],
    [49, 34, 17],
    [37, 44, 19],
    [48, 37, 15],
    [45, 38, 17],
    [44, 42, 14],
    [47, 41, 12],
    [68, 19, 13],
    [72, 21, 7],
    [70, 19, 11],
    [77, 14, 9],
    [63, 25, 12],
    [66, 22, 12],
    [66, 23, 11],
    [68, 25, 7],
    [63, 29, 8],
    [69, 24, 7],
    [64, 21, 15],
    [63, 29, 8],
    [65, 26, 9],
    [68, 22, 10],
    [69, 20, 11],
    [50, 36, 14],
    [66, 27, 7],
    [72, 23, 5],
    [68, 22, 10],
    [64, 30, 6],
    [67, 28, 5],
    [67, 23, 10],
    [57, 29, 14],
    [73, 19, 8],
    [70, 24, 6]
  ],
  "real_prob": [
    [0.40072093935, 0.43043678645, 0.16884227419],
    [0.72711516214, 0.18571468072, 0.087170157135]
  ],
  "method": "exact",
  "prob": [
    [0.39381059209, 0.42414639973, 0.18204300818],
    [0.73578940791, 0.19345360027, 0.070756991822]
  ],
  "iterations": 9,
  "logLik": -267.5431066256,
  "time": 0.164893,
  "message": "Converged",
  "status": 0,
  "cond_prob": [
    [
      [0.40222706646, 0.74037025577, 0.49281520366, 0.21970562252, 0.10495772988, 0.039924121711, 0.42261340157, 0.75954639371, 0.40582265213, 0.1767093915, 0.1715639463, 0.063744214787, 0.38353356655, 0.73110826406, 0.38568876869, 0.17801254737, 0.23077766476, 0.090879188566, 0.33739762038, 0.68808015118, 0.45453388628, 0.22430797775, 0.20806849334, 0.087611871068, 0.39467602832, 0.73848640559, 0.41290013821, 0.18710993709, 0.19242383347, 0.074403657322, 0.31489761115, 0.66523890731, 0.48047670401, 0.24555435731, 0.20462568484, 0.089206735375, 0.39405328037, 0.73784015889, 0.41697987756, 0.18906036733, 0.18896684207, 0.07309947378, 0.29731278415, 0.64557509441, 0.5139324129, 0.26986345234, 0.18875480294, 0.084561453251, 0.47279658064, 0.79447749464],
      [0.37306739713, 0.15195324242, 0.15413602223, 0.053569262938, 0.47587919866, 0.79814355231, 0.33583901589, 0.1365389468, 0.18828178545, 0.065317500888, 0.42932736679, 0.76546333849, 0.38209326626, 0.16503799019, 0.18857936695, 0.069498671315, 0.44749553295, 0.77786862955, 0.38189904814, 0.16083101908, 0.17060541891, 0.061300351368, 0.34531717476, 0.69599430528, 0.44099375073, 0.21509097024, 0.21368907451, 0.088914724482, 0.39533086047, 0.73569475274, 0.48010414171, 0.2163981327, 0.12456499782, 0.047907114567, 0.43670349123, 0.76980667105, 0.39632023795, 0.16931875079, 0.16697627083, 0.060874578164, 0.37842603772, 0.72487572338, 0.42750386311, 0.19830500384, 0.19407009917, 0.076819272777, 0.33034161032, 0.68127331434, 0.45910318907, 0.22908442985]
    ],
    [
      [0.21055520062, 0.089642255812, 0.42603041272, 0.76190876185, 0.40777959248, 0.17666122256, 0.1661899948, 0.061430015588, 0.41134473828, 0.75332413706, 0.36696376428, 0.16277348479, 0.22169149743, 0.083902378155, 0.42237939045, 0.76048243819, 0.38321058801, 0.16715764795, 0.19441002154, 0.072359913858, 0.32792708918, 0.67853467936, 0.46804824402, 0.23431287721, 0.20402466681, 0.087152443423, 0.40856992963, 0.74871312187, 0.41892422005, 0.18595174362, 0.17250585032, 0.06533513451, 0.39857728175, 0.74139540339, 0.41413035532, 0.18659465317, 0.18729236292, 0.072009943438, 0.3814928413, 0.72565259838, 0.46239941507, 0.21299109113, 0.15610774364, 0.061356310488, 0.41964498522, 0.75534508373, 0.44787970378, 0.19534834523, 0.13247531099, 0.049306571045],
      [0.42028974467, 0.76201376484, 0.33152536558, 0.14530777929, 0.24818488975, 0.092678455868, 0.45014709534, 0.77923600346, 0.40157384254, 0.1679472053, 0.14827906212, 0.052816791243, 0.44677508191, 0.77996576361, 0.33888340211, 0.14298418881, 0.21434151598, 0.077050047586, 0.53607297981, 0.83597941595, 0.27252313536, 0.10262167977, 0.19140388482, 0.06139890428, 0.3680803834, 0.71730653887, 0.41422447755, 0.19525850748, 0.21769513905, 0.087434953649, 0.37332214237, 0.72292928582, 0.39004429669, 0.18267320317, 0.23663356094, 0.094397511012, 0.38620223527, 0.7327816843, 0.40176435657, 0.18434112041, 0.21203340816, 0.082877195299, 0.41299238496, 0.75097670779, 0.44861951691, 0.1972024069, 0.13838809813, 0.051820885308, 0.35961343358, 0.70626287771]
    ],
    [
      [0.49105080793, 0.23329336187, 0.14933575849, 0.060443760426, 0.41672228797, 0.75410217936, 0.44093742685, 0.1928665295, 0.14234028518, 0.053031291131, 0.36098703391, 0.71416800364, 0.35709996369, 0.17089747801, 0.28191300239, 0.11493451835, 0.35961343358, 0.70626287771, 0.49105080793, 0.23329336187, 0.14933575849, 0.060443760426, 0.36503369103, 0.71255358002, 0.45841996117, 0.21644439877, 0.1765463478, 0.071002021214, 0.38547862027, 0.73197436113, 0.407206981, 0.18696347394, 0.20731439873, 0.08106216493, 0.41285269674, 0.75500986126, 0.36492061027, 0.16131491858, 0.22222669299, 0.083675220162, 0.24312038182, 0.58111987943, 0.52927002229, 0.30654630875, 0.22760959589, 0.11233381182, 0.38961224041, 0.73187522723, 0.47464790245, 0.21559992466],
      [0.13573985714, 0.052524848102, 0.45669577844, 0.78176271864, 0.43811152292, 0.18118371685, 0.10519269864, 0.037053564517, 0.43130758996, 0.76737841434, 0.3804380635, 0.16362986958, 0.18825434654, 0.06899171608, 0.34946669702, 0.69533967676, 0.53157986613, 0.25588954931, 0.11895343685, 0.048770773933, 0.3909070877, 0.73126429782, 0.50826776412, 0.22989244202, 0.10082514818, 0.038843260155, 0.39034819706, 0.73559733649, 0.41138935202, 0.18745188039, 0.19826245092, 0.076950783118, 0.2963836755, 0.64717383511, 0.45858322299, 0.24245088582, 0.24503310151, 0.11037527906, 0.46223260266, 0.78877820917, 0.3667844387, 0.1511936598, 0.17098295864, 0.060028131029, 0.42577030019, 0.76019676337, 0.44958330374, 0.19399390894, 0.12464639607, 0.045809327692]
    ]
  ],
  "maxiter": 3600,
  "param_threshold": 0.001,
  "ll_threshold": "-Inf",
  "initial_prob": "group_proportional"
}
