{
  "W": [
    [81, 6, 6, 7],
    [86, 4, 3, 7],
    [76, 9, 6, 9],
    [83, 6, 6, 5],
    [80, 7, 9, 4],
    [76, 9, 7, 8],
    [73, 9, 11, 7],
    [76, 5, 8, 11],
    [78, 7, 9, 6],
    [81, 7, 5, 7],
    [78, 8, 7, 7],
    [79, 5, 10, 6],
    [32, 49, 10, 9],
    [8, 76, 13, 3],
    [4, 83, 9, 4],
    [15, 68, 8, 9],
    [9, 77, 5, 9],
    [9, 77, 6, 8],
    [4, 71, 17, 8],
    [9, 75, 10, 6],
    [7, 82, 5, 6],
    [6, 78, 8, 8],
    [5, 79, 10, 6],
    [10, 74, 5, 11],
    [7, 83, 3, 7],
    [5, 12, 73, 10],
    [7, 5, 79, 9],
    [3, 2, 85, 10],
    [5, 7, 80, 8],
    [8, 7, 76, 9],
    [6, 11, 75, 8],
    [6, 5, 78, 11],
    [11, 8, 71, 10],
    [11, 11, 73, 5],
    [7, 11, 71, 11],
    [5, 6, 82, 7],
    [3, 11, 82, 4],
    [8, 11, 45, 36],
    [8, 10, 4, 78],
    [11, 3, 8, 78],
    [8, 6, 4, 82],
    [12, 9, 5, 74],
    [5, 7, 10, 78],
    [11, 8, 6, 75],
    [5, 6, 8, 81],
    [8, 6, 6, 80],
    [3, 6, 9, 82],
    [11, 9, 8, 72],
    [4, 8, 7, 81],
    [7, 11, 9, 73]
  ],
  "X": [
    [40, 36, 24],
    [38, 33, 29],
    [42, 35, 23],
    [37, 38, 25],
    [42, 30, 28],
    [48, 32, 20],
    [49, 30, 21],
    [43, 35, 22],
    [43, 31, 26],
    [48, 35, 17],
    [29, 39, 32],
    [45, 31, 24],
    [20, 41, 39],
    [11, 39, 50],
    [13, 46, 41],
    [14, 48, 38],
    [13, 49, 38],
    [12, 51, 37],
    [16, 49, 35],
    [11, 44, 45],
    [14, 51, 35],
    [11, 45, 44],
    [11, 47, 42],
    [9, 49, 42],
    [11, 51, 38],
    [27, 23, 50],
    [34, 14, 52],
    [37, 17, 46],
    [31, 17, 52],
    [37, 20, 43],
    [34, 27, 39],
    [37, 20, 43],
    [34, 22, 44],
    [34, 23, 43],
    [46, 15, 39],
    [41, 16, 43],
    [34, 21, 45],
    [33, 47, 20],
    [32, 56, 12],
    [33, 54, 13],
    [38, 52, 10],
    [34, 54, 12],
    [34, 53, 13],
    [25, 62, 13],
    [33, 55, 12],
    [36, 54, 10],
    [26, 66, 8],
    [33, 54, 13],
    [26, 64, 10],
    [32, 57, 11]
  ],
  "real_prob": [
    [0.47738023617, 0.3046850449, 0.21793471893],
    [0.03168723791, 0.50236842143, 0.46594434066],
    [0.38334207503, 0.10474298908, 0.51191493589],
    [0.34029335109, 0.63555175575, 0.024154893167]
  ],
  "method": "exact",
  "prob": [
    [0.46004320371, 0.31633431846, 0.22362247783],
    [0.04399493453, 0.51267422448, 0.44333084099],
    [0.38369200193, 0.11047534069, 0.50583265738],
    [0.32106985983, 0.64291611638, 0.036014023792]
  ],
  "iterations": 10,
  "logLik": -267.0979313829,
  "time": 4.1987,
  "message": "Converged",
  "status": 0,
  "cond_prob": [
    [
      [0.43822390361, 0.040762936592, 0.36671544889, 0.29414192786, 0.33846207793, 0.52985845012, 0.11872221711, 0.67044109771, 0.22331401846, 0.42937861329, 0.514562334, 0.035416974434, 0.40559518101, 0.035263816572, 0.30562963398, 0.29441003784, 0.3061310549, 0.44726433169, 0.09675162803, 0.65620243825, 0.28827376409, 0.51747185174, 0.59761873799, 0.04938752391, 0.47647119134, 0.04714320083, 0.40216501188, 0.32787895329, 0.31415054551, 0.5238687689, 0.11118749248, 0.63806829622, 0.20937826315, 0.42898803027, 0.48664749564, 0.034052750481, 0.40297453949, 0.035582127235, 0.33847208143, 0.26175759406, 0.36678222076, 0.54465066101, 0.12911679764, 0.70289418503, 0.23024323975, 0.41976721176, 0.53241112093, 0.035348220913, 0.4630311287, 0.044321219122],
      [0.36756651582, 0.33479063197, 0.29175333517, 0.47036254352, 0.097104087286, 0.62331464902, 0.24521553613, 0.48531623736, 0.53532939689, 0.041894719011, 0.54075027658, 0.060297681862, 0.47478270533, 0.37960261324, 0.28544703099, 0.53756437696, 0.10507758647, 0.59155039333, 0.17380269243, 0.40213794117, 0.4201397082, 0.028846993433, 0.55280401044, 0.063014707986, 0.48415031984, 0.3932173354, 0.27501805796, 0.52981755483, 0.10096343559, 0.57781799769, 0.1721779316, 0.40716773718, 0.41488624457, 0.028964666913, 0.47360569691, 0.046736223583, 0.40282132599, 0.32270139174, 0.32026161635, 0.53229552827, 0.11416012947, 0.64412349818, 0.20613268674, 0.42096824814, 0.48301854454, 0.033175110081, 0.47626465765, 0.046778097326, 0.38698071812, 0.34018059316],
      [0.29436970157, 0.48714575899, 0.1002770809, 0.6211082061, 0.22936564078, 0.46607614369, 0.51274220097, 0.038711200736, 0.52728715002, 0.057955078834, 0.48643569758, 0.35026811551, 0.31923533165, 0.59221527624, 0.12340906175, 0.62562655623, 0.15347751833, 0.34982964492, 0.39015524067, 0.02410532826, 0.3271455665, 0.025608959731, 0.25003307458, 0.21822037335, 0.37304619068, 0.49047122785, 0.11955865237, 0.73453096248, 0.29980824282, 0.48391981242, 0.63040827305, 0.047248664164, 0.48873201782, 0.049285533849, 0.40843193278, 0.34323726583, 0.29967503315, 0.50925345377, 0.10495018398, 0.62165054546, 0.21159294903, 0.44146101238, 0.48661788324, 0.035112188709, 0.39825630327, 0.034068632357, 0.30853184648, 0.27790187167, 0.32763831148, 0.47666897177],
      [0.1068954671, 0.67664886056, 0.27410538525, 0.48926239587, 0.58457268643, 0.045449267766, 0.41618360939, 0.035637789337, 0.31145349177, 0.30438791408, 0.29611605627, 0.44045475982, 0.093907957331, 0.64523545275, 0.28770033434, 0.52390745084, 0.5946385509, 0.050376633177, 0.55017672005, 0.060091434775, 0.46850776472, 0.39878353774, 0.26349825943, 0.50381650168, 0.094902642857, 0.56877838436, 0.18632502052, 0.43609206355, 0.43658959242, 0.032438077904, 0.41721314173, 0.036693845158, 0.3435599746, 0.27757128962, 0.34652641817, 0.52463489206, 0.12041336815, 0.68484712467, 0.23626044011, 0.43867126278, 0.53602665725, 0.037581585707, 0.48327537381, 0.046969481696, 0.40613231175, 0.33368999848, 0.30754059399, 0.51948882514, 0.10928399109, 0.63167501813]
    ],
    [
      [0.2091840322, 0.43354169317, 0.48458369716, 0.034634983386, 0.45207778659, 0.041861332762, 0.38537000999, 0.29946965476, 0.33806462555, 0.54402334216, 0.12173389914, 0.66715220357, 0.20985758786, 0.41411532507, 0.49289609087, 0.033378141666, 0.50317313703, 0.05149106578, 0.45038066384, 0.33437131202, 0.32248621617, 0.57101441168, 0.12148552139, 0.63784725526, 0.1743406468, 0.37749452254, 0.42813381477, 0.027781432718, 0.40317253782, 0.034149657289, 0.31302239303, 0.2799998221, 0.32636895611, 0.47920160652, 0.10724913434, 0.67501126048, 0.27045850607, 0.48664873619, 0.57972847263, 0.044988917415, 0.56154794766, 0.063431348146, 0.50187455405, 0.3930701747, 0.27836816186, 0.54934493284, 0.10502660796, 0.58000088901, 0.16008389048, 0.38722371901],
      [0.39309883799, 0.026928936291, 0.44093210996, 0.039480426067, 0.34720852803, 0.31215823535, 0.30593539186, 0.47677638516, 0.1020890332, 0.64488966764, 0.25313249818, 0.48374318878, 0.55070243877, 0.042952097019, 0.44871536898, 0.040939493137, 0.36805512705, 0.3069419878, 0.3211375742, 0.51074182951, 0.1114254357, 0.65524220685, 0.23014705682, 0.44831867736, 0.52051943725, 0.037815805341, 0.3356418704, 0.025857787531, 0.25749192739, 0.22205867107, 0.37149313057, 0.49505790577, 0.12071460543, 0.73156460367, 0.29286499903, 0.4790843067, 0.62179346718, 0.046376725258, 0.48969745939, 0.047902726581, 0.41731592319, 0.33489195836, 0.30993674019, 0.53096480772, 0.11178840983, 0.63214264983, 0.20036580043, 0.4211324657, 0.47089566698, 0.03296539181],
      [0.38365015337, 0.032468939722, 0.30281600295, 0.25865537409, 0.34674136733, 0.49682220078, 0.11400405726, 0.69821305738, 0.2696084793, 0.4707088595, 0.58317993978, 0.043131568531, 0.47288193245, 0.044994947575, 0.34203735865, 0.38265560022, 0.23036878839, 0.37196794956, 0.069402906556, 0.5605276795, 0.29674927916, 0.58303710286, 0.5885597348, 0.056816720279, 0.4651418111, 0.04478532889, 0.37951687745, 0.32560693258, 0.30321785327, 0.49575621056, 0.10281456566, 0.63595959381, 0.23164033563, 0.45945846055, 0.51766855689, 0.038433473612, 0.42935532039, 0.038559449228, 0.32589999308, 0.31391347589, 0.29070861121, 0.44280684106, 0.091827895209, 0.63757217998, 0.2799360684, 0.51863370971, 0.58227211171, 0.048514344132, 0.47239684853, 0.046214220607],
