{
  "W": [
    [54, 46],
    [46, 54],
    [61, 39],
    [49, 51],
    [53, 47],
    [46, 54],
    [64, 36],
    [53, 47],
    [57, 43],
    [48, 52],
    [39, 61],
    [47, 53],
    [55, 45],
    [53, 47],
    [60, 40],
    [59, 41],
    [54, 46],
    [61, 39],
    [57, 43],
    [53, 47],
    [52, 48],
    [54, 46],
    [64, 36],
    [42, 58],
    [55, 45],
    [41, 59],
    [43, 57],
    [47, 53],
    [47, 53],
    [43, 57],
    [44, 56],
    [52, 48],
    [43, 57],
    [49, 51],
    [44, 56],
    [53, 47],
    [48, 52],
    [50, 50],
    [45, 55],
    [49, 51],
    [54, 46],
    [43, 57],
    [45, 55],
    [45, 55],
    [59, 41],
    [48, 52],
    [50, 50],
    [38, 62],
    [47, 53],
    [37, 63]
  ],
  "X": [
    [27, 11, 62],
    [30, 7, 63],
    [25, 9, 66],
    [28, 8, 64],
    [29, 10, 61],
    [30, 12, 58],
    [19, 8, 73],
    [27, 12, 61],
    [28, 9, 63],
    [39, 9, 52],
    [42, 5, 53],
    [32, 8, 60],
    [26, 11, 63],
    [36, 13, 51],
    [22, 10, 68],
    [27, 8, 65],
    [26, 15, 59],
    [18, 12, 70],
    [20, 8, 72],
    [32, 10, 58],
    [27, 7, 66],
    [24, 10, 66],
    [23, 9, 68],
    [36, 10, 54],
    [31, 7, 62],
    [37, 7, 56],
    [35, 8, 57],
    [27, 7, 66],
    [26, 13, 61],
    [35, 7, 58],
    [23, 14, 63],
    [27, 6, 67],
    [38, 10, 52],
    [31, 9, 60],
    [32, 5, 63],
    [27, 8, 65],
    [34, 10, 56],
    [29, 11, 60],
    [25, 9, 66],
    [29, 11, 60],
    [26, 12, 62],
    [33, 7, 60],
    [31, 11, 58],
    [34, 7, 59],
    [26, 10, 64],
    [29, 14, 57],
    [30, 11, 59],
    [37, 13, 50],
    [30, 9, 61],
    [36, 6, 58]
  ],
  "real_prob": [
    [0.03886318939, 0.13192214771, 0.8292146629],
    [0.52972299696, 0.047219178324, 0.42305782471]
  ],
  "method": "exact",
  "prob": [
    [0.061215786889, 0.11894167942, 0.81984253369],
    [0.52718421311, 0.070258320576, 0.40255746631]
  ],
  "iterations": 89,
  "logLik": -248.5193505493,
  "time": 2.687623,
  "message": "Converged",
  "status": 0,
  "cond_prob": [
    [
      [0.058734485326, 0.51800734331, 0.13485529559, 0.080822044302, 0.80641021908, 0.40117061238, 0.056157282231, 0.50771787069, 0.088274452315, 0.054432873954, 0.85556826545, 0.43784925535, 0.063601387556, 0.54154654767, 0.1078223508, 0.062124015418, 0.82857626165, 0.39632943691, 0.054024948237, 0.49711328503, 0.098788147414, 0.061948642681, 0.84718690435, 0.44093807229, 0.064661089603, 0.54410557981, 0.12521500224, 0.071566061306, 0.81012390816, 0.38432835888, 0.056763821343, 0.50720118923, 0.15207904081, 0.092673409678, 0.79115713784, 0.4001254011, 0.044559939979, 0.4485601067, 0.090341841058, 0.061614504786, 0.86509821896, 0.48982538851, 0.057163667887, 0.5100069277, 0.14721132245, 0.089314891702, 0.79562500966, 0.4006781806, 0.068442011631, 0.56043733342],
      [0.11130511212, 0.061758339751, 0.82025287625, 0.37780432683, 0.10002220238, 0.65767181319, 0.1264664428, 0.056338668188, 0.77351135482, 0.28598951863, 0.089461619693, 0.63132781692, 0.073222726592, 0.035152682998, 0.83731565371, 0.33351950008, 0.065009232895, 0.54612388781, 0.10347582137, 0.059181818788, 0.83151494574, 0.3946942934, 0.056648738664, 0.50854043052, 0.13341727848, 0.081378881855, 0.80993398285, 0.41008068762, 0.099368760995, 0.65390331207, 0.1758613117, 0.078284052761, 0.7247699273, 0.26781263517, 0.049724245949, 0.47541363108, 0.11634775254, 0.075478371183, 0.83392800151, 0.44910799774, 0.068190355286, 0.56040900093, 0.097787753762, 0.054402988488, 0.83402189095, 0.38518801058, 0.055446732886, 0.50012774835, 0.18245553571, 0.1119000233]
    ],
    [
      [0.76209773141, 0.38797222835, 0.037647128483, 0.40265449135, 0.13430234817, 0.09762966056, 0.82805052335, 0.49971584809, 0.039020558275, 0.41339135298, 0.090888877816, 0.065565906151, 0.87009056391, 0.52104274086, 0.077818212922, 0.59309861096, 0.12938854582, 0.066859724925, 0.79279324126, 0.34004166411, 0.055004939416, 0.50291131563, 0.085505388443, 0.053202495854, 0.85948967214, 0.44388618851, 0.048019410202, 0.46536851846, 0.11855599373, 0.078216876931, 0.83342459607, 0.45641460461, 0.060921574302, 0.53058386791, 0.10564910919, 0.06217936144, 0.83342931651, 0.40723677065, 0.07139736064, 0.56898811816, 0.13606334678, 0.073885162677, 0.79253929258, 0.35712671917, 0.077465271718, 0.59420911234, 0.089305781836, 0.046404044423, 0.83322894645, 0.35938684323],
      [0.072876108756, 0.57647592442, 0.096148561094, 0.051828966019, 0.83097533015, 0.37169510956, 0.06910627324, 0.5619022851, 0.10726792069, 0.05942946334, 0.82362580607, 0.37866825156, 0.048087391565, 0.46679042635, 0.085235931705, 0.056488890752, 0.86667667673, 0.4767206829, 0.045754396266, 0.44999138444, 0.15738027881, 0.10571937539, 0.79686532492, 0.44428924016, 0.068950541532, 0.56201976691, 0.093760831528, 0.052075162181, 0.83728862694, 0.3859050709, 0.035237604083, 0.38302759679, 0.16336007293, 0.12164565699, 0.80140232299, 0.49532674622, 0.05489432849, 0.50303114414, 0.073229863915, 0.045667647425, 0.87187580759, 0.45130120844, 0.081826608947, 0.60493782132, 0.13954472032, 0.070168018005, 0.77862867073, 0.32489416067, 0.064950369391, 0.54543984117]
    ],
    [
      [0.11518262809, 0.065804925955, 0.81986700252, 0.38875523287, 0.059576465712, 0.52461849123, 0.064401222147, 0.038684754027, 0.87602231214, 0.43669675475, 0.056712692431, 0.51051547449, 0.097833306433, 0.059890101256, 0.84545400114, 0.42959442425, 0.075424719589, 0.58422333576, 0.1326773285, 0.06983631215, 0.79189795191, 0.34594035209, 0.059427302844, 0.52057269716, 0.13782511778, 0.082174882223, 0.80274757938, 0.39725242062, 0.040576671603, 0.4213463596, 0.10704919968, 0.076050654804, 0.85237412871, 0.5026029856, 0.057806145442, 0.5130882132, 0.13779064651, 0.083299182763, 0.80440320805, 0.40361260403, 0.055123637783, 0.50050703391, 0.14563238657, 0.089909807066, 0.79924397564, 0.40958315903, 0.061689516914, 0.53240966268, 0.091434053027, 0.053830451225],
      [0.84687643006, 0.4137598861, 0.05850412352, 0.51576935348, 0.14089816789, 0.084719680819, 0.80059770859, 0.3995109657, 0.068849195858, 0.56185065793, 0.092639286557, 0.051476947363, 0.83851151759, 0.3866723947, 0.063964054498, 0.54210050694, 0.12115758061, 0.069553725467, 0.81487836489, 0.38834576759, 0.056614706083, 0.505432579, 0.17579634399, 0.10695722093, 0.76758894993, 0.38761020007, 0.063172349134, 0.53682765087, 0.13941219125, 0.080587808748, 0.79741545961, 0.38258454039, 0.068375796984, 0.55486644701, 0.17970036975, 0.099538483059, 0.75192383327, 0.34559506993, 0.057914934625, 0.51467920892, 0.11377548411, 0.068916080129, 0.82830958126, 0.41640471095, 0.062238399964, 0.53487586034, 0.081078525952, 0.047620548251, 0.85668307408, 0.41750359141]
    ]
  ],
  "maxiter": 3600,
  "param_threshold": 0.001,
  "ll_threshold": "-Inf",
  "initial_prob": "group_proportional"
}
