{
  "W": [
    [49, 51],
    [49, 51],
    [57, 43],
    [62, 38],
    [52, 48],
    [57, 43],
    [47, 53],
    [53, 47],
    [56, 44],
    [55, 45],
    [52, 48],
    [60, 40],
    [59, 41],
    [55, 45],
    [48, 52],
    [47, 53],
    [46, 54],
    [50, 50],
    [52, 48],
    [45, 55],
    [43, 57],
    [48, 52],
    [43, 57],
    [48, 52],
    [51, 49],
    [52, 48],
    [49, 51],
    [48, 52],
    [46, 54],
    [42, 58],
    [46, 54],
    [44, 56],
    [50, 50],
    [54, 46],
    [48, 52],
    [47, 53],
    [50, 50],
    [46, 54],
    [44, 56],
    [44, 56],
    [51, 49],
    [45, 55],
    [46, 54],
    [42, 58],
    [55, 45],
    [56, 44],
    [51, 49],
    [57, 43],
    [51, 49],
    [52, 48]
  ],
  "X": [
    [19, 39, 42],
    [22, 40, 38],
    [14, 41, 45],
    [21, 46, 33],
    [15, 41, 44],
    [23, 40, 37],
    [23, 35, 42],
    [20, 38, 42],
    [20, 43, 37],
    [21, 41, 38],
    [17, 42, 41],
    [21, 44, 35],
    [19, 44, 37],
    [13, 42, 45],
    [23, 34, 43],
    [20, 38, 42],
    [16, 35, 49],
    [23, 34, 43],
    [21, 44, 35],
    [24, 36, 40],
    [20, 35, 45],
    [21, 35, 44],
    [20, 36, 44],
    [23, 35, 42],
    [24, 35, 41],
    [17, 44, 39],
    [26, 36, 38],
    [21, 37, 42],
    [15, 32, 53],
    [20, 31, 49],
    [20, 37, 43],
    [26, 36, 38],
    [24, 36, 40],
    [11, 44, 45],
    [16, 37, 47],
    [15, 40, 45],
    [21, 35, 44],
    [20, 33, 47],
    [20, 35, 45],
    [25, 31, 44],
    [21, 37, 42],
    [20, 38, 42],
    [16, 37, 47],
    [24, 32, 44],
    [21, 43, 36],
    [22, 47, 31],
    [24, 39, 37],
    [23, 39, 38],
    [18, 43, 39],
    [16, 48, 36]
  ],
  "real_prob": [
    [0.068952163001, 0.73761007025, 0.19343776675],
    [0.33015317509, 0.023194338187, 0.64665248672]
  ],
  "method": "exact",
  "prob": [
    [0.14335202004, 0.71149356997, 0.14515440999],
    [0.25864797996, 0.056506430026, 0.68484559001]
  ],
  "iterations": 150,
  "logLik": -253.9714867867,
  "time": 14.587739,
  "message": "Converged",
  "status": 0,
  "cond_prob": [
    [
      [0.12963202409, 0.2480006043, 0.73325083849, 0.060209978709, 0.13711713742, 0.69178941699, 0.14016591929, 0.29670333244, 0.7458944993, 0.067669990866, 0.1139395814, 0.63562667669, 0.11556304805, 0.17239316886, 0.68579520209, 0.044411011183, 0.19864174986, 0.78319581996, 0.15910761173, 0.29303494928, 0.70730788534, 0.056497660754, 0.13358450292, 0.65046738997, 0.108019402, 0.19547898116, 0.73559616871, 0.05727081723, 0.15638442929, 0.74725020161, 0.18096507305, 0.29499978689, 0.66619521395, 0.047136576855, 0.152839713, 0.65786363626, 0.16648151658, 0.28632771172, 0.68730880843, 0.050877094415, 0.146209675, 0.66279519387, 0.15652759588, 0.24902207273, 0.67571794814, 0.046530824442, 0.16775445598, 0.70444710283, 0.14387584187, 0.27143074671],
      [0.72167956956, 0.058771456924, 0.13444458857, 0.66979779636, 0.15568163505, 0.27638911271, 0.70141587299, 0.053825044128, 0.14290249196, 0.66978584316, 0.11564161877, 0.22888824633, 0.74893038125, 0.063658753641, 0.13542799997, 0.70745300003, 0.16061651711, 0.28407522434, 0.69765989605, 0.053510155922, 0.14172358684, 0.66241461974, 0.14441518626, 0.2555976588, 0.70804329461, 0.054279161415, 0.14754151913, 0.69012317978, 0.10027500039, 0.16633055508, 0.72134405722, 0.051690596731, 0.17838094239, 0.78197884819, 0.17717201069, 0.27876429783, 0.65977444067, 0.04482359323, 0.16305354865, 0.67641210894, 0.13184814647, 0.26043654935, 0.73808675319, 0.06245136981, 0.13006510033, 0.67711208084, 0.11977923759, 0.19426213094, 0.70332796292, 0.049016920476]
    ],
    [
      [0.17689279949, 0.75672094859, 0.18552038234, 0.27447961766, 0.6390458795, 0.040954120497, 0.17543373815, 0.68456626185, 0.1267500489, 0.30018744703, 0.77373070703, 0.078458400715, 0.099519244072, 0.62135415225, 0.15540532652, 0.30921382376, 0.72454044746, 0.061739633897, 0.12005422602, 0.62904654234, 0.13080723714, 0.25219804918, 0.7338284813, 0.060445180776, 0.13536428157, 0.68735677005, 0.1589639774, 0.25711017471, 0.677946281, 0.047280356003, 0.1630897416, 0.69560946929, 0.12484336661, 0.2566971094, 0.75000918962, 0.065782541164, 0.12514744377, 0.67752034943, 0.1711000255, 0.28436920723, 0.6766414612, 0.048484805049, 0.1522585133, 0.66714598772, 0.19030253288, 0.29172593516, 0.64511724986, 0.042837148101, 0.16458021725, 0.66543691674],
      [0.10653357709, 0.23875529149, 0.77732379016, 0.074565893998, 0.11614263276, 0.68667881451, 0.18679150009, 0.33033757834, 0.68067495729, 0.051900531228, 0.13253354261, 0.61776189043, 0.14758198925, 0.26761662531, 0.71081448486, 0.055402013973, 0.14160352589, 0.67698136072, 0.12625713402, 0.17022540435, 0.65113272712, 0.037923973195, 0.22261013886, 0.79185062246, 0.1505230403, 0.23582814323, 0.67537310635, 0.04541947471, 0.17410385335, 0.71875238206, 0.13298552044, 0.25708640851, 0.73309889683, 0.060693532331, 0.13391558273, 0.68222005915, 0.15980819617, 0.33872213158, 0.73356040409, 0.066488253929, 0.10663139974, 0.59478961449, 0.18002354021, 0.29997645979, 0.67166361731, 0.04833638269, 0.14831284248, 0.65168715752, 0.078321253183, 0.14718809409]
    ],
    [
      [0.76236858798, 0.061567309764, 0.15931015884, 0.79124459615, 0.11767070113, 0.19907319895, 0.7145354128, 0.051967311258, 0.16779388606, 0.74895948979, 0.094787533121, 0.19896199893, 0.77297313708, 0.069250236932, 0.1322393298, 0.73178776414, 0.16697659157, 0.25302340843, 0.65693305107, 0.043066948926, 0.17609035736, 0.70390964264, 0.15567561417, 0.23775781015, 0.66592579009, 0.043840993626, 0.17839859573, 0.71840119623, 0.13546557148, 0.25070562241, 0.72260091043, 0.057242141808, 0.14193351809, 0.69205223578, 0.19037852854, 0.29684544186, 0.6490585398, 0.043596861589, 0.16056293167, 0.65955769655, 0.160300378, 0.261728178, 0.67944120972, 0.047928536823, 0.16025841228, 0.69034328518, 0.12263245595, 0.26330071786, 0.75938674091, 0.069592666525],
      [0.11798080313, 0.66710661562, 0.11037535189, 0.20227284839, 0.73650250173, 0.057794165193, 0.15312214638, 0.73993298641, 0.16727822532, 0.29266059545, 0.69041677902, 0.051767160017, 0.14230499565, 0.65557224453, 0.14550977234, 0.28882138937, 0.73068265178, 0.062498981163, 0.12380757589, 0.64867962947, 0.13405820041, 0.3293804722, 0.77508908811, 0.081704796949, 0.090852711476, 0.58891473085, 0.1664223834, 0.31658078463, 0.70890584313, 0.058077591841, 0.12467177347, 0.62534162353, 0.18591587153, 0.28843710052, 0.65109223713, 0.04390098799, 0.16299189133, 0.66766191149, 0.11243387262, 0.2503239285, 0.77242243436, 0.07360113975, 0.11514369302, 0.67607493175, 0.084144598156, 0.24217668533, 0.82931407124, 0.10157642282, 0.086541330605, 0.65624689184]
    ]
  ],
  "maxiter": 3600,
  "param_threshold": 0.001,
  "ll_threshold": "-Inf",
  "initial_prob": "group_proportional"
}
