{
  "W": [
    [54, 46],
    [60, 40],
    [49, 51],
    [51, 49],
    [46, 54],
    [51, 49],
    [53, 47],
    [46, 54],
    [41, 59],
    [58, 42],
    [44, 56],
    [59, 41],
    [48, 52],
    [61, 39],
    [55, 45],
    [53, 47],
    [57, 43],
    [57, 43],
    [49, 51],
    [62, 38],
    [55, 45],
    [46, 54],
    [55, 45],
    [46, 54],
    [46, 54],
    [53, 47],
    [57, 43],
    [45, 55],
    [45, 55],
    [39, 61],
    [48, 52],
    [53, 47],
    [41, 59],
    [46, 54],
    [48, 52],
    [43, 57],
    [40, 60],
    [49, 51],
    [54, 46],
    [46, 54],
    [51, 49],
    [51, 49],
    [48, 52],
    [47, 53],
    [48, 52],
    [48, 52],
    [51, 49],
    [58, 42],
    [43, 57],
    [46, 54]
  ],
  "X": [
    [43, 40, 17],
    [36, 55, 9],
    [41, 45, 14],
    [49, 45, 6],
    [36, 50, 14],
    [35, 51, 14],
    [38, 43, 19],
    [38, 49, 13],
    [40, 42, 18],
    [42, 43, 15],
    [39, 45, 16],
    [40, 47, 13],
    [43, 43, 14],
    [36, 50, 14],
    [33, 46, 21],
    [49, 37, 14],
    [36, 52, 12],
    [40, 43, 17],
    [41, 43, 16],
    [46, 44, 10],
    [49, 37, 14],
    [35, 51, 14],
    [36, 52, 12],
    [45, 38, 17],
    [31, 54, 15],
    [42, 45, 13],
    [43, 45, 12],
    [32, 56, 12],
    [45, 42, 13],
    [42, 33, 25],
    [38, 50, 12],
    [32, 51, 17],
    [27, 60, 13],
    [33, 48, 19],
    [34, 46, 20],
    [38, 46, 16],
    [40, 42, 18],
    [33, 53, 14],
    [38, 46, 16],
    [55, 34, 11],
    [41, 50, 9],
    [42, 41, 17],
    [35, 55, 10],
    [42, 38, 20],
    [35, 47, 18],
    [40, 51, 9],
    [39, 44, 17],
    [36, 52, 12],
    [41, 45, 14],
    [33, 52, 15]
  ],
  "real_prob": [
    [0.41124485634, 0.5050656853, 0.083689458358],
    [0.33828425209, 0.44414885171, 0.2175668962]
  ],
  "method": "exact",
  "prob": [
    [0.40162374611, 0.47108680888, 0.127289445],
    [0.37957625389, 0.45571319112, 0.164710555]
  ],
  "iterations": 15,
  "logLik": -288.0140360259,
  "time": 0.957389,
  "message": "Converged",
  "status": 0,
  "cond_prob": [
    [
      [0.44187926922, 0.41605477092, 0.40699089611, 0.39179329587, 0.15112983467, 0.19215193321, 0.36570640294, 0.3514403956, 0.55387122483, 0.54419316275, 0.080422372232, 0.10436644165, 0.42082374676, 0.3996007139, 0.45679101639, 0.44347529797, 0.12238523684, 0.15692398813, 0.49670677669, 0.48301947732, 0.45127419092, 0.44867380128, 0.052019032388, 0.068306721392, 0.37023701167, 0.35127958265, 0.50821628114, 0.4930009457, 0.12154670719, 0.15571947165, 0.35913098328, 0.34049632353, 0.51777355789, 0.50190915403, 0.12309545883, 0.15759452244, 0.39190179359, 0.3665788285, 0.43900701363, 0.41984315484, 0.16909119278, 0.21357801666, 0.39014746063, 0.37135586687, 0.49720427973, 0.48386302097, 0.11264825964, 0.14478111216, 0.41472855379, 0.3897649033],
      [0.42992506519, 0.4131029208, 0.15534638102, 0.1971321759, 0.42970608258, 0.40659636216, 0.43596474023, 0.42176297777, 0.13432917719, 0.17164066007, 0.40252711842, 0.3801572641, 0.45884069007, 0.44305374352, 0.13863219151, 0.17678899238, 0.40818907888, 0.38821571576, 0.47538298353, 0.46225375541, 0.11642793759, 0.14953052883, 0.44145808572, 0.41942330549, 0.436496178, 0.424003528, 0.12204573628, 0.15657316651, 0.36754785114, 0.34819438667, 0.50620414308, 0.49029608389, 0.12624800577, 0.16150952943, 0.34091080605, 0.31666457038, 0.4706544323, 0.44697791607, 0.18843476164, 0.23635751355, 0.50158338048, 0.47693789009, 0.37490296599, 0.36447112346, 0.12351365352, 0.15859098645, 0.36740968172, 0.35017786376, 0.52577450046, 0.51234542962]
    ],
    [
      [0.10681581781, 0.13747670662, 0.41048644504, 0.38609936355, 0.43720627455, 0.42044749653, 0.15230728041, 0.19345313992, 0.42198299792, 0.39848692357, 0.43770502557, 0.42259713229, 0.14031197651, 0.17891594414, 0.46705913296, 0.44848246727, 0.44307357534, 0.43498521918, 0.089867291697, 0.11653231355, 0.50112524987, 0.47640247238, 0.37472651268, 0.36422315117, 0.12414823744, 0.15937437646, 0.35999491624, 0.34148581209, 0.51844211292, 0.50280857047, 0.12156297083, 0.15570561744, 0.36773256531, 0.35054908684, 0.52600386167, 0.51266194684, 0.10626357302, 0.13678896631, 0.46432196523, 0.4377998074, 0.38753105448, 0.37358465729, 0.14814698029, 0.18861553531, 0.31946496529, 0.30193725179, 0.55000393791, 0.53147812697, 0.1305310968, 0.16658462124],
      [0.42968405405, 0.40907968373, 0.45570058405, 0.44357168181, 0.11461536189, 0.14734863446, 0.43856656364, 0.41864432262, 0.45469901822, 0.44377106887, 0.10673441814, 0.13758460851, 0.32844274009, 0.31309230356, 0.56792520039, 0.55351574514, 0.10363205952, 0.1333919513, 0.46183432053, 0.44031737411, 0.42590822441, 0.41516599821, 0.11225745505, 0.14451662768, 0.44079229209, 0.40670656735, 0.34181103353, 0.32244868348, 0.21739667438, 0.27084474917, 0.38925245601, 0.37145927137, 0.50640518519, 0.49408752137, 0.1043423588, 0.13445320726, 0.32938456112, 0.3094174098, 0.51966396343, 0.49910233911, 0.15095147545, 0.19148025109, 0.27821826127, 0.26428900488, 0.61036221037, 0.59279914195, 0.11141952836, 0.14291185318, 0.34196857951, 0.31980454338]
    ],
    [
      [0.491642393, 0.47008240597, 0.1663890275, 0.21011305065, 0.35235466213, 0.3285956965, 0.47140547387, 0.44947187027, 0.176239864, 0.22193243323, 0.39245573775, 0.37060356626, 0.46923156524, 0.45303583675, 0.13831269701, 0.17636059699, 0.41495835061, 0.39002776626, 0.43006674053, 0.41328883964, 0.15497490886, 0.1966833941, 0.33901119009, 0.32134218991, 0.53847916359, 0.52185335263, 0.12250964631, 0.15680445746, 0.39020336864, 0.36802213247, 0.4676820985, 0.45098188437, 0.14211453286, 0.18099598316, 0.56192175655, 0.53984442961, 0.34329182478, 0.33719585296, 0.094786418672, 0.12295971743, 0.41764024499, 0.40204790828, 0.50389117636, 0.49595000012, 0.078468578652, 0.10200209161, 0.43235318653, 0.40714260178, 0.41761338373, 0.40207586591],
      [0.15003342974, 0.19078153231, 0.35763738748, 0.34295010387, 0.55565634881, 0.54477875494, 0.086706263714, 0.11227114119, 0.43513818351, 0.40657557311, 0.38922081669, 0.37182304935, 0.1756409998, 0.22160137754, 0.3616676982, 0.33922981705, 0.48024336329, 0.46054458773, 0.15808893852, 0.20022559522, 0.40792251949, 0.39268690508, 0.51421802256, 0.50610644072, 0.077859457951, 0.1012066542, 0.40159778482, 0.37792883621, 0.44831385144, 0.43134680768, 0.15008836374, 0.19072435611, 0.36724757021, 0.34999145067, 0.52565861315, 0.5121857247, 0.10709381664, 0.13782282464, 0.42199384136, 0.40095201441, 0.45744886538, 0.4443806805, 0.12055729326, 0.15466730509, 0.33999586456, 0.32148500427, 0.5295079262, 0.51190065546, 0.13049620924, 0.16661434028]
    ]
  ],
  "maxiter": 3600,
  "param_threshold": 0.001,
  "ll_threshold": "-Inf",
  "initial_prob": "group_proportional"
}
