{
  "W": [
    [56, 44],
    [57, 43],
    [63, 37],
    [57, 43],
    [45, 55],
    [56, 44],
    [45, 55],
    [57, 43],
    [54, 46],
    [52, 48],
    [59, 41],
    [59, 41],
    [62, 38],
    [52, 48],
    [52, 48],
    [56, 44],
    [47, 53],
    [52, 48],
    [52, 48],
    [44, 56],
    [54, 46],
    [58, 42],
    [48, 52],
    [57, 43],
    [53, 47],
    [45, 55],
    [44, 56],
    [43, 57],
    [42, 58],
    [51, 49],
    [44, 56],
    [45, 55],
    [52, 48],
    [46, 54],
    [48, 52],
    [42, 58],
    [44, 56],
    [43, 57],
    [55, 45],
    [44, 56],
    [46, 54],
    [35, 65],
    [46, 54],
    [48, 52],
    [49, 51],
    [55, 45],
    [48, 52],
    [45, 55],
    [49, 51],
    [44, 56]
  ],
  "X": [
    [40, 3, 57],
    [40, 6, 54],
    [53, 1, 46],
    [32, 3, 65],
    [38, 3, 59],
    [41, 6, 53],
    [43, 1, 56],
    [46, 3, 51],
    [47, 3, 50],
    [42, 3, 55],
    [44, 4, 52],
    [42, 3, 55],
    [38, 3, 59],
    [40, 3, 57],
    [38, 4, 58],
    [47, 3, 50],
    [47, 2, 51],
    [49, 2, 49],
    [46, 2, 52],
    [42, 3, 55],
    [41, 4, 55],
    [45, 2, 53],
    [43, 4, 53],
    [40, 3, 57],
    [50, 7, 43],
    [52, 0, 48],
    [40, 5, 55],
    [31, 5, 64],
    [45, 1, 54],
    [37, 1, 62],
    [41, 2, 57],
    [50, 5, 45],
    [45, 6, 49],
    [45, 7, 48],
    [48, 1, 51],
    [48, 0, 52],
    [46, 0, 54],
    [47, 3, 50],
    [37, 7, 56],
    [51, 4, 45],
    [49, 3, 48],
    [55, 1, 44],
    [42, 5, 53],
    [48, 2, 50],
    [38, 2, 60],
    [42, 1, 57],
    [50, 2, 48],
    [42, 2, 56],
    [47, 2, 51],
    [49, 5, 46]
  ],
  "real_prob": [
    [0.34500620161, 0.063029333413, 0.59196446498],
    [0.5216157212, 0.0012485790224, 0.47713569978]
  ],
  "method": "exact",
  "prob": [
    [0.40064180101, 0.040219366614, 0.55913883238],
    [0.47895819899, 0.020980633386, 0.50006116762]
  ],
  "iterations": 29,
  "logLik": -248.8163117511,
  "time": 0.426287,
  "message": "Converged",
  "status": 0,
  "cond_prob": [
    [
      [0.36716085895, 0.44179527043, 0.037773831463, 0.020106032683, 0.59506530959, 0.53809869688, 0.36532013113, 0.44597098897, 0.074794134437, 0.040389170631, 0.55988573443, 0.5136398404, 0.50285816939, 0.57621446834, 0.012230691595, 0.0062017953921, 0.48491113902, 0.41758373627, 0.29107815202, 0.3583382636, 0.037305821969, 0.02031553832, 0.67161602601, 0.62134619808, 0.33993930172, 0.41277693496, 0.040251581008, 0.021612342811, 0.61980911727, 0.56561072223, 0.37415593579, 0.45561971809, 0.075281950236, 0.040550245154, 0.55056211398, 0.50383003676, 0.39041416816, 0.46238840787, 0.013549359481, 0.0070959786066, 0.59603647236, 0.53051561352, 0.42656980423, 0.50431444556, 0.037740871665, 0.019738844536, 0.5356893241, 0.47594670991, 0.43406618612, 0.51218317281],
      [0.038456908055, 0.020072325327, 0.52747690582, 0.46774450186, 0.3835771209, 0.45945811902, 0.038744582351, 0.020526702453, 0.57767829674, 0.52001517853, 0.40756584114, 0.48667354568, 0.049591449212, 0.026197670647, 0.54284270965, 0.48712878367, 0.38886942738, 0.46479765328, 0.03718387306, 0.019662231451, 0.57394669956, 0.51554011527, 0.35215163968, 0.42543679842, 0.036447020536, 0.01948117702, 0.61140133979, 0.55508202456, 0.36420782649, 0.43877485464, 0.038671359213, 0.020606027519, 0.5971208143, 0.54061911784, 0.34402391235, 0.41897409495, 0.051377579051, 0.027674289361, 0.6045985086, 0.55335161569, 0.43564611007, 0.51372313263, 0.037997445015, 0.019821433617, 0.52635644491, 0.46645543375, 0.42980778816, 0.50564215013, 0.026819257114, 0.013952734257]
    ],
    [
      [0.54337295473, 0.48040511562, 0.45342643378, 0.52962136341, 0.026042068392, 0.013454425908, 0.52053149783, 0.45692421068, 0.42376207054, 0.49925775692, 0.025969550593, 0.013532986858, 0.55026837887, 0.48720925623, 0.37753751936, 0.45336337765, 0.040686455938, 0.021603498906, 0.5817760247, 0.52503312345, 0.37442356693, 0.45176363882, 0.050923284426, 0.027177013935, 0.57465314864, 0.52105934724, 0.41843816692, 0.49358538854, 0.025025686546, 0.013059766198, 0.55653614653, 0.49335484526, 0.38909994044, 0.46775390114, 0.052878952068, 0.028111736553, 0.5580211075, 0.50413436231, 0.36789999621, 0.44255116781, 0.037555566153, 0.019984482076, 0.59454443763, 0.53746435011, 0.45823021608, 0.54710209676, 0.08995125492, 0.047501776366, 0.451818529, 0.40539612688],
      [0.4808314678, 0.55204698089, 0, 0, 0.5191685322, 0.44795301911, 0.35598513445, 0.43458310865, 0.067359921859, 0.036360061397, 0.57665494369, 0.52905682995, 0.270935922, 0.33946939218, 0.067044044605, 0.037142211964, 0.6620200334, 0.62338839586, 0.40779189514, 0.48056448972, 0.01384651169, 0.0072145949831, 0.57836159317, 0.51222091529, 0.33649651083, 0.40487097852, 0.012974244389, 0.0069043578813, 0.65052924478, 0.5882246636, 0.36910807092, 0.44212937285, 0.027151669375, 0.014380831205, 0.6037402597, 0.54348979595, 0.45363535725, 0.53793470771, 0.067714786122, 0.035506084082, 0.47864985663, 0.42655920821, 0.40955501539, 0.49381539999, 0.077322221943, 0.041234259561, 0.51312276266, 0.46495034045, 0.40312590177, 0.48992978738]
    ],
    [
      [0.093308918391, 0.050144254704, 0.50356517984, 0.45992595791, 0.44171856392, 0.51533671023, 0.01336368148, 0.0068950632492, 0.5449177546, 0.47776822652, 0.43876047727, 0.50986310267, 0, 0, 0.56123952273, 0.49013689733, 0.42039096041, 0.49112138825, 0, 0, 0.57960903959, 0.50887861175, 0.42534757103, 0.50368516571, 0.041183811253, 0.021563089757, 0.53346861771, 0.47475174453, 0.3341234567, 0.41384910848, 0.087880947313, 0.048145508839, 0.57799559599, 0.53800538268, 0.46410659742, 0.54605910203, 0.054694493102, 0.028454326848, 0.48119890948, 0.42548657112, 0.44742005082, 0.52627180856, 0.040492741095, 0.021061739068, 0.51208720809, 0.45266645237, 0.5019736797, 0.57586032631, 0.014715062256, 0.0074611203235],
      [0.48331125804, 0.41667855336, 0.37669855684, 0.45688641455, 0.066700927939, 0.035773283607, 0.55660051522, 0.50734030185, 0.44043922489, 0.51651763856, 0.026677709869, 0.013835960121, 0.53288306524, 0.46964640132, 0.3437902202, 0.41478978844, 0.026242264772, 0.014002529925, 0.62996751503, 0.57120768164, 0.38773221016, 0.45943840981, 0.012724677266, 0.0066698388966, 0.59954311257, 0.5338917513, 0.46026506149, 0.53667840478, 0.026732721015, 0.013785180601, 0.51300221749, 0.44953641462, 0.37949127506, 0.45314350222, 0.027012224765, 0.014262725192, 0.59349650017, 0.53259377259, 0.43133417205, 0.50714952097, 0.026483121426, 0.01377111863, 0.54218270652, 0.4790793604, 0.44293741579, 0.52697774474, 0.068065227063, 0.035805893022, 0.48899735715, 0.43721636224]
    ]
  ],
  "maxiter": 3600,
  "param_threshold": 0.001,
  "ll_threshold": "-Inf",
  "initial_prob": "group_proportional"
}
