{
  "W": [
    [60, 25, 15],
    [57, 22, 21],
    [64, 20, 16],
    [59, 22, 19],
    [62, 15, 23],
    [62, 28, 10],
    [69, 16, 15],
    [63, 13, 24],
    [65, 19, 16],
    [59, 20, 21],
    [59, 27, 14],
    [63, 21, 16],
    [60, 18, 22],
    [65, 14, 21],
    [62, 16, 22],
    [64, 18, 18],
    [50, 35, 15],
    [19, 65, 16],
    [19, 60, 21],
    [21, 59, 20],
    [14, 67, 19],
    [20, 57, 23],
    [22, 69, 9],
    [18, 67, 15],
    [27, 48, 25],
    [14, 65, 21],
    [19, 68, 13],
    [16, 70, 14],
    [18, 58, 24],
    [13, 71, 16],
    [22, 60, 18],
    [20, 62, 18],
    [19, 64, 17],
    [18, 39, 43],
    [26, 17, 57],
    [20, 18, 62],
    [20, 18, 62],
    [16, 14, 70],
    [14, 19, 67],
    [22, 14, 64],
    [23, 16, 61],
    [17, 16, 67],
    [17, 15, 68],
    [24, 14, 62],
    [15, 20, 65],
    [22, 14, 64],
    [19, 18, 63],
    [20, 19, 61],
    [17, 20, 63],
    [13, 17, 70]
  ],
  "X": [
    [21, 73, 6],
    [19, 71, 10],
    [20, 64, 16],
    [22, 66, 12],
    [9, 80, 11],
    [27, 60, 13],
    [20, 65, 15],
    [23, 62, 15],
    [19, 71, 10],
    [14, 75, 11],
    [25, 68, 7],
    [21, 67, 12],
    [22, 64, 14],
    [16, 66, 18],
    [20, 67, 13],
    [17, 73, 10],
    [19, 71, 10],
    [21, 62, 17],
    [22, 69, 9],
    [26, 63, 11],
    [33, 58, 9],
    [38, 53, 9],
    [39, 48, 13],
    [32, 58, 10],
    [26, 62, 12],
    [27, 53, 20],
    [39, 53, 8],
    [31, 59, 10],
    [32, 55, 13],
    [34, 62, 4],
    [30, 57, 13],
    [36, 48, 16],
    [43, 48, 9],
    [24, 54, 22],
    [13, 56, 31],
    [22, 54, 24],
    [11, 62, 27],
    [13, 56, 31],
    [17, 54, 29],
    [14, 59, 27],
    [12, 51, 37],
    [14, 54, 32],
    [17, 54, 29],
    [17, 60, 23],
    [23, 49, 28],
    [12, 61, 27],
    [20, 55, 25],
    [19, 60, 21],
    [20, 54, 26],
    [14, 63, 23]
  ],
  "real_prob": [
    [0.13168232554, 0.81286985405, 0.055447820409],
    [0.43831128354, 0.5082759007, 0.05341281576],
    [0.11153169974, 0.48352963496, 0.4049386653]
  ],
  "method": "exact",
  "prob": [
    [0.14938538269, 0.78249903639, 0.068115580914],
    [0.43045452745, 0.51562239346, 0.053923079092],
    [0.095082154737, 0.51802615633, 0.38689168894]
  ],
  "iterations": 16,
  "logLik": -280.0317313768,
  "time": 10.885114,
  "message": "Converged",
  "status": 0,
  "cond_prob": [
    [
      [0.14448557094, 0.42623867049, 0.1116599321, 0.82329959946, 0.54797463565, 0.66017720943, 0.032214829606, 0.025786693859, 0.22816285848, 0.1381022699, 0.41280703459, 0.097448374034, 0.81425792107, 0.5485893191, 0.59611111803, 0.047639809029, 0.038603646307, 0.30644050793, 0.15392296011, 0.44081680025, 0.083287159255, 0.74519956955, 0.48089246226, 0.41808614398, 0.10087747034, 0.07829073749, 0.49862669676, 0.16543877905, 0.46404801775, 0.10684503398, 0.77066072026, 0.48734345866, 0.51628744287, 0.063900500697, 0.048608523594, 0.37686752315, 0.068379855296, 0.24422566997, 0.047698431393, 0.88216827978, 0.70806107322, 0.63846306762, 0.049451864921, 0.047713256808, 0.31383850099, 0.1907424191, 0.50469380845, 0.10425433791, 0.71097681877, 0.42470404428],
      [0.40277239964, 0.098280762128, 0.070602147271, 0.49297326245, 0.16366065944, 0.45919825565, 0.090682827242, 0.74089012975, 0.46825203381, 0.42576990042, 0.095449210817, 0.072549710539, 0.48354727233, 0.20659320888, 0.53158701023, 0.12808319615, 0.72113481495, 0.4179987809, 0.46393843776, 0.072271976166, 0.050414208868, 0.40797836609, 0.14425831127, 0.42474000892, 0.097071849886, 0.79977726995, 0.53060613095, 0.55831006032, 0.05596441878, 0.044653860138, 0.34461808979, 0.10087946846, 0.32992426812, 0.069029809453, 0.84614919489, 0.6231680005, 0.60065892818, 0.052971336655, 0.04690773138, 0.33031126237, 0.17377450143, 0.47988481084, 0.12788675164, 0.78595146662, 0.48991840159, 0.60007618763, 0.040274031957, 0.030196787569, 0.27203706073, 0.15813832554],
      [0.45037082973, 0.098718629157, 0.77152006813, 0.49531455939, 0.49953937252, 0.070341606323, 0.054314610881, 0.40174199832, 0.17923566154, 0.48786607393, 0.11201231712, 0.75027025171, 0.46011971401, 0.48643772934, 0.07049408675, 0.052014212058, 0.40154995354, 0.13523623209, 0.40458145852, 0.073595452125, 0.76501653059, 0.51470385732, 0.43181292901, 0.099747237317, 0.080714684164, 0.49459161886, 0.16505731761, 0.46364253675, 0.10673480547, 0.77116132707, 0.48781894314, 0.51740430143, 0.063781355324, 0.048538520111, 0.3758608931, 0.12951074646, 0.39492614673, 0.08903564365, 0.8183819634, 0.5620377234, 0.58371529563, 0.052107290147, 0.04303612987, 0.32724906072, 0.1109475113, 0.35279548124, 0.073652172771, 0.83071012925, 0.59680741614, 0.57174893151]
    ],
    [
      [0.058342359452, 0.050397102619, 0.35459889572, 0.08558757999, 0.28709582865, 0.044537944883, 0.80430268406, 0.61214399535, 0.43305558159, 0.11010973595, 0.10076017601, 0.52240647353, 0.094354792727, 0.31278251769, 0.068586089364, 0.86325437259, 0.64891286362, 0.65063786208, 0.04239083468, 0.03830461869, 0.28077604856, 0.11930450363, 0.37111603477, 0.079937968632, 0.82378851533, 0.58065309588, 0.57209542607, 0.056906981045, 0.048230869358, 0.3479666053, 0.14835305483, 0.43181448976, 0.10481507466, 0.80425201482, 0.53058014157, 0.58903170039, 0.047394930346, 0.037605368673, 0.30615322495, 0.20703414268, 0.53309099166, 0.15100567921, 0.75070289822, 0.43728082917, 0.56786672927, 0.042262959098, 0.029628179175, 0.28112759152, 0.18517082566, 0.49381875872],
      [0.094749720472, 0.70128502865, 0.42365916009, 0.37102748041, 0.11354414569, 0.082522081199, 0.53422279911, 0.14212149499, 0.41869847548, 0.092601015533, 0.79594090043, 0.53155430535, 0.53726168894, 0.061937604575, 0.049747219175, 0.37013729553, 0.13929380157, 0.4139770885, 0.094726684379, 0.80628003799, 0.54201841528, 0.56854220164, 0.054426160443, 0.044004496218, 0.33673111398, 0.12046737786, 0.37017095896, 0.059635446554, 0.75691579703, 0.52712704564, 0.38761527978, 0.12261682511, 0.10270199541, 0.55274927367, 0.18521922153, 0.49758596296, 0.12653763918, 0.76165698809, 0.46351935668, 0.53916930553, 0.053123790373, 0.038894680356, 0.33429305528, 0.13111916489, 0.39598328434, 0.084518818411, 0.80497093571, 0.55137304864, 0.53745368742, 0.063909899397],
      [0.052643667018, 0.37802749417, 0.16250215632, 0.45777269203, 0.10517271036, 0.77377942141, 0.49335387892, 0.51906022654, 0.063718422263, 0.048873429049, 0.3757670631, 0.14435857625, 0.42535865269, 0.1201796355, 0.83482586767, 0.55791301492, 0.7209649788, 0.02081555608, 0.016728332391, 0.1588553857, 0.1437073277, 0.42121751036, 0.086966009403, 0.77959673087, 0.51754404957, 0.48867938591, 0.076695941432, 0.06123844007, 0.42435460468, 0.18408601072, 0.49279533855, 0.098053821973, 0.71126342443, 0.43091677004, 0.39210509827, 0.10465056485, 0.076287891409, 0.50984107975, 0.22800529766, 0.56277580329, 0.15589693727, 0.71865324708, 0.40136571737, 0.50930484669, 0.053341455251, 0.035858479337, 0.33479821604, 0.15383844317, 0.44169172006, 0.093137928855]
    ],
    [
      [0.7686095119, 0.49785945082, 0.48252349312, 0.077552044932, 0.060448829127, 0.42433857803, 0.11695881841, 0.36640261799, 0.065442565184, 0.78847039613, 0.55367727326, 0.45767115886, 0.094570785455, 0.079920108757, 0.47688627595, 0.20382725737, 0.52869819273, 0.1355949578, 0.73666905598, 0.42950156883, 0.50863855873, 0.059503686651, 0.041800238444, 0.35576648347, 0.09227111, 0.30855886378, 0.058072875032, 0.83796483078, 0.62850247871, 0.5472203027, 0.06976405922, 0.062938657512, 0.39470682226, 0.1275764642, 0.39100772965, 0.07835240511, 0.7974908865, 0.54710392839, 0.50829558312, 0.074932649297, 0.061888341953, 0.41335201177, 0.15368483644, 0.44307164546, 0.095970910836, 0.77466145125, 0.5011122917, 0.5019941215, 0.071653712308, 0.055816062838],
