{
  "W": [
    [73, 27],
    [74, 26],
    [74, 26],
    [74, 26],
    [77, 23],
    [67, 33],
    [78, 22],
    [75, 25],
    [81, 19],
    [75, 25],
    [73, 27],
    [79, 21],
    [78, 22],
    [73, 27],
    [82, 18],
    [65, 35],
    [81, 19],
    [78, 22],
    [69, 31],
    [76, 24],
    [75, 25],
    [71, 29],
    [76, 24],
    [79, 21],
    [76, 24],
    [25, 75],
    [24, 76],
    [32, 68],
    [22, 78],
    [30, 70],
    [25, 75],
    [26, 74],
    [24, 76],
    [24, 76],
    [30, 70],
    [26, 74],
    [30, 70],
    [23, 77],
    [22, 78],
    [29, 71],
    [29, 71],
    [21, 79],
    [19, 81],
    [24, 76],
    [28, 72],
    [21, 79],
    [20, 80],
    [27, 73],
    [25, 75],
    [15, 85]
  ],
  "X": [
    [5, 20, 36, 21, 18],
    [7, 25, 36, 22, 10],
    [5, 23, 40, 22, 10],
    [5, 27, 38, 20, 10],
    [1, 22, 44, 20, 13],
    [8, 25, 39, 18, 10],
    [2, 29, 40, 12, 17],
    [8, 27, 38, 20, 7],
    [6, 27, 34, 22, 11],
    [6, 28, 36, 23, 7],
    [4, 23, 36, 24, 13],
    [6, 31, 37, 11, 15],
    [3, 29, 38, 18, 12],
    [5, 23, 36, 23, 13],
    [9, 25, 44, 11, 11],
    [7, 21, 40, 17, 15],
    [4, 29, 38, 15, 14],
    [3, 26, 50, 9, 12],
    [2, 22, 38, 21, 17],
    [10, 33, 32, 11, 14],
    [6, 28, 35, 20, 11],
    [6, 24, 32, 21, 17],
    [6, 21, 39, 19, 15],
    [4, 26, 40, 21, 9],
    [5, 18, 47, 13, 17],
    [17, 20, 16, 34, 13],
    [15, 20, 20, 29, 16],
    [12, 21, 24, 35, 8],
    [13, 19, 18, 39, 11],
    [9, 29, 28, 28, 6],
    [12, 23, 23, 29, 13],
    [8, 29, 19, 33, 11],
    [14, 21, 17, 40, 8],
    [18, 16, 21, 34, 11],
    [8, 22, 22, 33, 15],
    [11, 16, 27, 38, 8],
    [7, 16, 32, 32, 13],
    [7, 20, 22, 36, 15],
    [7, 16, 32, 31, 14],
    [7, 18, 31, 30, 14],
    [8, 23, 26, 34, 9],
    [11, 14, 22, 43, 10],
    [15, 20, 22, 28, 15],
    [13, 26, 17, 36, 8],
    [14, 23, 27, 22, 14],
    [10, 19, 26, 33, 12],
    [9, 23, 16, 34, 18],
    [11, 22, 31, 28, 8],
    [10, 17, 26, 37, 10],
    [12, 21, 26, 33, 8]
  ],
  "real_prob": [
    [0.023042456239, 0.27030089238, 0.45497974733, 0.12117002981, 0.13050687423],
    [0.14292888344, 0.17944365334, 0.17414372729, 0.3905591066, 0.11292462933]
  ],
  "method": "exact",
  "prob": [
    [0.026959479153, 0.27861067396, 0.45446473141, 0.11013473279, 0.12983038268],
    [0.13744052085, 0.17978932604, 0.16713526859, 0.40306526721, 0.11256961732]
  ],
  "iterations": 12,
  "logLik": -518.4694791474,
  "time": 540.960899,
  "message": "Converged",
  "status": 0,
  "cond_prob": [
    [
      [0.024519492049, 0.11889174372, 0.22360449758, 0.13618043248, 0.43704040866, 0.15170556176, 0.12559210059, 0.43821395024, 0.18924350112, 0.1550083118, 0.036508817998, 0.16532105647, 0.28158890931, 0.16009310427, 0.4367503751, 0.14155662471, 0.1386311397, 0.45158829469, 0.10652075789, 0.081440919858, 0.024885732061, 0.12147907029, 0.25575957328, 0.15668429143, 0.4814732019, 0.16811473304, 0.13308482881, 0.46737394878, 0.10479666395, 0.08634795646, 0.024269382159, 0.12323329693, 0.29811652029, 0.18997605764, 0.45540367103, 0.16538955168, 0.11835249693, 0.43238135489, 0.10385792959, 0.089019738854, 0.0048415577536, 0.027269567521, 0.23596418465, 0.16655468617, 0.51013700465, 0.20519350616, 0.11752835314, 0.47610073078, 0.1315288998, 0.12488150937],
      [0.032966177397, 0.17549291256, 0.28059545015, 0.18788196485, 0.49004589332, 0.18687651961, 0.093010376091, 0.35661529703, 0.10338210304, 0.093133305955, 0.0091197125125, 0.058575564728, 0.30301703204, 0.24384870457, 0.45409883616, 0.20819503544, 0.066799305505, 0.30862064412, 0.16696511378, 0.18076005114, 0.041905973966, 0.1942820781, 0.30153417302, 0.17539748093, 0.4562374212, 0.1512877364, 0.12629265583, 0.42112203252, 0.074029775982, 0.057910672055, 0.037128180785, 0.15750617665, 0.29635117846, 0.1576607655, 0.39185614861, 0.11892905066, 0.15837052537, 0.48273618131, 0.11629396677, 0.083167825868, 0.031844366471, 0.14446690059, 0.31377670213, 0.17866989361, 0.43312990474, 0.14061028578, 0.14689401044, 0.47931796869, 0.074355016223, 0.05693495133]
    ],
    [
      [0.01995763559, 0.094188614887, 0.25841327988, 0.15317890997, 0.43836862527, 0.14811445761, 0.14572992144, 0.49487836054, 0.13753053782, 0.10963965699, 0.03013396086, 0.17235319486, 0.32965505411, 0.23605955835, 0.42251828335, 0.17243121977, 0.066524231358, 0.27355170108, 0.15116847032, 0.14560432594, 0.015273346173, 0.082212681752, 0.31237226373, 0.21068015588, 0.4395232111, 0.16896316066, 0.11032810095, 0.42701855118, 0.12250307806, 0.11112545053, 0.025024648796, 0.11752594955, 0.25864237893, 0.152559494, 0.43860842027, 0.14746612299, 0.14003953224, 0.47322644986, 0.13768501976, 0.10922198361, 0.051149808746, 0.2669842046, 0.26669037237, 0.17396608144, 0.49608650945, 0.18449479029, 0.073588158301, 0.27587616774, 0.11248515114, 0.098678755931],
      [0.026667640585, 0.15047438177, 0.23367435508, 0.16603334056, 0.50530523945, 0.20443312674, 0.082008124402, 0.33341348325, 0.15234464049, 0.14564566767, 0.02174697003, 0.11781554882, 0.30891264063, 0.2093724268, 0.43014991563, 0.16620299128, 0.096796747353, 0.37681386655, 0.14239372636, 0.12979516655, 0.012695015949, 0.091354034362, 0.26578537061, 0.23948823146, 0.55997766098, 0.28735192924, 0.04690113507, 0.24280506657, 0.11464081738, 0.13900073837, 0.0082882935368, 0.046067991805, 0.24262631454, 0.16963820312, 0.4671402179, 0.18604274081, 0.10875629138, 0.43534889984, 0.17318888265, 0.16290216443, 0.050222864895, 0.2576275945, 0.36089245244, 0.23217390062, 0.37735707501, 0.13836926248, 0.066849067361, 0.24664462002, 0.1446785403, 0.12518462238]
    ],
    [
      [0.030781089582, 0.14765673125, 0.31093758332, 0.18718725003, 0.41876418382, 0.14370744855, 0.12401982787, 0.4279405164, 0.11549731541, 0.093508053772, 0.028749016155, 0.13651102941, 0.27177186942, 0.162213699, 0.39572107015, 0.1346139317, 0.12344456037, 0.42191159358, 0.18031348391, 0.1447497463, 0.031061418714, 0.15163884074, 0.23154226805, 0.14178281784, 0.46220858443, 0.16133948263, 0.11855319826, 0.4162482055, 0.15663453054, 0.12899065329, 0.022070746089, 0.10744814567, 0.2831970653, 0.17273484958, 0.46348242467, 0.16118516434, 0.13771841788, 0.48191642797, 0.093531346062, 0.076715412435, 0.022671028363, 0.13654174352, 0.19125261833, 0.14436670862, 0.54448131943, 0.23414248848, 0.072226529046, 0.31294932469, 0.16936850483, 0.17199973469],
      [0.050458329763, 0.20984722341, 0.31000882478, 0.16333039174, 0.3374154873, 0.10086150423, 0.13590533642, 0.40803155453, 0.16621202174, 0.11792932609, 0.038199777971, 0.18530533327, 0.28245607216, 0.17396124037, 0.39554685932, 0.13824836022, 0.099924713743, 0.35002377461, 0.1838725768, 0.15246129154, 0.034923042304, 0.16003621539, 0.29383155666, 0.17054985569, 0.44105710186, 0.14538489324, 0.13622572734, 0.45059965772, 0.09396257183, 0.073429377962, 0.035990713966, 0.15651543965, 0.29226244699, 0.16115674572, 0.38799899683, 0.12133361628, 0.14611352893, 0.45878849184, 0.13763431328, 0.10220570651, 0.020799103194, 0.1196575272, 0.35723520159, 0.2611849136, 0.47400520136, 0.1968549137, 0.087280208354, 0.36259419642, 0.0606802855, 0.059708449072]
    ],
    [
      [0.028640012744, 0.15045332909, 0.30640643944, 0.20453118685, 0.43055220884, 0.16314926372, 0.093692373233, 0.35543587559, 0.14070896575, 0.12643034475, 0.019799029282, 0.10115169241, 0.39176985798, 0.25424302287, 0.3567087611, 0.13142665151, 0.1103670029, 0.40716835033, 0.12135534874, 0.10601028288, 0.041508625376, 0.17110253935, 0.32976687176, 0.1721788826, 0.36552694958, 0.1082546475, 0.15989550449, 0.47582247227, 0.10330204879, 0.072641458276, 0.050804684086, 0.22079852081, 0.24294349881, 0.13380731616, 0.43984743167, 0.13741660053, 0.12954108227, 0.40646071086, 0.13686330316, 0.10151685163, 0.021088855406, 0.1052476334, 0.29598124016, 0.18743661136, 0.39872549508, 0.14340335925, 0.11692799064, 0.42131657544, 0.16727641872, 0.14259582055],
