{
  "W": [
    [57, 14, 11, 18],
    [50, 18, 17, 15],
    [56, 10, 17, 17],
    [47, 16, 13, 24],
    [62, 13, 14, 11],
    [58, 10, 8, 24],
    [62, 13, 10, 15],
    [66, 17, 6, 11],
    [64, 13, 12, 11],
    [61, 13, 15, 11],
    [66, 9, 14, 11],
    [70, 11, 11, 8],
    [30, 34, 14, 22],
    [14, 61, 16, 9],
    [15, 52, 18, 15],
    [25, 60, 8, 7],
    [21, 54, 11, 14],
    [18, 52, 13, 17],
    [11, 58, 13, 18],
    [11, 65, 15, 9],
    [8, 59, 20, 13],
    [18, 52, 17, 13],
    [11, 63, 10, 16],
    [14, 59, 11, 16],
    [13, 59, 12, 16],
    [18, 8, 59, 15],
    [12, 17, 60, 11],
    [15, 16, 53, 16],
    [10, 16, 62, 12],
    [17, 12, 57, 14],
    [8, 18, 65, 9],
    [24, 9, 53, 14],
    [7, 13, 63, 17],
    [11, 18, 61, 10],
    [5, 16, 66, 13],
    [12, 18, 63, 7],
    [12, 12, 60, 16],
    [19, 14, 34, 33],
    [13, 9, 14, 64],
    [12, 12, 13, 63],
    [12, 15, 16, 57],
    [16, 16, 14, 54],
    [11, 16, 17, 56],
    [9, 9, 9, 73],
    [17, 20, 14, 49],
    [8, 16, 16, 60],
    [17, 14, 12, 57],
    [12, 12, 14, 62],
    [12, 23, 14, 51],
    [13, 16, 15, 56]
  ],
  "X": [
    [43, 33, 24],
    [37, 30, 33],
    [47, 27, 26],
    [36, 25, 39],
    [37, 33, 30],
    [48, 23, 29],
    [48, 30, 22],
    [48, 32, 20],
    [42, 32, 26],
    [46, 35, 19],
    [35, 38, 27],
    [39, 41, 20],
    [31, 24, 45],
    [23, 33, 44],
    [20, 33, 47],
    [28, 32, 40],
    [25, 23, 52],
    [21, 38, 41],
    [18, 26, 56],
    [21, 30, 49],
    [16, 25, 59],
    [32, 23, 45],
    [18, 31, 51],
    [22, 28, 50],
    [19, 27, 54],
    [28, 34, 38],
    [26, 36, 38],
    [20, 35, 45],
    [25, 30, 45],
    [28, 32, 40],
    [20, 27, 53],
    [30, 33, 37],
    [18, 32, 50],
    [22, 33, 45],
    [22, 29, 49],
    [23, 31, 46],
    [21, 34, 45],
    [31, 22, 47],
    [32, 15, 53],
    [30, 11, 59],
    [22, 18, 60],
    [25, 27, 48],
    [28, 15, 57],
    [29, 8, 63],
    [22, 30, 48],
    [18, 16, 66],
    [29, 18, 53],
    [22, 22, 56],
    [23, 22, 55],
    [28, 18, 54]
  ],
  "real_prob": [
    [0.57494283936, 0.38374761177, 0.04130954887],
    [0.14006116892, 0.26522818674, 0.59471064433],
    [0.17366960851, 0.42747691085, 0.39885348063],
    [0.25314393852, 0.043316514417, 0.70353954706]
  ],
  "method": "exact",
  "prob": [
    [0.5794248407, 0.36693817018, 0.053636989121],
    [0.12720874738, 0.30908707728, 0.56370417534],
    [0.19093442914, 0.36659186698, 0.44247370388],
    [0.24003198279, 0.061382885549, 0.69858513166]
  ],
  "iterations": 23,
  "logLik": -270.6730399748,
  "time": 53.752058,
  "message": "Converged",
  "status": 0,
  "cond_prob": [
    [
      [0.58282156458, 0.14922511209, 0.21499335904, 0.29583846113, 0.37909067656, 0.37541295945, 0.42893828194, 0.078762716793, 0.03808775886, 0.47536192846, 0.35606835902, 0.62539882207, 0.57458686043, 0.11546327809, 0.17678274093, 0.21246742512, 0.36427366519, 0.2835349249, 0.34425723897, 0.055354335317, 0.061139474376, 0.601001797, 0.4789600201, 0.73217823956, 0.64881773814, 0.16194930704, 0.23866674722, 0.29349287593, 0.30679297476, 0.29638752635, 0.34638963183, 0.056887906402, 0.044389287097, 0.54166316661, 0.41494362095, 0.64961921767, 0.58541725145, 0.10742543932, 0.16825590641, 0.19080230705, 0.34229837923, 0.24298459342, 0.30195596739, 0.04578312939, 0.072284369313, 0.64958996726, 0.5297881262, 0.76341456356, 0.52041001272, 0.085840851573],
      [0.13608687634, 0.15576653381, 0.39828629082, 0.25378478822, 0.31916713791, 0.048973435602, 0.081303696457, 0.66037436021, 0.54474598575, 0.79526003059, 0.65878849441, 0.15252814692, 0.22976807746, 0.26778505147, 0.28934835218, 0.25879269248, 0.30935775276, 0.048125276111, 0.05186315341, 0.5886791606, 0.46087416978, 0.68408967241, 0.62685898155, 0.16377144922, 0.23718883563, 0.30892172985, 0.33416970908, 0.33774380661, 0.38789780628, 0.067455365905, 0.038971309375, 0.49848474417, 0.37491335808, 0.62362290425, 0.61441376461, 0.15946954112, 0.23074827497, 0.30483815337, 0.34697717048, 0.3484913766, 0.39980987951, 0.070572188121, 0.038609064916, 0.49203908228, 0.36944184552, 0.62458965851, 0.56681219914, 0.1108122061, 0.17064989957, 0.20324198005],
      [0.36986422484, 0.27947776585, 0.34138019632, 0.054446936223, 0.063323576018, 0.60971002805, 0.4879699041, 0.74231108373, 0.60081071291, 0.16637201567, 0.23540327548, 0.3324237433, 0.3666200858, 0.39303187933, 0.44083405577, 0.083113590775, 0.03256920129, 0.440596105, 0.32376266875, 0.58446266593, 0.46982149082, 0.077146244541, 0.12143560156, 0.14521518029, 0.45144951569, 0.28600551464, 0.35717357695, 0.057259295933, 0.078728993491, 0.63684824082, 0.52139082148, 0.79752552377, 0.49391979595, 0.1016693388, 0.15250561139, 0.20371122895, 0.45303521246, 0.36013503568, 0.4284509809, 0.076636118154, 0.053044991589, 0.53819562553, 0.41904340771, 0.7196526529, 0.62098087101, 0.13059317592, 0.19945767779, 0.23354538178, 0.31963307316, 0.26147106576],
      [0.31658639629, 0.049490091881, 0.059386055827, 0.60793575832, 0.48395592592, 0.71696452634, 0.5944755249, 0.14416137281, 0.21100189236, 0.27860762581, 0.36195184223, 0.3432481746, 0.39775981984, 0.070042048993, 0.043572632869, 0.51259045259, 0.3912382878, 0.6513503252, 0.52601162848, 0.11142719589, 0.16647405603, 0.22127189187, 0.42154925603, 0.34894594741, 0.41298168491, 0.073193437717, 0.052439115491, 0.5396268567, 0.42054425906, 0.70553467042, 0.61089851811, 0.14971504849, 0.21942514224, 0.28417614282, 0.34544226804, 0.33051904558, 0.38356417469, 0.066326738081, 0.043659213855, 0.51976590592, 0.39701068307, 0.6494971191, 0.62721166593, 0.1236972358, 0.19192027848, 0.21698437279, 0.3063168718, 0.23627376848, 0.29040374505, 0.043865785627]
    ],
    [
      [0.066471462267, 0.64002899573, 0.51767597646, 0.73914984158, 0.49176282479, 0.11317125724, 0.16425508691, 0.2428263322, 0.46617463005, 0.41821800072, 0.48091319484, 0.094685240508, 0.042062545161, 0.46861074204, 0.35483171825, 0.66248842729, 0.55739794434, 0.10647572989, 0.16407598894, 0.19778013458, 0.37700304645, 0.28233475872, 0.34464613842, 0.055397260228, 0.065599009205, 0.6111895114, 0.49127787264, 0.74682260519, 0.60363399052, 0.13778484878, 0.20529118243, 0.25829368855, 0.34659888435, 0.31000416567, 0.36565506756, 0.061368387806, 0.049767125127, 0.55221098555, 0.42905375001, 0.68033792364, 0.56326477519, 0.10091304724, 0.15790202072, 0.18322858436, 0.36338959907, 0.25606864518, 0.31730289746, 0.049136553261, 0.07334562574, 0.64301830757],
      [0.52479508182, 0.76763486237, 0.71691451056, 0.19251114903, 0.28243559306, 0.32950415218, 0.24038377563, 0.2520018636, 0.29273595598, 0.04557568305, 0.042701713805, 0.55548698737, 0.42482845096, 0.62492016477, 0.53194159648, 0.11099922328, 0.16661742841, 0.21809481802, 0.41378532847, 0.33818559802, 0.4020686823, 0.070123868025, 0.054273075056, 0.5508151787, 0.43131388929, 0.71178131396, 0.59147258293, 0.13003710056, 0.19509848672, 0.24381947201, 0.35573662338, 0.30595177621, 0.36356661966, 0.060581228754, 0.052790793685, 0.56401112323, 0.44133489362, 0.69559929924, 0.55997074581, 0.1092841039, 0.16766986927, 0.20378623394, 0.37669122336, 0.28803844848, 0.35005532398, 0.056755109274, 0.063338030834, 0.60267744762, 0.48227480675, 0.73945865678],
      [0.58753368964, 0.14108107894, 0.20680196138, 0.27296194891, 0.36813433786, 0.34389944336, 0.3994424324, 0.070352190662, 0.044331972501, 0.5150194777, 0.39375560622, 0.65668586042, 0.595177802, 0.15039658745, 0.21775460868, 0.29416798807, 0.36466552766, 0.35902520218, 0.41174043649, 0.074196276525, 0.040156670346, 0.49057821037, 0.37050495483, 0.63163573541, 0.49701901035, 0.098055490627, 0.14829817213, 0.194751492, 0.44449714358, 0.34182789206, 0.40970352225, 0.071813118383, 0.058483846069, 0.56011661731, 0.44199830563, 0.73343538961, 0.62428407524, 0.14360540646, 0.21457186724, 0.26300141461, 0.32503575302, 0.29169000191, 0.34523636753, 0.056495637688, 0.050680171737, 0.56470459163, 0.44019176523, 0.68050294771, 0.60708621424, 0.14429094888],
