{
  "W": [
    [79, 4, 10, 7],
    [79, 5, 7, 9],
    [73, 8, 11, 8],
    [73, 7, 6, 14],
    [75, 8, 8, 9],
    [72, 10, 11, 7],
    [73, 9, 12, 6],
    [75, 7, 11, 7],
    [75, 6, 8, 11],
    [75, 7, 7, 11],
    [75, 7, 11, 7],
    [75, 8, 9, 8],
    [31, 50, 9, 10],
    [8, 76, 7, 9],
    [5, 79, 5, 11],
    [15, 68, 8, 9],
    [11, 76, 8, 5],
    [10, 73, 5, 12],
    [4, 74, 13, 9],
    [10, 70, 8, 12],
    [11, 75, 8, 6],
    [6, 77, 9, 8],
    [9, 74, 11, 6],
    [10, 73, 10, 7],
    [10, 78, 7, 5],
    [5, 16, 72, 7],
    [7, 10, 71, 12],
    [3, 3, 86, 8],
    [6, 7, 78, 9],
    [8, 11, 74, 7],
    [8, 11, 72, 9],
    [7, 7, 78, 8],
    [11, 9, 71, 9],
    [11, 12, 67, 10],
    [10, 11, 64, 15],
    [6, 6, 80, 8],
    [6, 10, 78, 6],
    [12, 9, 45, 34],
    [10, 9, 5, 76],
    [11, 5, 11, 73],
    [10, 5, 5, 80],
    [15, 10, 3, 72],
    [6, 11, 7, 76],
    [13, 7, 8, 72],
    [6, 8, 12, 74],
    [9, 7, 7, 77],
    [3, 7, 12, 78],
    [14, 8, 8, 70],
    [6, 8, 10, 76],
    [8, 14, 7, 71]
  ],
  "X": [
    [25, 66, 9],
    [22, 65, 13],
    [26, 63, 11],
    [23, 63, 14],
    [25, 65, 10],
    [26, 64, 10],
    [32, 59, 9],
    [25, 65, 10],
    [25, 65, 10],
    [31, 63, 6],
    [20, 67, 13],
    [28, 62, 10],
    [49, 34, 17],
    [62, 17, 21],
    [65, 16, 19],
    [65, 23, 12],
    [60, 17, 23],
    [57, 24, 19],
    [72, 13, 15],
    [61, 22, 17],
    [65, 19, 16],
    [68, 14, 18],
    [63, 20, 17],
    [56, 24, 20],
    [72, 15, 13],
    [44, 47, 9],
    [47, 42, 11],
    [40, 49, 11],
    [47, 43, 10],
    [49, 43, 8],
    [44, 42, 14],
    [50, 43, 7],
    [47, 39, 14],
    [41, 48, 11],
    [47, 48, 5],
    [43, 47, 10],
    [54, 33, 13],
    [32, 62, 6],
    [20, 78, 2],
    [22, 72, 6],
    [16, 74, 10],
    [17, 76, 7],
    [23, 69, 8],
    [22, 68, 10],
    [24, 69, 7],
    [18, 71, 11],
    [19, 71, 10],
    [22, 65, 13],
    [16, 73, 11],
    [24, 68, 8]
  ],
  "real_prob": [
    [0.20262786186, 0.69970487416, 0.097667263983],
    [0.75515105081, 0.016479911022, 0.22836903817],
    [0.5035834484, 0.40274121752, 0.093675334085],
    [0.10255099899, 0.82028683614, 0.077162164876]
  ],
  "method": "exact",
  "prob": [
    [0.19571505352, 0.70448052585, 0.099804420638],
    [0.76654850503, 0.028469783094, 0.20498171187],
    [0.49092105733, 0.4163488892, 0.092730053471],
    [0.10761538413, 0.82270080186, 0.069683814018]
  ],
  "iterations": 13,
  "logLik": -249.6898550188,
  "time": 5.245276,
  "message": "Converged",
  "status": 0,
  "cond_prob": [
    [
      [0.20232882729, 0.79174810919, 0.50739163212, 0.11073055522, 0.70864356016, 0.028558813408, 0.41103917059, 0.82750454111, 0.089027612554, 0.17969307741, 0.081569197289, 0.061764903669, 0.18069076367, 0.71282638849, 0.46673748893, 0.099348367194, 0.69191453284, 0.028087762276, 0.41309614808, 0.8118488953, 0.12739470349, 0.25908584924, 0.12016636299, 0.088802737509, 0.18909156551, 0.75553991695, 0.48408691962, 0.10338003327, 0.7064899965, 0.029032427459, 0.41817070248, 0.82426163857, 0.10441843799, 0.21542765559, 0.097742377901, 0.072358328159, 0.1880077708, 0.70748061019, 0.47712193401, 0.10430977543, 0.67472910791, 0.026137825967, 0.39566083701, 0.79913180849, 0.13726312129, 0.26638156385, 0.12721722898, 0.096558416071, 0.18748131251, 0.76944758402],
      [0.48325565516, 0.10191951652, 0.71788562386, 0.030249349839, 0.42759751669, 0.83286703091, 0.094633063634, 0.20030306614, 0.089146828155, 0.065213452567, 0.17520010956, 0.76273869378, 0.46341225925, 0.09438147457, 0.73380604184, 0.032746920833, 0.44854842293, 0.84349473239, 0.090993848594, 0.20451438539, 0.088039317825, 0.062123793039, 0.23529216541, 0.81948038212, 0.55506426108, 0.13126289214, 0.67801021081, 0.02438186041, 0.37010390167, 0.80742850782, 0.086697623775, 0.15613775747, 0.07483183725, 0.061308600033, 0.18295984008, 0.7643827076, 0.47571000836, 0.099217564082, 0.72212580735, 0.030991863348, 0.43407365584, 0.83554445585, 0.094914352564, 0.20462542905, 0.090216335803, 0.065237980073, 0.20119824956, 0.77681537064, 0.50423792189, 0.1104850622],
      [0.70069459524, 0.027839426266, 0.40593881361, 0.82121439005, 0.098107155202, 0.1953452031, 0.089823264504, 0.068300547747, 0.25621212168, 0.87156797634, 0.58727822671, 0.1429243139, 0.68434667458, 0.024035667265, 0.36291391991, 0.81503202691, 0.059441203739, 0.1043963564, 0.049807853385, 0.04204365919, 0.13961647484, 0.66783916721, 0.39377535973, 0.074623037092, 0.74039622225, 0.036237644066, 0.48253575916, 0.84410378168, 0.11998730291, 0.29592318873, 0.12368888111, 0.081273181225, 0.21368415016, 0.79001821186, 0.52315383846, 0.11814481215, 0.69010374722, 0.026292621822, 0.39072425302, 0.81441996337, 0.096212102625, 0.18368916632, 0.086121908523, 0.067435224484, 0.19963873247, 0.74424605172, 0.4996138465, 0.11023720892, 0.68160594937, 0.025657928427],
      [0.3911592015, 0.80668863347, 0.11875531816, 0.23009601986, 0.109226952, 0.083074157607, 0.20200411142, 0.73479133746, 0.50526713484, 0.11143950198, 0.67059934211, 0.023652298269, 0.37737241084, 0.79955819098, 0.12739654647, 0.24155636427, 0.11736045432, 0.08900230704, 0.20885016009, 0.76070981282, 0.51958755565, 0.11470329165, 0.67749875894, 0.023574335448, 0.37628079613, 0.80624815675, 0.11365108097, 0.21571585173, 0.10413164822, 0.079048551596, 0.21923779515, 0.82824404343, 0.5393911721, 0.11952319362, 0.70679205107, 0.026243283474, 0.39361889103, 0.82940275883, 0.073970153784, 0.14551267309, 0.066989936863, 0.051074047555, 0.17864265396, 0.70805292958, 0.46703549236, 0.097324843917, 0.69308556301, 0.026712137413, 0.40937484687, 0.81418751772]
    ],
    [
      [0.12827178304, 0.26523493301, 0.12358966077, 0.088487638364, 0.13266627779, 0.72466347709, 0.38893978171, 0.069017040502, 0.78518455297, 0.04129575522, 0.52222917287, 0.87686820624, 0.082149169232, 0.23404076769, 0.088831045428, 0.05411475326, 0.31930843826, 0.81819903493, 0.65161326685, 0.18945168816, 0.55496895019, 0.013961244724, 0.25402674446, 0.71607160129, 0.12572261155, 0.16783972035, 0.094359988689, 0.094476710551, 0.19692795515, 0.76764449166, 0.50113260995, 0.10721209605, 0.70183888728, 0.026766853853, 0.40400556049, 0.82299057279, 0.10123315757, 0.20558865448, 0.09486182956, 0.069797331156, 0.18092295798, 0.78131195757, 0.4788703918, 0.096747918347, 0.73567578877, 0.030784767784, 0.43975229118, 0.84678173504, 0.083401253249, 0.18790327465],
      [0.081377317021, 0.056470346608, 0.2566713191, 0.77996771124, 0.58135232552, 0.14628592379, 0.61587918412, 0.01817396327, 0.31239307188, 0.76172400957, 0.12744949677, 0.20185832549, 0.1062546026, 0.091990066644, 0.15698402323, 0.76068239398, 0.43635909704, 0.082782761467, 0.76266975998, 0.035956724298, 0.48124675265, 0.86357671384, 0.080346216797, 0.20336088172, 0.08239415031, 0.053640524695, 0.10863515134, 0.70081694001, 0.33643939522, 0.05565970198, 0.81786812186, 0.051363776989, 0.57951021777, 0.8966658405, 0.073496726807, 0.247819283, 0.084050387011, 0.047674457518, 0.24359401329, 0.83172630429, 0.57363755039, 0.13478905594, 0.67433298467, 0.022203312261, 0.35518688027, 0.80770072701, 0.082073002034, 0.14607038345, 0.071175569345, 0.057510217055],
      [0.15107259354, 0.76924351431, 0.42193679834, 0.079613046156, 0.77775667041, 0.040877776643, 0.50481355193, 0.87294235464, 0.071170736051, 0.18987870904, 0.073249649731, 0.047444599204, 0.21004517373, 0.76236257375, 0.51414237137, 0.11682913995, 0.67806554441, 0.025499655115, 0.38514573167, 0.80443314078, 0.11188928185, 0.21213777114, 0.10071189696, 0.07873771927, 0.15709580475, 0.70942421473, 0.42702534309, 0.084532554472, 0.73462237422, 0.03444701588, 0.46463453042, 0.84177777665, 0.10828182102, 0.25612876939, 0.10834012649, 0.073689668874, 0.20300912659, 0.76948047603, 0.50497320304, 0.11196356347, 0.69444623741, 0.027303512569, 0.40120176897, 0.81649555646, 0.10254463599, 0.2032160114, 0.093825027995, 0.071540880069, 0.2029488688, 0.80990309511],
