{
  "W": [
    [53, 47],
    [50, 50],
    [59, 41],
    [57, 43],
    [56, 44],
    [59, 41],
    [57, 43],
    [60, 40],
    [54, 46],
    [47, 53],
    [57, 43],
    [53, 47],
    [56, 44],
    [46, 54],
    [52, 48],
    [55, 45],
    [48, 52],
    [57, 43],
    [52, 48],
    [48, 52],
    [54, 46],
    [54, 46],
    [56, 44],
    [56, 44],
    [52, 48],
    [50, 50],
    [46, 54],
    [44, 56],
    [49, 51],
    [36, 64],
    [42, 58],
    [47, 53],
    [34, 66],
    [47, 53],
    [49, 51],
    [50, 50],
    [42, 58],
    [55, 45],
    [40, 60],
    [49, 51],
    [41, 59],
    [44, 56],
    [53, 47],
    [51, 49],
    [45, 55],
    [47, 53],
    [50, 50],
    [44, 56],
    [51, 49],
    [46, 54]
  ],
  "X": [
    [64, 36],
    [73, 27],
    [71, 29],
    [69, 31],
    [69, 31],
    [72, 28],
    [77, 23],
    [76, 24],
    [70, 30],
    [69, 31],
    [71, 29],
    [64, 36],
    [74, 26],
    [67, 33],
    [70, 30],
    [65, 35],
    [69, 31],
    [68, 32],
    [73, 27],
    [65, 35],
    [65, 35],
    [77, 23],
    [68, 32],
    [68, 32],
    [65, 35],
    [72, 28],
    [66, 34],
    [61, 39],
    [62, 38],
    [62, 38],
    [59, 41],
    [60, 40],
    [57, 43],
    [59, 41],
    [61, 39],
    [66, 34],
    [54, 46],
    [68, 32],
    [60, 40],
    [70, 30],
    [57, 43],
    [59, 41],
    [69, 31],
    [64, 36],
    [59, 41],
    [67, 33],
    [69, 31],
    [64, 36],
    [70, 30],
    [69, 31]
  ],
  "real_prob": [
    [0.95768400356, 0.042315996443],
    [0.37692823243, 0.62307176757]
  ],
  "method": "exact",
  "prob": [
    [0.91567460302, 0.084325396978],
    [0.41352539698, 0.58647460302]
  ],
  "iterations": 104,
  "logLik": -139.4114856576,
  "time": 0.162224,
  "message": "Converged",
  "status": 0,
  "cond_prob": [
    [
      [0.89505339091, 0.35238660174, 0.10494660909, 0.64761339826, 0.94333127649, 0.51666872351, 0.056668723506, 0.48333127649, 0.91673083252, 0.41250928978, 0.083269167476, 0.58749071022, 0.9114648987, 0.39643025056, 0.088535101303, 0.60356974944, 0.91415826015, 0.40470766889, 0.085841739846, 0.59529233111, 0.92186699457, 0.42950847123, 0.078133005434, 0.57049152877, 0.94725675095, 0.53503174874, 0.052743249047, 0.46496825126, 0.9382505923, 0.49262411156, 0.061749407703, 0.50737588844, 0.92391790526, 0.43713985035, 0.076082094739, 0.56286014965, 0.93351377938, 0.47405381829, 0.066486220621, 0.52594618171, 0.92174889825, 0.4293096, 0.078251101755, 0.5706904, 0.89505339091, 0.35238660174, 0.10494660909, 0.64761339826, 0.93728456231, 0.48891055706],
      [0.062715437693, 0.51108944294, 0.92746523275, 0.45067776469, 0.072534767246, 0.54932223531, 0.92817541367, 0.45280996852, 0.071824586325, 0.54719003148, 0.89457436401, 0.35107577732, 0.10542563599, 0.64892422268, 0.93173578217, 0.466859278, 0.068264217834, 0.533140722, 0.90594045283, 0.38049753928, 0.094059547174, 0.61950246072, 0.94023392439, 0.50224658191, 0.059766075606, 0.49775341809, 0.91435223829, 0.40598254927, 0.085647761709, 0.59401745073, 0.897789361, 0.35911683708, 0.102210639, 0.64088316292, 0.95142736272, 0.55702005246, 0.048572637278, 0.44297994754, 0.90882556071, 0.38876746818, 0.091174439285, 0.61123253182, 0.90882556071, 0.38876746818, 0.091174439285, 0.61123253182, 0.9038095119, 0.37503969544, 0.096190488098, 0.62496030456]
    ],
    [
      [0.93974572865, 0.50025427135, 0.060254271349, 0.49974572865, 0.92331152548, 0.43569758941, 0.076688474525, 0.56430241059, 0.90481494391, 0.37835968693, 0.095185056091, 0.62164031307, 0.89595156977, 0.35487006042, 0.10404843023, 0.64512993958, 0.92644265688, 0.44762600551, 0.073557343123, 0.55237399449, 0.89997739119, 0.36553361327, 0.10002260881, 0.63446638673, 0.89064822665, 0.34225534617, 0.10935177335, 0.65774465383, 0.91031646552, 0.39468545716, 0.08968353448, 0.60531454284, 0.88464137292, 0.32871425421, 0.11535862708, 0.67128574579, 0.89010745577, 0.34087715034, 0.10989254423, 0.65912284966, 0.91430914248, 0.40569085752, 0.085690857523, 0.59430914248, 0.87063244526, 0.30057650516, 0.12936755474, 0.69942349484, 0.91158111695, 0.39695641262],
      [0.088418883053, 0.60304358738, 0.90998505827, 0.39334329449, 0.090014941728, 0.60665670551, 0.93386457794, 0.47530658198, 0.066135422058, 0.52469341802, 0.89214880202, 0.34613388334, 0.10785119798, 0.65386611666, 0.89423033871, 0.35096187673, 0.10576966129, 0.64903812327, 0.92152337027, 0.4289204548, 0.078476629725, 0.5710795452, 0.90120145214, 0.3681372641, 0.09879854786, 0.6318627359, 0.89116801715, 0.34358980415, 0.10883198285, 0.65641019585, 0.92550509868, 0.44342000683, 0.074494901325, 0.55657999317, 0.92792949218, 0.45207050782, 0.072070507815, 0.54792949218, 0.91890403327, 0.42086111672, 0.081095966734, 0.57913888328, 0.9301598214, 0.46044590018, 0.0698401786, 0.53955409982, 0.93521418115, 0.48111384568, 0.064785818847, 0.51888615432]
    ]
  ],
  "maxiter": 3600,
  "param_threshold": 0.001,
  "ll_threshold": "-Inf",
  "initial_prob": "group_proportional"
}
