{
  "W": [
    [76, 24],
    [73, 27],
    [71, 29],
    [71, 29],
    [72, 28],
    [74, 26],
    [78, 22],
    [65, 35],
    [78, 22],
    [84, 16],
    [71, 29],
    [68, 32],
    [72, 28],
    [67, 33],
    [77, 23],
    [67, 33],
    [76, 24],
    [74, 26],
    [71, 29],
    [76, 24],
    [76, 24],
    [73, 27],
    [72, 28],
    [72, 28],
    [72, 28],
    [36, 64],
    [29, 71],
    [25, 75],
    [29, 71],
    [22, 78],
    [26, 74],
    [27, 73],
    [33, 67],
    [23, 77],
    [35, 65],
    [25, 75],
    [21, 79],
    [24, 76],
    [22, 78],
    [27, 73],
    [35, 65],
    [30, 70],
    [30, 70],
    [18, 82],
    [31, 69],
    [28, 72],
    [28, 72],
    [23, 77],
    [21, 79],
    [26, 74]
  ],
  "X": [
    [33, 16, 51],
    [24, 20, 56],
    [21, 15, 64],
    [22, 14, 64],
    [20, 25, 55],
    [26, 22, 52],
    [26, 25, 49],
    [22, 18, 60],
    [18, 24, 58],
    [24, 19, 57],
    [19, 26, 55],
    [29, 23, 48],
    [25, 30, 45],
    [18, 31, 51],
    [30, 15, 55],
    [22, 18, 60],
    [25, 21, 54],
    [30, 19, 51],
    [29, 28, 43],
    [18, 20, 62],
    [28, 14, 58],
    [20, 22, 58],
    [23, 18, 59],
    [29, 24, 47],
    [30, 19, 51],
    [30, 19, 51],
    [25, 22, 53],
    [25, 15, 60],
    [28, 20, 52],
    [29, 17, 54],
    [32, 16, 52],
    [23, 24, 53],
    [24, 23, 53],
    [36, 17, 47],
    [31, 18, 51],
    [23, 18, 59],
    [24, 17, 59],
    [28, 14, 58],
    [30, 18, 52],
    [24, 28, 48],
    [34, 15, 51],
    [22, 23, 55],
    [29, 21, 50],
    [25, 18, 57],
    [16, 19, 65],
    [31, 21, 48],
    [23, 24, 53],
    [26, 25, 49],
    [24, 19, 57],
    [24, 19, 57]
  ],
  "real_prob": [
    [0.21215727683, 0.24186531728, 0.5459774059],
    [0.29890905218, 0.16462511805, 0.53646582977]
  ],
  "method": "exact",
  "prob": [
    [0.23746312861, 0.21593084316, 0.54660602823],
    [0.27333687139, 0.19046915684, 0.53619397177]
  ],
  "iterations": 6,
  "logLik": -282.7721262204,
  "time": 0.240832,
  "message": "Converged",
  "status": 0,
  "cond_prob": [
    [
      [0.32040178324, 0.36039435307, 0.16514588323, 0.14370470309, 0.51445233352, 0.49590094384, 0.23091295159, 0.26456868643, 0.20633196553, 0.18288024135, 0.56275508288, 0.55255107222, 0.20148845464, 0.23083861105, 0.15511569184, 0.13747537514, 0.64339585352, 0.63168601381, 0.21125646949, 0.24140657469, 0.14487364183, 0.12806798035, 0.64386988868, 0.63052544497, 0.19148027287, 0.22190786977, 0.25746075236, 0.23081520822, 0.55105897477, 0.54727692201, 0.25059846915, 0.2867582032, 0.22676778607, 0.20073783964, 0.52263374478, 0.51250395716, 0.25183864917, 0.28893569841, 0.25634235611, 0.22751346471, 0.49181899472, 0.48355083689, 0.20918289022, 0.24008891816, 0.1873516358, 0.16634696209, 0.60346547398, 0.59356411976, 0.17384350567, 0.2018275708],
      [0.24550392355, 0.22048608923, 0.58065257078, 0.57768633997, 0.23460678256, 0.26831439157, 0.19356994755, 0.17125777535, 0.57182326989, 0.56042783308, 0.18147425467, 0.2108733765, 0.26785329917, 0.24077295722, 0.55067244617, 0.54835366628, 0.27751483031, 0.3165309856, 0.23899748701, 0.2108803401, 0.48348768268, 0.4725886743, 0.23957109041, 0.2768171961, 0.30918977163, 0.27636915867, 0.45123913797, 0.44681364523, 0.17043525578, 0.19941932918, 0.32001878772, 0.28965882493, 0.5095459565, 0.5109218459, 0.29135733322, 0.3289341453, 0.15449957359, 0.13493621014, 0.55414309318, 0.53612964456, 0.20978265208, 0.24074431244, 0.186923252, 0.16594370049, 0.60329409592, 0.59331198706, 0.24160391124, 0.27658761442, 0.21592842232, 0.19122666265]
    ],
    [
      [0.54246766644, 0.53218572293, 0.28992228844, 0.32868271752, 0.19627574985, 0.17213825043, 0.51380196171, 0.49917903205, 0.27822231284, 0.31883502718, 0.28952893165, 0.25667054665, 0.43224875551, 0.42449442616, 0.17348308999, 0.20063688171, 0.20518749031, 0.18357294736, 0.6213294197, 0.61579017093, 0.27143175239, 0.30713278409, 0.14431735218, 0.12632838477, 0.58425089543, 0.56653883113, 0.19194830339, 0.22176940195, 0.22649671915, 0.20243479636, 0.58155497746, 0.57579580169, 0.22100391399, 0.25313279259, 0.1859322669, 0.16474559941, 0.59306381911, 0.582121608, 0.27896174786, 0.31838407694, 0.24813484097, 0.21908183751, 0.47290341117, 0.46253408555, 0.28916013208, 0.32787394608, 0.19676729186, 0.17259839236, 0.51407257606, 0.49952766156],
      [0.27576831677, 0.31363032182, 0.20583324377, 0.18109380038, 0.51839843946, 0.5052758778, 0.22590992323, 0.25983960882, 0.23867535301, 0.21237203891, 0.53541472376, 0.52778835227, 0.22593108746, 0.25802297085, 0.1643630864, 0.14521230453, 0.60970582614, 0.59676472462, 0.25425766054, 0.29051447668, 0.21796482873, 0.19266225306, 0.52777751074, 0.51682327026, 0.26183969819, 0.29794264923, 0.18751301603, 0.16506043138, 0.55064728578, 0.5369969194, 0.29168253899, 0.32994937819, 0.17629693832, 0.1542740487, 0.53202052269, 0.51577657311, 0.20645116053, 0.23870984474, 0.26002775509, 0.23259247414, 0.53352108438, 0.52869768112, 0.21771452077, 0.25097643007, 0.24797764889, 0.22114533711, 0.53430783034, 0.52787823282, 0.32819140835, 0.36950126764]
    ],
    [
      [0.18875541095, 0.16439773439, 0.48305318069, 0.46610099797, 0.28508186285, 0.32341745846, 0.19555563661, 0.17162388798, 0.51936250054, 0.50495865356, 0.20686461305, 0.23771179565, 0.19635137124, 0.17454954292, 0.59678401571, 0.58773866143, 0.21510505004, 0.24661764493, 0.18667356927, 0.16556778539, 0.59822138069, 0.58781456969, 0.25380890676, 0.28827087155, 0.15422563657, 0.13550769372, 0.59196545668, 0.57622143473, 0.27096200659, 0.30819020327, 0.19860797571, 0.17475159659, 0.5304300177, 0.51705820014, 0.21498430632, 0.24925237986, 0.3027824945, 0.27157359793, 0.48223319919, 0.47917402222, 0.31430935611, 0.35383342363, 0.16374394606, 0.14259941366, 0.52194669783, 0.50356716271, 0.19827704817, 0.2293098365, 0.24830433129, 0.22215528659],
      [0.55341862053, 0.54853487691, 0.26378237797, 0.30123612373, 0.22865643861, 0.20200438345, 0.50756118342, 0.49675949282, 0.22322791869, 0.25587679834, 0.19842660925, 0.17595513456, 0.57834547207, 0.56816806711, 0.14391206318, 0.16722791365, 0.20424047649, 0.18360210476, 0.65184746033, 0.64916998159, 0.28184539152, 0.32094901441, 0.22969212787, 0.20234195027, 0.48846248061, 0.47670903532, 0.20675286065, 0.23904055419, 0.25974473448, 0.23232149215, 0.53350240487, 0.52863795366, 0.23265012853, 0.26816944213, 0.27273998746, 0.24320753621, 0.49460988401, 0.48862302166, 0.21473339587, 0.24671643907, 0.20829297886, 0.18513730942, 0.57697362527, 0.56814625151, 0.21623275257, 0.2483506545, 0.20708463675, 0.18399728979, 0.57668261067, 0.56765205571]
    ]
  ],
  "maxiter": 3600,
  "param_threshold": 0.001,
  "ll_threshold": "-Inf",
  "initial_prob": "group_proportional"
}
