{
  "W": [
    [68, 32],
    [73, 27],
    [79, 21],
    [74, 26],
    [73, 27],
    [71, 29],
    [65, 35],
    [71, 29],
    [78, 22],
    [66, 34],
    [74, 26],
    [68, 32],
    [73, 27],
    [64, 36],
    [80, 20],
    [75, 25],
    [66, 34],
    [69, 31],
    [74, 26],
    [72, 28],
    [76, 24],
    [74, 26],
    [78, 22],
    [73, 27],
    [77, 23],
    [30, 70],
    [26, 74],
    [35, 65],
    [25, 75],
    [29, 71],
    [26, 74],
    [27, 73],
    [27, 73],
    [29, 71],
    [25, 75],
    [34, 66],
    [26, 74],
    [25, 75],
    [26, 74],
    [24, 76],
    [32, 68],
    [34, 66],
    [25, 75],
    [35, 65],
    [22, 78],
    [24, 76],
    [27, 73],
    [29, 71],
    [21, 79],
    [26, 74]
  ],
  "X": [
    [30, 47, 23],
    [24, 45, 31],
    [37, 42, 21],
    [35, 32, 33],
    [28, 44, 28],
    [29, 41, 30],
    [25, 48, 27],
    [23, 36, 41],
    [28, 45, 27],
    [22, 52, 26],
    [32, 46, 22],
    [24, 40, 36],
    [31, 48, 21],
    [24, 48, 28],
    [26, 51, 23],
    [25, 46, 29],
    [25, 53, 22],
    [22, 35, 43],
    [29, 47, 24],
    [28, 49, 23],
    [30, 35, 35],
    [22, 52, 26],
    [27, 45, 28],
    [26, 43, 31],
    [28, 36, 36],
    [22, 54, 24],
    [15, 60, 25],
    [16, 66, 18],
    [15, 60, 25],
    [18, 60, 22],
    [15, 71, 14],
    [17, 65, 18],
    [14, 65, 21],
    [14, 69, 17],
    [15, 66, 19],
    [19, 59, 22],
    [12, 62, 26],
    [18, 66, 16],
    [19, 62, 19],
    [15, 66, 19],
    [12, 60, 28],
    [16, 56, 28],
    [15, 64, 21],
    [19, 57, 24],
    [9, 64, 27],
    [18, 61, 21],
    [24, 55, 21],
    [10, 69, 21],
    [8, 72, 20],
    [14, 63, 23]
  ],
  "real_prob": [
    [0.34260907519, 0.32280325365, 0.33458767115],
    [0.08135696386, 0.72650149415, 0.19214154199]
  ],
  "method": "exact",
  "prob": [
    [0.34234366138, 0.33331842294, 0.32433791569],
    [0.085256338623, 0.73788157706, 0.17686208431]
  ],
  "iterations": 16,
  "logLik": -282.6351898499,
  "time": 0.621419,
  "message": "Converged",
  "status": 0,
  "cond_prob": [
    [
      [0.39469552166, 0.09877201648, 0.33624128339, 0.75423727279, 0.26906319495, 0.14699071073, 0.3018371849, 0.072810574155, 0.34269337927, 0.74012530789, 0.35546943583, 0.18706411795, 0.43847334034, 0.11240981493, 0.33010272921, 0.75818497107, 0.23142393046, 0.129405214, 0.42549164512, 0.13513916388, 0.21594919421, 0.61614460109, 0.35855916066, 0.24871623504, 0.35110587351, 0.087750786429, 0.3297103137, 0.73819063332, 0.31918381278, 0.17405858025, 0.36806184964, 0.098883057775, 0.29106010747, 0.70119766791, 0.34087804288, 0.19991927432, 0.3397014107, 0.083411665839, 0.33796649202, 0.74377651482, 0.32233209728, 0.17281181935, 0.29032744102, 0.082301782332, 0.24873322358, 0.63241176295, 0.4609393354, 0.28528645472, 0.33652501451, 0.079593130366],
      [0.36127882996, 0.7645568756, 0.30219615553, 0.15584999404, 0.29873463877, 0.067162171795, 0.38680680694, 0.77855149241, 0.31445855429, 0.15428633579, 0.39823469677, 0.097332016886, 0.35137633656, 0.76915965747, 0.25038896667, 0.13350832564, 0.31282313091, 0.085250846807, 0.27358706701, 0.6686274826, 0.41358980208, 0.24612167059, 0.39038964288, 0.092650224807, 0.36817251776, 0.78234837791, 0.24143783936, 0.12500139728, 0.32939439681, 0.081076627894, 0.33467038772, 0.73836375516, 0.33593521547, 0.18055961695, 0.30872224043, 0.0651110383, 0.433407933, 0.81636826802, 0.25786982658, 0.11852069368, 0.30912516889, 0.07262449332, 0.36061507115, 0.75815478655, 0.33025975996, 0.16922072013, 0.33949904812, 0.076266553645, 0.39437962742, 0.79326307618]
    ],
    [
      [0.26612132446, 0.13047037017, 0.28195140922, 0.082108153672, 0.23335348215, 0.60963257199, 0.48469510863, 0.30825927434, 0.36175235107, 0.08578177004, 0.36380015338, 0.77226110193, 0.27444749556, 0.14195712803, 0.35669231272, 0.082791195862, 0.37641680677, 0.7820710683, 0.26689088051, 0.13513773584, 0.36187567863, 0.104060351, 0.25377528572, 0.65471159522, 0.38434903565, 0.24122805378, 0.27662053619, 0.058849243164, 0.4212642623, 0.80101709961, 0.30211520151, 0.14013365723, 0.32459086605, 0.076450565838, 0.36185373883, 0.76251856234, 0.31355539513, 0.16103087182, 0.32583404963, 0.082004236174, 0.3211988776, 0.72416599759, 0.35296707276, 0.19382976624, 0.33581229917, 0.093150128856, 0.2682412495, 0.66719233864, 0.39594645133, 0.2396575325],
      [0.43338823657, 0.12854789861, 0.2490970973, 0.66467267258, 0.31751466613, 0.2067794288, 0.33183934243, 0.086110501308, 0.3015537124, 0.70485950645, 0.36660694516, 0.20902999224, 0.32471517311, 0.071307214477, 0.40376527988, 0.7979725416, 0.271519547, 0.13072024392, 0.3360403817, 0.087986539435, 0.29716841293, 0.70094386236, 0.36679120537, 0.21106959821, 0.3785309308, 0.098909901503, 0.30601731481, 0.7200774348, 0.31545175439, 0.1810126637, 0.35653736819, 0.077432816583, 0.41514849005, 0.81359647647, 0.22831414176, 0.10897070695, 0.37984011058, 0.092387904306, 0.34748329996, 0.76188973837, 0.27267658946, 0.14572235732, 0.31714661495, 0.07448001913, 0.35808278563, 0.75796938066, 0.32477059943, 0.16755060021, 0.31583777617, 0.068178936493]
    ],
    [
      [0.41280959851, 0.80321861469, 0.27135262532, 0.12860244881, 0.34989492276, 0.083368359078, 0.35453032156, 0.76182322615, 0.29557475567, 0.15480841478, 0.37330901533, 0.095568083013, 0.31711514631, 0.73057704584, 0.30957583836, 0.17385487115, 0.27292830494, 0.066268433398, 0.32997851896, 0.72189943929, 0.3970931761, 0.21183212732, 0.41338781141, 0.10220406286, 0.34332587734, 0.76555804089, 0.24328631124, 0.13223789625, 0.41732701848, 0.11012834486, 0.30698015979, 0.72997994386, 0.27569282172, 0.15989171129, 0.35473747098, 0.085346061795, 0.34933381346, 0.75810511154, 0.29592871556, 0.15654882667, 0.24881183636, 0.059382665242, 0.33700454735, 0.72376256595, 0.41418361629, 0.2168547688, 0.31257023961, 0.081403209897, 0.29691778647, 0.69552720091],
      [0.39051197392, 0.22306958919, 0.34520925437, 0.084930248543, 0.33446614991, 0.7418446167, 0.32032459572, 0.17322513476, 0.36522981657, 0.095645483385, 0.30297519362, 0.71378258805, 0.33179498981, 0.19057192856, 0.22344186945, 0.052362549643, 0.34248565496, 0.72391430245, 0.43407247559, 0.22372314791, 0.40426601013, 0.1091791547, 0.29194127839, 0.7104395963, 0.30379271148, 0.18038124901, 0.48509249483, 0.14934935123, 0.23995193131, 0.66467531308, 0.27495557385, 0.1859753357, 0.2289605885, 0.04732595681, 0.42796073561, 0.79703012208, 0.34307867589, 0.15564392111, 0.21528462114, 0.044038265267, 0.43110853329, 0.79679393419, 0.35360684557, 0.15916780054, 0.31740284028, 0.077669272335, 0.33299515619, 0.73435305323, 0.34960200354, 0.18797767443]
    ]
  ],
  "maxiter": 3600,
  "param_threshold": 0.001,
  "ll_threshold": "-Inf",
  "initial_prob": "group_proportional"
}
