{
  "W": [
    [66, 11, 12, 11],
    [63, 9, 13, 15],
    [62, 12, 12, 14],
    [55, 13, 22, 10],
    [64, 10, 16, 10],
    [63, 10, 19, 8],
    [58, 13, 16, 13],
    [63, 10, 11, 16],
    [58, 12, 10, 20],
    [61, 20, 7, 12],
    [65, 9, 11, 15],
    [63, 15, 13, 9],
    [40, 41, 9, 10],
    [14, 57, 17, 12],
    [15, 69, 10, 6],
    [5, 64, 12, 19],
    [13, 63, 10, 14],
    [16, 67, 9, 8],
    [12, 65, 12, 11],
    [17, 53, 12, 18],
    [8, 69, 11, 12],
    [9, 64, 13, 14],
    [12, 64, 13, 11],
    [11, 69, 9, 11],
    [11, 64, 15, 10],
    [14, 14, 62, 10],
    [10, 16, 63, 11],
    [12, 7, 65, 16],
    [11, 13, 69, 7],
    [11, 9, 71, 9],
    [13, 14, 58, 15],
    [10, 8, 72, 10],
    [26, 8, 47, 19],
    [21, 9, 56, 14],
    [10, 12, 66, 12],
    [16, 15, 57, 12],
    [12, 10, 68, 10],
    [9, 11, 37, 43],
    [13, 14, 10, 63],
    [12, 9, 13, 66],
    [11, 9, 8, 72],
    [11, 8, 22, 59],
    [13, 17, 10, 60],
    [18, 20, 9, 53],
    [18, 15, 12, 55],
    [12, 6, 13, 69],
    [8, 17, 15, 60],
    [13, 10, 12, 65],
    [10, 13, 7, 70],
    [12, 13, 14, 61]
  ],
  "X": [
    [12, 17, 45, 26],
    [16, 21, 36, 27],
    [18, 22, 37, 23],
    [11, 24, 38, 27],
    [13, 22, 37, 28],
    [11, 20, 49, 20],
    [15, 24, 42, 19],
    [16, 33, 26, 25],
    [16, 25, 29, 30],
    [11, 21, 52, 16],
    [18, 23, 32, 27],
    [21, 16, 40, 23],
    [9, 40, 39, 12],
    [9, 40, 38, 13],
    [5, 46, 41, 8],
    [11, 35, 40, 14],
    [14, 36, 44, 6],
    [6, 40, 45, 9],
    [15, 36, 37, 12],
    [16, 42, 32, 10],
    [9, 37, 49, 5],
    [4, 46, 36, 14],
    [9, 40, 41, 10],
    [10, 33, 46, 11],
    [6, 37, 47, 10],
    [9, 41, 20, 30],
    [11, 35, 18, 36],
    [10, 47, 15, 28],
    [2, 39, 24, 35],
    [9, 48, 16, 27],
    [11, 39, 18, 32],
    [12, 39, 19, 30],
    [12, 32, 34, 22],
    [6, 43, 12, 39],
    [7, 38, 17, 38],
    [11, 35, 22, 32],
    [12, 27, 23, 38],
    [15, 43, 20, 22],
    [32, 41, 10, 17],
    [36, 43, 11, 10],
    [31, 41, 16, 12],
    [34, 42, 8, 16],
    [27, 42, 17, 14],
    [29, 35, 21, 15],
    [37, 40, 14, 9],
    [33, 40, 15, 12],
    [14, 49, 19, 18],
    [41, 32, 12, 15],
    [35, 39, 16, 10],
    [27, 47, 11, 15]
  ],
  "real_prob": [
    [0.14200321294, 0.10576398835, 0.4731188187, 0.27911398001],
    [0.010109291721, 0.42460606056, 0.55385620251, 0.01142844521],
    [0.018044843372, 0.45299269616, 0.10278051082, 0.42618194964],
    [0.46893219852, 0.43891463684, 0.011672564791, 0.080480599845]
  ],
  "method": "mcmc",
  "mcmc_stepsize": 3000,
  "mcmc_samples": 100,
  "prob": [
    [0.15475245301, 0.15885480464, 0.4293542935, 0.25703844884],
    [0.026542655487, 0.40734699847, 0.48937461736, 0.076735728683],
    [0.12829981076, 0.37863177911, 0.13921554868, 0.35385286145],
    [0.33360508074, 0.47356641778, 0.082855540457, 0.10997296102]
  ],
  "iterations": 13,
  "logLik": -1126.4244214192,
  "time": 0.073625,
  "message": "Converged",
  "status": 0,
  "cond_prob": [
    [
      [0.11725897017, 0.062943109613, 0.19299337609, 0.11387393181, 0.062772266242, 0.42515729688, 0.18864021785, 0.53787432255, 0.54227845279, 0.47646578725, 0.16332541823, 0.18259940341, 0.2776903108, 0.035433806249, 0.45504098783, 0.16565234222, 0.17436150601, 0.0039584424329, 0.23063993978, 0.13208532817, 0.080569206985, 0.5541477139, 0.2284660327, 0.53111680732, 0.46006848317, 0.33380503157, 0.15498279815, 0.1331109267, 0.28500080384, 0.10808881211, 0.38591122936, 0.20368693781, 0.22268113199, 0.024655342299, 0.20589684321, 0.10193882788, 0.10736282773, 0.34565470507, 0.18603987438, 0.64022640908, 0.4419270252, 0.5442735375, 0.11663982985, 0.11925457352, 0.22802901507, 0.085416415138, 0.49142345256, 0.13858018951, 0.11996467154, 0.0018890555435],
      [0.13978464787, 0.13021230901, 0.18180855382, 0.37292004495, 0.16639457808, 0.54918882379, 0.36808842571, 0.52812136516, 0.40464392903, 0.19873924004, 0.33013834893, 0.097069534339, 0.28917684503, 0.12185962716, 0.14028442719, 0.013205909158, 0.17959021845, 0.10162940727, 0.12923536999, 0.4977031351, 0.18067234135, 0.58611475082, 0.42591399198, 0.40134547231, 0.23374808912, 0.19880803645, 0.30456621084, 0.087745483429, 0.40598935107, 0.11344780546, 0.12681386657, 0.00016856467067, 0.10554257505, 0.12546647923, 0.11114344842, 0.39969464351, 0.26342140823, 0.49950119472, 0.57150960362, 0.5001532876, 0.31559584461, 0.24963013107, 0.1905330814, 0.099983504218, 0.31544017211, 0.12540219498, 0.16715129438, 0.073760331296, 0.15742651904, 0.14057817803],
      [0.16953047823, 0.34313616725, 0.14208824888, 0.57177308508, 0.53533351322, 0.54111089442, 0.18606825246, 0.072240197408, 0.12798471416, 0.041992607039, 0.51441697962, 0.21540853949, 0.17295997931, 0.0186087106, 0.27239427645, 0.12006857229, 0.27888462035, 0.42441049614, 0.19093462207, 0.5678676946, 0.28991709313, 0.4748289084, 0.10660714592, 0.11339096523, 0.25823830721, 0.082151884854, 0.43006395556, 0.19867276788, 0.15520646021, 9.2222709186e-05, 0.29998468594, 0.19985358879, 0.13786677709, 0.33341714561, 0.20000983764, 0.55013114026, 0.34482828706, 0.58322765607, 0.00023150830058, 0.099945619742, 0.36209847564, 0.083262975612, 0.49977396812, 0.15006965121, 0.1081503067, 0.025894651374, 0.3238935206, 0.13480696832, 0.11167273511, 0.28508532319],
      [0.15861509573, 0.61466258539, 0.60137150379, 0.62384926687, 0.25006214266, 0.090743161083, 0.17880545441, 0.065170758568, 0.267429241, 0.15978728521, 0.18569745064, 0.013940211442, 0.27142000249, 0.18790558519, 0.12796320734, 0.49759580344, 0.22282525477, 0.51686343264, 0.39412858064, 0.38680752797, 0.084855772834, 0.13113073368, 0.29221076137, 0.10165645714, 0.42089896991, 0.16410024849, 0.2168010583, 0.016122313606, 0.22917561779, 0.45782395465, 0.10510342433, 0.22872310077, 0.29553557402, 0.23396392149, 0.45272382191, 0.56734767946, 0.12390871199, 0.15081897466, 0.22537169546, 0.18780690616, 0.3513800962, 0.15739314921, 0.11528541919, 0.059490336795, 0.10759571829, 0.098111795903, 0.25589187676, 0.43824719588, 0.57909624911, 0.65843236567]
    ],
    [
      [0.47652767059, 0.42545951358, 0.16563782849, 0.10043126631, 0.15229503346, 0.076802953749, 0.1476702041, 0.14302457211, 0.097801222682, 0.013114139537, 0.21637051995, 0.26708150748, 0.1762284936, 0.42289559224, 0.45703108317, 0.47151865981, 0.48618747947, 0.50992966762, 0.063850470122, 0.08682718676, 0.23978280425, 0.0540606006, 0.26274792676, 0.17457264595, 0.11506389961, 0.013988020585, 0.1245224881, 0.17727386742, 0.17865619115, 0.49276531036, 0.49889786591, 0.72172867644, 0.42300175186, 0.46033357486, 0.25827721214, 0.051530822605, 0.28327815738, 0.032913094197, 0.11830243386, 0.04946663353, 0.28768874173, 0.012120598364, 0.21527622772, 0.32644859281, 0.39178259237, 0.35179203322, 0.20990122093, 0.42145169793, 0.27328768937, 0.54318160524],
      [0.10254185102, 0.13891771607, 0.047240976535, 0.092905763168, 0.47228070033, 0.11318199319, 0.2498911623, 0.054961418405, 0.19622597628, 0.38047041198, 0.091083237404, 0.375058011, 0.36191615228, 0.5405786927, 0.64169033592, 0.51077391582, 0.29102069, 0.040647288319, 0.017335264368, 0.059206654775, 0.15083718145, 0.038303606994, 0.076975316166, 0.019039714008, 0.23605916368, 0.17102520371, 0.16688238465, 0.42550465423, 0.40084232536, 0.6516861355, 0.53855399093, 0.5085066434, 0.18617502026, 0.079701981914, 0.21758830825, 0.046948988368, 0.1769234907, 0.097586678876, 0.1721754705, 0.044686938813, 0.2314102208, 0.65930188014, 0.11731560552, 0.41489554965, 0.45727597136, 0.1942445773, 0.40066822063, 0.47135621861, 0.042441095394, 0.094957636187],
