{
  "W": [
    [60, 16, 13, 11],
    [60, 13, 12, 15],
    [69, 14, 6, 11],
    [63, 11, 10, 16],
    [67, 13, 8, 12],
    [65, 7, 14, 14],
    [61, 11, 12, 16],
    [63, 9, 9, 19],
    [70, 13, 12, 5],
    [63, 17, 14, 6],
    [61, 11, 11, 17],
    [59, 24, 4, 13],
    [38, 36, 12, 14],
    [14, 60, 14, 12],
    [8, 59, 22, 11],
    [16, 61, 9, 14],
    [12, 63, 11, 14],
    [16, 56, 7, 21],
    [10, 60, 15, 15],
    [13, 58, 14, 15],
    [7, 72, 10, 11],
    [13, 72, 7, 8],
    [13, 63, 12, 12],
    [9, 62, 12, 17],
    [10, 59, 16, 15],
    [18, 11, 55, 16],
    [12, 15, 57, 16],
    [10, 10, 72, 8],
    [7, 14, 68, 11],
    [12, 8, 71, 9],
    [11, 11, 65, 13],
    [12, 18, 52, 18],
    [8, 11, 72, 9],
    [12, 9, 69, 10],
    [14, 15, 61, 10],
    [8, 11, 67, 14],
    [10, 11, 70, 9],
    [14, 12, 33, 41],
    [20, 10, 10, 60],
    [13, 10, 14, 63],
    [11, 16, 11, 62],
    [7, 19, 16, 58],
    [14, 11, 12, 63],
    [9, 12, 16, 63],
    [16, 6, 19, 59],
    [13, 8, 13, 66],
    [21, 15, 9, 55],
    [17, 17, 11, 55],
    [8, 15, 12, 65],
    [13, 15, 9, 63]
  ],
  "X": [
    [50, 3, 19, 28],
    [45, 9, 21, 25],
    [57, 4, 20, 19],
    [39, 9, 26, 26],
    [55, 5, 24, 16],
    [44, 8, 26, 22],
    [50, 8, 26, 16],
    [38, 10, 29, 23],
    [56, 4, 17, 23],
    [52, 5, 21, 22],
    [40, 10, 24, 26],
    [60, 4, 19, 17],
    [45, 4, 19, 32],
    [48, 8, 16, 28],
    [49, 11, 14, 26],
    [49, 2, 23, 26],
    [48, 11, 19, 22],
    [43, 3, 27, 27],
    [45, 4, 20, 31],
    [50, 5, 16, 29],
    [50, 3, 19, 28],
    [46, 9, 12, 33],
    [52, 4, 16, 28],
    [40, 5, 23, 32],
    [46, 3, 23, 28],
    [28, 5, 30, 37],
    [22, 8, 29, 41],
    [23, 10, 19, 48],
    [22, 7, 21, 50],
    [15, 10, 25, 50],
    [22, 13, 21, 44],
    [30, 7, 31, 32],
    [12, 9, 27, 52],
    [13, 6, 38, 43],
    [24, 7, 27, 42],
    [16, 10, 30, 44],
    [18, 7, 29, 46],
    [17, 12, 39, 32],
    [26, 9, 55, 10],
    [21, 7, 52, 20],
    [24, 5, 55, 16],
    [22, 15, 49, 14],
    [25, 11, 56, 8],
    [20, 6, 61, 13],
    [17, 8, 57, 18],
    [16, 6, 57, 21],
    [33, 9, 47, 11],
    [25, 5, 51, 19],
    [21, 14, 51, 14],
    [22, 4, 57, 17]
  ],
  "real_prob": [
    [0.61651896809, 0.051415503614, 0.14729979304, 0.18476573526],
    [0.63302769422, 0.043851238126, 0.03624322172, 0.28687784594],
    [0.045044171495, 0.096009376835, 0.23944216217, 0.6195042895],
    [0.076225949945, 0.10794751909, 0.80877564824, 0.0070508827295]
  ],
  "method": "mcmc",
  "mcmc_stepsize": 3000,
  "mcmc_samples": 100,
  "prob": [
    [0.59783327682, 0.055498246179, 0.17342468058, 0.17324379642],
    [0.50362541153, 0.077613688058, 0.071548010142, 0.34721289027],
    [0.16494334363, 0.084865993279, 0.27938621753, 0.47080444557],
    [0.11839796802, 0.070822072484, 0.70204109175, 0.10873886775]
  ],
  "iterations": 15,
  "logLik": -1059.1366223944,
  "time": 0.059454,
  "message": "Converged",
  "status": 0,
  "cond_prob": [
    [
      [0.62984597063, 0.45420344136, 0.22756312324, 0.18033328165, 0.011730821019, 0.039289038825, 0.04309758297, 0.10065977627, 0.10170845117, 0.1236743609, 0.34821345895, 0.58108438082, 0.25671475718, 0.38283315891, 0.38112583484, 0.13792256125, 0.61843635383, 0.35813467565, 0.087481896134, 0.14588568219, 0.098203672354, 0.059978105671, 0.10912342039, 0.067905549357, 0.12128659058, 0.011299338904, 0.45767654848, 0.53891963852, 0.16207338324, 0.57058787978, 0.34571813499, 0.24728912993, 0.66461518471, 0.66236608227, 0.11818339357, 0.10539334015, 0.042237344003, 0.025176553488, 0.11955838442, 0.0014364734962, 0.12975701449, 0.0028865948161, 0.41065508186, 0.77658392562, 0.1633904568, 0.30957076943, 0.35160314015, 0.11658626074, 0.50787333987, 0.36012679622],
      [0.10145082518, 0.12675478614, 0.1102899293, 0.093511078023, 0.10045545833, 0.0011598757885, 0.20643143281, 0.00027618924239, 0.40029448073, 0.56180230274, 0.17540529802, 0.54608593651, 0.39779923576, 0.31028303534, 0.62349242347, 0.59079066557, 0.46068820484, 0.15501861138, 0.038149865048, 0.065439931875, 0.1203275956, 0.052551596887, 0.17571261287, 0.12754078589, 0.36653761701, 0.63641031541, 0.16264509861, 0.21622861666, 0.052446582558, 0.15601947632, 0.55981339385, 0.58149423749, 0.17346629527, 0.079510114535, 0.066923408973, 0.024974391142, 0.14726729617, 0.10095825232, 0.16436063613, 0.064820743771, 0.39384638443, 0.66778314737, 0.20890256105, 0.3287106276, 0.28542002413, 0.15174848577, 0.66572968821, 0.56222207956, 0.13102619382, 0.10210823863],
      [0.088587327478, 0.0012404770231, 0.11597533006, 0.074426488495, 0.15797408608, 0.035183048813, 0.45158529132, 0.65984648228, 0.087708898231, 0.4013543946, 0.30141318481, 0.1636187906, 0.47984643785, 0.40009599132, 0.21639536623, 0.11690801039, 0.11703216188, 0.058624577622, 0.1223595391, 0.052532460568, 0.23435051953, 0.007026345352, 0.33385790198, 0.58778731809, 0.16877088074, 0.5342530857, 0.32738719269, 0.24277221095, 0.6552613227, 0.53796528578, 0.13837628235, 0.29552866147, 0.035158816314, 0.041759373539, 0.077776170419, 0.012539391398, 0.16420320928, 0.0029248976607, 0.29206071512, 0.39260461986, 0.1453766517, 0.41735044302, 0.49178683211, 0.29932732727, 0.5786817113, 0.62880868354, 0.28032358182, 0.15479573714, 0.039700579707, 0.041447197781],
      [0.07816139457, 0.11666693204, 0.2191740012, 0.040924755643, 0.27179816311, 0.4485237992, 0.1624437078, 0.28881936304, 0.36971686051, 0.28001353163, 0.52913315215, 0.3405375015, 0.1786112228, 0.11836716185, 0.11767690662, 0.12821787193, 0.115129797, 0.0085226081343, 0.17575435524, 0.0085586586015, 0.35197729195, 0.5478287573, 0.17743558599, 0.52268596797, 0.35428168825, 0.32528147272, 0.66498695833, 0.65383522053, 0.11498904492, 0.35490522972, 0.035048664247, 0.060252811621, 0.10643500262, 0.0046401015407, 0.14088862359, 0.030705299745, 0.55891481122, 0.5934603669, 0.15907575384, 0.25520666811, 0.21966114124, 0.046994301839, 0.52737043594, 0.49983111139, 0.24712477314, 0.28575043903, 8.7607813284e-06, 0.081006921982, 0.0064798153214, 0.071832865366]
    ],
    [
      [0.20986513529, 0.028452683785, 0.24871383453, 0.50116158774, 0.26275566799, 0.39070928284, 0.497681577, 0.14125510786, 0.59778018467, 0.58852578729, 0.23508138086, 0.085699237099, 0.10680134907, 0.069505304209, 0.094130818794, 0.08471928311, 0.042080450548, 0.052738408797, 0.22104125354, 0.76266596791, 0.25333801571, 0.2892304997, 0.4497465468, 0.066915511885, 0.76911055513, 0.62582469843, 0.17510198377, 0.18829224626, 0.15920707961, 0.090776319735, 0.13713926453, 0.12304333447, 0.046246019865, 0.0478404564, 0.16604459739, 0.65040579736, 0.025436345394, 0.23555852544, 0.52171415431, 0.038258621914, 0.65836993655, 0.59846989308, 0.10765985223, 0.07074849054, 0.0011227721187, 0.0032198089015, 0.10630434961, 0.059206296899, 0.1512548368, 0.067606435056],
      [0.57137722782, 0.80810964445, 0.18925245453, 0.33070386297, 0.21465857033, 0.061935568108, 0.55822893534, 0.60704606202, 0.050423062197, 0.1787640846, 0.043561536766, 0.11841432924, 0.18130470546, 0.073057646918, 0.14379394172, 0.067592374791, 0.37914367398, 0.63182661956, 0.25441558617, 0.20694723395, 0.38912855837, 0.11635164893, 0.68502409269, 0.53412142953, 0.15377761419, 0.050112912565, 0.001078784565, 0.017862050549, 0.14283748256, 0.046790582775, 0.12774269125, 0.089360357651, 0.42058078641, 0.80989863841, 0.1861544315, 0.35865616227, 0.28280411684, 0.093197866246, 0.56600782476, 0.53353090552, 0.30820114335, 0.18033668474, 0.0029189350496, 0.031934823295, 0.072249719994, 0.064731696792, 0.24980893752, 0.057288159477, 0.27786034669, 0.65978105705],
