{
  "W": [
    [62, 14, 10, 14],
    [56, 11, 19, 14],
    [54, 18, 15, 13],
    [58, 16, 12, 14],
    [72, 6, 10, 12],
    [67, 10, 13, 10],
    [67, 11, 7, 15],
    [55, 12, 11, 22],
    [61, 15, 12, 12],
    [64, 9, 14, 13],
    [59, 17, 10, 14],
    [54, 20, 13, 13],
    [37, 27, 16, 20],
    [13, 64, 10, 13],
    [12, 59, 17, 12],
    [14, 62, 10, 14],
    [12, 71, 11, 6],
    [14, 69, 10, 7],
    [15, 66, 9, 10],
    [8, 70, 13, 9],
    [19, 58, 13, 10],
    [16, 61, 14, 9],
    [12, 72, 5, 11],
    [19, 58, 10, 13],
    [15, 64, 11, 10],
    [7, 12, 67, 14],
    [8, 12, 59, 21],
    [16, 10, 66, 8],
    [13, 9, 63, 15],
    [15, 15, 55, 15],
    [12, 12, 70, 6],
    [13, 9, 65, 13],
    [14, 16, 58, 12],
    [8, 8, 70, 14],
    [18, 12, 61, 9],
    [12, 8, 65, 15],
    [14, 12, 65, 9],
    [10, 8, 43, 39],
    [12, 12, 17, 59],
    [17, 12, 9, 62],
    [13, 8, 12, 67],
    [11, 11, 3, 75],
    [12, 9, 15, 64],
    [14, 14, 10, 62],
    [13, 11, 17, 59],
    [15, 12, 17, 56],
    [13, 13, 14, 60],
    [11, 14, 11, 64],
    [12, 17, 15, 56],
    [12, 14, 8, 66]
  ],
  "X": [
    [25, 26, 9, 40],
    [25, 24, 12, 39],
    [22, 30, 11, 37],
    [34, 22, 8, 36],
    [34, 18, 9, 39],
    [32, 16, 5, 47],
    [21, 29, 3, 47],
    [26, 21, 4, 49],
    [29, 21, 9, 41],
    [31, 17, 6, 46],
    [27, 21, 13, 39],
    [22, 24, 12, 42],
    [30, 31, 8, 31],
    [28, 40, 13, 19],
    [33, 44, 11, 12],
    [25, 48, 10, 17],
    [29, 38, 18, 15],
    [28, 42, 14, 16],
    [24, 34, 24, 18],
    [28, 40, 19, 13],
    [23, 38, 20, 19],
    [30, 33, 15, 22],
    [30, 50, 10, 10],
    [32, 35, 17, 16],
    [30, 39, 12, 19],
    [23, 33, 30, 14],
    [27, 38, 20, 15],
    [31, 28, 27, 14],
    [27, 30, 26, 17],
    [32, 36, 19, 13],
    [24, 27, 33, 16],
    [28, 34, 22, 16],
    [28, 31, 26, 15],
    [32, 24, 33, 11],
    [41, 21, 23, 15],
    [26, 37, 24, 13],
    [36, 21, 31, 12],
    [24, 44, 17, 15],
    [15, 47, 18, 20],
    [17, 43, 13, 27],
    [14, 56, 13, 17],
    [11, 56, 13, 20],
    [11, 48, 16, 25],
    [15, 38, 21, 26],
    [11, 47, 14, 28],
    [11, 49, 14, 26],
    [18, 51, 10, 21],
    [15, 41, 16, 28],
    [14, 52, 9, 25],
    [10, 49, 13, 28]
  ],
  "real_prob": [
    [0.31173098324, 0.072173651907, 0.0043795225917, 0.61171584226],
    [0.32010433937, 0.43395134998, 0.17532081716, 0.070623493496],
    [0.37008420491, 0.25218786764, 0.34683818513, 0.030889742312],
    [0.0098762822074, 0.65887730073, 0.10731458366, 0.22393183341]
  ],
  "method": "mcmc",
  "mcmc_stepsize": 3000,
  "mcmc_samples": 100,
  "prob": [
    [0.31251322414, 0.26817762508, 0.091234849174, 0.32807430161],
    [0.25959700145, 0.4196039158, 0.13957848744, 0.18122059531],
    [0.25538654336, 0.30957719955, 0.26833127383, 0.16670498327],
    [0.16370323106, 0.41224125956, 0.13525538956, 0.28880011982]
  ],
  "iterations": 4,
  "logLik": -1117.5139015833,
  "time": 0.053171,
  "message": "Converged",
  "status": 0,
  "cond_prob": [
    [
      [0.27165819848, 0.21676201323, 0.23724957314, 0.19643055554, 0.23810104866, 0.37003919293, 0.19627924268, 0.29245670392, 0.082333631077, 0.06732936357, 0.18214889089, 0.080801062452, 0.40790712178, 0.34586943026, 0.38432229328, 0.43031167808, 0.28031057482, 0.19103402418, 0.21852138446, 0.21780908851, 0.23352027636, 0.35619321173, 0.19986251716, 0.22909652634, 0.10394658002, 0.097882796541, 0.21309859565, 0.075243388563, 0.3822225688, 0.35488996755, 0.36851750273, 0.47785099658, 0.26029465354, 0.16639800535, 0.19801928765, 0.15220271522, 0.29465748078, 0.38887719764, 0.26260076019, 0.24228423673, 0.091752728194, 0.11494757401, 0.19680165012, 0.078790122581, 0.35329513749, 0.32977722299, 0.34257830204, 0.52672292546, 0.35858275364, 0.29879101492],
      [0.34607711147, 0.30490133663, 0.21442955378, 0.27443525811, 0.16304693391, 0.22968275315, 0.064859614165, 0.11748029001, 0.12105336383, 0.06470124088, 0.36212807842, 0.30929343696, 0.36982259079, 0.40071466934, 0.36303864868, 0.30873314935, 0.27556143645, 0.27110033622, 0.16704396453, 0.33565102867, 0.115608851, 0.2335699893, 0.074255709694, 0.012645681786, 0.22888319008, 0.10740690921, 0.3956616771, 0.34297014019, 0.37994652247, 0.38792276527, 0.31968487221, 0.3530290086, 0.36342968747, 0.23262375385, 0.16090013532, 0.15875286173, 0.14548963262, 0.17407970924, 0.033882277793, 0.095068738157, 0.13185719988, 0.0065056407858, 0.48553271467, 0.39314939152, 0.35922348003, 0.58679089613, 0.23144561606, 0.14495581678, 0.1512866132, 0.18930822981],
      [0.24981529046, 0.45716528146, 0.29019011482, 0.34681510928, 0.026742824669, 0.01164909197, 0.13092812893, 0.010906255534, 0.49199626881, 0.38622980979, 0.42759514304, 0.45297040538, 0.28533963971, 0.25970436388, 0.24953395127, 0.20204518116, 0.19082061527, 0.31555337652, 0.17977062204, 0.21548858179, 0.029280854299, 0.03335437414, 0.15356180203, 0.013641850073, 0.49455889072, 0.39138788545, 0.41713362466, 0.56882438697, 0.31122183602, 0.26552515638, 0.26714465876, 0.23557122931, 0.19094488855, 0.26278997666, 0.22953788822, 0.22133812416, 0.070541973004, 0.099682222101, 0.18086430862, 0.085944550982, 0.42729130243, 0.37200264485, 0.32245314439, 0.45714609554, 0.33459072289, 0.22761369307, 0.26046769208, 0.29931713911, 0.15461837657, 0.2786880261],
      [0.17660936305, 0.16336158323, 0.046332049494, 0.10724063167, 0.14279083437, 0.0054239589337, 0.46445885105, 0.38645764916, 0.4201321105, 0.53189731873, 0.28733871605, 0.28287398017, 0.22803605997, 0.21127124933, 0.19125850109, 0.24862778556, 0.25156958305, 0.21238430363, 0.10055120075, 0.14658637799, 0.25472026896, 0.14487914576, 0.42085158212, 0.32191185628, 0.26567408802, 0.43146530128, 0.27617926628, 0.18332009971, 0.13609010278, 0.12698048389, 0.19448598757, 0.31943175851, 0.25208076324, 0.29477473684, 0.09533989064, 0.13823027315, 0.23166122115, 0.082726505187, 0.43399485551, 0.35901786862, 0.38016791283, 0.49551827409, 0.3271430199, 0.2927730279, 0.25574857345, 0.29494296677, 0.32152171108, 0.3366334716, 0.25224641628, 0.29893251482]
    ],
    [
      [0.053084371726, 0.074828491014, 0.18616444208, 0.051843895777, 0.2982508973, 0.29576500949, 0.30584056819, 0.35428062263, 0.37549401461, 0.28289382979, 0.20128775984, 0.23080731579, 0.38071909155, 0.40788763734, 0.40136427964, 0.3794000172, 0.080870516327, 0.12491106495, 0.29316352324, 0.07867229989, 0.16291637751, 0.18430746792, 0.10418443728, 0.31112036712, 0.41772856429, 0.33636459313, 0.29815901004, 0.25608692194, 0.41712499363, 0.44520949209, 0.45979046387, 0.40922517976, 0.082723503087, 0.10138211319, 0.12000091, 0.1654798179, 0.082422938995, 0.11704380159, 0.12204961608, 0.1692080804, 0.35535281351, 0.24260851816, 0.20452276212, 0.20986463314, 0.42715544358, 0.5009763522, 0.49816216707, 0.42697630591, 0.070721403417, 0.09778625637],
      [0.19407562272, 0.071885445001, 0.14677033949, 0.15862887327, 0.10323944809, 0.29127361595, 0.34846116486, 0.29712367412, 0.27974211054, 0.1075869905, 0.2967375562, 0.40618733122, 0.29631374078, 0.39006627671, 0.15341651196, 0.17230681235, 0.26893459045, 0.16115628078, 0.20138476698, 0.1243821823, 0.15500955822, 0.34119045202, 0.40178728508, 0.27995600568, 0.20291311185, 0.14698321405, 0.32802120277, 0.44553796383, 0.41663252551, 0.35703691457, 0.10690465712, 0.1261535398, 0.22795415991, 0.21702842209, 0.16328685502, 0.14835249069, 0.15250020273, 0.27895144929, 0.30966441038, 0.23818455376, 0.22094964184, 0.16463065195, 0.3178105096, 0.35109096009, 0.2563679409, 0.37535275221, 0.18308051052, 0.24720746604, 0.38649155475, 0.14596755906],
