{
  "W": [
    [77, 23],
    [78, 22],
    [74, 26],
    [76, 24],
    [79, 21],
    [80, 20],
    [74, 26],
    [78, 22],
    [75, 25],
    [75, 25],
    [68, 32],
    [76, 24],
    [72, 28],
    [80, 20],
    [73, 27],
    [74, 26],
    [80, 20],
    [74, 26],
    [74, 26],
    [72, 28],
    [69, 31],
    [75, 25],
    [72, 28],
    [68, 32],
    [76, 24],
    [26, 74],
    [23, 77],
    [23, 77],
    [28, 72],
    [18, 82],
    [17, 83],
    [28, 72],
    [20, 80],
    [27, 73],
    [28, 72],
    [31, 69],
    [22, 78],
    [29, 71],
    [17, 83],
    [22, 78],
    [27, 73],
    [24, 76],
    [37, 63],
    [26, 74],
    [25, 75],
    [29, 71],
    [26, 74],
    [26, 74],
    [30, 70],
    [22, 78]
  ],
  "X": [
    [56, 4, 25, 15],
    [44, 9, 37, 10],
    [46, 6, 37, 11],
    [44, 6, 40, 10],
    [47, 6, 24, 23],
    [49, 11, 22, 18],
    [51, 10, 24, 15],
    [51, 4, 31, 14],
    [62, 1, 22, 15],
    [56, 2, 31, 11],
    [51, 7, 28, 14],
    [56, 7, 29, 8],
    [46, 5, 37, 12],
    [52, 5, 34, 9],
    [56, 3, 30, 11],
    [51, 5, 28, 16],
    [54, 3, 29, 14],
    [55, 5, 30, 10],
    [55, 7, 26, 12],
    [62, 6, 23, 9],
    [57, 2, 27, 14],
    [54, 2, 29, 15],
    [55, 3, 32, 10],
    [57, 4, 27, 12],
    [51, 6, 31, 12],
    [55, 15, 18, 12],
    [53, 15, 22, 10],
    [52, 14, 25, 9],
    [60, 14, 20, 6],
    [53, 12, 19, 16],
    [55, 12, 20, 13],
    [56, 10, 22, 12],
    [56, 10, 22, 12],
    [58, 12, 18, 12],
    [45, 15, 24, 16],
    [55, 14, 27, 4],
    [58, 17, 16, 9],
    [52, 9, 26, 13],
    [51, 21, 19, 9],
    [50, 8, 29, 13],
    [53, 8, 23, 16],
    [53, 14, 18, 15],
    [53, 15, 20, 12],
    [62, 9, 21, 8],
    [51, 13, 26, 10],
    [44, 16, 24, 16],
    [52, 13, 24, 11],
    [58, 9, 26, 7],
    [51, 16, 18, 15],
    [52, 11, 26, 11]
  ],
  "real_prob": [
    [0.50933539076, 0.014806597992, 0.34375361458, 0.13210439668],
    [0.53407980194, 0.16208476768, 0.17524542909, 0.12859000128]
  ],
  "method": "exact",
  "prob": [
    [0.51853778771, 0.019469789853, 0.3292838105, 0.13270861193],
    [0.54386221229, 0.16093021015, 0.1851161895, 0.11009138807]
  ],
  "iterations": 10,
  "logLik": -391.7223828046,
  "time": 5.884246,
  "message": "Converged",
  "status": 0,
  "cond_prob": [
    [
      [0.55213807336, 0.5863203631, 0.014750454353, 0.1245310876, 0.27774598141, 0.15711127963, 0.15536549088, 0.13203726967, 0.44372336129, 0.4267989918, 0.036475679439, 0.27976804562, 0.41446517047, 0.21235075924, 0.1053357888, 0.081082203342, 0.45020103299, 0.48788936763, 0.020155435994, 0.17340375909, 0.41570993809, 0.23990248389, 0.11393359292, 0.098804389379, 0.43081229836, 0.46909438852, 0.021141148908, 0.18305302846, 0.44485969458, 0.2579443005, 0.10318685815, 0.089908282525, 0.46972418936, 0.47103757334, 0.024306706641, 0.19427477026, 0.2660199511, 0.14211542206, 0.2399491529, 0.19257223434, 0.50746753976, 0.42012984098, 0.051833096885, 0.34266761246, 0.24767756939, 0.10928972245, 0.19302179397, 0.12791282411, 0.52282947379, 0.47348534384],
      [0.038293089407, 0.27562736092, 0.27731705727, 0.13378991391, 0.16156037953, 0.11709738133, 0.49978941374, 0.54620116947, 0.014851035504, 0.12916451048, 0.34138703755, 0.19871868504, 0.1439725132, 0.125915635, 0.59925656206, 0.68223031382, 0.0033260278959, 0.030021916312, 0.24400894515, 0.14797316454, 0.15340846489, 0.13977460533, 0.53860179304, 0.62419462089, 0.0065614043105, 0.060315787068, 0.34280456988, 0.21158629036, 0.11203223277, 0.10390330168, 0.50397095189, 0.52281172723, 0.021175504692, 0.17375205253, 0.32680782756, 0.18053336645, 0.14804571586, 0.12290285379, 0.56192402098, 0.5539072669, 0.026500573565, 0.20774818371, 0.32730567662, 0.17186535737, 0.084269728836, 0.06647919202, 0.44432198195, 0.50031490355, 0.015536208866, 0.1386211772]
    ],
    [
      [0.41672263293, 0.24985608674, 0.12341917625, 0.11120783251, 0.51433244379, 0.54267022485, 0.020134399988, 0.16946240005, 0.37264178631, 0.20943285475, 0.092891369914, 0.078434520346, 0.54126033305, 0.61066650694, 0.0095430189266, 0.085309615495, 0.33623475477, 0.20203195931, 0.11296189325, 0.10199191825, 0.5012746577, 0.53483366656, 0.016999835736, 0.14392354444, 0.31540535386, 0.17923091593, 0.16632015271, 0.14201187306, 0.52894066627, 0.58423733491, 0.011715835499, 0.10313665801, 0.31601677228, 0.18593291087, 0.14332672595, 0.12669309621, 0.54091284909, 0.57586342951, 0.017027436817, 0.14384498752, 0.3380571561, 0.19168347878, 0.10400255799, 0.088608104183, 0.55151987657, 0.54567419746, 0.02515617022, 0.1976324386, 0.29645693504, 0.1562379541],
      [0.12686701817, 0.10045540984, 0.61974983784, 0.62064327414, 0.020390349479, 0.16185338705, 0.2645622737, 0.14112558192, 0.095297538989, 0.076377756886, 0.54418096131, 0.62746818289, 0.0056913775991, 0.051848224054, 0.30669361176, 0.1883271222, 0.14343404933, 0.13235647085, 0.51973558093, 0.6007932572, 0.0065741423336, 0.060277572999, 0.32082711283, 0.1975186615, 0.1528631639, 0.1414105083, 0.52890728099, 0.6042384203, 0.0092227432193, 0.083427231722, 0.35940953866, 0.21866118631, 0.10246043713, 0.093673161672, 0.55237720106, 0.60744844775, 0.011558492731, 0.10043820295, 0.31127486628, 0.18229090915, 0.12478943993, 0.10982244016, 0.50560127071, 0.52392930942, 0.021919271012, 0.18058897513, 0.34735269923, 0.19171645245, 0.12512675905, 0.103765263]
    ],
    [
      [0.55522612862, 0.54816379265, 0.025112700883, 0.19387932131, 0.27757938043, 0.14571535282, 0.14208179007, 0.11224153322, 0.52100910073, 0.53268559329, 0.023504825965, 0.18778427276, 0.33920045892, 0.18439466812, 0.11628561439, 0.095135465831, 0.49882768264, 0.52632419869, 0.021287272157, 0.17545964598, 0.37762803852, 0.21187733914, 0.10225700668, 0.086338816186, 0.60288845104, 0.59887671349, 0.023832927605, 0.18517608371, 0.30287974413, 0.15999121062, 0.070398877234, 0.055955992187, 0.50462741009, 0.53556959291, 0.017209532665, 0.14256376112, 0.29560689147, 0.16681799943, 0.18255616578, 0.15504864654, 0.52212464165, 0.55570941075, 0.016987103606, 0.14109902697, 0.31264485333, 0.17692816257, 0.14824340141, 0.12626339971, 0.53211372987, 0.57084466061],
      [0.015830603603, 0.13273254304, 0.31844361975, 0.1817163701, 0.13361204678, 0.11470642625, 0.52142170035, 0.56964457491, 0.014241359279, 0.12143966018, 0.33092071009, 0.19226982248, 0.13341623029, 0.11664594243, 0.57151970964, 0.58313654575, 0.019694194416, 0.15709940754, 0.27022168097, 0.14663033718, 0.13856441497, 0.11313370953, 0.43848602542, 0.45447765678, 0.024528355227, 0.19879452852, 0.35457656663, 0.19544244631, 0.18240905272, 0.15128536839, 0.53845736451, 0.55518582174, 0.023824981037, 0.19219457374, 0.39222595133, 0.21508689143, 0.045491703119, 0.037532713091, 0.60154757737, 0.57392247818, 0.028155877394, 0.21000731663, 0.25992451056, 0.13181616369, 0.11037203468, 0.084254041501, 0.48022382778, 0.53624660555, 0.013877360954, 0.12109234553]
    ],
    [
      [0.36528111783, 0.21699785328, 0.14061769343, 0.12566319564, 0.531954278, 0.50550334065, 0.033161521248, 0.24621992938, 0.32253023205, 0.16285525368, 0.1123539687, 0.08542147629, 0.4413701563, 0.51653662258, 0.010894899226, 0.09949118227, 0.41097916149, 0.2558776724, 0.13675578299, 0.12809452275, 0.48799528617, 0.54553599005, 0.012039768141, 0.10513597617, 0.32663775378, 0.19425726915, 0.17332719191, 0.15507076464, 0.52503164681, 0.53156895364, 0.022386779799, 0.17714101691, 0.27728920927, 0.14927709181, 0.17529236412, 0.14201293765, 0.54211325064, 0.52288586867, 0.029225878281, 0.22093083339, 0.28850902228, 0.14801851072, 0.14015184879, 0.10816478722, 0.58868886015, 0.6310012113, 0.013937967317, 0.11672449797, 0.30796368224, 0.17558032786],
