{
  "W": [
    [80, 20],
    [90, 10],
    [76, 24],
    [76, 24],
    [82, 18],
    [81, 19],
    [79, 21],
    [85, 15],
    [84, 16],
    [87, 13],
    [88, 12],
    [81, 19],
    [86, 14],
    [85, 15],
    [78, 22],
    [77, 23],
    [88, 12],
    [77, 23],
    [88, 12],
    [83, 17],
    [77, 23],
    [90, 10],
    [78, 22],
    [82, 18],
    [86, 14],
    [15, 85],
    [15, 85],
    [24, 76],
    [19, 81],
    [27, 73],
    [18, 82],
    [20, 80],
    [15, 85],
    [14, 86],
    [17, 83],
    [28, 72],
    [18, 82],
    [18, 82],
    [17, 83],
    [10, 90],
    [13, 87],
    [15, 85],
    [12, 88],
    [12, 88],
    [17, 83],
    [18, 82],
    [18, 82],
    [25, 75],
    [16, 84],
    [15, 85]
  ],
  "X": [
    [42, 31, 27],
    [35, 25, 40],
    [35, 37, 28],
    [34, 37, 29],
    [50, 24, 26],
    [43, 28, 29],
    [44, 32, 24],
    [49, 30, 21],
    [36, 27, 37],
    [44, 25, 31],
    [50, 21, 29],
    [38, 29, 33],
    [47, 25, 28],
    [43, 31, 26],
    [33, 36, 31],
    [30, 38, 32],
    [44, 27, 29],
    [36, 39, 25],
    [44, 23, 33],
    [41, 28, 31],
    [39, 34, 27],
    [50, 19, 31],
    [42, 29, 29],
    [31, 32, 37],
    [43, 33, 24],
    [9, 79, 12],
    [10, 80, 10],
    [12, 73, 15],
    [11, 71, 18],
    [18, 67, 15],
    [9, 80, 11],
    [9, 77, 14],
    [9, 83, 8],
    [7, 86, 7],
    [9, 80, 11],
    [12, 70, 18],
    [10, 75, 15],
    [9, 74, 17],
    [8, 81, 11],
    [8, 84, 8],
    [11, 77, 12],
    [11, 83, 6],
    [7, 75, 18],
    [9, 77, 14],
    [13, 79, 8],
    [14, 70, 16],
    [13, 75, 12],
    [12, 71, 17],
    [9, 80, 11],
    [7, 77, 16]
  ],
  "real_prob": [
    [0.48391152669, 0.18427402541, 0.3318144479],
    [0.026203699379, 0.88236837543, 0.091427925191]
  ],
  "method": "exact",
  "prob": [
    [0.4883266658, 0.16885686519, 0.34281646901],
    [0.023273334196, 0.89674313481, 0.079983530993]
  ],
  "iterations": 10,
  "logLik": -254.3699872189,
  "time": 0.142142,
  "message": "Converged",
  "status": 0,
  "cond_prob": [
    [
      [0.51863253168, 0.025469873274, 0.16225074103, 0.90099703589, 0.31911672729, 0.073533090837, 0.38697386392, 0.01723522472, 0.17865020714, 0.89214813573, 0.43437592894, 0.09061663955, 0.45462558724, 0.018685640411, 0.19809526296, 0.91436500061, 0.3472791498, 0.066949358977, 0.44165803715, 0.018082882354, 0.19858008342, 0.91282973583, 0.35976187943, 0.069087381818, 0.60035065757, 0.042847004396, 0.10432976541, 0.85805329091, 0.29531957702, 0.099099704695, 0.52399271229, 0.029294226564, 0.13874609268, 0.88218771016, 0.33726119504, 0.088518063272, 0.54980958236, 0.026906809198, 0.16387249819, 0.90733679253, 0.28631791945, 0.065756398267, 0.57207429455, 0.024912330882, 0.18945509744, 0.9264211145, 0.23847060801, 0.048666554622, 0.42448888263, 0.021433366181],
      [0.1540441007, 0.87876847131, 0.42146701667, 0.099798162505, 0.5019080379, 0.025692361731, 0.15410499732, 0.8917588641, 0.34398696478, 0.08254877417, 0.56331263229, 0.035707363199, 0.11998632258, 0.87010030106, 0.31670104513, 0.094192335741, 0.46352180163, 0.023933372009, 0.15097961598, 0.88266584765, 0.38549858239, 0.093400780341, 0.54174918747, 0.029254991237, 0.14556104192, 0.89155359966, 0.31268977061, 0.079191409108, 0.50226169987, 0.020517034069, 0.20184929333, 0.92285400448, 0.2958890068, 0.05662896145, 0.41836802848, 0.016695171747, 0.2041176107, 0.91267392571, 0.37751436082, 0.070630902543, 0.38531524, 0.014379413912, 0.21973760657, 0.91653062148, 0.39494715343, 0.069089964603, 0.49698648505, 0.022099109644, 0.18257107883, 0.91114542191]
    ],
    [
      [0.32044243612, 0.066755468446, 0.46249922487, 0.016850421082, 0.22858338904, 0.93039474104, 0.30891738609, 0.052754837876, 0.49628840352, 0.027218374152, 0.14141558682, 0.87961903, 0.36229600966, 0.093162595851, 0.4888905024, 0.024828723582, 0.15499092083, 0.89033844538, 0.35611857678, 0.084832831037, 0.49952034189, 0.023344942356, 0.17139016558, 0.90447640218, 0.32908949252, 0.072178655467, 0.5515569395, 0.035987544506, 0.11532702527, 0.86205677257, 0.33311603523, 0.10195568292, 0.52944957954, 0.03195149074, 0.12629550898, 0.87040683179, 0.34425491148, 0.097641677469, 0.37462187256, 0.015611469437, 0.19270901067, 0.8998811736, 0.43266911676, 0.084507356968, 0.49706062005, 0.018056191137, 0.23138961954, 0.93574947998, 0.27154976041, 0.046194328885],
      [0.47786111251, 0.021553921322, 0.16763475982, 0.89982916003, 0.35450412767, 0.078616918647, 0.53221763564, 0.023726299592, 0.17080980647, 0.91103356356, 0.29697255788, 0.065240136844, 0.440415525, 0.018816149999, 0.18112295108, 0.9033295944, 0.37846152392, 0.077854255606, 0.46013304431, 0.027870026644, 0.1201989815, 0.84834838705, 0.41966797419, 0.1237815863, 0.57123398535, 0.035297019117, 0.12131443386, 0.87293849707, 0.30745158079, 0.091764483816, 0.43135140462, 0.015069203864, 0.22387008691, 0.9264675419, 0.34477850847, 0.058463254238, 0.39082139748, 0.014794650631, 0.2050179891, 0.91124550272, 0.40416061342, 0.073959846644, 0.5019439145, 0.017304015088, 0.22575091289, 0.93663219184, 0.27230517261, 0.046063793069, 0.42916553589, 0.011531191832]
    ],
    [
      [0.29404971194, 0.95213144224, 0.27678475217, 0.036337365926, 0.4480879517, 0.016656684591, 0.2085611902, 0.92113806948, 0.34335085809, 0.062205245932, 0.38724253957, 0.016072345723, 0.18719175575, 0.89942542832, 0.42556570468, 0.084502225958, 0.45300409413, 0.02251129641, 0.15091006703, 0.88150754626, 0.39608583884, 0.095981157328, 0.4066396619, 0.020493732753, 0.1474364996, 0.87007491472, 0.4459238385, 0.10943135252, 0.40463792027, 0.013507895849, 0.2342687312, 0.92792086228, 0.36109334853, 0.058571241867, 0.56976147408, 0.025582058436, 0.16685609319, 0.91479376742, 0.26338243273, 0.059624174141, 0.59156399114, 0.038042162244, 0.11397057419, 0.86802738547, 0.29446543467, 0.09393045229, 0.6030232494, 0.022995897165, 0.20343643837, 0.94057004029],
      [0.19354031223, 0.036434062547, 0.4059294517, 0.024191438404, 0.11925362001, 0.83601087, 0.47481692829, 0.1397976916, 0.51836578873, 0.031586483355, 0.1190265821, 0.85876910244, 0.36260762917, 0.1096444142, 0.62011784715, 0.029614416849, 0.16072353529, 0.9188879506, 0.21915861756, 0.051497632547, 0.57712968924, 0.044044702362, 0.093789018159, 0.83307070333, 0.3290812926, 0.12288459431, 0.5738203559, 0.032576019437, 0.1321484147, 0.88562595775, 0.2940312294, 0.081798022814, 0.4221998428, 0.019266719067, 0.1678082916, 0.89073056947, 0.4099918656, 0.090002711466, 0.46559289276, 0.018458496617, 0.19385158518, 0.91545684092, 0.34055552206, 0.066084662465, 0.37010310242, 0.017040628985, 0.16159566189, 0.87736547143, 0.46830123569, 0.10559389958]
    ]
  ],
  "maxiter": 3600,
  "param_threshold": 0.001,
  "ll_threshold": "-Inf",
  "initial_prob": "group_proportional"
}
