{
  "W": [
    [89, 11],
    [86, 14],
    [81, 19],
    [84, 16],
    [86, 14],
    [78, 22],
    [88, 12],
    [86, 14],
    [78, 22],
    [79, 21],
    [84, 16],
    [86, 14],
    [89, 11],
    [72, 28],
    [81, 19],
    [76, 24],
    [87, 13],
    [86, 14],
    [77, 23],
    [82, 18],
    [83, 17],
    [81, 19],
    [85, 15],
    [82, 18],
    [81, 19],
    [19, 81],
    [21, 79],
    [16, 84],
    [13, 87],
    [17, 83],
    [18, 82],
    [18, 82],
    [13, 87],
    [21, 79],
    [17, 83],
    [17, 83],
    [13, 87],
    [22, 78],
    [19, 81],
    [13, 87],
    [18, 82],
    [19, 81],
    [16, 84],
    [15, 85],
    [13, 87],
    [17, 83],
    [24, 76],
    [16, 84],
    [23, 77],
    [15, 85]
  ],
  "X": [
    [23, 50, 27],
    [22, 51, 27],
    [20, 46, 34],
    [26, 49, 25],
    [20, 57, 23],
    [27, 43, 30],
    [18, 50, 32],
    [23, 47, 30],
    [23, 48, 29],
    [26, 45, 29],
    [24, 57, 19],
    [16, 53, 31],
    [16, 48, 36],
    [23, 47, 30],
    [20, 49, 31],
    [29, 44, 27],
    [20, 54, 26],
    [17, 59, 24],
    [21, 50, 29],
    [20, 51, 29],
    [21, 52, 27],
    [27, 46, 27],
    [23, 47, 30],
    [20, 50, 30],
    [28, 42, 30],
    [50, 29, 21],
    [44, 33, 23],
    [49, 27, 24],
    [53, 24, 23],
    [46, 26, 28],
    [51, 24, 25],
    [49, 23, 28],
    [58, 23, 19],
    [48, 29, 23],
    [52, 25, 23],
    [52, 29, 19],
    [48, 27, 25],
    [43, 27, 30],
    [50, 29, 21],
    [39, 29, 32],
    [62, 24, 14],
    [51, 24, 25],
    [51, 29, 20],
    [44, 32, 24],
    [52, 23, 25],
    [50, 22, 28],
    [40, 33, 27],
    [58, 16, 26],
    [42, 27, 31],
    [47, 23, 30]
  ],
  "real_prob": [
    [0.16567898837, 0.54477971638, 0.28954129525],
    [0.53349460126, 0.2323900103, 0.23411538844]
  ],
  "method": "exact",
  "prob": [
    [0.14943705895, 0.55589496663, 0.29466797442],
    [0.56336294105, 0.20090503337, 0.23573202558]
  ],
  "iterations": 8,
  "logLik": -270.3808153293,
  "time": 0.135957,
  "message": "Converged",
  "status": 0,
  "cond_prob": [
    [
      [0.18121118793, 0.62474584313, 0.54016119521, 0.17505942057, 0.27862761686, 0.2001947363, 0.15971134432, 0.59034459915, 0.56130596735, 0.19483477201, 0.27898268833, 0.21482062884, 0.12724547757, 0.51016401666, 0.52181417154, 0.19647642661, 0.35094035089, 0.29335955674, 0.18792010052, 0.63841947227, 0.54986244114, 0.175722184, 0.26221745834, 0.18585834372, 0.14036076324, 0.5663553115, 0.62434931062, 0.23613994905, 0.23528992614, 0.19750473945, 0.17538379739, 0.60545744562, 0.50500288217, 0.16408069047, 0.31961332044, 0.2304618639, 0.13258394923, 0.52771770564, 0.54066907897, 0.20176008752, 0.32674697179, 0.27052220684, 0.16991261286, 0.59910823528, 0.51853304885, 0.17186841422, 0.31155433829, 0.22902335049, 0.14019869684, 0.54838643847],
      [0.55758031687, 0.20494251291, 0.30222098629, 0.24667104862, 0.16971497427, 0.59964366824, 0.52337735835, 0.17396136619, 0.30690766738, 0.22639496557, 0.16693124496, 0.62361096396, 0.63607967634, 0.22308169919, 0.1969890787, 0.15330733685, 0.10851633686, 0.47625678784, 0.57763453037, 0.23738788489, 0.31384913277, 0.28635532727, 0.11925513914, 0.48966296514, 0.51484778198, 0.19804976395, 0.36589707888, 0.31228727091, 0.12203061489, 0.5076355617, 0.56658132791, 0.22164801394, 0.3113880572, 0.27071642435, 0.12604910674, 0.51526433444, 0.55498348966, 0.21296512303, 0.3189674036, 0.27177054253, 0.18401985747, 0.62560378469, 0.52580810286, 0.16827434096, 0.29017203968, 0.20612187435, 0.14510177262, 0.56739582936, 0.5884441343, 0.21579694738]
    ],
    [
      [0.26645409308, 0.21680722326, 0.11475958235, 0.50933399411, 0.64259844759, 0.26689525055, 0.24264197006, 0.22377075534, 0.12083992709, 0.508492418, 0.58078720566, 0.22953848541, 0.29837286725, 0.26196909659, 0.12848845769, 0.52577480387, 0.57360342934, 0.22025104411, 0.29790811297, 0.25397415202, 0.13962564354, 0.55359244623, 0.5821410738, 0.21660534557, 0.27823328266, 0.2298022082, 0.18572244571, 0.62928852094, 0.52838218583, 0.16847594461, 0.28589536846, 0.20223553445, 0.1660057405, 0.59263413715, 0.52202917391, 0.17516801453, 0.31196508559, 0.23219784832, 0.12888067843, 0.52398802048, 0.56263101003, 0.2146809543, 0.30848831154, 0.26133102523, 0.19645250888, 0.63617614634, 0.4838990783, 0.14758813988, 0.31964841282, 0.21623571379],
      [0.15168801884, 0.5817028104, 0.59994337576, 0.21729723285, 0.2483686054, 0.20099995676, 0.12350421033, 0.52413179219, 0.62596915487, 0.25132465503, 0.2505266348, 0.22454355278, 0.1427270103, 0.55614723613, 0.57532394896, 0.21184305734, 0.28194904075, 0.23200970652, 0.15913689209, 0.58541632647, 0.55541668574, 0.1928687711, 0.28544642217, 0.22171490243, 0.13342327204, 0.52688920934, 0.54183628261, 0.20227449633, 0.32474044535, 0.27083629433, 0.16333892467, 0.58609633361, 0.524416689, 0.17756706827, 0.31224438633, 0.23633659812, 0.15509104457, 0.56351659997, 0.4986367397, 0.17103095958, 0.34627221573, 0.26545244045, 0.18724005746, 0.63868826728, 0.56144411383, 0.18047386805, 0.25131582871, 0.18083786468, 0.14745867848, 0.56839706015]
    ],
    [
      [0.5827445796, 0.21218182061, 0.26979674192, 0.21942111924, 0.16356232875, 0.59300530616, 0.55068519189, 0.18841387636, 0.28575247936, 0.21858081748, 0.15569535728, 0.59461661357, 0.61786920109, 0.22284606725, 0.22643544162, 0.18253731919, 0.13137543614, 0.53209332563, 0.58283218664, 0.22325496062, 0.28579237722, 0.24465171375, 0.12971248512, 0.51469647856, 0.52673680476, 0.19758705507, 0.34355071012, 0.28771646638, 0.15168801884, 0.5817028104, 0.59994337576, 0.21729723285, 0.2483686054, 0.20099995676, 0.095383931099, 0.43402309076, 0.57394450607, 0.24757151059, 0.33067156283, 0.31840539866, 0.22894157838, 0.70584209255, 0.57448174443, 0.16657717805, 0.19657667719, 0.1275807294, 0.16624596628, 0.59063366223, 0.5200285845, 0.17431428265],
      [0.31372544922, 0.23505205512, 0.14826184967, 0.57890250483, 0.61716086897, 0.22768364401, 0.23457728136, 0.19341385117, 0.11271304866, 0.49775652083, 0.63300116544, 0.26476450022, 0.25428578591, 0.23747897896, 0.15639279538, 0.57433211103, 0.53289623468, 0.18473964309, 0.31071096994, 0.24092824587, 0.15937902023, 0.56976574285, 0.48886676605, 0.16493090334, 0.35175421372, 0.26530335382, 0.11320243637, 0.49056765167, 0.59816976007, 0.24531481261, 0.28862780356, 0.26411753572, 0.21757360629, 0.6490335988, 0.40434198432, 0.11345866965, 0.37808440939, 0.23750773154, 0.12738358014, 0.50740490463, 0.51925616882, 0.19554685866, 0.35336025104, 0.2970482367, 0.13821837442, 0.52854969863, 0.50313239125, 0.18180016625, 0.35864923433, 0.28965013512]
    ]
  ],
  "maxiter": 3600,
  "param_threshold": 0.001,
  "ll_threshold": "-Inf",
  "initial_prob": "group_proportional"
}
