{
  "W": [
    [70, 14, 16],
    [63, 19, 18],
    [70, 15, 15],
    [66, 15, 19],
    [73, 12, 15],
    [67, 17, 16],
    [64, 17, 19],
    [69, 9, 22],
    [73, 18, 9],
    [65, 24, 11],
    [67, 13, 20],
    [67, 17, 16],
    [64, 19, 17],
    [64, 18, 18],
    [58, 24, 18],
    [72, 11, 17],
    [49, 35, 16],
    [21, 56, 23],
    [14, 64, 22],
    [18, 65, 17],
    [11, 75, 14],
    [18, 70, 12],
    [16, 70, 14],
    [12, 68, 20],
    [12, 68, 20],
    [21, 60, 19],
    [17, 60, 23],
    [14, 71, 15],
    [16, 67, 17],
    [13, 72, 15],
    [17, 65, 18],
    [15, 67, 18],
    [13, 73, 14],
    [15, 36, 49],
    [18, 19, 63],
    [10, 19, 71],
    [13, 19, 68],
    [20, 11, 69],
    [25, 12, 63],
    [17, 16, 67],
    [21, 13, 66],
    [10, 25, 65],
    [17, 14, 69],
    [14, 22, 64],
    [18, 18, 64],
    [19, 9, 72],
    [27, 16, 57],
    [24, 17, 59],
    [12, 17, 71],
    [18, 16, 66]
  ],
  "X": [
    [38, 11, 18, 8, 25],
    [28, 11, 17, 17, 27],
    [40, 11, 11, 14, 24],
    [43, 8, 9, 15, 25],
    [35, 6, 21, 10, 28],
    [30, 14, 15, 10, 31],
    [44, 9, 14, 14, 19],
    [38, 10, 12, 14, 26],
    [46, 7, 16, 13, 18],
    [35, 1, 22, 13, 29],
    [37, 8, 21, 12, 22],
    [38, 14, 11, 11, 26],
    [38, 6, 23, 16, 17],
    [37, 5, 20, 10, 28],
    [42, 11, 17, 4, 26],
    [30, 7, 21, 14, 28],
    [29, 7, 30, 14, 20],
    [13, 11, 26, 13, 37],
    [18, 14, 31, 12, 25],
    [18, 11, 35, 8, 28],
    [14, 8, 40, 13, 25],
    [15, 13, 32, 15, 25],
    [19, 7, 31, 14, 29],
    [17, 11, 29, 13, 30],
    [15, 11, 30, 13, 31],
    [18, 9, 33, 13, 27],
    [12, 10, 36, 10, 32],
    [15, 7, 35, 15, 28],
    [12, 16, 35, 9, 28],
    [14, 14, 39, 12, 21],
    [15, 11, 35, 14, 25],
    [13, 9, 39, 12, 27],
    [17, 13, 30, 17, 23],
    [14, 15, 18, 12, 41],
    [23, 21, 12, 11, 33],
    [14, 31, 10, 6, 39],
    [20, 22, 13, 5, 40],
    [20, 31, 10, 5, 34],
    [25, 21, 10, 6, 38],
    [19, 28, 18, 6, 29],
    [24, 22, 10, 6, 38],
    [14, 26, 17, 9, 34],
    [13, 33, 12, 5, 37],
    [12, 21, 20, 8, 39],
    [18, 29, 11, 4, 38],
    [15, 33, 15, 11, 26],
    [18, 25, 12, 13, 32],
    [19, 20, 7, 10, 44],
    [11, 24, 12, 11, 42],
    [17, 31, 9, 7, 36]
  ],
  "real_prob": [
    [0.49958247199, 0.041663413007, 0.11936112032, 0.14972081564, 0.18967217904],
    [0.068720801808, 0.056798014449, 0.4495762591, 0.13568953437, 0.28921539027],
    [0.13644074412, 0.35301062053, 0.039193402809, 0.05550380941, 0.41585142312]
  ],
  "method": "mult",
  "prob": [
    [0.50907977932, 0.027291814693, 0.12724672283, 0.13560742801, 0.20077425515],
    [0.087689085001, 0.06037678225, 0.45552986889, 0.14748614365, 0.24891812021],
    [0.10485124337, 0.3648575238, 0.047208384387, 0.044930813954, 0.43815203448]
  ],
  "iterations": 17,
  "logLik": -7459.0041013003,
  "time": 7e-05,
  "message": "Converged",
  "status": 0,
  "cond_prob": [
    [
      [0.51695394329, 0.083382169324, 0.092368469713, 0.036338936991, 0.074507064342, 0.43036741617, 0.14618845381, 0.5035778076, 0.04804743691, 0.090803076933, 0.093157130951, 0.026279532428, 0.20971558898, 0.24537582778, 0.40293714478, 0.41798419198, 0.06478443843, 0.074753525338, 0.033562968357, 0.066164124092, 0.39677570679, 0.12798421905, 0.42326769825, 0.042157472108, 0.19749571337, 0.19487714003, 0.057255921386, 0.22297290724, 0.2509065992, 0.42905737438, 0.52872487214, 0.10162873699, 0.096486684513, 0.036582767047, 0.089398425866, 0.44315715832, 0.084599577266, 0.34710534639, 0.028401855434, 0.15303961147, 0.18710415196, 0.045239260342, 0.19705317208, 0.27476333879, 0.38671504139, 0.56341898407, 0.12110786328, 0.12811431537, 0.02173221917, 0.059385902005],
      [0.32626303423, 0.06699719916, 0.30767404816, 0.028036563731, 0.16036695503, 0.21936750976, 0.059082767535, 0.18748464257, 0.29246467679, 0.45850331914, 0.456557384, 0.066326571979, 0.093903252638, 0.020589096176, 0.03801575312, 0.28115017476, 0.17524832836, 0.54396580139, 0.066267248002, 0.1117867578, 0.10325799335, 0.037230047694, 0.23581843366, 0.24843388016, 0.52144927691, 0.44236003498, 0.069799630354, 0.063688765478, 0.047919907955, 0.096148311653, 0.45725248923, 0.12022501062, 0.40479514232, 0.031860217031, 0.11859338449, 0.11906766295, 0.027666778908, 0.27090166196, 0.31018925272, 0.41953174935, 0.58671404531, 0.11761249186, 0.14231535505, 0.024142196449, 0.061538898986, 0.38664016756, 0.099527557664, 0.42601350221, 0.044449556581, 0.14850239491],
      [0.18949318298, 0.058379155178, 0.14111380567, 0.20534192396, 0.36821576563, 0.50314886441, 0.089150664212, 0.10377436874, 0.026232001651, 0.059048703404, 0.35607342901, 0.10847817097, 0.41185657292, 0.041127352499, 0.16136038723, 0.18187856905, 0.053889865815, 0.20078057573, 0.25806549042, 0.44513498394, 0.57563823677, 0.10975031678, 0.1247077449, 0.029542774396, 0.071671952732, 0.43018196608, 0.11020336429, 0.44759602476, 0.043925446098, 0.13239594554, 0.16049583302, 0.046462290621, 0.152219679, 0.21048587272, 0.35472255231, 0.48314004918, 0.079436112408, 0.12760727287, 0.0037493120446, 0.007846931958, 0.066181975828, 0.13880005972, 0.48578599841, 0.067539686974, 0.13477005678, 0.14102747024, 0.057711658863, 0.23954052228, 0.28590348699, 0.68095940547]
    ],
    [
      [0.500229787, 0.076448470335, 0.11546903975, 0.022073628348, 0.04287578486, 0.33603340554, 0.17110206769, 0.55914787468, 0.072659729635, 0.13526785443, 0.1315393269, 0.050580364727, 0.17132666254, 0.18998854323, 0.42525746034, 0.53158108132, 0.10132767455, 0.08549541385, 0.045461866865, 0.11019306771, 0.48458919312, 0.083642603194, 0.34021176613, 0.024760978454, 0.12376117934, 0.15010637109, 0.03225291195, 0.21555326928, 0.29816112052, 0.37290150262, 0.52004929071, 0.083920739928, 0.14167272494, 0.017603198063, 0.036129749658, 0.31738236464, 0.1598413324, 0.55025693704, 0.08019179502, 0.17108065867, 0.17573425785, 0.075544285664, 0.13142552015, 0.15395831553, 0.38520882974, 0.51367424097, 0.0847796027, 0.1207186905, 0.014407872316, 0.030241208196],
      [0.22381886355, 0.14443200333, 0.5087617758, 0.062502912811, 0.10944506796, 0.11498248658, 0.041688107075, 0.21804081542, 0.26123492672, 0.55127142607, 0.61994425528, 0.12305110881, 0.122860746, 0.030667804242, 0.077476311309, 0.40178894824, 0.10871540845, 0.46002428336, 0.039726634182, 0.042982713424, 0.054355639177, 0.013818969974, 0.1976898186, 0.28509265734, 0.4218047016, 0.39953223639, 0.054588094071, 0.079820731075, 0.022525561755, 0.03910894423, 0.29789175857, 0.1829582049, 0.53454001432, 0.067196484714, 0.16074198978, 0.13965906974, 0.052000079151, 0.23424200717, 0.23210387764, 0.50309094649, 0.50278768295, 0.078186095936, 0.1212661352, 0.020952980779, 0.041544066468, 0.33502205244, 0.16634362744, 0.55076527608, 0.074143727746, 0.15232124268],
      [0.15115672268, 0.059704087175, 0.15759446615, 0.17834783884, 0.40986399745, 0.40677889257, 0.062668703353, 0.070321711393, 0.026887232606, 0.05326798469, 0.30808652073, 0.12226378234, 0.40356766951, 0.039445062903, 0.15816529608, 0.15697332913, 0.044828565212, 0.28590479639, 0.32352231332, 0.53731813977, 0.57364141751, 0.10690076813, 0.12198867562, 0.02913895323, 0.070164137365, 0.41267410485, 0.1129002954, 0.45248893777, 0.045021698657, 0.1216844241, 0.14677670547, 0.042624580708, 0.16263490975, 0.22366945127, 0.37769094017, 0.55229788805, 0.095170169011, 0.10972755095, 0.028262714771, 0.062779166926, 0.37459278252, 0.13316205088, 0.49200895207, 0.049480621971, 0.083498242742, 0.09286755507, 0.027259845351, 0.20277910356, 0.25717415692, 0.43893919922]
    ],
    [
