{
  "W": [
    [71, 15, 14],
    [75, 12, 13],
    [69, 16, 15],
    [73, 16, 11],
    [71, 15, 14],
    [69, 16, 15],
    [63, 18, 19],
    [59, 22, 19],
    [72, 16, 12],
    [72, 15, 13],
    [73, 11, 16],
    [78, 8, 14],
    [63, 19, 18],
    [77, 17, 6],
    [72, 16, 12],
    [67, 18, 15],
    [53, 30, 17],
    [11, 69, 20],
    [13, 68, 19],
    [14, 71, 15],
    [13, 75, 12],
    [15, 74, 11],
    [23, 62, 15],
    [12, 68, 20],
    [13, 72, 15],
    [16, 72, 12],
    [16, 68, 16],
    [11, 76, 13],
    [11, 77, 12],
    [20, 69, 11],
    [16, 65, 19],
    [9, 75, 16],
    [18, 69, 13],
    [17, 32, 51],
    [13, 11, 76],
    [17, 12, 71],
    [17, 16, 67],
    [15, 19, 66],
    [7, 16, 77],
    [13, 14, 73],
    [16, 14, 70],
    [16, 14, 70],
    [8, 23, 69],
    [18, 19, 63],
    [17, 12, 71],
    [16, 10, 74],
    [17, 11, 72],
    [15, 13, 72],
    [21, 10, 69],
    [16, 11, 73]
  ],
  "X": [
    [32, 19, 49],
    [28, 26, 46],
    [40, 21, 39],
    [33, 22, 45],
    [29, 31, 40],
    [37, 29, 34],
    [36, 25, 39],
    [37, 25, 38],
    [35, 24, 41],
    [28, 13, 59],
    [33, 19, 48],
    [35, 18, 47],
    [36, 17, 47],
    [31, 23, 46],
    [25, 26, 49],
    [32, 28, 40],
    [36, 30, 34],
    [42, 36, 22],
    [52, 28, 20],
    [37, 31, 32],
    [48, 32, 20],
    [50, 28, 22],
    [45, 28, 27],
    [53, 31, 16],
    [49, 31, 20],
    [48, 27, 25],
    [38, 31, 31],
    [53, 24, 23],
    [48, 27, 25],
    [42, 42, 16],
    [49, 26, 25],
    [46, 34, 20],
    [43, 36, 21],
    [62, 21, 17],
    [67, 7, 26],
    [65, 9, 26],
    [70, 4, 26],
    [68, 10, 22],
    [69, 9, 22],
    [70, 9, 21],
    [68, 8, 24],
    [59, 12, 29],
    [63, 12, 25],
    [65, 10, 25],
    [69, 8, 23],
    [70, 11, 19],
    [62, 16, 22],
    [68, 5, 27],
    [69, 11, 20],
    [73, 7, 20]
  ],
  "real_prob": [
    [0.21257625837, 0.22724258995, 0.56018115168],
    [0.43052524655, 0.40789085994, 0.16158389351],
    [0.81043893126, 0.0059266050472, 0.18363446369]
  ],
  "method": "exact",
  "prob": [
    [0.20849082949, 0.23781733794, 0.55369183258],
    [0.44552462758, 0.37884048133, 0.17563489109],
    [0.81197853126, 0.017425819494, 0.17059564925]
  ],
  "iterations": 14,
  "logLik": -276.0649873384,
  "time": 7.701263,
  "message": "Converged",
  "status": 0,
  "cond_prob": [
    [
      [0.19700681303, 0.45763710461, 0.79628283611, 0.19373418277, 0.33552976209, 0.015137613735, 0.6092590042, 0.2068331333, 0.18857955016, 0.17564502706, 0.38244415826, 0.78748408241, 0.27195769596, 0.44151620541, 0.023459872145, 0.55239727698, 0.17603963633, 0.18905604544, 0.26996211868, 0.52758513783, 0.86208344039, 0.22524250431, 0.32804770376, 0.013966929507, 0.50479537701, 0.14436715841, 0.1239496301, 0.22331708762, 0.47534369182, 0.82657759403, 0.22184370486, 0.35190380548, 0.015904423425, 0.55483920752, 0.1727525027, 0.15751798255, 0.17558251011, 0.35687805143, 0.79860507219, 0.32643978363, 0.49486366941, 0.028558594337, 0.49797770625, 0.14825827915, 0.17283633347, 0.24493741323, 0.44983692573, 0.86012851169, 0.31548008364, 0.43188676488],
      [0.02144573274, 0.43958250313, 0.11827630939, 0.11842575556, 0.20405200437, 0.42247418409, 0.81790465321, 0.27093129041, 0.41848337331, 0.020980420234, 0.52501670522, 0.1590424426, 0.16111492656, 0.20472198121, 0.42704553869, 0.81717901355, 0.26396211174, 0.4108612236, 0.020383604651, 0.53131590705, 0.16209323771, 0.1624373818, 0.2390062036, 0.47896692208, 0.84400688232, 0.2481466107, 0.37060339307, 0.016982478363, 0.5128471857, 0.15042968485, 0.13901063931, 0.16155921774, 0.45051037539, 0.73923697631, 0.12458484663, 0.25911852486, 0.011008705342, 0.71385593563, 0.29037109976, 0.24975431835, 0.20549174381, 0.46226162654, 0.8071390506, 0.20504996021, 0.34386457494, 0.015552661281, 0.58945829598, 0.19387379852, 0.17730828812, 0.24488167526],
      [0.51762768825, 0.83987198741, 0.19666421595, 0.30967395258, 0.013057109669, 0.55845410879, 0.17269835917, 0.14707090292, 0.20047018991, 0.47583522098, 0.79608382429, 0.17341330489, 0.30709897671, 0.013337846352, 0.6261165052, 0.21706580231, 0.19057832936, 0.23064169281, 0.48500581216, 0.83258180784, 0.22104284344, 0.34628526039, 0.015475271453, 0.54831546376, 0.16870892745, 0.15194292071, 0.14661518908, 0.34457250006, 0.74421219878, 0.25685617146, 0.45035595614, 0.025055029712, 0.59652863946, 0.20507154379, 0.2307327715, 0.19076051201, 0.39401967685, 0.80844610081, 0.29179667257, 0.44953919731, 0.023861159095, 0.51744281542, 0.15644112584, 0.1676927401, 0.19460214294, 0.39492746082, 0.81401544704, 0.30054808887, 0.45524157219, 0.024335536729]
    ],
    [
      [0.50484976819, 0.149830967, 0.16164901623, 0.16428563255, 0.35778092995, 0.77529869378, 0.28733087903, 0.46826773751, 0.026444322125, 0.54838348843, 0.17395133254, 0.1982569841, 0.23827526774, 0.48391127481, 0.84191867538, 0.23824430098, 0.36161534717, 0.016472656816, 0.52348043128, 0.15447337801, 0.14160866781, 0.13084217165, 0.34694282687, 0.70235125926, 0.19814595048, 0.39315721042, 0.020786316877, 0.67101187787, 0.2598999627, 0.27686242386, 0.22958738919, 0.46627468011, 0.83706357767, 0.25068490794, 0.38035170723, 0.01789317954, 0.51972770287, 0.15337361266, 0.14504324279, 0.2409322527, 0.50200646825, 0.83977614174, 0.2138683089, 0.33285489488, 0.014610285942, 0.54519943839, 0.16513863687, 0.14561357231, 0.20660970482, 0.45292230639],
      [0.81111958619, 0.22274973468, 0.36484529779, 0.017089842631, 0.5706405605, 0.18223239582, 0.17179057118, 0.25886727593, 0.47915560715, 0.86555057014, 0.28877210335, 0.39937139864, 0.018873982619, 0.45236062072, 0.12147299421, 0.11557544724, 0.22879783105, 0.4649741638, 0.83649922686, 0.25119737134, 0.38145640887, 0.017971515588, 0.52000479762, 0.15356942733, 0.14552925755, 0.21711019501, 0.48231009752, 0.81665915487, 0.19796245891, 0.32857678692, 0.014589333287, 0.58492734608, 0.18911311556, 0.16875151184, 0.13962875805, 0.35633352197, 0.72095377358, 0.21022749043, 0.401428616, 0.021200891569, 0.65014375151, 0.24223786203, 0.25784533485, 0.23553652061, 0.52152183089, 0.8287260866, 0.17436453167, 0.28849312521, 0.012039433524, 0.59009894772],
      [0.1899850439, 0.15923447988, 0.2017546497, 0.47000471903, 0.799194624, 0.18493086135, 0.32199215687, 0.014363703873, 0.61331448895, 0.2080031241, 0.18644167212, 0.23031803351, 0.40475099889, 0.86052912784, 0.3772412654, 0.49497083605, 0.027471545894, 0.39244070109, 0.10027816506, 0.11199932627, 0.20875333455, 0.46561231689, 0.81027084471, 0.20662508969, 0.34455165868, 0.01569161848, 0.58462157577, 0.18983602444, 0.17403753681, 0.19712197415, 0.41701459236, 0.80936298787, 0.26374283496, 0.41716677538, 0.02117539576, 0.53913519088, 0.16581863227, 0.16946161637, 0.20660401722, 0.41392255113, 0.82465166631, 0.29438343658, 0.44062185223, 0.022937718297, 0.4990125462, 0.14545559664, 0.15241061539, 0.24111174245, 0.43911929486, 0.85978986162]
    ],
    [
      [0.32724046607, 0.44648214667, 0.022538889872, 0.43164779148, 0.11439855847, 0.11767124851, 0.18864880087, 0.45212316883, 0.78387119384, 0.17892276653, 0.32658048353, 0.014231825214, 0.6324284326, 0.22129634764, 0.20189698095, 0.19329823968, 0.44122808221, 0.79463652027, 0.207632043, 0.35909966634, 0.016352947507, 0.59906971732, 0.19967225145, 0.18901053223, 0.25720971115, 0.62213595083, 0.83094417458, 0.079443444507, 0.14482644127, 0.0049587818364, 0.66334684434, 0.2330376079, 0.16409704358, 0.23449964558, 0.50205505526, 0.83247665555, 0.19936978162, 0.32156269598, 0.013632758365, 0.5661305728, 0.17638224876, 0.15389058608, 0.18779731213, 0.42473364194, 0.790775072, 0.22080834692, 0.38011904481, 0.017823855254, 0.59139434095, 0.19514731325],
