{
  "W": [
    [89, 5, 3, 3],
    [96, 1, 3, 0],
    [93, 3, 2, 2],
    [92, 5, 2, 1],
    [91, 2, 5, 2],
    [94, 3, 1, 2],
    [90, 3, 3, 4],
    [94, 3, 1, 2],
    [88, 6, 3, 3],
    [93, 3, 3, 1],
    [89, 3, 3, 5],
    [96, 1, 1, 2],
    [46, 51, 2, 1],
    [2, 92, 2, 4],
    [4, 91, 4, 1],
    [4, 87, 5, 4],
    [5, 85, 5, 5],
    [1, 94, 2, 3],
    [2, 94, 3, 1],
    [3, 93, 2, 2],
    [2, 93, 4, 1],
    [4, 89, 3, 4],
    [2, 96, 1, 1],
    [3, 90, 3, 4],
    [2, 97, 1, 0],
    [6, 3, 87, 4],
    [2, 3, 91, 4],
    [2, 3, 92, 3],
    [0, 2, 96, 2],
    [5, 1, 93, 1],
    [2, 3, 93, 2],
    [4, 6, 86, 4],
    [2, 1, 96, 1],
    [2, 1, 95, 2],
    [1, 1, 98, 0],
    [5, 3, 89, 3],
    [1, 4, 94, 1],
    [2, 3, 47, 48],
    [2, 1, 3, 94],
    [1, 4, 2, 93],
    [4, 0, 2, 94],
    [2, 0, 3, 95],
    [2, 3, 4, 91],
    [1, 3, 0, 96],
    [4, 2, 1, 93],
    [1, 1, 1, 97],
    [1, 3, 4, 92],
    [6, 3, 0, 91],
    [3, 3, 3, 91],
    [4, 3, 3, 90]
  ],
  "X": [
    [23, 74, 3],
    [28, 68, 4],
    [33, 66, 1],
    [30, 69, 1],
    [23, 77, 0],
    [29, 70, 1],
    [30, 69, 1],
    [32, 68, 0],
    [31, 68, 1],
    [31, 64, 5],
    [34, 64, 2],
    [23, 76, 1],
    [27, 71, 2],
    [20, 73, 7],
    [25, 70, 5],
    [29, 60, 11],
    [33, 62, 5],
    [24, 75, 1],
    [20, 76, 4],
    [23, 67, 10],
    [18, 76, 6],
    [26, 72, 2],
    [23, 69, 8],
    [22, 71, 7],
    [21, 73, 6],
    [16, 58, 26],
    [28, 44, 28],
    [20, 50, 30],
    [15, 50, 35],
    [9, 64, 27],
    [14, 62, 24],
    [16, 60, 24],
    [19, 59, 22],
    [17, 55, 28],
    [15, 63, 22],
    [19, 60, 21],
    [18, 58, 24],
    [37, 48, 15],
    [44, 49, 7],
    [47, 52, 1],
    [46, 47, 7],
    [48, 51, 1],
    [47, 48, 5],
    [45, 52, 3],
    [48, 50, 2],
    [49, 51, 0],
    [47, 50, 3],
    [57, 43, 0],
    [37, 57, 6],
    [45, 50, 5]
  ],
  "real_prob": [
    [0.29037988383, 0.70465493775, 0.0049651784195],
    [0.20974099261, 0.72370491161, 0.066554095783],
    [0.14781689257, 0.56660039206, 0.28558271537],
    [0.50692392549, 0.46555806366, 0.027518010853]
  ],
  "method": "exact",
  "prob": [
    [0.29003185464, 0.70115118032, 0.0088169650474],
    [0.23037653353, 0.71573014196, 0.053893324512],
    [0.16032830767, 0.56153244757, 0.27813924475],
    [0.48806330416, 0.48478623015, 0.027150465687]
  ],
  "iterations": 3,
  "logLik": -237.9744155151,
  "time": 0.074384,
  "message": "Converged",
  "status": 0,
  "cond_prob": [
    [
      [0.2311410824, 0.17669409385, 0.10426169489, 0.41072937095, 0.75471964801, 0.74273072156, 0.49332460577, 0.54544130063, 0.014139269592, 0.080575184597, 0.40241369934, 0.04382932842, 0.28624539863, 0.21179693963, 0.10288159745, 0.48781551692, 0.69025286332, 0.6574827466, 0.35941412483, 0.48487630951, 0.023501738053, 0.13072031376, 0.53770427772, 0.027308173574, 0.33013622029, 0.26983610996, 0.20227165322, 0.54163993853, 0.66485540805, 0.69965737941, 0.59070199582, 0.44403546092, 0.0050083716674, 0.030506510635, 0.20702635096, 0.014324600555, 0.30309607752, 0.2464004994, 0.18608142016, 0.51099553098, 0.69207544414, 0.72437852946, 0.61617315023, 0.47482019096, 0.0048284783371, 0.029220971141, 0.19774542961, 0.014184278063, 0.22992564959, 0.18825244798],
      [0.17068516174, 0.4234175911, 0.77007435041, 0.81174755202, 0.82931483826, 0.5765824089, 0, 0, 0, 0, 0.28887735542, 0.23230545062, 0.16385701933, 0.49237760945, 0.70482595272, 0.72971466986, 0.57949183303, 0.48886230104, 0.0062966918594, 0.037979879515, 0.25665114765, 0.018760089512, 0.29660072434, 0.24163206829, 0.18816650405, 0.50413477299, 0.69927619013, 0.73345587864, 0.64336429566, 0.48367059126, 0.0041230855213, 0.024912053068, 0.16846920029, 0.012194635751, 0.31799300929, 0.26586055508, 0.24321201776, 0.53393172202, 0.68200699071, 0.73413944492, 0.75678798224, 0.46606827798, 0, 0, 0, 0, 0.31039867965, 0.25397519763, 0.19976428278, 0.52059071902],
      [0.68569935096, 0.72237120306, 0.64004970167, 0.46802693078, 0.0039019693965, 0.023653599311, 0.16018601555, 0.011382350198, 0.31717571039, 0.23052135196, 0.10360634863, 0.50027583158, 0.6539391496, 0.6118246765, 0.30940156185, 0.41998037223, 0.028885140007, 0.15765397154, 0.58699208952, 0.079743796195, 0.336268285, 0.26997306988, 0.18106900287, 0.54379928333, 0.65483516251, 0.67687235551, 0.51114057531, 0.4311263488, 0.0088965524875, 0.053154574605, 0.30779042182, 0.025074367868, 0.22779482715, 0.18023017182, 0.12447269938, 0.41349686105, 0.76545888669, 0.77966049218, 0.60614451511, 0.56507093517, 0.0067462861556, 0.040109335995, 0.26938278551, 0.021432203777, 0.29862076079, 0.24275385174, 0.18844986524, 0.50609883461, 0.69670680181, 0.72932441275],
      [0.63788199078, 0.48017808518, 0.0046724374036, 0.027921735515, 0.17366814398, 0.013723080215, 0.24552562099, 0.19055828639, 0.12337371287, 0.43270974606, 0.74269694299, 0.74245616529, 0.54148555677, 0.53141694837, 0.011777436018, 0.066985548315, 0.33514073036, 0.035873305577, 0.30810202551, 0.24766551571, 0.1789397617, 0.51427092151, 0.68448061483, 0.70868264757, 0.57690953932, 0.46431845473, 0.0074173596542, 0.043651836722, 0.24415069897, 0.021410623757, 0.36261103066, 0.28148680301, 0.16210640541, 0.56241799701, 0.62007813897, 0.62004797004, 0.40222732403, 0.39109435764, 0.017310830368, 0.098465226946, 0.43566627056, 0.046487645354, 0.38635975152, 0.3167132292, 0.23101371605, 0.59850163609, 0.60647492394, 0.64029642169, 0.52620736967, 0.38227853758]
    ],
    [
      [0.0071653245382, 0.042990349109, 0.24277891429, 0.019219826327, 0.28252725336, 0.23239415246, 0.20055672273, 0.49043632322, 0.71595138179, 0.758445495, 0.73758887758, 0.50499811093, 0.0015213648424, 0.0091603525343, 0.061854399693, 0.0045655658479, 0.24823069113, 0.19805678211, 0.14803751797, 0.44208854506, 0.74567046357, 0.76631266124, 0.64537352398, 0.53914834408, 0.0060988452977, 0.035630556642, 0.20658895806, 0.018763110855, 0.29369644165, 0.22458411939, 0.12959937892, 0.48669440691, 0.68905721304, 0.67873872801, 0.44119431248, 0.46386901531, 0.017246345307, 0.096677152595, 0.4292063086, 0.049436577772, 0.22844881548, 0.17888240582, 0.12357926706, 0.41272155911, 0.76247128892, 0.76905102739, 0.59858929732, 0.5589546859, 0.0090798955965, 0.052066566789],
      [0.27783143562, 0.028323754996, 0.30294210536, 0.24856038275, 0.20446745279, 0.51323878883, 0.69405406875, 0.73339922677, 0.67980422345, 0.47795996805, 0.0030038258873, 0.01804039048, 0.11572832376, 0.0088012431169, 0.29218225012, 0.22694455167, 0.14038501396, 0.48857352581, 0.69399145526, 0.69434093004, 0.4838499982, 0.47143780746, 0.013826294616, 0.078714518294, 0.37576498785, 0.039988666728, 0.26899388853, 0.21031090612, 0.13758983709, 0.46306681811, 0.71966631885, 0.72473234966, 0.53411813949, 0.50318378893, 0.011339792626, 0.064956744223, 0.32829202342, 0.033749392961, 0.26667211059, 0.2095439577, 0.1408918818, 0.48781551692, 0.72316761557, 0.73195054392, 0.55446200845, 0.48487630951, 0.010160273843, 0.058505498377, 0.30464610974, 0.027308173574],
      [0.2589828695, 0.20313360853, 0.13822489533, 0.45278401601, 0.73092375628, 0.73915577745, 0.56700481581, 0.51689278868, 0.01009337422, 0.057710614014, 0.29477028887, 0.030323195317, 0.45451738439, 0.37347904661, 0.25639371631, 0.65967497672, 0.53560726956, 0.56741189521, 0.43916740783, 0.31557891567, 0.0098753460468, 0.059109058181, 0.30443887586, 0.024746107603, 0.34580882268, 0.27524491464, 0.18286722574, 0.55295428093, 0.64303414623, 0.66002552236, 0.49440057694, 0.41633402059, 0.011157031096, 0.064729563003, 0.32273219732, 0.030711698476, 0.28984029475, 0.22452985615, 0.14143199599, 0.48673433641, 0.70082862381, 0.69887533625, 0.49639458933, 0.47418437585, 0.0093310814396, 0.076594807598, 0.36217341468, 0.039081287742, 0.16035891666, 0.12296477082],
