{
  "W": [
    [94, 0, 4, 2],
    [89, 4, 5, 2],
    [91, 2, 4, 3],
    [90, 6, 2, 2],
    [92, 5, 1, 2],
    [96, 2, 1, 1],
    [93, 2, 3, 2],
    [98, 1, 0, 1],
    [92, 3, 4, 1],
    [88, 3, 5, 4],
    [90, 6, 2, 2],
    [90, 3, 4, 3],
    [48, 48, 1, 3],
    [2, 95, 2, 1],
    [3, 93, 2, 2],
    [2, 92, 0, 6],
    [7, 87, 3, 3],
    [2, 91, 3, 4],
    [2, 94, 4, 0],
    [3, 91, 4, 2],
    [1, 90, 4, 5],
    [1, 98, 1, 0],
    [2, 93, 1, 4],
    [2, 89, 5, 4],
    [4, 92, 2, 2],
    [3, 3, 94, 0],
    [2, 3, 90, 5],
    [4, 3, 92, 1],
    [3, 2, 93, 2],
    [4, 3, 91, 2],
    [3, 2, 90, 5],
    [0, 2, 91, 7],
    [2, 2, 93, 3],
    [0, 5, 95, 0],
    [4, 2, 92, 2],
    [2, 2, 94, 2],
    [2, 1, 95, 2],
    [1, 5, 46, 48],
    [2, 2, 1, 95],
    [6, 2, 4, 88],
    [3, 1, 3, 93],
    [2, 1, 1, 96],
    [2, 1, 1, 96],
    [2, 3, 4, 91],
    [3, 1, 3, 93],
    [5, 3, 3, 89],
    [2, 3, 0, 95],
    [3, 2, 5, 90],
    [3, 1, 2, 94],
    [5, 5, 0, 90]
  ],
  "X": [
    [9, 80, 11],
    [9, 72, 19],
    [18, 70, 12],
    [11, 75, 14],
    [13, 74, 13],
    [8, 83, 9],
    [14, 78, 8],
    [15, 79, 6],
    [9, 84, 7],
    [10, 72, 18],
    [11, 78, 11],
    [12, 78, 10],
    [7, 60, 33],
    [6, 38, 56],
    [8, 44, 48],
    [7, 48, 45],
    [11, 38, 51],
    [9, 43, 48],
    [6, 42, 52],
    [14, 42, 44],
    [10, 40, 50],
    [9, 45, 46],
    [9, 37, 54],
    [8, 46, 46],
    [9, 35, 56],
    [24, 19, 57],
    [19, 17, 64],
    [34, 22, 44],
    [35, 18, 47],
    [24, 24, 52],
    [32, 18, 50],
    [17, 23, 60],
    [28, 18, 54],
    [25, 18, 57],
    [30, 19, 51],
    [27, 18, 55],
    [24, 19, 57],
    [27, 27, 46],
    [19, 26, 55],
    [28, 28, 44],
    [29, 23, 48],
    [26, 27, 47],
    [13, 30, 57],
    [26, 19, 55],
    [20, 38, 42],
    [30, 26, 44],
    [25, 28, 47],
    [17, 28, 55],
    [23, 34, 43],
    [26, 25, 49]
  ],
  "real_prob": [
    [0.10630944264, 0.82049018189, 0.073200375468],
    [0.079759135166, 0.42098653734, 0.4992543275],
    [0.27138088287, 0.17746541575, 0.55115370138],
    [0.22808988228, 0.25614658947, 0.51576352825]
  ],
  "method": "exact",
  "prob": [
    [0.10896842318, 0.81254474642, 0.078486830402],
    [0.076212822031, 0.41424074004, 0.50954643793],
    [0.27709172449, 0.17123085597, 0.55167741954],
    [0.2417270303, 0.26038365757, 0.49788931213]
  ],
  "iterations": 4,
  "logLik": -269.2754504233,
  "time": 0.170497,
  "message": "Converged",
  "status": 0,
  "cond_prob": [
    [
      [0.082427416818, 0.076335964607, 0.21828957904, 0.18933225148, 0.83767968463, 0.41439520119, 0.17881201792, 0.27143078668, 0.079892898555, 0.5092688342, 0.60289840303, 0.53923696183, 0.086282560399, 0.045674614521, 0.16756277656, 0.15016989181, 0.7842065491, 0.30032620716, 0.12350199096, 0.1934011731, 0.1295108905, 0.65399917832, 0.70893523248, 0.65642893509, 0.16854841292, 0.11201848257, 0.36436692789, 0.3268632492, 0.7487783015, 0.36002722016, 0.13110847613, 0.20556207277, 0.082673285576, 0.52795429728, 0.50452459597, 0.46757467803, 0.10730622213, 0.06821133834, 0.2476961213, 0.21888986802, 0.80031992278, 0.36837370602, 0.1494886648, 0.23099369213, 0.092373855096, 0.56341495564, 0.60281521389, 0.55011643985, 0.12836010445, 0.080969099754],
      [0.28263790974, 0.25169349111, 0.77878695508, 0.35597640055, 0.13899714457, 0.21636049265, 0.092852940471, 0.5630544997, 0.57836494569, 0.53194601624, 0.07788547189, 0.055989975542, 0.22106451185, 0.1899502356, 0.85028019992, 0.44286822015, 0.19461430796, 0.29275005907, 0.071834328186, 0.50114180431, 0.58432118019, 0.51729970532, 0.12945714963, 0.10397145852, 0.37039503126, 0.32067853657, 0.81631382743, 0.47422264607, 0.18807407207, 0.28507327043, 0.054229022937, 0.42180589541, 0.44153089666, 0.394248193, 0.14823384737, 0.1187427976, 0.27712187583, 0.35434016011, 0.79863534352, 0.46388843475, 0.1713743267, 0.26984790046, 0.053130809111, 0.41736876765, 0.55150379747, 0.37581193943, 0.079848172651, 0.071695384511, 0.29816160762, 0.24623553208],
      [0.87892637159, 0.57013253325, 0.26209712267, 0.37998772359, 0.041225455762, 0.35817208224, 0.43974126971, 0.37377674433, 0.093160672741, 0.052462328261, 0.19192210272, 0.17121582511, 0.79038274284, 0.3216979729, 0.1318151616, 0.2055372258, 0.11645658442, 0.62583969884, 0.67626273568, 0.62324694909, 0.10508814795, 0.077438764919, 0.28865088962, 0.2500661579, 0.82702323471, 0.44106660874, 0.18309586319, 0.2776587488, 0.067888617344, 0.48149462634, 0.52825324719, 0.4722750933, 0.10764810096, 0.083829707903, 0.3129934837, 0.26940261824, 0.8326183334, 0.46848497624, 0.19465697693, 0.29342238572, 0.059733565632, 0.44768531585, 0.49234953937, 0.43717499604, 0.078707240246, 0.051961109761, 0.20188255997, 0.17534554656, 0.83256240449, 0.39755840292],
      [0.17149407824, 0.2609023887, 0.08873035526, 0.55048048732, 0.62662336179, 0.56375206474, 0.086212559981, 0.05498866364, 0.21002033437, 0.18361116553, 0.81811414281, 0.3768711742, 0.15877995121, 0.24345026298, 0.095673297213, 0.56814016216, 0.63119971442, 0.57293857149, 0.098668658404, 0.071893571817, 0.27320915219, 0.23573677069, 0.82875090163, 0.4364887226, 0.18306419689, 0.27708384982, 0.072580439966, 0.49161770558, 0.54372665092, 0.48717937949, 0.078269027523, 0.060812972311, 0.27712187583, 0.20811141539, 0.85840860646, 0.48224858763, 0.1713743267, 0.3193854542, 0.063322366018, 0.45693844006, 0.55150379747, 0.47250313041, 0.14351373403, 0.093971821749, 0.32093172247, 0.28568673408, 0.76742185633, 0.362912933, 0.13737041122, 0.2141702003]
    ],
    [
      [0.089064409645, 0.54311524525, 0.54169786631, 0.50014306561, 0.10413119397, 0.076298543045, 0.286239133, 0.247463199, 0.82428996526, 0.43638919863, 0.1809247564, 0.2743071812, 0.07157884077, 0.48731225832, 0.5328361106, 0.4782296198, 0.07684120919, 0.053225989998, 0.21076863046, 0.241756894, 0.84153597336, 0.42108119358, 0.18382396409, 0.2604337749, 0.081622817448, 0.52569281642, 0.60540740545, 0.4978093311, 0.16196182862, 0.12276366087, 0.40637136463, 0.35856795808, 0.77367343494, 0.42391605414, 0.15548563829, 0.24033810779, 0.064364736435, 0.45332028499, 0.43814299708, 0.40109393412, 0.11569017565, 0.082081540115, 0.29852264012, 0.2605761307, 0.80785879952, 0.41390540311, 0.1665738273, 0.2548719223, 0.076451024825, 0.50401305678],
      [0.53490353258, 0.484551947, 0.11527895211, 0.087378877766, 0.32159102686, 0.241756894, 0.81889339809, 0.44896786442, 0.18225588853, 0.2604337749, 0.065827649802, 0.46365325781, 0.49615308461, 0.4978093311, 0.1231863674, 0.080220164523, 0.28499490045, 0.25203926602, 0.78605587077, 0.36969996419, 0.14527133339, 0.22513006379, 0.090757761826, 0.55007987128, 0.56973376616, 0.52283067018, 0.083376941499, 0.063990284516, 0.25461179248, 0.21626295817, 0.85152404613, 0.47216190686, 0.20749154492, 0.3092711182, 0.065099012368, 0.46384780863, 0.5378966626, 0.47446592363, 0.13136479171, 0.080574117313, 0.28050451682, 0.25035650336, 0.76721816496, 0.33978135668, 0.13092604951, 0.20469521333, 0.10141704333, 0.57964452601, 0.58856943367, 0.54494828331],
      [0.098979657358, 0.067659870168, 0.25000086614, 0.241756894, 0.81646248798, 0.39660095431, 0.16341286886, 0.2604337749, 0.084557854662, 0.53573917552, 0.58658626499, 0.4978093311, 0.086258863428, 0.053096406312, 0.19773167258, 0.17446850438, 0.80960898689, 0.35271641671, 0.14654660231, 0.22668771367, 0.10413214968, 0.59418717698, 0.65572172511, 0.59884378195, 0.12537207572, 0.10029332024, 0.35748142329, 0.30934079376, 0.81623666533, 0.46674677391, 0.18536521258, 0.2812134596, 0.058391258958, 0.43295990585, 0.45715336413, 0.40944574664, 0.14576620368, 0.10722324974, 0.3624572776, 0.31986403647, 0.78348506355, 0.41010652187, 0.15432038126, 0.23876815442, 0.07074873277, 0.48267022838, 0.48322234115, 0.44136780911, 0.084096408725, 0.064690902648],
