{
  "W": [
    [55, 17, 15, 13],
    [53, 16, 14, 17],
    [55, 18, 14, 13],
    [51, 19, 16, 14],
    [56, 15, 15, 14],
    [54, 19, 18, 9],
    [59, 16, 10, 15],
    [52, 16, 15, 17],
    [59, 14, 10, 17],
    [45, 20, 15, 20],
    [51, 21, 17, 11],
    [54, 13, 15, 18],
    [39, 29, 17, 15],
    [13, 58, 16, 13],
    [15, 52, 19, 14],
    [14, 55, 14, 17],
    [17, 51, 11, 21],
    [14, 60, 9, 17],
    [15, 57, 13, 15],
    [20, 52, 16, 12],
    [12, 56, 14, 18],
    [17, 48, 22, 13],
    [16, 66, 9, 9],
    [13, 63, 9, 15],
    [24, 43, 20, 13],
    [11, 15, 58, 16],
    [16, 13, 55, 16],
    [15, 19, 48, 18],
    [15, 15, 56, 14],
    [11, 15, 59, 15],
    [21, 16, 49, 14],
    [15, 17, 53, 15],
    [15, 14, 62, 9],
    [12, 16, 58, 14],
    [22, 12, 56, 10],
    [17, 15, 52, 16],
    [13, 16, 59, 12],
    [13, 12, 37, 38],
    [13, 11, 15, 61],
    [15, 15, 16, 54],
    [23, 13, 10, 54],
    [11, 18, 15, 56],
    [15, 11, 15, 59],
    [20, 12, 14, 54],
    [12, 15, 17, 56],
    [17, 13, 18, 52],
    [16, 12, 18, 54],
    [15, 12, 20, 53],
    [12, 18, 12, 58],
    [12, 11, 15, 62]
  ],
  "X": [
    [45, 38, 17],
    [33, 47, 20],
    [43, 41, 16],
    [44, 42, 14],
    [39, 38, 23],
    [32, 50, 18],
    [34, 47, 19],
    [38, 44, 18],
    [43, 44, 13],
    [32, 52, 16],
    [40, 46, 14],
    [39, 45, 16],
    [29, 58, 13],
    [23, 59, 18],
    [22, 63, 15],
    [38, 46, 16],
    [23, 57, 20],
    [25, 54, 21],
    [31, 53, 16],
    [29, 52, 19],
    [36, 50, 14],
    [31, 51, 18],
    [33, 46, 21],
    [28, 57, 15],
    [24, 51, 25],
    [20, 49, 31],
    [20, 51, 29],
    [25, 49, 26],
    [19, 46, 35],
    [21, 46, 33],
    [23, 53, 24],
    [19, 53, 28],
    [18, 52, 30],
    [19, 53, 28],
    [21, 48, 31],
    [20, 45, 35],
    [21, 46, 33],
    [25, 53, 22],
    [28, 55, 17],
    [36, 56, 8],
    [42, 47, 11],
    [33, 50, 17],
    [45, 43, 12],
    [38, 44, 18],
    [32, 50, 18],
    [37, 49, 14],
    [31, 50, 19],
    [32, 49, 19],
    [38, 53, 9],
    [37, 52, 11]
  ],
  "real_prob": [
    [0.50601066936, 0.33983387083, 0.15415545981],
    [0.23030338441, 0.62095687029, 0.1487397453],
    [0.032838795371, 0.51364446829, 0.45351673634],
    [0.44350282148, 0.50777410291, 0.048723075607]
  ],
  "method": "exact",
  "prob": [
    [0.49849999212, 0.3728255375, 0.12867447038],
    [0.24993102806, 0.59742830621, 0.15264066573],
    [0.059883477435, 0.49122779897, 0.4488887236],
    [0.41888550239, 0.51691835733, 0.064196140283]
  ],
  "iterations": 26,
  "logLik": -268.3778126711,
  "time": 63.017513,
  "message": "Converged",
  "status": 0,
  "cond_prob": [
    [
      [0.58005740865, 0.31562901609, 0.078491840617, 0.50413628011, 0.30193677577, 0.53101112211, 0.44769385783, 0.43468310686, 0.11800581558, 0.15335986179, 0.47381430155, 0.061180613031, 0.43329013727, 0.20388765047, 0.044839369955, 0.36150994929, 0.40298312952, 0.61227851575, 0.45540345062, 0.55704644558, 0.16372673322, 0.18383383378, 0.49975717942, 0.081443605121, 0.55517200662, 0.29288481936, 0.073259666717, 0.47445981178, 0.32978991516, 0.56219627999, 0.47660266434, 0.46689110197, 0.11503807822, 0.14491890065, 0.45013766894, 0.058649086252, 0.58293352606, 0.31456211051, 0.084618359836, 0.49570116527, 0.32472412194, 0.56639383202, 0.51709973843, 0.45742793984, 0.092342352002, 0.11904405746, 0.39828190173, 0.046870894887, 0.50271490643, 0.25655643509],
      [0.054418423839, 0.44166731114, 0.31973248979, 0.52714546505, 0.37819175815, 0.46535158741, 0.17755260378, 0.21629809986, 0.56738981802, 0.092981101452, 0.44295456086, 0.20761067484, 0.049531440077, 0.36047610781, 0.42760172423, 0.64752387854, 0.52315038402, 0.57664958746, 0.12944371491, 0.14486544662, 0.4273181759, 0.062874304738, 0.42509164885, 0.19858723535, 0.043467235487, 0.35383497317, 0.40882926233, 0.61639648061, 0.45601259512, 0.56377359208, 0.16607908882, 0.18501628404, 0.50052016939, 0.082391434744, 0.49926210266, 0.24942793819, 0.058567380362, 0.42170664385, 0.36406626672, 0.58755911835, 0.46713846004, 0.50944301978, 0.13667163062, 0.16301294346, 0.47429415959, 0.068850336377, 0.52690860298, 0.2680742507, 0.06861971134, 0.43959740006],
      [0.36747216686, 0.60370596892, 0.5233658379, 0.50785883597, 0.10561923016, 0.12821978038, 0.40801445076, 0.052543763968, 0.44273983898, 0.20722847903, 0.049822874137, 0.35923972767, 0.43122321749, 0.65192619307, 0.53076524051, 0.57974763719, 0.12603694353, 0.1408453279, 0.41941188535, 0.061012635141, 0.54537734399, 0.28153748804, 0.075177922855, 0.45413122903, 0.3624422034, 0.60477759947, 0.54792299943, 0.50003882248, 0.09218045261, 0.11368491249, 0.37689907771, 0.045829948489, 0.50421126904, 0.251591634, 0.061652874888, 0.4209503948, 0.37526452758, 0.60484112236, 0.50201869777, 0.51902780298, 0.12052420338, 0.14356724364, 0.43632842734, 0.060021802216, 0.4381689265, 0.20147106742, 0.052480553523, 0.34510543343, 0.4677643848, 0.69517611067],
      [0.61396603513, 0.61064394575, 0.094066688703, 0.10335282191, 0.33355341135, 0.04425062082, 0.43897896225, 0.20475467474, 0.048425222273, 0.3571306769, 0.42907984784, 0.64791223, 0.51995718351, 0.57874905398, 0.13194118991, 0.14733309526, 0.43161759422, 0.064120269125, 0.42423857277, 0.19282192309, 0.048683621579, 0.33462089983, 0.47078770072, 0.69291860095, 0.59389920328, 0.6158808841, 0.10497372651, 0.11425947596, 0.35741717514, 0.049498216071, 0.61418671907, 0.34576747831, 0.091066822789, 0.53583759454, 0.28495689355, 0.51848659531, 0.46400094528, 0.41163691263, 0.10085638739, 0.13574592639, 0.44493223193, 0.052525492839, 0.39326673096, 0.17815264918, 0.03817626266, 0.32422578935, 0.4315201555, 0.63207947932, 0.45875612049, 0.58960888503]
    ],
    [
      [0.17521311354, 0.1897678715, 0.50306761685, 0.086165325622, 0.43354440421, 0.20506396476, 0.043443774013, 0.36679685232, 0.38715314565, 0.5921418195, 0.42500752375, 0.54272229865, 0.17930245015, 0.20279421574, 0.53154870223, 0.090480849026, 0.53034142596, 0.27139559637, 0.068005686385, 0.44608371298, 0.35682969964, 0.59050886381, 0.5022865514, 0.49725494001, 0.11282887441, 0.13809553983, 0.42970776222, 0.056661347003, 0.50063629851, 0.24968265678, 0.059310923307, 0.42123342535, 0.36765958215, 0.59318690069, 0.47811663731, 0.5126019437, 0.13170411934, 0.15713044253, 0.46257243938, 0.066164630943, 0.59790846765, 0.32804361142, 0.089364887633, 0.51130820677, 0.31289324164, 0.5549306717, 0.5137570051, 0.443142523, 0.089198290711, 0.11702571688],
      [0.39687810727, 0.045549270236, 0.5529254667, 0.28927688995, 0.074396673946, 0.46755765551, 0.34217215523, 0.57936077458, 0.50641206181, 0.47943775549, 0.10490237807, 0.13136233547, 0.41919126424, 0.053004588993, 0.54857457702, 0.29205977549, 0.065575295291, 0.48407599194, 0.29769123924, 0.51229144687, 0.390079285, 0.43499901263, 0.15373418374, 0.19564877764, 0.5443454197, 0.08092499543, 0.48848583901, 0.23915437788, 0.058683865042, 0.40365356674, 0.39271772479, 0.62175127241, 0.51756575137, 0.53774984357, 0.1187964362, 0.13909434971, 0.42375038359, 0.058596589689, 0.42097866817, 0.19667626928, 0.041394620938, 0.35473384357, 0.39617567279, 0.59895166854, 0.4271917021, 0.55330985105, 0.18284565904, 0.20437206218, 0.53141367696, 0.091956305386],
      [0.51281053781, 0.25742296624, 0.061907320454, 0.43169468776, 0.36118587102, 0.59029258716, 0.48442367963, 0.50474957455, 0.12600359117, 0.1522844466, 0.45366899992, 0.063555737686, 0.47765961799, 0.23083247714, 0.05529949825, 0.3946969691, 0.3954538916, 0.62165922798, 0.50747931798, 0.54248783012, 0.12688649041, 0.14750829488, 0.43722118378, 0.062815200774, 0.54074180972, 0.27907032797, 0.070142448689, 0.4566499492, 0.34761578149, 0.58256012244, 0.49901543302, 0.48691000925, 0.11164240879, 0.13836954959, 0.43084211829, 0.056440041553, 0.47263652118, 0.23015453173, 0.050753313084, 0.40113919098, 0.36742416796, 0.58239598195, 0.4376131013, 0.51759743418, 0.15993931086, 0.18744948632, 0.51163358561, 0.081263374845, 0.53939590518, 0.27956452022],
