{
  "W": [
    [79, 21],
    [75, 25],
    [75, 25],
    [83, 17],
    [75, 25],
    [76, 24],
    [67, 33],
    [79, 21],
    [78, 22],
    [77, 23],
    [81, 19],
    [74, 26],
    [66, 34],
    [71, 29],
    [68, 32],
    [76, 24],
    [75, 25],
    [74, 26],
    [75, 25],
    [78, 22],
    [70, 30],
    [81, 19],
    [59, 41],
    [80, 20],
    [76, 24],
    [27, 73],
    [25, 75],
    [20, 80],
    [23, 77],
    [28, 72],
    [23, 77],
    [17, 83],
    [27, 73],
    [27, 73],
    [20, 80],
    [27, 73],
    [25, 75],
    [29, 71],
    [25, 75],
    [34, 66],
    [23, 77],
    [29, 71],
    [21, 79],
    [28, 72],
    [19, 81],
    [27, 73],
    [31, 69],
    [23, 77],
    [28, 72],
    [26, 74]
  ],
  "X": [
    [33, 21, 2, 44],
    [45, 23, 3, 29],
    [33, 26, 2, 39],
    [39, 15, 3, 43],
    [44, 19, 0, 37],
    [51, 19, 6, 24],
    [47, 19, 3, 31],
    [38, 15, 5, 42],
    [40, 22, 11, 27],
    [41, 17, 6, 36],
    [46, 15, 2, 37],
    [33, 23, 8, 36],
    [50, 20, 4, 26],
    [36, 26, 3, 35],
    [44, 23, 3, 30],
    [38, 25, 5, 32],
    [48, 18, 6, 28],
    [46, 20, 4, 30],
    [49, 15, 2, 34],
    [45, 16, 4, 35],
    [44, 19, 4, 33],
    [42, 22, 2, 34],
    [46, 24, 2, 28],
    [46, 15, 4, 35],
    [54, 16, 3, 27],
    [49, 35, 3, 13],
    [58, 24, 3, 15],
    [51, 33, 6, 10],
    [41, 42, 3, 14],
    [60, 25, 3, 12],
    [44, 41, 5, 10],
    [59, 33, 3, 5],
    [46, 37, 2, 15],
    [50, 32, 2, 16],
    [46, 35, 2, 17],
    [50, 31, 6, 13],
    [61, 25, 2, 12],
    [48, 32, 3, 17],
    [49, 34, 4, 13],
    [57, 26, 1, 16],
    [52, 31, 3, 14],
    [55, 31, 3, 11],
    [56, 29, 2, 13],
    [50, 35, 2, 13],
    [48, 33, 4, 15],
    [50, 40, 1, 9],
    [52, 37, 3, 8],
    [48, 35, 5, 12],
    [52, 28, 3, 17],
    [62, 17, 4, 17]
  ],
  "real_prob": [
    [0.38043712873, 0.14960676102, 0.046742396607, 0.42321371364],
    [0.57921940031, 0.36118863515, 0.020774330276, 0.038817634267]
  ],
  "method": "mcmc",
  "mcmc_stepsize": 3000,
  "mcmc_samples": 100,
  "prob": [
    [0.4057615122, 0.15635143363, 0.034730753507, 0.40315630066],
    [0.5430384878, 0.36124856637, 0.035269246493, 0.060443699342]
  ],
  "iterations": 14,
  "logLik": -521.7479216253,
  "time": 0.063006,
  "message": "Converged",
  "status": 0,
  "cond_prob": [
    [
      [0.29810447563, 0.449987925, 0.15956369306, 0.39973658324, 0.020383980402, 0.018555502298, 0.5219478509, 0.13171998946, 0.41111384062, 0.56665847814, 0.19154180605, 0.34537458184, 0.037757060117, 0.0067288196503, 0.35958729321, 0.081238120378, 0.30985762829, 0.39042711512, 0.1798830969, 0.50035070929, 0.023330276707, 0.010009169878, 0.48692899809, 0.099213005716, 0.34764682146, 0.59678316583, 0.12281586391, 0.28272254679, 0.030587453951, 0.027131842475, 0.49894986068, 0.093362444897, 0.39233856441, 0.58298430678, 0.14587541508, 0.32237375476, 0, 0, 0.46178602051, 0.094641938461, 0.49947809349, 0.54331937062, 0.1353236528, 0.36314176615, 0.061325014917, 0.05580411943, 0.3038732388, 0.0377347438, 0.40587212163, 0.60019902578],
      [0.14047325531, 0.29055429982, 0.034626901276, 0.020605988318, 0.41902772178, 0.088640686081, 0.3271580499, 0.57878638372, 0.11994037551, 0.26308144452, 0.051919100838, 0.042780525419, 0.50098247376, 0.11535164635, 0.35638113481, 0.55464870386, 0.19781767184, 0.2986464362, 0.11143632382, 0.10490757919, 0.33436486953, 0.041797280761, 0.36126560437, 0.57315428104, 0.12464822542, 0.32182985401, 0.064132654747, 0.046164590629, 0.44995351546, 0.058851274322, 0.41224050404, 0.66360627225, 0.12591627537, 0.25267272077, 0.022642067692, 0.0087364482611, 0.43920115289, 0.07498455872, 0.29738874935, 0.42281663645, 0.16905301516, 0.40346449532, 0.076635472742, 0.089575962196, 0.45692276274, 0.084142906036, 0.42284566708, 0.64977017567, 0.16344782894, 0.27095421442]
    ],
    [
      [0.04894569849, 0.022634820579, 0.36476080549, 0.056640789335, 0.3276950657, 0.43909139086, 0.17456583911, 0.46916639391, 0.039216763749, 0.0074348197869, 0.45852233144, 0.084307395435, 0.41246505193, 0.49851176465, 0.14935603789, 0.40136841948, 0.035826473827, 0.017618743117, 0.40235243635, 0.082501072752, 0.34472868711, 0.49169249081, 0.19695014653, 0.41799120265, 0.058263641981, 0.023831800394, 0.40005752437, 0.066484506146, 0.44374746731, 0.58875759806, 0.13407820953, 0.31776537141, 0.063460517357, 0.049618447928, 0.3587138058, 0.043858582601, 0.42544402898, 0.55835160983, 0.14534777186, 0.35554864931, 0.045878309605, 0.023269426508, 0.38332988955, 0.062830314358, 0.43198628444, 0.66404114668, 0.11364964192, 0.25905107424, 0.023661096222, 0.0090167113344],
      [0.43070297742, 0.067891067752, 0.40434525668, 0.61186681722, 0.13241479651, 0.2578020851, 0.041213622959, 0.035697154965, 0.42202632385, 0.094633942714, 0.37022488968, 0.60280859075, 0.14479763674, 0.29547218094, 0.045224849759, 0.027808683895, 0.43975262382, 0.073910544413, 0.38708090795, 0.56033928718, 0.19193615929, 0.33964058409, 0.02284272109, 0.0078810311433, 0.39814021168, 0.092139097586, 0.38822202274, 0.56329025995, 0.17374961614, 0.33533591824, 0.019750690846, 0.020358761953, 0.41827767027, 0.081015059854, 0.41704990193, 0.6318003923, 0.13300974335, 0.21796102661, 0.039085647527, 0.043657409893, 0.4108547072, 0.1065811712, 0.49646504369, 0.67786069498, 0.13235098671, 0.24755520874, 0.03215866565, 0.023164225442, 0.33902530395, 0.051419870838]
    ],
    [
      [0.48380536987, 0.49229116457, 0.16831606187, 0.4171981689, 0.0090809297935, 0.03773719035, 0.33879763846, 0.052773476185, 0.465876435, 0.61804118833, 0.13807092082, 0.27397635973, 0.0072131480306, 0.037595617323, 0.38883949614, 0.070386834619, 0.44783786807, 0.52554053298, 0.17969549156, 0.36757612711, 0.05336941328, 0.06165764668, 0.31909722709, 0.045225693227, 0.38060989367, 0.41877886293, 0.19358191128, 0.48763137715, 0.0094060633146, 0.036151435633, 0.41640213173, 0.057438324287, 0.54186891262, 0.62260653398, 0.13807260032, 0.2935273221, 0.013052704655, 0.036590614856, 0.30700578241, 0.047275529061, 0.44563328486, 0.4383173305, 0.2232689736, 0.46577680009, 0.020678655284, 0.058758323746, 0.31041908625, 0.037147545665, 0.56938767525, 0.59422180145],
      [0.18102385097, 0.36051318715, 0.041023873205, 0.027742098259, 0.20856460057, 0.017522913136, 0.42424247658, 0.47322538537, 0.17860442556, 0.44079014397, 0.0071298406428, 0.024760195927, 0.39002325721, 0.061224274729, 0.43751489222, 0.52311093027, 0.15086100833, 0.38255825719, 0.0050153630864, 0.025542262968, 0.40660873636, 0.068788549564, 0.3303441444, 0.4924139639, 0.17349944433, 0.39412513892, 0.0072079829498, 0.023198004263, 0.48894842832, 0.09026289292, 0.45076828336, 0.51820899109, 0.1566995933, 0.36670015042, 0.026425297311, 0.072418040721, 0.36610682602, 0.042672817772, 0.48695905811, 0.6510136473, 0.17122936849, 0.27625687717, 0.0063654839664, 0.024544838678, 0.33544608944, 0.048184636855, 0.44771514861, 0.49318677028, 0.1342227829, 0.39588083515]
    ],
    [
      [0.0086229383249, 0.038731475895, 0.40943913016, 0.072200918668, 0.45092061962, 0.50302646013, 0.17073694223, 0.39642101926, 0.0069384883002, 0.0510205039, 0.37140394985, 0.049532016717, 0.49985189341, 0.60613690339, 0.13430285853, 0.32475307288, 0.0086413100514, 0.010699931186, 0.357203938, 0.058410092544, 0.42052405508, 0.54971359394, 0.16957079, 0.3519463874, 0.0059463993047, 0.037184841766, 0.40395875561, 0.061155176894, 0.55085146721, 0.54965221762, 0.16439445781, 0.36947268625, 0.010202601205, 0.03808626148, 0.27455147377, 0.042788834656, 0.41258276688, 0.59918685944, 0.18437490165, 0.31807755779, 0.008481024184, 0.02306200623, 0.39456130729, 0.059673576543, 0.47656573505, 0.50911332526, 0.18366357775, 0.41468638643, 0.0055402697578, 0.025623228428],
