{
  "W": [
    [76, 24],
    [67, 33],
    [72, 28],
    [74, 26],
    [78, 22],
    [77, 23],
    [78, 22],
    [67, 33],
    [76, 24],
    [73, 27],
    [76, 24],
    [74, 26],
    [64, 36],
    [77, 23],
    [71, 29],
    [76, 24],
    [83, 17],
    [83, 17],
    [81, 19],
    [78, 22],
    [77, 23],
    [77, 23],
    [84, 16],
    [77, 23],
    [79, 21],
    [19, 81],
    [20, 80],
    [26, 74],
    [22, 78],
    [30, 70],
    [24, 76],
    [22, 78],
    [30, 70],
    [16, 84],
    [30, 70],
    [20, 80],
    [26, 74],
    [18, 82],
    [24, 76],
    [29, 71],
    [21, 79],
    [22, 78],
    [21, 79],
    [28, 72],
    [24, 76],
    [27, 73],
    [26, 74],
    [25, 75],
    [29, 71],
    [26, 74]
  ],
  "X": [
    [32, 18, 5, 45],
    [26, 26, 5, 43],
    [34, 10, 4, 52],
    [27, 18, 5, 50],
    [27, 12, 5, 56],
    [30, 13, 6, 51],
    [32, 17, 2, 49],
    [36, 19, 5, 40],
    [25, 14, 2, 59],
    [36, 14, 5, 45],
    [30, 13, 6, 51],
    [29, 18, 6, 47],
    [33, 20, 6, 41],
    [29, 21, 5, 45],
    [30, 15, 6, 49],
    [41, 12, 5, 42],
    [34, 12, 6, 48],
    [30, 12, 6, 52],
    [43, 14, 6, 37],
    [35, 10, 9, 46],
    [30, 16, 2, 52],
    [32, 16, 4, 48],
    [27, 15, 2, 56],
    [23, 15, 6, 56],
    [25, 20, 3, 52],
    [37, 33, 9, 21],
    [29, 38, 15, 18],
    [35, 31, 15, 19],
    [33, 34, 13, 20],
    [33, 26, 20, 21],
    [30, 42, 11, 17],
    [30, 40, 14, 16],
    [40, 33, 8, 19],
    [30, 37, 21, 12],
    [27, 38, 13, 22],
    [28, 43, 13, 16],
    [41, 29, 17, 13],
    [27, 41, 15, 17],
    [34, 32, 16, 18],
    [32, 36, 12, 20],
    [30, 42, 12, 16],
    [36, 38, 7, 19],
    [28, 29, 16, 27],
    [23, 38, 13, 26],
    [31, 41, 11, 17],
    [36, 31, 9, 24],
    [30, 31, 16, 23],
    [32, 31, 14, 23],
    [34, 35, 10, 21],
    [29, 38, 17, 16]
  ],
  "real_prob": [
    [0.31173098324, 0.072173651907, 0.0043795225917, 0.61171584226],
    [0.32010433937, 0.43395134998, 0.17532081716, 0.070623493496]
  ],
  "method": "mcmc",
  "mcmc_stepsize": 3000,
  "mcmc_samples": 100,
  "prob": [
    [0.3361913558, 0.0847948926, 3.8426165173e-05, 0.57897532544],
    [0.2922086442, 0.4260051074, 0.18356157383, 0.098224674564]
  ],
  "iterations": 11,
  "logLik": -514.6692183456,
  "time": 0.047597,
  "message": "Converged",
  "status": 0,
  "cond_prob": [
    [
      [0.3392236325, 0.25912516374, 0.097442945447, 0.44143067275, 1.3684110616e-06, 0.20832900003, 0.56333205364, 0.091115163479, 0.29196117996, 0.19510911947, 0.085349926082, 0.61459257432, 1.7301663816e-05, 0.15148002389, 0.62267159229, 0.038818282319, 0.31140334962, 0.41353424384, 0.032631234997, 0.27323396715, 4.6553847215e-06, 0.14284517187, 0.65596076, 0.17038661714, 0.2774985075, 0.24865809404, 0.084120757526, 0.45288707474, 1.0589606925e-06, 0.19230467834, 0.63837967601, 0.10615015289, 0.25904323342, 0.30884671789, 0.058560787261, 0.33782993607, 9.3325551465e-06, 0.22723963912, 0.68238664677, 0.12608370692, 0.30275207042, 0.29078654686, 0.064100167667, 0.35062117781, 1.1397562133e-05, 0.26083140816, 0.63313636435, 0.097760867169, 0.31863829042, 0.32482787942],
      [0.080933807404, 0.48578013739, 1.4016936719e-05, 0.090859394497, 0.60041388524, 0.0985325887, 0.40266158299, 0.27338405877, 0.056821236438, 0.46039324723, 9.6439120693e-08, 0.15151495571, 0.54051708413, 0.11470773828, 0.22358745422, 0.33363972829, 0.058034720665, 0.39955671789, 4.9972095722e-06, 0.083317508836, 0.7183728279, 0.18348604498, 0.37277481993, 0.32546067204, 0.060833444093, 0.35404291042, 1.7438342448e-06, 0.18518047037, 0.56638999214, 0.13531594717, 0.30141635565, 0.29551487379, 0.061528753964, 0.34682561245, 1.0897349905e-05, 0.24996549173, 0.63704399304, 0.10769402204, 0.31218131666, 0.22686856027, 0.08818512065, 0.441319272, 1.8209487602e-05, 0.23071740377, 0.5996153532, 0.10109476397, 0.35066881232, 0.29325544476, 0.071221702713, 0.42893919518]
    ],
    [
      [3.4783593945e-07, 0.16666604829, 0.57810913713, 0.11113931177, 0.32084504836, 0.18673614244, 0.11881650753, 0.51526647477, 2.5137739612e-06, 0.21738288867, 0.56033593033, 0.08061449412, 0.30561573527, 0.28625113089, 0.06112883461, 0.36758112906, 1.4596458571e-05, 0.20686081557, 0.63324083366, 0.13930692448, 0.42482990853, 0.36303862299, 0.056666944516, 0.3205546757, 8.9634434088e-06, 0.2083049491, 0.51849418351, 0.10810175222, 0.35854599703, 0.24945189686, 0.080320140365, 0.31373107939, 0.00015267051565, 0.35219578513, 0.56098119209, 0.084621238621, 0.31790244664, 0.21259393697, 0.076372725526, 0.33300375184, 0.00014806691085, 0.35221826155, 0.60557676092, 0.10218404963, 0.4574672788, 0.31290265354, 0.092740545179, 0.34147451792, 0.0001909726574, 0.31497532709],
      [0.44960120336, 0.030647501445, 0.36776163345, 0.28702693595, 0.059628651148, 0.24313478229, 0.00018345250404, 0.40844048658, 0.5724262629, 0.061397795184, 0.29086661631, 0.33057698017, 0.073669104929, 0.44902082263, 9.018460301e-06, 0.086926329502, 0.6354552603, 0.1334758677, 0.33286238387, 0.27693897575, 0.076336769425, 0.44008994584, 8.6684983719e-06, 0.17388402285, 0.59079217821, 0.10908705556, 0.27517380843, 0.24283750572, 0.084083069882, 0.49606388312, 2.7038299671e-05, 0.12485804893, 0.64071608338, 0.13624056223, 0.23620031052, 0.20924243869, 0.073897398449, 0.40477827476, 3.6371314347e-05, 0.26074780038, 0.68986591972, 0.12523148617, 0.2731337652, 0.16297297854, 0.11109237645, 0.53446201239, 8.7815899625e-05, 0.14252678781, 0.61568604245, 0.16003822126]
    ],
    [
      [0.38325278872, 0.36689132116, 0.10139844718, 0.38362258646, 2.1450699186e-05, 0.11110607947, 0.5153273134, 0.13838001291, 0.32628948619, 0.28092762845, 0.1178840024, 0.4455289994, 1.06600255e-05, 0.18749733499, 0.55581585139, 0.086046037153, 0.37772803476, 0.34025771752, 0.10771924204, 0.38107161766, 3.2625918689e-06, 0.20270155639, 0.51454946062, 0.075969108432, 0.35105267932, 0.32406206481, 0.16191492615, 0.39022912339, 1.0167933032e-05, 0.16666379879, 0.48702222659, 0.11904501301, 0.4329500325, 0.2858785575, 0.079458478102, 0.33737493796, 6.7327810401e-07, 0.28571399717, 0.48759081612, 0.091032507378, 0.36670143593, 0.27893638865, 0.1500484838, 0.50524784722, 1.6806867296e-05, 0.14473153467, 0.48323327341, 0.071084229451, 0.34820810861, 0.28640284116],
      [0.15350771952, 0.46952346372, 1.2735289813e-05, 0.17948358748, 0.49827143658, 0.064590107632, 0.47334412858, 0.36856680204, 0.08035716338, 0.43698978712, 6.00956447e-06, 0.11428313876, 0.44629269848, 0.080160272082, 0.39617595158, 0.28168077113, 0.10919066754, 0.41967796809, 8.284462632e-05, 0.24998422007, 0.49455053625, 0.048657040714, 0.44998753396, 0.19286248545, 0.10203442752, 0.49912810249, 7.2765504086e-05, 0.1856831005, 0.44790527301, 0.12232631157, 0.32605096969, 0.26848725758, 0.1276245239, 0.50559386902, 8.1888582569e-06, 0.16249795279, 0.54631631755, 0.063420920614, 0.44595699791, 0.39736646019, 0.15307449241, 0.33810896213, 3.8801882766e-05, 0.22971609664, 0.4009297078, 0.034808481044, 0.28698618501, 0.26627132524, 0.17508066979, 0.46156765785]
    ],
    [
      [5.7701026413e-05, 0.18291416319, 0.53787544418, 0.089246853717, 0.37082415833, 0.33026605526, 0.12511611439, 0.38154227967, 1.0034993478e-06, 0.21052599889, 0.50405872377, 0.077665666177, 0.43639877761, 0.27245683732, 0.10178186373, 0.4654693796, 3.0803360796e-05, 0.16900150285, 0.46178855531, 0.093072280227, 0.34373721634, 0.28837365135, 0.1388413084, 0.49473838638, 4.3498887139e-06, 0.15189757788, 0.51741712537, 0.064990384395, 0.31832883973, 0.37175340418, 0.12780551747, 0.45113177712, 1.2170448288e-05, 0.089740157053, 0.55385347235, 0.087374661645, 0.23661395162, 0.2915330002, 0.11083641973, 0.33762576184, 7.4511195167e-05, 0.2025118388, 0.65247511745, 0.16832939916, 0.42672229495, 0.1534968853, 0.081959915735, 0.49590447721, 0.00016211049355, 0.18049251259],
