{
  "W": [
    [63, 12, 13, 12],
    [63, 9, 15, 13],
    [63, 13, 10, 14],
    [60, 10, 17, 13],
    [60, 10, 12, 18],
    [71, 15, 7, 7],
    [68, 18, 8, 6],
    [62, 16, 12, 10],
    [66, 12, 13, 9],
    [67, 12, 13, 8],
    [58, 16, 9, 17],
    [63, 17, 9, 11],
    [31, 49, 10, 10],
    [10, 71, 11, 8],
    [7, 60, 17, 16],
    [18, 52, 11, 19],
    [19, 63, 9, 9],
    [14, 51, 14, 21],
    [8, 67, 12, 13],
    [14, 63, 13, 10],
    [15, 60, 11, 14],
    [8, 68, 11, 13],
    [15, 57, 12, 16],
    [15, 57, 14, 14],
    [13, 68, 7, 12],
    [10, 14, 62, 14],
    [10, 13, 65, 12],
    [4, 13, 72, 11],
    [9, 10, 61, 20],
    [12, 14, 60, 14],
    [13, 11, 70, 6],
    [10, 9, 66, 15],
    [15, 9, 61, 15],
    [17, 12, 61, 10],
    [15, 10, 60, 15],
    [8, 12, 68, 12],
    [10, 13, 63, 14],
    [17, 18, 35, 30],
    [13, 11, 9, 67],
    [13, 11, 18, 58],
    [13, 7, 17, 63],
    [18, 9, 10, 63],
    [9, 15, 14, 62],
    [14, 13, 11, 62],
    [8, 18, 14, 60],
    [12, 10, 17, 61],
    [7, 12, 14, 67],
    [20, 9, 7, 64],
    [10, 14, 12, 64],
    [12, 17, 13, 58]
  ],
  "X": [
    [69, 31],
    [67, 33],
    [76, 24],
    [63, 37],
    [63, 37],
    [69, 31],
    [73, 27],
    [73, 27],
    [67, 33],
    [77, 23],
    [70, 30],
    [70, 30],
    [70, 30],
    [65, 35],
    [56, 44],
    [60, 40],
    [62, 38],
    [58, 42],
    [63, 37],
    [59, 41],
    [63, 37],
    [64, 36],
    [64, 36],
    [64, 36],
    [59, 41],
    [61, 39],
    [49, 51],
    [53, 47],
    [51, 49],
    [60, 40],
    [62, 38],
    [59, 41],
    [59, 41],
    [51, 49],
    [56, 44],
    [59, 41],
    [54, 46],
    [56, 44],
    [36, 64],
    [35, 65],
    [40, 60],
    [29, 71],
    [36, 64],
    [29, 71],
    [38, 62],
    [46, 54],
    [24, 76],
    [35, 65],
    [36, 64],
    [35, 65]
  ],
  "real_prob": [
    [0.82052672388, 0.17947327612],
    [0.70942327743, 0.29057672257],
    [0.56712526125, 0.43287473875],
    [0.13452621312, 0.86547378688]
  ],
  "method": "mvn_cdf",
  "mvnc_method": "genz",
  "mvnc_samples": 5000,
  "mvnc_error": 1e-06,
  "prob": [
    [0.81769897392, 0.18230102608],
    [0.68533186571, 0.31466813429],
    [0.58258145735, 0.41741854265],
    [0.15072232916, 0.84927767084]
  ],
  "iterations": 17,
  "logLik": -142.6327022298,
  "time": 0.001551,
  "message": "Converged",
  "status": 0,
  "cond_prob": [
    [
      [0.81919469261, 0.6862779965, 0.58205743729, 0.14830967279, 0.18080530739, 0.3137220035, 0.41794256271, 0.85169032721, 0.80767995733, 0.66964055014, 0.56337490046, 0.13897862829, 0.19232004267, 0.33035944986, 0.43662509954, 0.86102137171, 0.87917844403, 0.77874187501, 0.69157739066, 0.21833892756, 0.12082155597, 0.22125812499, 0.30842260934, 0.78166107244, 0.77459211862, 0.62370680052, 0.51334390899, 0.11675415519, 0.22540788138, 0.37629319948, 0.48665609101, 0.88324584481, 0.79532601721, 0.65212861602, 0.54400137505, 0.12986505262, 0.20467398279, 0.34787138398, 0.45599862495, 0.87013494738, 0.77661962998, 0.6263863825, 0.51615587854, 0.1178396375, 0.22338037002, 0.3736136175, 0.48384412146, 0.8821603625, 0.81583484068, 0.68139472673],
      [0.57654856519, 0.14550648207, 0.18416515932, 0.31860527327, 0.42345143481, 0.85449351793, 0.84376582018, 0.72295922273, 0.62433892836, 0.17192951089, 0.15623417982, 0.27704077727, 0.37566107164, 0.82807048911, 0.78100978666, 0.63239608523, 0.52263068813, 0.1205939718, 0.21899021334, 0.36760391477, 0.47736931187, 0.8794060282, 0.86176790914, 0.75086614587, 0.65751673908, 0.19325964883, 0.13823209086, 0.24913385413, 0.34248326092, 0.80674035117, 0.85188727464, 0.73540469857, 0.63899183194, 0.18091511591, 0.14811272536, 0.26459530143, 0.36100816806, 0.81908488409, 0.8196884981, 0.68699662617, 0.58286894647, 0.14872422398, 0.1803115019, 0.31300337383, 0.41713105353, 0.85127577602, 0.84730612529, 0.72852479436, 0.63102880344, 0.17642956663],
      [0.15269387471, 0.27147520564, 0.36897119656, 0.82357043337, 0.82357932574, 0.69301235148, 0.58998281413, 0.15308265269, 0.17642067426, 0.30698764852, 0.41001718587, 0.84691734731, 0.79521040963, 0.65234454068, 0.54455103398, 0.13065974621, 0.20478959037, 0.34765545932, 0.45544896602, 0.86934025379, 0.82261928268, 0.69149639314, 0.58816225802, 0.15190162008, 0.17738071732, 0.30850360686, 0.41183774198, 0.84809837992, 0.79355869288, 0.65000660289, 0.54196604367, 0.12944006327, 0.20644130712, 0.34999339711, 0.45803395633, 0.87055993673, 0.8218357618, 0.69036108798, 0.5868839817, 0.15125398499, 0.1781642382, 0.30963891202, 0.4131160183, 0.84874601501, 0.83098642139, 0.70394824893, 0.60248430911, 0.15985927258, 0.16901357861, 0.29605175107],
      [0.39751569089, 0.84014072742, 0.78239457533, 0.63463174921, 0.52531230299, 0.12216428541, 0.21760542467, 0.36536825079, 0.47468769701, 0.87783571459, 0.82781578331, 0.69920190115, 0.59699901802, 0.15674671208, 0.17218421669, 0.30079809885, 0.40300098198, 0.84325328792, 0.83716633188, 0.71319834896, 0.61317546073, 0.16593609264, 0.16283366812, 0.28680165104, 0.38682453927, 0.83406390736, 0.84321281377, 0.72230799405, 0.62375936608, 0.17208712402, 0.15678718623, 0.27769200595, 0.37624063392, 0.82791287598, 0.837047267, 0.71298917307, 0.61290448224, 0.1657062882, 0.162952733, 0.28701082693, 0.38709551776, 0.8342937118, 0.78685412299, 0.64072608795, 0.53187543365, 0.1249701779, 0.21314587701, 0.35927391205, 0.46812456635, 0.8750298221]
    ],
    [
      [0.85163191432, 0.73532644865, 0.63921245995, 0.1820063006, 0.14836808568, 0.26467355135, 0.36078754005, 0.8179936994, 0.76014279729, 0.60493120922, 0.49386948061, 0.10949906657, 0.23985720271, 0.39506879078, 0.50613051939, 0.89050093343, 0.80020553096, 0.65950554256, 0.55254653296, 0.13458174973, 0.19979446904, 0.34049445744, 0.44745346704, 0.86541825027, 0.80666524739, 0.6685645677, 0.56249659576, 0.13917044078, 0.19333475261, 0.3314354323, 0.43750340424, 0.86082955922, 0.84292459745, 0.72196918019, 0.62345807171, 0.1721689725, 0.15707540255, 0.27803081981, 0.37654192829, 0.8278310275, 0.83347867103, 0.70777614262, 0.60699876952, 0.16265056566, 0.16652132897, 0.29222385738, 0.39300123048, 0.83734943434, 0.84524382519, 0.72551488186],
      [0.62762822755, 0.17473771202, 0.15475617481, 0.27448511814, 0.37237177245, 0.82526228798, 0.83835224875, 0.71502951113, 0.61534506352, 0.16730863381, 0.16164775125, 0.28497048887, 0.38465493648, 0.83269136619, 0.75545812407, 0.59876294029, 0.48740321477, 0.10698224725, 0.24454187593, 0.40123705971, 0.51259678523, 0.89301775275, 0.81719253914, 0.68371094579, 0.57946396413, 0.14763205019, 0.18280746086, 0.31628905421, 0.42053603587, 0.85236794981, 0.83778092041, 0.71421892768, 0.61445033334, 0.16691052101, 0.16221907959, 0.28578107232, 0.38554966666, 0.83308947899, 0.80599603401, 0.66764635305, 0.56150586246, 0.13874917126, 0.19400396599, 0.33235364695, 0.43849413754, 0.86125082874, 0.85485519627, 0.74017806076, 0.64483912802, 0.18520780745],
      [0.14514480373, 0.25982193924, 0.35516087198, 0.81479219255, 0.84295014583, 0.72154440127, 0.62251602977, 0.17038620408, 0.15704985417, 0.27845559873, 0.37748397023, 0.82961379592, 0.79668288436, 0.65400537911, 0.54603876003, 0.13075444501, 0.20331711564, 0.34599462089, 0.45396123997, 0.86924555499, 0.86362991036, 0.75372150909, 0.6608759203, 0.19527785639, 0.13637008964, 0.24627849091, 0.3391240797, 0.80472214361, 0.73850244326, 0.57619666234, 0.46359514958, 0.097612894026, 0.26149755674, 0.42380333766, 0.53640485042, 0.90238710597, 0.82757594526, 0.69852624779, 0.59593325139, 0.155485235, 0.17242405474, 0.30147375221, 0.40406674861, 0.844514765, 0.74188556265, 0.58057011849, 0.46811326201, 0.099266452814, 0.25811443735, 0.41942988151],
