{
  "W": [
    [66, 12, 11, 11],
    [62, 16, 12, 10],
    [61, 16, 13, 10],
    [63, 9, 11, 17],
    [63, 12, 13, 12],
    [60, 16, 17, 7],
    [63, 4, 17, 16],
    [69, 4, 13, 14],
    [60, 11, 13, 16],
    [59, 11, 14, 16],
    [58, 18, 11, 13],
    [57, 11, 18, 14],
    [33, 39, 13, 15],
    [15, 54, 13, 18],
    [17, 65, 11, 7],
    [12, 69, 7, 12],
    [10, 61, 14, 15],
    [11, 63, 18, 8],
    [13, 65, 13, 9],
    [9, 65, 13, 13],
    [19, 59, 10, 12],
    [11, 65, 11, 13],
    [9, 70, 9, 12],
    [14, 63, 13, 10],
    [13, 66, 8, 13],
    [19, 10, 57, 14],
    [9, 14, 64, 13],
    [18, 15, 58, 9],
    [16, 8, 57, 19],
    [18, 9, 64, 9],
    [12, 11, 59, 18],
    [15, 10, 59, 16],
    [14, 10, 68, 8],
    [16, 9, 64, 11],
    [12, 13, 65, 10],
    [11, 20, 60, 9],
    [15, 10, 54, 21],
    [7, 14, 39, 40],
    [8, 15, 13, 64],
    [10, 13, 15, 62],
    [14, 14, 10, 62],
    [16, 13, 15, 56],
    [14, 9, 10, 67],
    [16, 17, 17, 50],
    [10, 11, 12, 67],
    [12, 11, 14, 63],
    [8, 16, 15, 61],
    [7, 18, 14, 61],
    [12, 8, 17, 63],
    [14, 8, 14, 64]
  ],
  "X": [
    [37, 1, 38, 24],
    [23, 8, 46, 23],
    [27, 7, 48, 18],
    [19, 2, 56, 23],
    [36, 3, 41, 20],
    [28, 5, 48, 19],
    [35, 5, 40, 20],
    [41, 4, 39, 16],
    [28, 4, 47, 21],
    [28, 8, 42, 22],
    [23, 8, 44, 25],
    [30, 5, 44, 21],
    [17, 6, 36, 41],
    [14, 7, 28, 51],
    [15, 20, 28, 37],
    [7, 17, 25, 51],
    [9, 10, 34, 47],
    [19, 9, 22, 50],
    [12, 6, 35, 47],
    [8, 15, 32, 45],
    [16, 14, 30, 40],
    [12, 14, 26, 48],
    [14, 10, 26, 50],
    [11, 16, 25, 48],
    [14, 14, 21, 51],
    [20, 8, 40, 32],
    [17, 11, 38, 34],
    [20, 9, 41, 30],
    [16, 9, 37, 38],
    [28, 16, 34, 22],
    [17, 13, 35, 35],
    [22, 7, 33, 38],
    [22, 7, 45, 26],
    [21, 9, 33, 37],
    [15, 4, 45, 36],
    [21, 7, 29, 43],
    [22, 10, 36, 32],
    [16, 6, 27, 51],
    [15, 9, 12, 64],
    [14, 7, 16, 63],
    [18, 4, 18, 60],
    [17, 6, 25, 52],
    [18, 8, 15, 59],
    [16, 9, 26, 49],
    [12, 6, 13, 69],
    [15, 1, 18, 66],
    [15, 11, 17, 57],
    [13, 7, 18, 62],
    [24, 8, 15, 53],
    [23, 5, 10, 62]
  ],
  "real_prob": [
    [0.40857311463, 0.020136852203, 0.55125791684, 0.02003211633],
    [0.058072367085, 0.16507833444, 0.24557471188, 0.53127458659],
    [0.19321952252, 0.084385227281, 0.4240419204, 0.2983533298],
    [0.10976324136, 0.069335592432, 0.059557266699, 0.76134389951]
  ],
  "method": "mvn_pdf",
  "prob": [
    [0.40188343702, 0.012730079265, 0.56730807726, 0.018078406454],
    [0.05206689127, 0.17102607028, 0.23730631333, 0.53960072512],
    [0.19848290781, 0.1061506555, 0.42762287052, 0.26774356617],
    [0.129263483, 0.044706304361, 0.029018858435, 0.7970113542]
  ],
  "iterations": 24,
  "logLik": -25812.6841525958,
  "time": 0.003247,
  "message": "Converged",
  "status": 0,
  "cond_prob": [
    [
      [0.49128604371, 0.054811977447, 0.2334984549, 0.10954442583, 0.0054010472093, 0.06537272118, 0.044424614567, 0.013791151688, 0.47721299979, 0.17247050715, 0.34782065156, 0.017545823926, 0.026099909289, 0.70734479422, 0.37425627897, 0.85911859856, 0.33097729733, 0.028868750094, 0.13136986714, 0.071865421692, 0.025041539473, 0.244623868, 0.17621509571, 0.062580261363, 0.61730938007, 0.17337989506, 0.37460464291, 0.021988371232, 0.026671783125, 0.55312748685, 0.31781039425, 0.84356594571, 0.36391132031, 0.051426919819, 0.18723800928, 0.14211997475, 0.014356452065, 0.22533803801, 0.12919640123, 0.064174551416, 0.60828526052, 0.27757642918, 0.47904098292, 0.038924382061, 0.0134469671, 0.44565861299, 0.20452460658, 0.75478109177, 0.25702589316, 0.037624846685],
      [0.13437587086, 0.095684834212, 0.0057723773581, 0.09132412602, 0.051892733526, 0.024494574549, 0.72178322333, 0.33828714823, 0.57507724086, 0.043621689024, 0.01541850615, 0.53276387906, 0.23865415476, 0.83619890221, 0.47382981508, 0.074812737291, 0.26321390518, 0.17166623224, 0.0067252820053, 0.11631629449, 0.064687981515, 0.027828804948, 0.504771061, 0.2582598484, 0.43002227634, 0.030071437485, 0.014673841918, 0.55061111982, 0.24207583697, 0.77043352533, 0.37973095716, 0.053483815042, 0.1968534599, 0.13222483775, 0.0096870719339, 0.14926352931, 0.087111026024, 0.038418687869, 0.59470294323, 0.27083930263, 0.47220717034, 0.034007780429, 0.015879027683, 0.52641335302, 0.24382834374, 0.79534869396, 0.45602560651, 0.058267655183, 0.22699120661, 0.14152521128],
      [0.014316467328, 0.20454620623, 0.12547015958, 0.050716093273, 0.51232492855, 0.21138034866, 0.39039751892, 0.026076837465, 0.017332997613, 0.52580578993, 0.25714111488, 0.78168185798, 0.50628365558, 0.078662552347, 0.2789942975, 0.19050238062, 0.01097691386, 0.19197349497, 0.10646156467, 0.047363524872, 0.46945753106, 0.23606338656, 0.39650261772, 0.02901081455, 0.0132818995, 0.49330056612, 0.2180415201, 0.73312327996, 0.36913897081, 0.058660743194, 0.20191027701, 0.15170710761, 0.0082599064916, 0.14400281295, 0.078277854713, 0.038708506536, 0.60960155411, 0.31229013211, 0.50998477285, 0.040925566776, 0.012999568595, 0.48504631175, 0.20982709542, 0.76865881907, 0.38872681179, 0.043140820119, 0.17673895409, 0.11822288919, 0.023399586051, 0.29252150997],
      [0.18841500486, 0.081610600408, 0.57025293246, 0.20405312807, 0.39661105015, 0.028403141721, 0.017620669702, 0.46028454185, 0.2382349909, 0.77176336868, 0.34143017944, 0.033856638425, 0.14601893851, 0.085844663047, 0.021363225814, 0.23610373722, 0.16115061597, 0.061676855787, 0.61441055797, 0.19626822607, 0.40181636105, 0.025316967945, 0.022796036773, 0.53377139829, 0.29101408447, 0.82716151322, 0.407584816, 0.060782485764, 0.21734786108, 0.15289410521, 0.010049965787, 0.16449823918, 0.093070232978, 0.042849805111, 0.56803678256, 0.27372552706, 0.46386469672, 0.034920326089, 0.014328435655, 0.50099374799, 0.22571720922, 0.76933576359, 0.35238683095, 0.041862901206, 0.1676350407, 0.096855991892, 0.0089837518017, 0.11498389188, 0.073702252793, 0.027923713487]
    ],
    [
      [0.61662979838, 0.23720145459, 0.44998768381, 0.027842346554, 0.021999618869, 0.60595175232, 0.3086750227, 0.84737794807, 0.40362974657, 0.052461405882, 0.20174875087, 0.12106199699, 0.0079368632185, 0.1110617595, 0.068350148243, 0.026829058692, 0.56862301706, 0.24151312737, 0.43839278555, 0.028149231806, 0.019810373146, 0.59496370724, 0.29150831534, 0.82395971251, 0.44417068957, 0.055926310414, 0.21584936214, 0.15472575086, 0.020691795447, 0.28571115786, 0.17516955193, 0.081797389096, 0.51998291593, 0.21579363947, 0.39154708337, 0.030133284084, 0.015154599056, 0.44256889225, 0.21743400257, 0.73334357596, 0.30581074075, 0.029076690754, 0.1265400823, 0.073754573912, 0.021188935455, 0.21816854417, 0.15227682512, 0.057707448009, 0.64777765473, 0.2003752916],
      [0.41308022301, 0.025754340263, 0.025222669063, 0.55237947347, 0.30810286957, 0.84278363782, 0.28288038126, 0.040017963157, 0.14444797339, 0.10648393542, 0.0088309527264, 0.13342654288, 0.077318873543, 0.037117493682, 0.69251809277, 0.31730345237, 0.54278886064, 0.042527981776, 0.015770573247, 0.50925204159, 0.23544429243, 0.81387058913, 0.60410116396, 0.0906972687, 0.33217798281, 0.19218776822, 0.0072840353666, 0.1198019755, 0.069638096157, 0.026440720126, 0.37153271547, 0.1867051883, 0.3191694662, 0.019959797947, 0.017082085205, 0.6027955675, 0.27901445483, 0.76141171371, 0.35093433836, 0.052480047018, 0.18618396981, 0.12954318779, 0.0059501749156, 0.095334211291, 0.054138501313, 0.024671508603, 0.62726898866, 0.3066498528, 0.51307720129, 0.038152626416],
