{
  "W": [
    [64, 13, 12, 11],
    [74, 10, 6, 10],
    [57, 17, 14, 12],
    [59, 9, 19, 13],
    [63, 11, 12, 14],
    [60, 15, 13, 12],
    [58, 17, 13, 12],
    [59, 14, 14, 13],
    [63, 13, 14, 10],
    [68, 13, 7, 12],
    [61, 12, 9, 18],
    [62, 13, 15, 10],
    [33, 39, 14, 14],
    [10, 67, 8, 15],
    [7, 64, 16, 13],
    [13, 54, 17, 16],
    [20, 60, 8, 12],
    [9, 63, 17, 11],
    [9, 67, 14, 10],
    [15, 64, 9, 12],
    [12, 62, 16, 10],
    [10, 63, 11, 16],
    [14, 62, 14, 10],
    [12, 59, 16, 13],
    [14, 61, 11, 14],
    [8, 14, 61, 17],
    [13, 11, 67, 9],
    [20, 12, 58, 10],
    [13, 13, 58, 16],
    [21, 11, 60, 8],
    [12, 12, 63, 13],
    [14, 12, 61, 13],
    [9, 14, 65, 12],
    [11, 9, 64, 16],
    [11, 17, 63, 9],
    [21, 17, 50, 12],
    [11, 15, 64, 10],
    [10, 21, 37, 32],
    [14, 14, 13, 59],
    [7, 10, 14, 69],
    [9, 11, 15, 65],
    [13, 8, 10, 69],
    [8, 9, 15, 68],
    [9, 12, 20, 59],
    [13, 13, 12, 62],
    [16, 9, 11, 64],
    [15, 15, 10, 60],
    [20, 10, 10, 60],
    [12, 9, 14, 65],
    [14, 10, 16, 60]
  ],
  "X": [
    [4, 72, 5, 19],
    [7, 70, 4, 19],
    [2, 68, 5, 25],
    [2, 67, 13, 18],
    [6, 69, 12, 13],
    [4, 64, 10, 22],
    [3, 60, 7, 30],
    [8, 58, 8, 26],
    [6, 68, 7, 19],
    [2, 72, 5, 21],
    [4, 64, 7, 25],
    [5, 64, 8, 23],
    [5, 51, 6, 38],
    [0, 30, 7, 63],
    [3, 24, 7, 66],
    [1, 33, 12, 54],
    [9, 37, 3, 51],
    [7, 26, 7, 60],
    [3, 22, 5, 70],
    [6, 30, 4, 60],
    [10, 26, 5, 59],
    [6, 28, 4, 62],
    [7, 26, 7, 60],
    [4, 30, 8, 58],
    [3, 37, 8, 52],
    [17, 41, 14, 28],
    [18, 47, 12, 23],
    [21, 47, 14, 18],
    [9, 54, 16, 21],
    [19, 50, 10, 21],
    [17, 44, 12, 27],
    [14, 53, 10, 23],
    [15, 46, 13, 26],
    [17, 52, 14, 17],
    [15, 42, 19, 24],
    [17, 45, 6, 32],
    [10, 54, 17, 19],
    [12, 35, 17, 36],
    [7, 56, 5, 32],
    [6, 54, 7, 33],
    [3, 49, 16, 32],
    [2, 50, 14, 34],
    [8, 46, 15, 31],
    [7, 47, 15, 31],
    [6, 53, 9, 32],
    [6, 53, 13, 28],
    [3, 52, 9, 36],
    [3, 62, 8, 27],
    [8, 56, 10, 26],
    [5, 49, 13, 33]
  ],
  "real_prob": [
    [0.017708851886, 0.87483868545, 0.051492037741, 0.055960424922],
    [0.028359279462, 0.077012747581, 0.038233538516, 0.85639443444],
    [0.24862604783, 0.44552038502, 0.18546019272, 0.12039337443],
    [0.018087588594, 0.54222068856, 0.12083450216, 0.31885722068]
  ],
  "method": "mvn_pdf",
  "prob": [
    [0.022505618945, 0.85147607571, 0.045931612275, 0.080086693065],
    [0.027260779797, 0.098538522648, 0.021917618899, 0.85228307866],
    [0.23742353193, 0.45376405383, 0.18703650657, 0.12177590766],
    [0.022564378323, 0.5423624661, 0.12934906918, 0.3057240864]
  ],
  "iterations": 18,
  "logLik": -11711.9553268901,
  "time": 0.002365,
  "message": "Converged",
  "status": 0,
  "cond_prob": [
    [
      [0.015094990664, 0.022062496557, 0.19347832021, 0.016928782267, 0.89374656966, 0.12462489072, 0.55239206279, 0.62751714074, 0.029995131319, 0.017473169839, 0.14528569496, 0.094486986444, 0.061163308358, 0.83583944288, 0.10884392205, 0.26106709054, 0.054630780966, 0.058169036855, 0.4820561857, 0.055454347148, 0.8297066005, 0.084440702413, 0.32651727497, 0.52741984829, 0.031180300864, 0.013214300977, 0.095663114426, 0.088914009046, 0.084482317674, 0.84417595976, 0.095763424904, 0.32821179551, 0.009142698742, 0.01144332032, 0.12297044633, 0.0098606022683, 0.88840592486, 0.10608024915, 0.58879293755, 0.59948897471, 0.028207923784, 0.014086533235, 0.14648003623, 0.08532239174, 0.074243452618, 0.8683898973, 0.14175657989, 0.30532803128, 0.0096845086086, 0.012207281879],
      [0.10583147715, 0.0094540896932, 0.84279893685, 0.10174312193, 0.45677717694, 0.51476471066, 0.075673917126, 0.038004603874, 0.32534712979, 0.20891718932, 0.071842637419, 0.84804499231, 0.11204421612, 0.26686401032, 0.025840330693, 0.048465826477, 0.25046800386, 0.027127761168, 0.84900375329, 0.15194266016, 0.39045710267, 0.55794696609, 0.082772431058, 0.061637277797, 0.30305011817, 0.24687278896, 0.042383484955, 0.73795423556, 0.0560247753, 0.16805248378, 0.016388258112, 0.020318450181, 0.17668649492, 0.016242955032, 0.84476135932, 0.10004689721, 0.44112860989, 0.52360723803, 0.065652523262, 0.032374962705, 0.2721017657, 0.18409225354, 0.073197859307, 0.84725968991, 0.11008312949, 0.2760575534, 0.013423689038, 0.010500178787, 0.15311128955, 0.011923937205],
      [0.81816224051, 0.061220692474, 0.4551323101, 0.45418138798, 0.043730849744, 0.013637369117, 0.19167824849, 0.1092342185, 0.1246832207, 0.91464175962, 0.20007815185, 0.42466045631, 0.03947300879, 0.032894814638, 0.35335327893, 0.035237166339, 0.79392991146, 0.063326840518, 0.33373964946, 0.44315579766, 0.052888699159, 0.017554326319, 0.17508445935, 0.13301320304, 0.11370838059, 0.88622401853, 0.13782261226, 0.38859383297, 0.023036891488, 0.031392618381, 0.25796544358, 0.024657670515, 0.86963088995, 0.11313143566, 0.46484934926, 0.58253660703, 0.041981897488, 0.022776494476, 0.17659936669, 0.12657880336, 0.065350321074, 0.83269945148, 0.10058584048, 0.26622691909, 0.011157793535, 0.013955421482, 0.14507086869, 0.011903495394, 0.88213030975, 0.10535023773],
      [0.55712698612, 0.58903651927, 0.032952383882, 0.016422493012, 0.16362198952, 0.098860702948, 0.073759512838, 0.86427184777, 0.13418015566, 0.30019928239, 0.019476395219, 0.017967129455, 0.21635004467, 0.018356553271, 0.83276447242, 0.073569246243, 0.44135600319, 0.49118612812, 0.044184358961, 0.016258805431, 0.18414726855, 0.11723802107, 0.1035747734, 0.89220481887, 0.1581466836, 0.37321929754, 0.019069825128, 0.018908720153, 0.20872296093, 0.018273447444, 0.83694517997, 0.07938282422, 0.44211203759, 0.50158653899, 0.049173048021, 0.019422198421, 0.20482837327, 0.13274068891, 0.094811946886, 0.88228625721, 0.14433662821, 0.34739932465, 0.016272678853, 0.026388548368, 0.20405785934, 0.018553455447, 0.89544230719, 0.13744421104, 0.54075607114, 0.63769321021]
    ],
    [
      [0.033605117808, 0.021680033081, 0.1598886599, 0.10779710612, 0.054679896148, 0.81448720751, 0.095297409623, 0.23595622822, 0.0060034447717, 0.0084026132983, 0.075619216909, 0.006359269286, 0.87752421628, 0.1149998455, 0.55179215908, 0.57735884196, 0.049600747163, 0.02750822167, 0.25103992185, 0.148839312, 0.066871591789, 0.84908931953, 0.12154870216, 0.26744257676, 0.012976342358, 0.011853329351, 0.14795205336, 0.012065017844, 0.83039843842, 0.071587785425, 0.4615788908, 0.47971496534, 0.049070908331, 0.017834258928, 0.2173459185, 0.12866244195, 0.1075543109, 0.8987246263, 0.17312313734, 0.37955757488, 0.0081442833702, 0.010108377451, 0.087366935736, 0.0077915169293, 0.83439568037, 0.098060719201, 0.44452132148, 0.49698057245, 0.082552686916, 0.040714210182],
      [0.35287613091, 0.22403262476, 0.074907349346, 0.85111669317, 0.11523561188, 0.27119528586, 0.05463001703, 0.090795090629, 0.50326586108, 0.06392868244, 0.87108898336, 0.13537627897, 0.35893210733, 0.63506969551, 0.023922231789, 0.015758990605, 0.077409780289, 0.078604867726, 0.050358767823, 0.7580696398, 0.060392251295, 0.22239675432, 0.02505059438, 0.028340408161, 0.26238610898, 0.024968109785, 0.84250509332, 0.089897412421, 0.42099063996, 0.52232200265, 0.049283655113, 0.022172182541, 0.19611954235, 0.13867619167, 0.083160657191, 0.85958999688, 0.1205037087, 0.31403369589, 0.014233442957, 0.011113382688, 0.16275099002, 0.012680335736, 0.81702912829, 0.06006588648, 0.45251377826, 0.45152090341, 0.040556564597, 0.01259776044, 0.17882300412, 0.10167281966],
