{
  "W": [
    [65, 12, 11, 12],
    [69, 9, 10, 12],
    [60, 16, 12, 12],
    [63, 9, 12, 16],
    [68, 10, 13, 9],
    [64, 15, 9, 12],
    [60, 11, 11, 18],
    [66, 8, 10, 16],
    [64, 11, 11, 14],
    [67, 13, 9, 11],
    [64, 16, 11, 9],
    [56, 16, 10, 18],
    [34, 34, 18, 14],
    [8, 64, 12, 16],
    [13, 74, 5, 8],
    [17, 61, 7, 15],
    [10, 58, 17, 15],
    [14, 55, 21, 10],
    [12, 64, 12, 12],
    [16, 60, 15, 9],
    [16, 61, 14, 9],
    [10, 64, 5, 21],
    [18, 63, 9, 10],
    [11, 68, 11, 10],
    [9, 69, 14, 8],
    [12, 8, 63, 17],
    [19, 9, 63, 9],
    [13, 15, 60, 12],
    [14, 20, 57, 9],
    [11, 10, 67, 12],
    [10, 13, 62, 15],
    [9, 13, 62, 16],
    [11, 9, 71, 9],
    [9, 12, 63, 16],
    [13, 12, 63, 12],
    [11, 13, 66, 10],
    [10, 12, 64, 14],
    [10, 8, 44, 38],
    [10, 15, 12, 63],
    [12, 12, 17, 59],
    [11, 9, 14, 66],
    [16, 15, 7, 62],
    [14, 7, 14, 65],
    [11, 11, 16, 62],
    [14, 14, 11, 61],
    [8, 12, 12, 68],
    [10, 16, 12, 62],
    [14, 12, 18, 56],
    [11, 16, 16, 57],
    [13, 16, 7, 64]
  ],
  "X": [
    [15, 22, 37, 26],
    [19, 28, 33, 20],
    [18, 35, 27, 20],
    [12, 32, 40, 16],
    [15, 38, 27, 20],
    [15, 30, 35, 20],
    [14, 32, 35, 19],
    [12, 32, 40, 16],
    [11, 38, 27, 24],
    [19, 33, 32, 16],
    [14, 35, 36, 15],
    [19, 28, 33, 20],
    [21, 44, 21, 14],
    [28, 48, 19, 5],
    [16, 66, 13, 5],
    [21, 52, 19, 8],
    [26, 52, 12, 10],
    [23, 52, 15, 10],
    [22, 50, 17, 11],
    [19, 56, 14, 11],
    [22, 53, 16, 9],
    [12, 57, 21, 10],
    [19, 57, 14, 10],
    [21, 57, 17, 5],
    [15, 60, 13, 12],
    [26, 17, 34, 23],
    [23, 21, 29, 27],
    [25, 21, 31, 23],
    [24, 25, 20, 31],
    [29, 18, 22, 31],
    [34, 20, 21, 25],
    [24, 20, 30, 26],
    [27, 16, 26, 31],
    [27, 20, 29, 24],
    [25, 23, 26, 26],
    [27, 22, 23, 28],
    [24, 22, 30, 24],
    [27, 15, 41, 17],
    [19, 21, 51, 9],
    [21, 23, 47, 9],
    [18, 17, 54, 11],
    [22, 20, 47, 11],
    [19, 10, 60, 11],
    [17, 18, 54, 11],
    [19, 24, 48, 9],
    [12, 21, 58, 9],
    [9, 27, 52, 12],
    [24, 13, 48, 15],
    [24, 15, 47, 14],
    [12, 25, 53, 10]
  ],
  "real_prob": [
    [0.10026455925, 0.32554578922, 0.32562505838, 0.24856459315],
    [0.16282391956, 0.79407948015, 0.012626542243, 0.030470058057],
    [0.35157801632, 0.096442777641, 0.21477595401, 0.33720325203],
    [0.19687347198, 0.062200304187, 0.71857269316, 0.022353530675]
  ],
  "method": "mvn_pdf",
  "prob": [
    [0.11441292515, 0.32932670367, 0.32911644106, 0.22714393012],
    [0.19715382004, 0.76783450666, 0.016446939001, 0.018564734293],
    [0.33608426591, 0.09400798017, 0.20951051695, 0.36039723697],
    [0.15767996197, 0.074724315681, 0.72136051884, 0.046235203506]
  ],
  "iterations": 19,
  "logLik": -15938.7674639256,
  "time": 0.00264,
  "message": "Converged",
  "status": 0,
  "cond_prob": [
    [
      [0.10457927669, 0.24951840694, 0.28083528502, 0.13206708273, 0.20990657905, 0.68836146964, 0.054136558931, 0.043702609419, 0.3755102657, 0.027085403038, 0.21552135065, 0.76678056443, 0.31000387856, 0.035034720382, 0.4495068054, 0.057449743421, 0.15091970279, 0.26302777971, 0.40684012112, 0.19851624832, 0.29299258759, 0.7006483985, 0.07521158859, 0.063254081377, 0.32731904493, 0.017323237303, 0.18767664619, 0.69399198928, 0.2287686647, 0.019000584492, 0.3302716441, 0.044237681015, 0.13014739803, 0.20778096622, 0.36822013831, 0.19209881627, 0.3461271905, 0.76011938599, 0.093370604209, 0.083718768196, 0.28168257623, 0.013685631072, 0.17004767131, 0.67170271821, 0.24204283524, 0.018414016723, 0.36836158616, 0.052479697325, 0.086971809117, 0.14770127764],
      [0.29000464132, 0.10997008966, 0.34839773138, 0.81772640084, 0.11089381939, 0.072253787124, 0.38335582449, 0.019811370538, 0.27321288539, 0.78395667038, 0.18127463501, 0.014760950985, 0.32588865391, 0.033819452844, 0.10706084295, 0.15556511975, 0.33620412432, 0.16612796127, 0.40815176904, 0.81754998032, 0.12202081269, 0.10363028676, 0.27208570413, 0.012078385617, 0.18244853151, 0.68166615599, 0.21270168388, 0.014806514307, 0.35932653148, 0.048575595984, 0.10957642528, 0.2134132159, 0.31656525781, 0.13879117529, 0.27718409507, 0.74223560007, 0.076639991228, 0.057745816946, 0.37005415876, 0.021826496557, 0.2282222715, 0.75816207476, 0.24318532089, 0.022524687475, 0.37857247946, 0.045300932997, 0.10094835663, 0.16823385171, 0.30916949682, 0.14118790101],
      [0.3465125692, 0.79713286236, 0.10130173786, 0.079402687615, 0.32414527356, 0.016453139874, 0.2122446929, 0.73245303884, 0.2283938006, 0.01818014605, 0.37728407242, 0.046956372531, 0.090054532753, 0.15184440108, 0.29753634375, 0.11487663774, 0.349586825, 0.81398839239, 0.11019870177, 0.073136086518, 0.37712607861, 0.019356244326, 0.26616500159, 0.77751460695, 0.18323256363, 0.014810962205, 0.3260999529, 0.034472668789, 0.079699047329, 0.1216858559, 0.24976614292, 0.13713697255, 0.40120321412, 0.84687067836, 0.12014770911, 0.11288951228, 0.24483406515, 0.01144041913, 0.16460531504, 0.6807634632, 0.27426367341, 0.020003046614, 0.46548083294, 0.069210051974, 0.15007621245, 0.24287219494, 0.42397334316, 0.19560146647, 0.32696466985, 0.72605556929],
      [0.087854620021, 0.069909327346, 0.33180073849, 0.016301569539, 0.1992302983, 0.69779258931, 0.1911583792, 0.014770666229, 0.28894173853, 0.036696616872, 0.098946740874, 0.17620664188, 0.31874284622, 0.11879793825, 0.32099858683, 0.78702110969, 0.098791410941, 0.063367578639, 0.40442006516, 0.021815301297, 0.27793274039, 0.78667752981, 0.17563460713, 0.014956947133, 0.30453300246, 0.031156953304, 0.13899255693, 0.25986193435, 0.36897386248, 0.18629715865, 0.2717143738, 0.6982518378, 0.068918808581, 0.059798589574, 0.32423992283, 0.018376364336, 0.18356228145, 0.70181774872, 0.26505314644, 0.023509863522, 0.37854504749, 0.052086503052, 0.13288032566, 0.18605347909, 0.39626832657, 0.20500299852, 0.40895582862, 0.78962576513, 0.11626679481, 0.10319702968]
    ],
    [
      [0.25737300675, 0.010938878567, 0.16409083478, 0.64619828021, 0.20079083898, 0.013381877222, 0.32337404384, 0.045601691598, 0.17108537748, 0.29204264501, 0.47122257068, 0.19336006849, 0.28770151482, 0.67627330426, 0.075938540532, 0.053433778846, 0.38927815865, 0.019528607869, 0.22695154693, 0.72793363228, 0.15193494905, 0.012155442859, 0.22588734186, 0.025272520379, 0.10277278632, 0.16016055699, 0.33485314903, 0.13240201926, 0.37889757959, 0.81164756096, 0.11859819588, 0.080299973509, 0.34765583578, 0.015828561741, 0.24126635447, 0.75497139839, 0.17067379831, 0.012363320305, 0.30528230062, 0.032326608838, 0.12952772636, 0.22252509472, 0.36933313659, 0.16813778184, 0.31435856789, 0.74280980947, 0.08605316357, 0.067073986751, 0.33744248586, 0.01718890223],
      [0.20503784021, 0.72332994176, 0.21867121989, 0.017476193587, 0.33957585963, 0.041458289653, 0.16573148891, 0.21788941114, 0.45083366696, 0.28371165124, 0.41986664206, 0.76077771988, 0.10898023101, 0.11742088143, 0.19224490882, 0.0076327832394, 0.11190175093, 0.54320732129, 0.22215696021, 0.013700085747, 0.3282843511, 0.055660146034, 0.13522988356, 0.19057330698, 0.40638150714, 0.19707841817, 0.40379569806, 0.78546854643, 0.11598346719, 0.096353109631, 0.27722726716, 0.011711060688, 0.17805124235, 0.66705472281, 0.18374715123, 0.012247085905, 0.29958378332, 0.039513749395, 0.11323251507, 0.23547670784, 0.30646056314, 0.14618129553, 0.24956555514, 0.71551766461, 0.065081961749, 0.05308087779, 0.34846483168, 0.021323262707, 0.20086086651, 0.74658836524],
