{
  "W": [
    [89, 6, 1, 4],
    [81, 6, 9, 4],
    [82, 2, 5, 11],
    [83, 6, 6, 5],
    [84, 4, 5, 7],
    [78, 6, 7, 9],
    [78, 5, 8, 9],
    [83, 7, 7, 3],
    [85, 3, 6, 6],
    [92, 1, 4, 3],
    [86, 3, 3, 8],
    [87, 6, 2, 5],
    [46, 46, 3, 5],
    [5, 89, 1, 5],
    [3, 90, 4, 3],
    [5, 83, 6, 6],
    [4, 89, 4, 3],
    [6, 82, 7, 5],
    [5, 83, 7, 5],
    [5, 91, 2, 2],
    [6, 84, 5, 5],
    [7, 83, 5, 5],
    [5, 86, 2, 7],
    [4, 87, 5, 4],
    [8, 81, 3, 8],
    [2, 8, 83, 7],
    [3, 3, 87, 7],
    [2, 6, 89, 3],
    [8, 6, 82, 4],
    [5, 3, 90, 2],
    [3, 3, 91, 3],
    [7, 5, 81, 7],
    [4, 4, 90, 2],
    [6, 8, 83, 3],
    [4, 6, 87, 3],
    [8, 6, 82, 4],
    [4, 2, 86, 8],
    [5, 5, 47, 43],
    [3, 3, 4, 90],
    [8, 5, 4, 83],
    [10, 3, 4, 83],
    [5, 3, 4, 88],
    [8, 6, 6, 80],
    [3, 6, 6, 85],
    [10, 3, 3, 84],
    [5, 5, 6, 84],
    [6, 4, 7, 83],
    [5, 7, 4, 84],
    [3, 8, 6, 83],
    [6, 3, 1, 90]
  ],
  "X": [
    [32, 68],
    [34, 66],
    [40, 60],
    [37, 63],
    [27, 73],
    [40, 60],
    [36, 64],
    [38, 62],
    [36, 64],
    [33, 67],
    [27, 73],
    [34, 66],
    [47, 53],
    [69, 31],
    [68, 32],
    [66, 34],
    [68, 32],
    [70, 30],
    [54, 46],
    [65, 35],
    [62, 38],
    [66, 34],
    [61, 39],
    [64, 36],
    [65, 35],
    [13, 87],
    [6, 94],
    [8, 92],
    [11, 89],
    [12, 88],
    [5, 95],
    [16, 84],
    [4, 96],
    [11, 89],
    [9, 91],
    [13, 87],
    [9, 91],
    [32, 68],
    [36, 64],
    [35, 65],
    [36, 64],
    [37, 63],
    [34, 66],
    [31, 69],
    [36, 64],
    [42, 58],
    [38, 62],
    [38, 62],
    [38, 62],
    [39, 61]
  ],
  "real_prob": [
    [0.35291877082, 0.64708122918],
    [0.72102423163, 0.27897576837],
    [0.035423484744, 0.96457651526],
    [0.38161596164, 0.61838403836]
  ],
  "method": "exact",
  "prob": [
    [0.34021181203, 0.65978818797],
    [0.7112510821, 0.2887489179],
    [0.036348537371, 0.96365146263],
    [0.3745885685, 0.6254114315]
  ],
  "iterations": 7,
  "logLik": -136.433559668,
  "time": 0.032467,
  "message": "Converged",
  "status": 0,
  "cond_prob": [
    [
      [0.29884316925, 0.67447833472, 0.030515263157, 0.33139316636, 0.70115683075, 0.32552166528, 0.96948473684, 0.66860683364, 0.34374088872, 0.71802601093, 0.037172782406, 0.37856922652, 0.65625911128, 0.28197398907, 0.96282721759, 0.62143077348, 0.40663124169, 0.76871897772, 0.048048896394, 0.44350506761, 0.59336875831, 0.23128102228, 0.95195110361, 0.55649493239, 0.36542821562, 0.73661172022, 0.04071472075, 0.40109989159, 0.63457178438, 0.26338827978, 0.95928527925, 0.59890010841, 0.26493593251, 0.63705145205, 0.025931676571, 0.29535963975, 0.73506406749, 0.36294854795, 0.97406832343, 0.70464036025, 0.39955431723, 0.76356125726, 0.046709418471, 0.43626997592, 0.60044568277, 0.23643874274, 0.95329058153, 0.56373002408, 0.36411073484, 0.73556178882],
      [0.040486018305, 0.39974062131, 0.63588926516, 0.26443821118, 0.95951398169, 0.60025937869, 0.37644403057, 0.74565482617, 0.042581648385, 0.41249671353, 0.62355596943, 0.25434517383, 0.95741835161, 0.58750328647, 0.36625104456, 0.73727561762, 0.040855818228, 0.40194990836, 0.63374895544, 0.26272438238, 0.95914418177, 0.59805009164, 0.33725994051, 0.71200234784, 0.036182239296, 0.37178472273, 0.66274005949, 0.28799765216, 0.9638177607, 0.62821527727, 0.26355443128, 0.63534152553, 0.025758526769, 0.29387734415, 0.73644556872, 0.36465847447, 0.97424147323, 0.70612265585, 0.32152462092, 0.69721394434, 0.033795299496, 0.35529674292, 0.67847537908, 0.30278605566, 0.9662047005, 0.64470325708, 0.30365505331, 0.67947574187, 0.031197069797, 0.33647844249],
      [0.69634494669, 0.32052425813, 0.9688029302, 0.66352155751, 0.36000313062, 0.73238951222, 0.039771333798, 0.39550928505, 0.63999686938, 0.26761048778, 0.9602286662, 0.60449071495, 0.35583283622, 0.72891813483, 0.039076679361, 0.39118754637, 0.64416716378, 0.27108186517, 0.96092332064, 0.60881245363, 0.3696007199, 0.74061570757, 0.041332903782, 0.4054825416, 0.6303992801, 0.25938429243, 0.95866709622, 0.5945174584, 0.36025954294, 0.73272375367, 0.039795367994, 0.39578875986, 0.63974045706, 0.26727624633, 0.96020463201, 0.60421124014, 0.43350669495, 0.78869036743, 0.053020137805, 0.47104174729, 0.56649330505, 0.21130963257, 0.94697986219, 0.52895825271, 0.24895999953, 0.61682609991, 0.023957058772, 0.27818685961, 0.75104000047, 0.38317390009],
      [0.97604294123, 0.72181314039, 0.31286325111, 0.68877206908, 0.032525460894, 0.34618726825, 0.68713674889, 0.31122793092, 0.96747453911, 0.65381273175, 0.3166713726, 0.69266183355, 0.033067771486, 0.35020777776, 0.6833286274, 0.30733816645, 0.96693222851, 0.64979222224, 0.36608098267, 0.73764478411, 0.040752840942, 0.40183036706, 0.63391901733, 0.26235521589, 0.95924715906, 0.59816963294, 0.29053361354, 0.66547155216, 0.029384372807, 0.32257281445, 0.70946638646, 0.33452844784, 0.97061562719, 0.67742718555, 0.32634394201, 0.70207634898, 0.034495796762, 0.36037572181, 0.67365605799, 0.29792365102, 0.96550420324, 0.63962427819, 0.35436626012, 0.72754689136, 0.038853532301, 0.38965139028, 0.64563373988, 0.27245310864, 0.9611464677, 0.61034860972]
    ],
    [
      [0.37330276407, 0.75015601203, 0.040734968553, 0.41016342654, 0.62669723593, 0.24984398797, 0.95926503145, 0.58983657346, 0.22414703181, 0.60100153499, 0.020200189128, 0.25244826363, 0.77585296819, 0.39899846501, 0.97979981087, 0.74755173637, 0.28447284205, 0.67325481836, 0.027409531788, 0.31735902553, 0.71552715795, 0.32674518164, 0.97259046821, 0.68264097447, 0.32416194162, 0.70827012471, 0.033186809423, 0.35894133652, 0.67583805838, 0.29172987529, 0.96681319058, 0.64105866348, 0.499461974, 0.83236385313, 0.065885125146, 0.53796865372, 0.500538026, 0.16763614687, 0.93411487485, 0.46203134628, 0.22078255059, 0.60098416697, 0.019642852098, 0.2490667688, 0.77921744941, 0.39901583303, 0.9803571479, 0.7509332312, 0.47723207956, 0.81903746386],
      [0.061169573607, 0.51563609451, 0.52276792044, 0.18096253614, 0.93883042639, 0.48436390549, 0.14955214936, 0.4859090914, 0.012411023607, 0.17058145617, 0.85044785064, 0.5140909086, 0.98758897639, 0.82941854383, 0.30859614653, 0.69411633129, 0.03093588049, 0.3426047966, 0.69140385347, 0.30588366871, 0.96906411951, 0.6573952034, 0.30404939036, 0.69160439702, 0.030117136661, 0.33799505566, 0.69595060964, 0.30839560298, 0.96988286334, 0.66200494434, 0.39057527669, 0.76279968227, 0.043743970604, 0.42789852584, 0.60942472331, 0.23720031773, 0.9562560294, 0.57210147416, 0.34539837733, 0.72803807513, 0.036186675666, 0.38128452915, 0.65460162267, 0.27196192487, 0.96381332433, 0.61871547085, 0.48446098555, 0.82094110415, 0.064043806875, 0.52239373554],
      [0.51553901445, 0.17905889585, 0.93595619312, 0.47760626446, 0.32978544635, 0.70496094083, 0.035051448239, 0.36395061162, 0.67021455365, 0.29503905917, 0.96494855176, 0.63604938838, 0.31475271989, 0.69053388425, 0.032805227336, 0.34816973386, 0.68524728011, 0.30946611575, 0.96719477266, 0.65183026614, 0.33216830356, 0.70719430654, 0.035413921359, 0.36644672722, 0.66783169644, 0.29280569346, 0.96458607864, 0.63355327278, 0.34042599069, 0.71475078454, 0.036694233931, 0.37507773588, 0.65957400931, 0.28524921546, 0.96330576607, 0.62492226412, 0.30756546932, 0.68343033813, 0.03175539576, 0.34060452303, 0.69243453068, 0.31656966187, 0.96824460424, 0.65939547697, 0.27602213042, 0.64966092084, 0.027399627914, 0.30717141548, 0.72397786958, 0.35033907916],
