{
  "W": [
    [89, 5, 3, 3],
    [82, 5, 6, 7],
    [92, 1, 3, 4],
    [85, 5, 7, 3],
    [85, 7, 4, 4],
    [84, 5, 6, 5],
    [87, 5, 3, 5],
    [83, 5, 4, 8],
    [87, 7, 3, 3],
    [84, 3, 7, 6],
    [79, 6, 9, 6],
    [85, 5, 6, 4],
    [46, 49, 2, 3],
    [5, 87, 4, 4],
    [5, 85, 3, 7],
    [4, 85, 8, 3],
    [2, 85, 8, 5],
    [3, 89, 4, 4],
    [7, 82, 2, 9],
    [6, 87, 4, 3],
    [2, 86, 3, 9],
    [3, 81, 12, 4],
    [3, 87, 5, 5],
    [3, 85, 3, 9],
    [4, 85, 7, 4],
    [5, 5, 85, 5],
    [5, 4, 84, 7],
    [6, 5, 84, 5],
    [5, 8, 82, 5],
    [1, 8, 84, 7],
    [5, 6, 88, 1],
    [4, 3, 90, 3],
    [9, 5, 80, 6],
    [6, 3, 88, 3],
    [7, 4, 85, 4],
    [3, 9, 85, 3],
    [4, 5, 84, 7],
    [7, 6, 43, 44],
    [4, 3, 5, 88],
    [11, 6, 6, 77],
    [12, 4, 4, 80],
    [7, 4, 5, 84],
    [1, 2, 5, 92],
    [9, 2, 7, 82],
    [3, 6, 3, 88],
    [8, 3, 3, 86],
    [2, 7, 5, 86],
    [4, 2, 3, 91],
    [2, 3, 9, 86],
    [5, 5, 7, 83]
  ],
  "X": [
    [14, 86],
    [16, 84],
    [11, 89],
    [14, 86],
    [18, 82],
    [22, 78],
    [14, 86],
    [18, 82],
    [14, 86],
    [18, 82],
    [21, 79],
    [15, 85],
    [52, 48],
    [85, 15],
    [94, 6],
    [88, 12],
    [87, 13],
    [84, 16],
    [86, 14],
    [88, 12],
    [89, 11],
    [87, 13],
    [88, 12],
    [89, 11],
    [83, 17],
    [33, 67],
    [37, 63],
    [34, 66],
    [34, 66],
    [36, 64],
    [35, 65],
    [36, 64],
    [33, 67],
    [27, 73],
    [38, 62],
    [38, 62],
    [40, 60],
    [64, 36],
    [83, 17],
    [83, 17],
    [81, 19],
    [87, 13],
    [93, 7],
    [82, 18],
    [91, 9],
    [89, 11],
    [93, 7],
    [92, 8],
    [90, 10],
    [87, 13]
  ],
  "real_prob": [
    [0.061015739046, 0.93898426095],
    [0.92666261964, 0.073337380359],
    [0.30244650759, 0.69755349241],
    [0.97002539913, 0.029974600874]
  ],
  "method": "exact",
  "prob": [
    [0.063228357408, 0.93677164259],
    [0.9384934004, 0.061506599602],
    [0.30067307392, 0.69932692608],
    [0.96240516827, 0.03759483173]
  ],
  "iterations": 6,
  "logLik": -118.340860725,
  "time": 0.026636,
  "message": "Converged",
  "status": 0,
  "cond_prob": [
    [
      [0.061647444964, 0.94334121497, 0.30058204497, 0.96497506282, 0.93835255504, 0.056658785027, 0.69941795503, 0.035024937179, 0.041784619774, 0.9193875519, 0.22138143099, 0.94977640473, 0.95821538023, 0.080612448096, 0.77861856901, 0.050223595271, 0.05809851757, 0.94021725805, 0.28756496737, 0.96300605585, 0.94190148243, 0.059782741954, 0.71243503263, 0.036993944154, 0.053624594515, 0.93498233075, 0.26970429547, 0.95968924806, 0.94637540548, 0.065017669247, 0.73029570453, 0.04031075194, 0.071998836784, 0.95083670828, 0.33637801313, 0.96968246572, 0.92800116322, 0.049163291717, 0.66362198687, 0.030317534282, 0.11344242042, 0.96843465255, 0.45423624875, 0.98064918582, 0.88655757958, 0.031565347452, 0.54576375125, 0.019350814181, 0.044852035002, 0.92509064512],
      [0.23509583308, 0.95342644599, 0.955147965, 0.074909354879, 0.76490416692, 0.046573554008, 0.054608668768, 0.93678790327, 0.27420089612, 0.96084217392, 0.94539133123, 0.063212096725, 0.72579910388, 0.039157826076, 0.045366769088, 0.92572467886, 0.23717754814, 0.95382856431, 0.95463323091, 0.074275321142, 0.76282245186, 0.04617143569, 0.080443896459, 0.95546194235, 0.36298322742, 0.97257404641, 0.91955610354, 0.044538057651, 0.63701677258, 0.027425953592, 0.078781987458, 0.95444953398, 0.35754278667, 0.97194011782, 0.92121801254, 0.04555046602, 0.64245721333, 0.028059882185, 0.056275791925, 0.93795548073, 0.28008159379, 0.96157267998, 0.94372420807, 0.062044519268, 0.71991840621, 0.038427320016, 0.05590879476, 0.93846654458, 0.27878766682, 0.96191980773],
      [0.94409120524, 0.061533455424, 0.72121233318, 0.03808019227, 0.044523965309, 0.92016542107, 0.23051281878, 0.95023431632, 0.95547603469, 0.079834578931, 0.76948718122, 0.049765683678, 0.21436402722, 0.98781461982, 0.6719326824, 0.99259130456, 0.78563597278, 0.012185380179, 0.3280673176, 0.007408695443, 0.086295775857, 0.9606099381, 0.38444116035, 0.9758142918, 0.91370422414, 0.039390061902, 0.61555883965, 0.024185708202, 0.057691728528, 0.93883854316, 0.28407930823, 0.9621411817, 0.94230827147, 0.061161456841, 0.71592069177, 0.037858818297, 0.033328274089, 0.89269205211, 0.18024572206, 0.9323599129, 0.96667172591, 0.10730794789, 0.81975427794, 0.067640087101, 0.051981158375, 0.93277181932, 0.26202056725, 0.95831128588, 0.94801884162, 0.067228180683],
      [0.73797943275, 0.041688714124, 0.077155875937, 0.95626197006, 0.35573344726, 0.97311318676, 0.92284412406, 0.043738029942, 0.64426655274, 0.026886813243, 0.04745698701, 0.92549981964, 0.24304665619, 0.95366239652, 0.95254301299, 0.074500180364, 0.75695334381, 0.046337603478, 0.092496988074, 0.96282314971, 0.40209150161, 0.97718397258, 0.90750301193, 0.037176850294, 0.59790849839, 0.02281602742, 0.056685741903, 0.93815026666, 0.28045950635, 0.96171440865, 0.9433142581, 0.061849733342, 0.71954049365, 0.038285591345, 0.053218212792, 0.93419755471, 0.2668765257, 0.95921373714, 0.94678178721, 0.065802445291, 0.7331234743, 0.040786262859, 0.04084314214, 0.91241265158, 0.21437957022, 0.94522376387, 0.95915685786, 0.087587348419, 0.78562042978, 0.054776236128]
    ],
    [
      [0.055897099003, 0.93216474432, 0.27377192407, 0.95781544745, 0.944102901, 0.067835255682, 0.72622807593, 0.042184552547, 0.066234373216, 0.94258496055, 0.31127895153, 0.96443662327, 0.93376562678, 0.057415039453, 0.68872104847, 0.035563376726, 0.059606873805, 0.93629692366, 0.28760281833, 0.96044747985, 0.9403931262, 0.063703076341, 0.71239718167, 0.039552520155, 0.05294853563, 0.92860338791, 0.26254535197, 0.95554227146, 0.94705146437, 0.071396612088, 0.73745464803, 0.044457728536, 0.052306878619, 0.92770942871, 0.26001466375, 0.95496941952, 0.94769312138, 0.072290571289, 0.73998533625, 0.045030580479, 0.068357029448, 0.94426594886, 0.31849000758, 0.96549849287, 0.93164297055, 0.05573405114, 0.68150999242, 0.034501507127, 0.072663591564, 0.94754638487],
      [0.33293331822, 0.96756927975, 0.92733640844, 0.052453615126, 0.66706668178, 0.032430720247, 0.056450569382, 0.93294131965, 0.27596700947, 0.95831291998, 0.94354943062, 0.067058680349, 0.72403299053, 0.041687080021, 0.047245908931, 0.92025781461, 0.23983176931, 0.95018513434, 0.95275409107, 0.079742185395, 0.76016823069, 0.049814865658, 0.077962554753, 0.95123397614, 0.35023242392, 0.96989254475, 0.92203744525, 0.048766023855, 0.64976757608, 0.030107455253, 0.066134307709, 0.9424700277, 0.31089736961, 0.96436347037, 0.93386569229, 0.057529972305, 0.68910263039, 0.035636529626, 0.073419438529, 0.94820837704, 0.33558765065, 0.96798824371, 0.92658056147, 0.051791622963, 0.66441234935, 0.032011756294, 0.077190005931, 0.95212545137, 0.34991254527, 0.97046995008],
      [0.92280999407, 0.047874548628, 0.65008745473, 0.029530049919, 0.023263652544, 0.85244613062, 0.13154372047, 0.90558964086, 0.97673634746, 0.14755386938, 0.86845627953, 0.094410359141, 0.066641197406, 0.95023481476, 0.32087853769, 0.96935411317, 0.93335880259, 0.049765185235, 0.67912146231, 0.030645886833, 0.041733558009, 0.9186084444, 0.219892198, 0.94931493418, 0.95826644199, 0.081391555601, 0.780107802, 0.050685065821, 0.062116060774, 0.94698699526, 0.30430805656, 0.9673297537, 0.93788393923, 0.053013004738, 0.69569194344, 0.032670246301, 0.06912557247, 0.95346720545, 0.33105446717, 0.97139856175, 0.93087442753, 0.046532794548, 0.66894553283, 0.028601438252, 0.044821433159, 0.92382228374, 0.23324250694, 0.95263737787, 0.95517856684, 0.07617771626],
