{
  "W": [
    [50, 23, 27],
    [69, 14, 17],
    [60, 21, 19],
    [65, 17, 18],
    [60, 19, 21],
    [66, 14, 20],
    [63, 21, 16],
    [63, 23, 14],
    [63, 18, 19],
    [59, 23, 18],
    [59, 20, 21],
    [56, 20, 24],
    [53, 26, 21],
    [60, 18, 22],
    [48, 24, 28],
    [53, 24, 23],
    [50, 30, 20],
    [24, 61, 15],
    [24, 54, 22],
    [19, 61, 20],
    [23, 58, 19],
    [16, 64, 20],
    [19, 61, 20],
    [12, 66, 22],
    [21, 61, 18],
    [14, 60, 26],
    [18, 63, 19],
    [24, 45, 31],
    [20, 64, 16],
    [19, 64, 17],
    [20, 63, 17],
    [21, 58, 21],
    [25, 54, 21],
    [19, 41, 40],
    [17, 19, 64],
    [27, 19, 54],
    [22, 17, 61],
    [19, 26, 55],
    [21, 20, 59],
    [21, 20, 59],
    [25, 21, 54],
    [18, 18, 64],
    [14, 22, 64],
    [18, 20, 62],
    [28, 23, 49],
    [24, 19, 57],
    [19, 23, 58],
    [22, 12, 66],
    [21, 20, 59],
    [16, 15, 69]
  ],
  "X": [
    [45, 55],
    [41, 59],
    [43, 57],
    [40, 60],
    [42, 58],
    [42, 58],
    [43, 57],
    [44, 56],
    [32, 68],
    [48, 52],
    [45, 55],
    [43, 57],
    [38, 62],
    [42, 58],
    [36, 64],
    [47, 53],
    [49, 51],
    [58, 42],
    [48, 52],
    [55, 45],
    [53, 47],
    [54, 46],
    [59, 41],
    [63, 37],
    [58, 42],
    [57, 43],
    [57, 43],
    [50, 50],
    [67, 33],
    [60, 40],
    [52, 48],
    [59, 41],
    [57, 43],
    [53, 47],
    [33, 67],
    [43, 57],
    [39, 61],
    [46, 54],
    [40, 60],
    [41, 59],
    [45, 55],
    [46, 54],
    [42, 58],
    [37, 63],
    [41, 59],
    [37, 63],
    [36, 64],
    [34, 66],
    [32, 68],
    [32, 68]
  ],
  "real_prob": [
    [0.37402243017, 0.62597756983],
    [0.69883093368, 0.30116906632],
    [0.29055742444, 0.70944257556]
  ],
  "method": "exact",
  "prob": [
    [0.36145692923, 0.63854307077],
    [0.7349105044, 0.2650894956],
    [0.28592766395, 0.71407233605]
  ],
  "iterations": 22,
  "logLik": -140.2139072389,
  "time": 0.261848,
  "message": "Converged",
  "status": 0,
  "cond_prob": [
    [
      [0.38591151819, 0.75679592348, 0.30733769816, 0.61408848181, 0.24320407652, 0.69266230184, 0.37072556465, 0.7446726972, 0.29379519284, 0.62927443535, 0.2553273028, 0.70620480716, 0.36578360142, 0.74068623325, 0.28939857983, 0.63421639858, 0.25931376675, 0.71060142017, 0.34923361153, 0.72664896719, 0.27482126714, 0.65076638847, 0.27335103281, 0.72517873286, 0.3647510214, 0.7398292395, 0.28848491265, 0.6352489786, 0.2601707605, 0.71151508735, 0.38368370754, 0.75497540863, 0.30536097907, 0.61631629246, 0.24502459137, 0.69463902093, 0.36336186811, 0.73867049398, 0.28725762095, 0.63663813189, 0.26132950602, 0.71274237905, 0.3643896177, 0.73952726901, 0.28816620696, 0.6356103823, 0.26047273099, 0.71183379304, 0.26401125728, 0.6403498182],
      [0.20215758231, 0.73598874272, 0.3596501818, 0.79784241769, 0.41072767751, 0.77524082826, 0.32980710984, 0.58927232249, 0.22475917174, 0.67019289016, 0.39279901378, 0.76201981124, 0.31354580774, 0.60720098622, 0.23798018876, 0.68645419226, 0.37386865227, 0.74727524071, 0.29657711078, 0.62613134773, 0.25272475929, 0.70342288922, 0.29529331533, 0.67514308331, 0.22836829149, 0.70470668467, 0.32485691669, 0.77163170851, 0.36953905077, 0.74375409055, 0.29273106018, 0.63046094923, 0.25624590945, 0.70726893982, 0.28734178164, 0.66672455949, 0.22165018048, 0.71265821836, 0.33327544051, 0.77834981952, 0.40022020934, 0.76761231871, 0.32024492416, 0.59977979066, 0.23238768129, 0.67975507584, 0.39529718517, 0.76398422571, 0.31578069851, 0.60470281483],
      [0.23601577429, 0.68421930149, 0.36219145524, 0.73794739086, 0.28617428211, 0.63780854476, 0.26205260914, 0.71382571789, 0.28963768508, 0.66906254536, 0.22360536858, 0.71036231492, 0.33093745464, 0.77639463142, 0.33310764571, 0.71239593494, 0.26074013499, 0.66689235429, 0.28760406506, 0.73925986501, 0.32316034954, 0.70304121703, 0.25215375647, 0.67683965046, 0.29695878297, 0.74784624353, 0.31052494418, 0.69070538106, 0.24132282526, 0.68947505582, 0.30929461894, 0.75867717474, 0.37812307022, 0.75097653777, 0.30030464309, 0.62187692978, 0.24902346223, 0.69969535691, 0.40599255702, 0.77227013484, 0.32537547346, 0.59400744298, 0.22772986516, 0.67462452654, 0.3647800257, 0.74012094068, 0.28845789325, 0.6352199743, 0.25987905932, 0.71154210675]
    ],
    [
      [0.36459820713, 0.74000137034, 0.28829011075, 0.63540179287, 0.25999862966, 0.71170988925, 0.34588941514, 0.72394805864, 0.27185593857, 0.65411058486, 0.27605194136, 0.72814406143, 0.35357808597, 0.73061633202, 0.27859325793, 0.64642191403, 0.26938366798, 0.72140674207, 0.4605594166, 0.80898161176, 0.37587428223, 0.5394405834, 0.19101838824, 0.62412571777, 0.37399338296, 0.74767985002, 0.29662443074, 0.62600661704, 0.25232014998, 0.70337556926, 0.29217503, 0.67172527738, 0.22575334855, 0.70782497, 0.32827472262, 0.77424665145, 0.39222287341, 0.76192195014, 0.31294507383, 0.60777712659, 0.23807804986, 0.68705492617, 0.38613661492, 0.75721127498, 0.30748456087, 0.61386338508, 0.24278872502, 0.69251543913, 0.41322554096, 0.77726521317],
      [0.33202102455, 0.58677445904, 0.22273478683, 0.66797897545, 0.30116174473, 0.6815354567, 0.23329807285, 0.69883825527, 0.3184645433, 0.76670192715, 0.40373301625, 0.77024381394, 0.32341807586, 0.59626698375, 0.22975618606, 0.67658192414, 0.37364322218, 0.74721614013, 0.29634712672, 0.62635677782, 0.25278385987, 0.70365287328, 0.40957976007, 0.77454970904, 0.32872167497, 0.59042023993, 0.22545029096, 0.67127832503, 0.37056972304, 0.74475342419, 0.2936096158, 0.62943027696, 0.25524657581, 0.7063903842, 0.38173656448, 0.75364124201, 0.30357131027, 0.61826343552, 0.24635875799, 0.69642868973, 0.41791604017, 0.78041069801, 0.33636063588, 0.58208395983, 0.21958930199, 0.66363936412, 0.45039537051, 0.80210335095, 0.36648473459, 0.54960462949],
      [0.19789664905, 0.63351526541, 0.38904902863, 0.75932988271, 0.31012587781, 0.61095097137, 0.24067011729, 0.68987412219, 0.33966018628, 0.71842761492, 0.2664123282, 0.66033981372, 0.28157238508, 0.7335876718, 0.36069744557, 0.73660221571, 0.28486980741, 0.63930255443, 0.26339778429, 0.71513019259, 0.33980126038, 0.71852242997, 0.26654111546, 0.66019873962, 0.28147757003, 0.73345888454, 0.31286997051, 0.69325261344, 0.24328724916, 0.68713002949, 0.30674738656, 0.75671275084, 0.34324161556, 0.72159911246, 0.26953780467, 0.65675838444, 0.27840088754, 0.73046219533, 0.28248171318, 0.66167495694, 0.21753194719, 0.71751828682, 0.33832504306, 0.78246805281, 0.31073543908, 0.69121256883, 0.24144991945, 0.68926456092, 0.30878743117, 0.75855008055]
    ]
  ],
  "maxiter": 3600,
  "param_threshold": 0.001,
  "ll_threshold": "-Inf",
  "initial_prob": "group_proportional"
}
