{
  "W": [
    [56, 22, 22],
    [62, 21, 17],
    [53, 25, 22],
    [61, 22, 17],
    [57, 21, 22],
    [60, 19, 21],
    [62, 19, 19],
    [55, 20, 25],
    [49, 28, 23],
    [61, 14, 25],
    [61, 23, 16],
    [66, 16, 18],
    [54, 26, 20],
    [55, 23, 22],
    [69, 13, 18],
    [64, 19, 17],
    [51, 36, 13],
    [19, 58, 23],
    [24, 58, 18],
    [20, 56, 24],
    [22, 53, 25],
    [15, 65, 20],
    [22, 60, 18],
    [22, 61, 17],
    [17, 56, 27],
    [17, 59, 24],
    [21, 62, 17],
    [17, 58, 25],
    [16, 53, 31],
    [20, 61, 19],
    [23, 57, 20],
    [21, 62, 17],
    [16, 61, 23],
    [14, 38, 48],
    [18, 21, 61],
    [20, 13, 67],
    [19, 26, 55],
    [26, 22, 52],
    [20, 17, 63],
    [23, 15, 62],
    [15, 19, 66],
    [22, 22, 56],
    [22, 22, 56],
    [22, 27, 51],
    [21, 17, 62],
    [20, 25, 55],
    [21, 26, 53],
    [28, 17, 55],
    [20, 14, 66],
    [28, 19, 53]
  ],
  "X": [
    [15, 85],
    [13, 87],
    [22, 78],
    [11, 89],
    [17, 83],
    [11, 89],
    [11, 89],
    [17, 83],
    [21, 79],
    [21, 79],
    [16, 84],
    [15, 85],
    [17, 83],
    [15, 85],
    [15, 85],
    [19, 81],
    [13, 87],
    [28, 72],
    [19, 81],
    [30, 70],
    [33, 67],
    [34, 66],
    [26, 74],
    [22, 78],
    [27, 73],
    [30, 70],
    [31, 69],
    [23, 77],
    [35, 65],
    [25, 75],
    [26, 74],
    [20, 80],
    [27, 73],
    [24, 76],
    [25, 75],
    [31, 69],
    [30, 70],
    [26, 74],
    [31, 69],
    [31, 69],
    [29, 71],
    [25, 75],
    [34, 66],
    [23, 77],
    [28, 72],
    [22, 78],
    [26, 74],
    [25, 75],
    [31, 69],
    [30, 70]
  ],
  "real_prob": [
    [0.023499764054, 0.97650023595],
    [0.30058039231, 0.69941960769],
    [0.38047410587, 0.61952589413]
  ],
  "method": "exact",
  "prob": [
    [0.046402828894, 0.95359717111],
    [0.29944885679, 0.70055114321],
    [0.35982307321, 0.64017692679]
  ],
  "iterations": 24,
  "logLik": -135.6319598078,
  "time": 0.185944,
  "message": "Converged",
  "status": 0,
  "cond_prob": [
    [
      [0.039074657048, 0.26252159596, 0.31983382246, 0.96092534295, 0.73747840404, 0.68016617754, 0.037634502164, 0.25540698001, 0.31194789916, 0.96236549784, 0.74459301999, 0.68805210084, 0.06203128253, 0.36696694106, 0.43355311361, 0.93796871747, 0.63303305894, 0.56644688639, 0.029988053307, 0.21313217523, 0.26363652313, 0.97001194669, 0.78686782477, 0.73636347687, 0.046957472586, 0.30157055731, 0.36320192541, 0.95304252741, 0.69842944269, 0.63679807459, 0.028771298529, 0.20594658571, 0.25527318856, 0.97122870147, 0.79405341429, 0.74472681144, 0.03025771583, 0.21472347603, 0.2654881881, 0.96974228417, 0.78527652397, 0.7345118119, 0.044529876886, 0.2897966018, 0.35019698941, 0.95547012311, 0.7102033982, 0.64980301059, 0.053597771508, 0.33134842278],
      [0.39547623297, 0.94640222849, 0.66865157722, 0.60452376703, 0.067607939484, 0.38924565012, 0.45705906359, 0.93239206052, 0.61075434988, 0.54294093641, 0.048448038314, 0.30887443815, 0.37128484909, 0.95155196169, 0.69112556185, 0.62871515091, 0.049150696937, 0.31249782742, 0.37533826464, 0.95084930306, 0.68750217258, 0.62466173536, 0.044730607337, 0.29075302504, 0.35124842764, 0.95526939266, 0.70924697496, 0.64875157236, 0.038347084919, 0.25868633733, 0.31550566231, 0.96165291508, 0.74131366267, 0.68449433769, 0.052759100114, 0.32909298728, 0.39341184763, 0.94724089989, 0.67090701272, 0.60658815237, 0.06515068311, 0.38009799999, 0.44755848713, 0.93484931689, 0.61990200001, 0.55244151287, 0.031138974818, 0.21928381859, 0.27059190885, 0.96886102518],
      [0.78071618141, 0.72940809115, 0.050429452244, 0.3160849731, 0.37864834642, 0.94957054776, 0.6839150269, 0.62135165358, 0.032719600204, 0.22729846111, 0.27952326947, 0.9672803998, 0.77270153889, 0.72047673053, 0.056224023991, 0.34156025297, 0.40617272308, 0.94377597601, 0.65843974703, 0.59382727692, 0.066433930355, 0.38283596753, 0.44992589012, 0.93356606965, 0.61716403247, 0.55007410988, 0.063962201353, 0.37305301496, 0.43960605037, 0.93603779865, 0.62694698504, 0.56039394963, 0.048111205311, 0.30554231499, 0.36716747686, 0.95188879469, 0.69445768501, 0.63283252314, 0.038601906494, 0.25885053797, 0.3153456024, 0.96139809351, 0.74114946203, 0.6846543976, 0.046141197744, 0.29611801185, 0.3567774435, 0.95385880226, 0.70388198815, 0.6432225565]
    ],
    [
      [0.054004782178, 0.33191735209, 0.39578312206, 0.94599521782, 0.66808264791, 0.60421687794, 0.061130069575, 0.36195914098, 0.42792951755, 0.93886993042, 0.63804085902, 0.57207048245, 0.03744617379, 0.25267191899, 0.30833774978, 0.96255382621, 0.74732808101, 0.69166225022, 0.065613435501, 0.37948551458, 0.44636944384, 0.9343865645, 0.62051448542, 0.55363055616, 0.044271150969, 0.28723764902, 0.34700423106, 0.95572884903, 0.71276235098, 0.65299576894, 0.048451347536, 0.30714262243, 0.36892447641, 0.95154865246, 0.69285737757, 0.63107552359, 0.033725125803, 0.23279473295, 0.28579405382, 0.9662748742, 0.76720526705, 0.71420594618, 0.046126509783, 0.296036574, 0.35668455781, 0.95387349022, 0.703963426, 0.64331544219, 0.035639755355, 0.24294136435],
      [0.29727649125, 0.96436024465, 0.75705863565, 0.70272350875, 0.037900605294, 0.25495236007, 0.31088179579, 0.96209939471, 0.74504763993, 0.68911820421, 0.051719179742, 0.32178330996, 0.38481243844, 0.94828082026, 0.67821669004, 0.61518756156, 0.050448550618, 0.31607318976, 0.37861044735, 0.94955144938, 0.68392681024, 0.62138955265, 0.045448028816, 0.29295566425, 0.35333320456, 0.95455197118, 0.70704433575, 0.64666679544, 0.052346554743, 0.32459019098, 0.38785770886, 0.94765344526, 0.67540980902, 0.61214229114, 0.054625832823, 0.33467234461, 0.39876646252, 0.94537416718, 0.66532765539, 0.60123353748, 0.044283653609, 0.28702935554, 0.34669980971, 0.95571634639, 0.71297064446, 0.65330019029, 0.040375460606, 0.26780780238, 0.32535657526, 0.95962453939],
      [0.73219219762, 0.67464342474, 0.06324698065, 0.3703598926, 0.4367972998, 0.93675301935, 0.6296401074, 0.5632027002, 0.036651614782, 0.24849141212, 0.30361561466, 0.96334838522, 0.75150858788, 0.69638438534, 0.045856423317, 0.29474653026, 0.35526329187, 0.95414357668, 0.70525346974, 0.64473670813, 0.033336068403, 0.23049046238, 0.28310940132, 0.9666639316, 0.76950953762, 0.71689059868, 0.042487002069, 0.27839064696, 0.33716256859, 0.95751299793, 0.72160935304, 0.66283743141, 0.043742974497, 0.2847434442, 0.34426469387, 0.9562570255, 0.7152565558, 0.65573530613, 0.051875117258, 0.32248279009, 0.38557179687, 0.94812488274, 0.67751720991, 0.61442820313, 0.057356075795, 0.34651200704, 0.41151512724, 0.9426439242, 0.65348799296, 0.58848487276]
    ]
  ],
  "maxiter": 3600,
  "param_threshold": 0.001,
  "ll_threshold": "-Inf",
  "initial_prob": "group_proportional"
}
