{
  "W": [
    [69, 16, 15],
    [64, 18, 18],
    [58, 24, 18],
    [63, 18, 19],
    [50, 24, 26],
    [61, 11, 28],
    [54, 20, 26],
    [70, 20, 10],
    [56, 17, 27],
    [65, 13, 22],
    [68, 17, 15],
    [58, 13, 29],
    [48, 26, 26],
    [55, 24, 21],
    [59, 22, 19],
    [51, 22, 27],
    [49, 34, 17],
    [16, 67, 17],
    [24, 59, 17],
    [23, 58, 19],
    [18, 61, 21],
    [24, 58, 18],
    [17, 59, 24],
    [19, 70, 11],
    [20, 55, 25],
    [19, 65, 16],
    [20, 53, 27],
    [18, 62, 20],
    [19, 62, 19],
    [25, 56, 19],
    [17, 66, 17],
    [14, 62, 24],
    [22, 54, 24],
    [19, 33, 48],
    [16, 24, 60],
    [22, 16, 62],
    [24, 17, 59],
    [25, 21, 54],
    [15, 25, 60],
    [29, 20, 51],
    [21, 22, 57],
    [24, 20, 56],
    [13, 28, 59],
    [25, 12, 63],
    [16, 24, 60],
    [21, 21, 58],
    [20, 21, 59],
    [20, 19, 61],
    [24, 17, 59],
    [20, 21, 59]
  ],
  "X": [
    [14, 86],
    [22, 78],
    [18, 82],
    [24, 76],
    [23, 77],
    [16, 84],
    [16, 84],
    [17, 83],
    [23, 77],
    [24, 76],
    [14, 86],
    [23, 77],
    [28, 72],
    [21, 79],
    [29, 71],
    [25, 75],
    [30, 70],
    [35, 65],
    [38, 62],
    [37, 63],
    [46, 54],
    [37, 63],
    [41, 59],
    [48, 52],
    [40, 60],
    [44, 56],
    [40, 60],
    [50, 50],
    [37, 63],
    [36, 64],
    [42, 58],
    [48, 52],
    [38, 62],
    [29, 71],
    [32, 68],
    [22, 78],
    [23, 77],
    [26, 74],
    [29, 71],
    [25, 75],
    [30, 70],
    [29, 71],
    [36, 64],
    [18, 82],
    [36, 64],
    [31, 69],
    [33, 67],
    [31, 69],
    [25, 75],
    [29, 71]
  ],
  "real_prob": [
    [0.052260388725, 0.94773961128],
    [0.61308521471, 0.38691478529],
    [0.23530127082, 0.76469872918]
  ],
  "method": "exact",
  "prob": [
    [0.081122208152, 0.91887779185],
    [0.57020988575, 0.42979011425],
    [0.25343901529, 0.74656098471]
  ],
  "iterations": 22,
  "logLik": -138.3013613805,
  "time": 0.198368,
  "message": "Converged",
  "status": 0,
  "cond_prob": [
    [
      [0.054423138084, 0.47056941644, 0.18104618727, 0.94557686192, 0.52943058356, 0.81895381273, 0.092622037969, 0.6109829553, 0.28191646526, 0.90737796203, 0.3890170447, 0.71808353474, 0.055929995146, 0.47603349498, 0.18506980011, 0.94407000485, 0.52396650502, 0.81493019989, 0.10431151104, 0.64162746355, 0.30942528741, 0.89568848896, 0.35837253645, 0.69057471259, 0.073976620166, 0.5501445559, 0.23452690962, 0.92602337983, 0.4498554441, 0.76547309038, 0.067441187436, 0.52706441879, 0.2174421057, 0.93255881256, 0.47293558121, 0.7825578943, 0.050017885748, 0.44670583156, 0.16788144378, 0.94998211425, 0.55329416844, 0.83211855622, 0.064961061821, 0.51728390124, 0.21070476478, 0.93503893818, 0.48271609876, 0.78929523522, 0.091620652033, 0.60753149096],
      [0.27930400518, 0.90837934797, 0.39246850904, 0.72069599482, 0.11874167816, 0.67439111909, 0.34157756235, 0.88125832184, 0.32560888091, 0.65842243765, 0.052314522325, 0.45996672868, 0.17487853963, 0.94768547768, 0.54003327132, 0.82512146037, 0.10203786053, 0.6356636547, 0.30407505442, 0.89796213947, 0.3643363453, 0.69592494558, 0.094718204389, 0.61551490327, 0.28654379632, 0.90528179561, 0.38448509673, 0.71345620368, 0.067988691917, 0.52789492553, 0.218625892, 0.93201130808, 0.47210507447, 0.781374108, 0.12343921316, 0.68361546063, 0.35144980473, 0.87656078684, 0.31638453937, 0.64855019527, 0.088500946251, 0.59795698097, 0.27153326518, 0.91149905375, 0.40204301903, 0.72846673482, 0.092362769038, 0.60882148214, 0.28084081908, 0.90763723096],
      [0.39117851786, 0.71915918092, 0.05419485695, 0.46392577971, 0.17940323815, 0.94580514305, 0.53607422029, 0.82059676185, 0.073719979053, 0.54686325046, 0.23328168974, 0.92628002095, 0.45313674954, 0.76671831026, 0.07080225651, 0.53596813934, 0.22554715888, 0.92919774349, 0.46403186066, 0.77445284112, 0.098383157793, 0.62362896588, 0.29465410673, 0.90161684221, 0.37637103412, 0.70534589327, 0.071325020368, 0.5379851124, 0.22694794399, 0.92867497963, 0.4620148876, 0.77305205601, 0.08037333704, 0.5698705836, 0.25047036825, 0.91962666296, 0.4301294164, 0.74952963175, 0.095154310876, 0.6147916221, 0.28696859511, 0.90484568912, 0.3852083779, 0.71303140489, 0.083322529423, 0.57970247547, 0.25799653043, 0.91667747058, 0.42029752453, 0.74200346957]
    ],
    [
      [0.085670193009, 0.5869393521, 0.26382552788, 0.91432980699, 0.4130606479, 0.73617447212, 0.085837077581, 0.58767953706, 0.2643052957, 0.91416292242, 0.41232046294, 0.7356947043, 0.11557694536, 0.66524453624, 0.33372268684, 0.88442305464, 0.33475546376, 0.66627731316, 0.064971035052, 0.5125912653, 0.20973115188, 0.93502896495, 0.4874087347, 0.79026884812, 0.070536760732, 0.5350738399, 0.22486557619, 0.92946323927, 0.4649261601, 0.77513442381, 0.076109741889, 0.5550841371, 0.23944596112, 0.92389025811, 0.4449158629, 0.76055403888, 0.10225078391, 0.6335646732, 0.30364497028, 0.89774921609, 0.3664353268, 0.69635502972, 0.078238918756, 0.56291111249, 0.24506432138, 0.92176108124, 0.43708888751, 0.75493567862, 0.067610645669, 0.524087924],
      [0.21709367167, 0.93238935433, 0.475912076, 0.78290632833, 0.088579360592, 0.59632817993, 0.27118089854, 0.91142063941, 0.40367182007, 0.72881910146, 0.062355104662, 0.50318798088, 0.20285774199, 0.93764489534, 0.49681201912, 0.79714225801, 0.066168238114, 0.51908265662, 0.21334842581, 0.93383176189, 0.48091734338, 0.78665157419, 0.073885153695, 0.54849653595, 0.23397118338, 0.92611484631, 0.45150346405, 0.76602881662, 0.074505415771, 0.55018252567, 0.23546426036, 0.92549458423, 0.44981747433, 0.76453573964, 0.073662176345, 0.54791722807, 0.23344024166, 0.92633782365, 0.45208277193, 0.76655975834, 0.086623806436, 0.59066443942, 0.26642600697, 0.91337619356, 0.40933556058, 0.73357399303, 0.087437477244, 0.59330761207, 0.26848836258, 0.91256252276],
      [0.40669238793, 0.73151163742, 0.097806245972, 0.62219980617, 0.29333769881, 0.90219375403, 0.37780019383, 0.70666230119, 0.053132401278, 0.46121980872, 0.17677860736, 0.94686759872, 0.53878019128, 0.82322139264, 0.10659829796, 0.64462082523, 0.31372545712, 0.89340170204, 0.35537917477, 0.68627454288, 0.09251366178, 0.60803022481, 0.2808375583, 0.90748633822, 0.39196977519, 0.7191624417, 0.10088923293, 0.63060191034, 0.30067076651, 0.89911076707, 0.36939808966, 0.69932923349, 0.094637198457, 0.61396209819, 0.2859340355, 0.90536280154, 0.38603790181, 0.7140659645, 0.074283607432, 0.55000570962, 0.23503553149, 0.92571639257, 0.44999429038, 0.76496446851, 0.082958449618, 0.57916829809, 0.25725926691, 0.91704155038, 0.42083170191, 0.74274073309]
    ]
  ],
  "maxiter": 3600,
  "param_threshold": 0.001,
  "ll_threshold": "-Inf",
  "initial_prob": "group_proportional"
}
