{
  "W": [
    [72, 13, 15],
    [75, 14, 11],
    [71, 17, 12],
    [71, 6, 23],
    [77, 12, 11],
    [70, 15, 15],
    [80, 10, 10],
    [74, 13, 13],
    [73, 14, 13],
    [70, 11, 19],
    [72, 15, 13],
    [72, 17, 11],
    [70, 9, 21],
    [73, 12, 15],
    [78, 8, 14],
    [78, 7, 15],
    [53, 34, 13],
    [9, 79, 12],
    [16, 69, 15],
    [11, 73, 16],
    [7, 81, 12],
    [19, 68, 13],
    [15, 75, 10],
    [12, 71, 17],
    [11, 74, 15],
    [18, 70, 12],
    [12, 73, 15],
    [9, 75, 16],
    [12, 77, 11],
    [6, 78, 16],
    [17, 70, 13],
    [12, 72, 16],
    [12, 75, 13],
    [17, 29, 54],
    [10, 18, 72],
    [12, 18, 70],
    [12, 8, 80],
    [16, 11, 73],
    [13, 12, 75],
    [12, 17, 71],
    [12, 9, 79],
    [13, 12, 75],
    [16, 17, 67],
    [14, 10, 76],
    [13, 18, 69],
    [15, 16, 69],
    [14, 14, 72],
    [16, 16, 68],
    [16, 17, 67],
    [19, 18, 63]
  ],
  "X": [
    [53, 47],
    [59, 41],
    [63, 37],
    [64, 36],
    [57, 43],
    [54, 46],
    [66, 34],
    [61, 39],
    [52, 48],
    [61, 39],
    [65, 35],
    [60, 40],
    [67, 33],
    [61, 39],
    [61, 39],
    [67, 33],
    [44, 56],
    [28, 72],
    [33, 67],
    [29, 71],
    [18, 82],
    [28, 72],
    [26, 74],
    [26, 74],
    [39, 61],
    [31, 69],
    [22, 78],
    [33, 67],
    [28, 72],
    [33, 67],
    [28, 72],
    [42, 58],
    [37, 63],
    [53, 47],
    [63, 37],
    [58, 42],
    [68, 32],
    [63, 37],
    [72, 28],
    [61, 39],
    [66, 34],
    [67, 33],
    [71, 29],
    [70, 30],
    [68, 32],
    [65, 35],
    [62, 38],
    [64, 36],
    [65, 35],
    [57, 43]
  ],
  "real_prob": [
    [0.63233897512, 0.36766102488],
    [0.17303261298, 0.82696738702],
    [0.74379586458, 0.25620413542]
  ],
  "method": "exact",
  "prob": [
    [0.64678087552, 0.35321912448],
    [0.16183028255, 0.83816971745],
    [0.74492508974, 0.25507491026]
  ],
  "iterations": 11,
  "logLik": -149.2570277474,
  "time": 0.073042,
  "message": "Converged",
  "status": 0,
  "cond_prob": [
    [
      [0.57216328661, 0.12215825714, 0.68107906808, 0.42783671339, 0.87784174286, 0.31892093192, 0.64743064375, 0.16003372938, 0.74565722793, 0.35256935625, 0.83996627062, 0.25434277207, 0.70572509526, 0.19876424161, 0.79287717743, 0.29427490474, 0.80123575839, 0.20712282257, 0.64659829945, 0.15959610919, 0.74495409059, 0.35340170055, 0.84040389081, 0.25504590941, 0.61537704946, 0.14255485381, 0.71866444962, 0.38462295054, 0.85744514619, 0.28133555038, 0.59328863295, 0.13167041332, 0.6996492996, 0.40671136705, 0.86832958668, 0.3003507004, 0.70179321628, 0.19590510565, 0.78974916415, 0.29820678372, 0.80409489435, 0.21025083585, 0.66165259203, 0.16858514001, 0.75739241307, 0.33834740797, 0.83141485999, 0.24260758693, 0.56849719544, 0.12056812273],
      [0.67782700112, 0.43150280456, 0.87943187727, 0.32217299888, 0.64473981463, 0.1584726185, 0.74342179854, 0.35526018537, 0.8415273815, 0.25657820146, 0.71529842132, 0.20621338691, 0.80040868165, 0.28470157868, 0.79378661309, 0.19959131835, 0.67433498024, 0.1766275447, 0.76774665115, 0.32566501976, 0.8233724553, 0.23225334885, 0.69672355647, 0.19209688358, 0.78573709977, 0.30327644353, 0.80790311642, 0.21426290023, 0.65426463593, 0.1640816657, 0.75131343923, 0.34573536407, 0.8359183343, 0.24868656077, 0.63449062327, 0.15275833619, 0.73483319252, 0.36550937673, 0.84724166381, 0.26516680748, 0.69171815035, 0.18857976039, 0.78172839666, 0.30828184965, 0.81142023961, 0.21827160334, 0.58068140555, 0.12559111202, 0.68875289977, 0.41931859445],
      [0.87440888798, 0.31124710023, 0.65771635316, 0.16489799103, 0.75446762754, 0.34228364684, 0.83510200897, 0.24553237246, 0.65440947323, 0.16309988896, 0.75170373935, 0.34559052677, 0.83690011104, 0.24829626065, 0.62201506988, 0.14468300426, 0.72474843254, 0.37798493012, 0.85531699574, 0.27525156746, 0.49070851763, 0.089832173981, 0.60738619034, 0.50929148237, 0.91016782602, 0.39261380966, 0.57279870184, 0.12129991511, 0.68218695674, 0.42720129816, 0.87870008489, 0.31781304326, 0.59871382264, 0.13294095396, 0.70487211133, 0.40128617736, 0.86705904604, 0.29512788867, 0.55391763703, 0.11324407719, 0.66545052209, 0.44608236297, 0.88675592281, 0.33454947791, 0.75895920372, 0.24515386548, 0.83400418092, 0.24104079628, 0.75484613452, 0.16599581908]
    ],
    [
      [0.63668953333, 0.15278941733, 0.73702743223, 0.36331046667, 0.84721058267, 0.26297256777, 0.49911175582, 0.092937409228, 0.61508187044, 0.50088824418, 0.90706259077, 0.38491812956, 0.69431456119, 0.18943392795, 0.78397652205, 0.30568543881, 0.81056607205, 0.21602347795, 0.6443930531, 0.15699995852, 0.74348059604, 0.3556069469, 0.84300004148, 0.25651940396, 0.71372664421, 0.20421990329, 0.79928047988, 0.28627335579, 0.79578009671, 0.20071952012, 0.58798740405, 0.12803364475, 0.69552761528, 0.41201259595, 0.87196635525, 0.30447238472, 0.77767509269, 0.26527291081, 0.84801558184, 0.22232490731, 0.73472708919, 0.15198441816, 0.74493483382, 0.23142683318, 0.82336688507, 0.25506516618, 0.76857316682, 0.17663311493, 0.61025004606, 0.1394761272],
      [0.71446188015, 0.38974995394, 0.8605238728, 0.28553811985, 0.64688551674, 0.15925954064, 0.74533990418, 0.35311448326, 0.84074045936, 0.25466009582, 0.58753593428, 0.12875853624, 0.69474164481, 0.41246406572, 0.87124146376, 0.30525835519, 0.63893270308, 0.15486851057, 0.73867324348, 0.36106729692, 0.84513148943, 0.26132675652, 0.6049020708, 0.13707284847, 0.70977761006, 0.3950979292, 0.86292715153, 0.29022238994, 0.7177035755, 0.20744830589, 0.80240631797, 0.2822964245, 0.79255169411, 0.19759368203, 0.61738811843, 0.14322518819, 0.72051428704, 0.38261188157, 0.85677481181, 0.27948571296, 0.6219608808, 0.1456909506, 0.72437026424, 0.3780391192, 0.8543090494, 0.27562973576, 0.65637783721, 0.16494772395, 0.75316953905, 0.34362216279],
      [0.83505227605, 0.24683046095, 0.74475319524, 0.23070509311, 0.82331287005, 0.25524680476, 0.76929490689, 0.17668712995, 0.67970131023, 0.17974649707, 0.77219364061, 0.32029868977, 0.82025350293, 0.22780635939, 0.71241247084, 0.20326988467, 0.79825768051, 0.28758752916, 0.79673011533, 0.20174231949, 0.66308642795, 0.16902011089, 0.75868669285, 0.33691357205, 0.83097988911, 0.24131330715, 0.61103389416, 0.14005650923, 0.7150657549, 0.38896610584, 0.85994349077, 0.2849342451, 0.65201070336, 0.16232283607, 0.74956857896, 0.34798929664, 0.83767716393, 0.25043142104, 0.6715030002, 0.1743358422, 0.76555586089, 0.3284969998, 0.8256641578, 0.23444413911, 0.58451042722, 0.12740854793, 0.69207854, 0.41548957278, 0.87259145207, 0.30792146]
    ]
  ],
  "maxiter": 3600,
  "param_threshold": 0.001,
  "ll_threshold": "-Inf",
  "initial_prob": "group_proportional"
}
