{
  "W": [
    [76, 13, 11],
    [77, 10, 13],
    [74, 12, 14],
    [81, 5, 14],
    [80, 10, 10],
    [72, 15, 13],
    [81, 9, 10],
    [76, 10, 14],
    [68, 17, 15],
    [71, 17, 12],
    [73, 17, 10],
    [76, 14, 10],
    [82, 5, 13],
    [65, 13, 22],
    [70, 21, 9],
    [67, 13, 20],
    [55, 38, 7],
    [16, 75, 9],
    [12, 74, 14],
    [14, 73, 13],
    [9, 73, 18],
    [13, 71, 16],
    [9, 80, 11],
    [12, 79, 9],
    [10, 75, 15],
    [14, 68, 18],
    [17, 69, 14],
    [11, 73, 16],
    [12, 72, 16],
    [12, 73, 15],
    [13, 72, 15],
    [15, 72, 13],
    [10, 73, 17],
    [17, 28, 55],
    [11, 13, 76],
    [13, 16, 71],
    [11, 8, 81],
    [16, 19, 65],
    [13, 16, 71],
    [8, 11, 81],
    [16, 6, 78],
    [13, 14, 73],
    [11, 14, 75],
    [12, 17, 71],
    [11, 10, 79],
    [15, 18, 67],
    [15, 18, 67],
    [12, 16, 72],
    [17, 18, 65],
    [13, 14, 73]
  ],
  "X": [
    [62, 38],
    [67, 33],
    [70, 30],
    [62, 38],
    [55, 45],
    [64, 36],
    [71, 29],
    [61, 39],
    [58, 42],
    [67, 33],
    [69, 31],
    [58, 42],
    [70, 30],
    [68, 32],
    [59, 41],
    [70, 30],
    [67, 33],
    [72, 28],
    [77, 23],
    [78, 22],
    [78, 22],
    [80, 20],
    [74, 26],
    [77, 23],
    [78, 22],
    [81, 19],
    [73, 27],
    [77, 23],
    [81, 19],
    [72, 28],
    [73, 27],
    [78, 22],
    [83, 17],
    [90, 10],
    [91, 9],
    [91, 9],
    [86, 14],
    [81, 19],
    [81, 19],
    [89, 11],
    [89, 11],
    [86, 14],
    [91, 9],
    [84, 16],
    [89, 11],
    [85, 15],
    [87, 13],
    [85, 15],
    [78, 22],
    [90, 10]
  ],
  "real_prob": [
    [0.55533573075, 0.44466426925],
    [0.77233932977, 0.22766067023],
    [0.94598236389, 0.054017636111]
  ],
  "method": "exact",
  "prob": [
    [0.57258718977, 0.42741281023],
    [0.77094580273, 0.22905419727],
    [0.93837365036, 0.061626349637]
  ],
  "iterations": 11,
  "logLik": -138.2964042204,
  "time": 0.055961,
  "message": "Converged",
  "status": 0,
  "cond_prob": [
    [
      [0.55121786628, 0.75705747663, 0.93324499696, 0.44878213372, 0.24294252337, 0.066755003039, 0.6069401522, 0.79661347268, 0.9461133503, 0.3930598478, 0.20338652732, 0.0538866497, 0.63382643406, 0.81449384938, 0.95163697763, 0.36617356594, 0.18550615062, 0.048363022373, 0.55689549156, 0.76125582679, 0.93465614643, 0.44310450844, 0.23874417321, 0.065343853565, 0.48502459861, 0.70502183656, 0.91478137458, 0.51497540139, 0.29497816344, 0.085218625423, 0.56076272431, 0.7641296095, 0.93562613131, 0.43923727569, 0.2358703905, 0.064373868686, 0.66558690849, 0.83458637928, 0.9576182999, 0.33441309151, 0.16541362072, 0.042381700098, 0.53366917745, 0.74386602984, 0.92874872969, 0.46633082255, 0.25613397016, 0.071251270307, 0.47706825033, 0.69846767195],
      [0.9123605703, 0.52293174967, 0.30153232805, 0.087639429697, 0.59533483205, 0.78869436698, 0.94361855714, 0.40466516795, 0.21130563302, 0.056381442864, 0.62649238234, 0.80967318241, 0.95016119884, 0.37350761766, 0.19032681759, 0.049838801165, 0.50847584859, 0.72414216126, 0.92178452499, 0.49152415141, 0.27585783874, 0.078215475008, 0.65187504698, 0.82601653063, 0.95508949955, 0.34812495302, 0.17398346937, 0.044910500449, 0.57368755243, 0.77361054365, 0.93878963749, 0.42631244757, 0.22638945635, 0.061210362514, 0.50739291956, 0.72329226539, 0.92148422859, 0.49260708044, 0.27670773461, 0.07851577141, 0.60761260036, 0.79719088098, 0.94632371614, 0.39238739964, 0.20280911902, 0.053676283856, 0.56752559019, 0.7690828171, 0.93727792713, 0.43247440981],
      [0.2309171829, 0.062722072866, 0.52435906721, 0.7369646863, 0.92643371691, 0.47564093279, 0.2630353137, 0.073566283086, 0.56931610104, 0.77077064845, 0.93794134301, 0.43068389896, 0.22922935155, 0.062058656988, 0.5922082681, 0.78695646597, 0.94317401775, 0.4077917319, 0.21304353403, 0.05682598225, 0.56507550641, 0.76778932864, 0.93698330285, 0.43492449359, 0.23221067136, 0.063016697148, 0.61270414805, 0.80102764444, 0.94761770749, 0.38729585195, 0.19897235556, 0.05238229251, 0.52605999043, 0.7383630151, 0.92694717073, 0.47394000957, 0.2616369849, 0.073052829267, 0.58124647614, 0.77922680373, 0.94068053245, 0.41875352386, 0.22077319627, 0.059319467552, 0.57565418257, 0.77535588906, 0.93945109964, 0.42434581743, 0.22464411094, 0.060548900357]
    ],
    [
      [0.62690788738, 0.81049397049, 0.95053886574, 0.37309211262, 0.18950602951, 0.04946113426, 0.52785590661, 0.73974601736, 0.92742674212, 0.47214409339, 0.26025398264, 0.072573257881, 0.56137517654, 0.76504024198, 0.93605846209, 0.43862482346, 0.23495975802, 0.063941537911, 0.62552653646, 0.80957733522, 0.95025708914, 0.37447346354, 0.19042266478, 0.049742910857, 0.49753453764, 0.71570761834, 0.91886196064, 0.50246546236, 0.28429238166, 0.081138039359, 0.5137297097, 0.72872458625, 0.92355623758, 0.4862702903, 0.27127541375, 0.076443762424, 0.59509080705, 0.78894677512, 0.9438053912, 0.40490919295, 0.21105322488, 0.056194608796, 0.65011510042, 0.82551506039, 0.95507350515, 0.34988489958, 0.17448493961, 0.044926494852, 0.7260505562, 0.87147590492],
      [0.96828754921, 0.2739494438, 0.12852409508, 0.031712450789, 0.66387571853, 0.83562021395, 0.95834610941, 0.33612428147, 0.16437978605, 0.041653890594, 0.69165219407, 0.85214498927, 0.96301692463, 0.30834780593, 0.14785501073, 0.036983075371, 0.50347238403, 0.72254202876, 0.92199342649, 0.49652761597, 0.27745797124, 0.078006573511, 0.49045098883, 0.71108897177, 0.91757067254, 0.50954901117, 0.28891102823, 0.082429327461, 0.45185373023, 0.6783411006, 0.9052456887, 0.54814626977, 0.3216588994, 0.094754311305, 0.56558675656, 0.77019274708, 0.93831093493, 0.43441324344, 0.22980725292, 0.061689065067, 0.62390021031, 0.81003226389, 0.95073593656, 0.37609978969, 0.18996773611, 0.04926406344, 0.5509737602, 0.75888833281, 0.93442334874, 0.4490262398],
      [0.24111166719, 0.06557665126, 0.66766385403, 0.83790920603, 0.95899958295, 0.33233614597, 0.16209079397, 0.041000417049, 0.50885039043, 0.72634165949, 0.92318291695, 0.49114960957, 0.27365834051, 0.076817083049, 0.5922673669, 0.78889686797, 0.9442543074, 0.4077326331, 0.21110313203, 0.055745692603, 0.561879403, 0.76661832888, 0.93690565724, 0.438120597, 0.23338167112, 0.063094342758, 0.6087694023, 0.79952335432, 0.94741848639, 0.3912305977, 0.20047664568, 0.052581513614, 0.52684001451, 0.74054888972, 0.92818246653, 0.47315998549, 0.25945111028, 0.071817533467, 0.43915507584, 0.66670039553, 0.90051933217, 0.56084492416, 0.33329960447, 0.099480667827, 0.65591685172, 0.83046446838, 0.95680244343, 0.34408314828, 0.16953553162, 0.043197556572]
    ]
  ],
  "maxiter": 3600,
  "param_threshold": 0.001,
  "ll_threshold": "-Inf",
  "initial_prob": "group_proportional"
}
