{
  "W": [
    [74, 26],
    [74, 26],
    [79, 21],
    [75, 25],
    [71, 29],
    [74, 26],
    [81, 19],
    [71, 29],
    [77, 23],
    [68, 32],
    [72, 28],
    [76, 24],
    [71, 29],
    [75, 25],
    [73, 27],
    [77, 23],
    [75, 25],
    [82, 18],
    [77, 23],
    [74, 26],
    [78, 22],
    [71, 29],
    [81, 19],
    [82, 18],
    [70, 30],
    [23, 77],
    [23, 77],
    [29, 71],
    [24, 76],
    [22, 78],
    [32, 68],
    [30, 70],
    [22, 78],
    [21, 79],
    [30, 70],
    [28, 72],
    [25, 75],
    [21, 79],
    [22, 78],
    [25, 75],
    [32, 68],
    [22, 78],
    [23, 77],
    [29, 71],
    [23, 77],
    [28, 72],
    [22, 78],
    [22, 78],
    [24, 76],
    [20, 80]
  ],
  "X": [
    [15, 3, 16, 56, 10],
    [15, 5, 23, 45, 12],
    [16, 3, 14, 56, 11],
    [6, 6, 18, 56, 14],
    [9, 8, 20, 53, 10],
    [12, 7, 20, 52, 9],
    [16, 4, 17, 52, 11],
    [15, 7, 13, 52, 13],
    [15, 4, 18, 57, 6],
    [15, 7, 17, 49, 12],
    [16, 5, 23, 43, 13],
    [13, 8, 16, 53, 10],
    [15, 2, 17, 52, 14],
    [18, 7, 15, 45, 15],
    [18, 5, 21, 43, 13],
    [18, 4, 18, 47, 13],
    [18, 5, 17, 51, 9],
    [22, 6, 14, 44, 14],
    [11, 8, 22, 44, 15],
    [18, 6, 14, 44, 18],
    [18, 7, 21, 43, 11],
    [14, 2, 24, 55, 5],
    [12, 5, 22, 41, 20],
    [13, 6, 26, 43, 12],
    [15, 6, 20, 44, 15],
    [9, 2, 16, 60, 13],
    [6, 4, 16, 59, 15],
    [4, 6, 17, 62, 11],
    [5, 1, 9, 73, 12],
    [3, 3, 16, 63, 15],
    [13, 2, 23, 52, 10],
    [10, 2, 15, 57, 16],
    [10, 3, 15, 62, 10],
    [6, 1, 15, 62, 16],
    [13, 6, 20, 48, 13],
    [9, 2, 13, 63, 13],
    [10, 4, 24, 51, 11],
    [5, 0, 21, 63, 11],
    [6, 3, 16, 64, 11],
    [10, 6, 22, 50, 12],
    [8, 6, 17, 61, 8],
    [9, 3, 23, 57, 8],
    [8, 2, 19, 57, 14],
    [7, 3, 19, 61, 10],
    [7, 2, 16, 58, 17],
    [5, 2, 14, 62, 17],
    [7, 2, 18, 59, 14],
    [9, 4, 21, 55, 11],
    [11, 0, 19, 56, 14],
    [6, 3, 24, 55, 12]
  ],
  "real_prob": [
    [0.18422243635, 0.061220682411, 0.17190706109, 0.4640749554, 0.11857486474],
    [0.041588114907, 0.031057853882, 0.20309889294, 0.59120891523, 0.13304622304]
  ],
  "method": "mult",
  "prob": [
    [0.18253643564, 0.066825517622, 0.18889575143, 0.4411166424, 0.1206256529],
    [0.045138561524, 0.01638156171, 0.1766870162, 0.6348126765, 0.12698018407]
  ],
  "iterations": 11,
  "logLik": -6359.5226890572,
  "time": 3.4e-05,
  "message": "Converged",
  "status": 0,
  "cond_prob": [
    [
      [0.18889632824, 0.04504231688, 0.037803310637, 0.0089443757966, 0.1647340765, 0.146867566, 0.50871975161, 0.69890271015, 0.099846533013, 0.10024303117, 0.18568115175, 0.047264622748, 0.061933110123, 0.015642791676, 0.23277460807, 0.22153850726, 0.40183465814, 0.58932747063, 0.11777647192, 0.12622660768, 0.19220394906, 0.045630485124, 0.036055932301, 0.008493636161, 0.14348191976, 0.12730768703, 0.51828196492, 0.70868414288, 0.10997623396, 0.1098840488, 0.075952899457, 0.017118422283, 0.075998946974, 0.016996135799, 0.18791848335, 0.15834219546, 0.51822123551, 0.67289086338, 0.14190843471, 0.13465238308, 0.11636546445, 0.028080176485, 0.10351153495, 0.024784873277, 0.205869865, 0.18579348562, 0.47478342051, 0.66025161193, 0.099469715096, 0.10108985269],
      [0.14999407358, 0.036780935461, 0.087552230963, 0.021302907668, 0.20438737003, 0.18739067367, 0.46887223202, 0.66243627011, 0.089194093413, 0.092089213091, 0.18782185741, 0.045573186799, 0.046975951355, 0.011310021039, 0.17308200201, 0.15693220518, 0.48260883661, 0.67437024347, 0.10951135261, 0.11181434351, 0.19136545262, 0.048324264243, 0.089369120047, 0.022392955835, 0.13203735518, 0.12469829256, 0.45963564282, 0.66888831929, 0.12759242934, 0.13569616807, 0.1834077501, 0.043797622653, 0.048935512546, 0.01159526557, 0.18464454674, 0.16481785534, 0.52311237516, 0.71957882043, 0.05989981545, 0.060210436006, 0.19554636122, 0.050549128461, 0.091330738515, 0.023426224025, 0.171662156, 0.16600614998, 0.4247817113, 0.63295474891, 0.11667903296, 0.12706374863]
    ],
    [
      [0.20055072671, 0.05218260191, 0.062715884373, 0.016192038682, 0.23158087517, 0.22533388385, 0.37851563764, 0.56753191767, 0.1266368761, 0.13875955789, 0.15919573173, 0.039286032428, 0.098023094353, 0.024002619161, 0.16298481961, 0.15035744019, 0.48077612462, 0.68348590988, 0.099020229683, 0.10286799834, 0.1939632814, 0.046789027187, 0.02588066452, 0.0061947266083, 0.17500818925, 0.1578864432, 0.46587529937, 0.64763808093, 0.13927256547, 0.14149172208, 0.21875931652, 0.057824550044, 0.085124644283, 0.022326685452, 0.15034507231, 0.14857395628, 0.39979801896, 0.60883048498, 0.14597294793, 0.16244432325, 0.22267689273, 0.058836633405, 0.06189596377, 0.016227728765, 0.21054372159, 0.20801678311, 0.37863610805, 0.57645743455, 0.12624731386, 0.14046142018],
      [0.21688149974, 0.055162868145, 0.04822227771, 0.012170145071, 0.18195335345, 0.17298932894, 0.4250515212, 0.6227538623, 0.12789134791, 0.13692379554, 0.22082582534, 0.056160488021, 0.061377695586, 0.01548869505, 0.17200068048, 0.16353810512, 0.4573846702, 0.67015098979, 0.088411128401, 0.094661722015, 0.25153077345, 0.067271591045, 0.06862740832, 0.018212221885, 0.13995797669, 0.13986277252, 0.40286691001, 0.6204631879, 0.13701693152, 0.15419022666, 0.13295641747, 0.033361185084, 0.096748520442, 0.024087969995, 0.22308833211, 0.20923962855, 0.39917470226, 0.57695999191, 0.14803202771, 0.15635122446, 0.22096224649, 0.058117621751, 0.073700960035, 0.019234721382, 0.1405092168, 0.13817829099, 0.38963374594, 0.59045559264, 0.17519383074, 0.19401377323]
    ],
    [
      [0.21291967229, 0.056625800703, 0.082845066511, 0.021861962508, 0.21016601426, 0.20891062617, 0.38680387294, 0.59253119009, 0.10726537401, 0.12007042053, 0.18167254321, 0.043310387837, 0.025972180934, 0.0061437484403, 0.24794404846, 0.22106421279, 0.49449513951, 0.67936474149, 0.049916087889, 0.050116909441, 0.14041637802, 0.034650444573, 0.05853235112, 0.014332157593, 0.22327291444, 0.20588465831, 0.37930289258, 0.53903511891, 0.19847546383, 0.20609762061, 0.15038605693, 0.037635041986, 0.069437387547, 0.017242608475, 0.26298970167, 0.24591639258, 0.39835764044, 0.57407922805, 0.11882921342, 0.1251267289, 0.19162102928, 0.049766238459, 0.076706906781, 0.01976733282, 0.20157341356, 0.19580659029, 0.38418072976, 0.57504187938, 0.14591792062, 0.15961795905],
      [0.21400293651, 0.053326059972, 0.047728885763, 0.011800192385, 0.16766517833, 0.15754500305, 0.446258546, 0.64575433346, 0.12434445339, 0.13157441114, 0.1443887496, 0.035426554856, 0.096608685572, 0.023517966434, 0.16968668172, 0.15699481723, 0.44411167386, 0.63277421416, 0.14520420925, 0.15128644731, 0.08863082964, 0.021157409474, 0.1333476163, 0.031583470798, 0.18322362169, 0.16464524017, 0.48580635902, 0.6723220566, 0.10899157336, 0.11029182296, 0.13062349776, 0.028173003151, 0.026216656651, 0.0056102065325, 0.10541657726, 0.085708991014, 0.60929567102, 0.76290257411, 0.12844759731, 0.11760522519, 0.078638942133, 0.017718264445, 0.078933541344, 0.017645393966, 0.18162318998, 0.15436119862, 0.5055711712, 0.66170392401, 0.15523315534, 0.14857121896]
    ],
    [
      [0.25542549344, 0.067777507705, 0.039404532623, 0.010374519794, 0.23007969493, 0.2296497284, 0.38279688682, 0.58845958215, 0.092293392181, 0.10373866195, 0.21166431531, 0.052676356138, 0.042456837579, 0.010483683028, 0.15684262342, 0.14689630169, 0.43505133709, 0.62753565009, 0.15398488661, 0.16240800905, 0.2356498158, 0.060782980912, 0.070959783946, 0.018159899035, 0.15307112439, 0.14893318905, 0.44728479836, 0.67018842153, 0.093034477501, 0.10193550947, 0.15725977395, 0.036292598794, 0.026311284055, 0.0060245809695, 0.1672380976, 0.14563492981, 0.4867528982, 0.6527532077, 0.1624379462, 0.15929468273, 0.24943911338, 0.071616073589, 0.1154628978, 0.032891718568, 0.18957295959, 0.2048335198, 0.3321088473, 0.55265768555, 0.11341618193, 0.13800100249],
