{
  "W": [
    [32, 21, 20, 27],
    [24, 19, 29, 28],
    [27, 24, 25, 24],
    [35, 16, 20, 29],
    [32, 24, 22, 22],
    [23, 27, 22, 28],
    [36, 28, 23, 13],
    [30, 30, 23, 17],
    [28, 22, 31, 19],
    [27, 22, 23, 28],
    [27, 21, 21, 31],
    [31, 19, 29, 21],
    [32, 29, 23, 16],
    [24, 22, 33, 21],
    [29, 21, 22, 28],
    [28, 26, 19, 27],
    [24, 30, 20, 26],
    [22, 34, 29, 15],
    [17, 37, 28, 18],
    [17, 32, 31, 20],
    [23, 27, 29, 21],
    [21, 33, 22, 24],
    [28, 29, 21, 22],
    [26, 30, 19, 25],
    [21, 33, 22, 24],
    [25, 21, 30, 24],
    [23, 23, 27, 27],
    [18, 26, 30, 26],
    [22, 21, 28, 29],
    [29, 19, 27, 25],
    [23, 28, 30, 19],
    [13, 32, 31, 24],
    [32, 25, 26, 17],
    [27, 18, 33, 22],
    [23, 22, 35, 20],
    [23, 28, 30, 19],
    [29, 17, 27, 27],
    [29, 22, 26, 23],
    [15, 30, 21, 34],
    [21, 27, 20, 32],
    [23, 27, 16, 34],
    [23, 30, 20, 27],
    [24, 24, 19, 33],
    [29, 29, 18, 24],
    [24, 17, 25, 34],
    [18, 29, 27, 26],
    [24, 17, 22, 37],
    [23, 24, 24, 29],
    [25, 22, 25, 28],
    [21, 16, 27, 36]
  ],
  "X": [
    [55, 45],
    [47, 53],
    [49, 51],
    [47, 53],
    [60, 40],
    [61, 39],
    [51, 49],
    [57, 43],
    [51, 49],
    [43, 57],
    [54, 46],
    [44, 56],
    [51, 49],
    [51, 49],
    [50, 50],
    [61, 39],
    [60, 40],
    [48, 52],
    [49, 51],
    [45, 55],
    [50, 50],
    [58, 42],
    [53, 47],
    [59, 41],
    [47, 53],
    [51, 49],
    [54, 46],
    [41, 59],
    [53, 47],
    [47, 53],
    [62, 38],
    [54, 46],
    [58, 42],
    [37, 63],
    [45, 55],
    [56, 44],
    [50, 50],
    [47, 53],
    [56, 44],
    [59, 41],
    [50, 50],
    [59, 41],
    [52, 48],
    [61, 39],
    [46, 54],
    [51, 49],
    [51, 49],
    [42, 58],
    [50, 50],
    [45, 55]
  ],
  "real_prob": [
    [0.6477632422, 0.3522367578],
    [0.83829375561, 0.16170624439],
    [0.14616839516, 0.85383160484],
    [0.42873456026, 0.57126543974]
  ],
  "method": "exact",
  "prob": [
    [0.57990316728, 0.42009683272],
    [0.78928155223, 0.21071844777],
    [0.19753524192, 0.80246475808],
    [0.49568003857, 0.50431996143]
  ],
  "iterations": 124,
  "logLik": -151.6937313844,
  "time": 4.355882,
  "message": "Converged",
  "status": 0,
  "cond_prob": [
    [
      [0.60923324821, 0.80981176226, 0.21562286759, 0.52540858141, 0.39076675179, 0.19018823774, 0.78437713241, 0.47459141859, 0.56232646009, 0.77838092087, 0.18475461027, 0.47703727727, 0.43767353991, 0.22161907913, 0.81524538973, 0.52296272273, 0.55111748169, 0.77047521471, 0.17804691771, 0.46571874577, 0.44888251831, 0.22952478529, 0.82195308229, 0.53428125423, 0.53174222969, 0.75633080511, 0.16708886524, 0.44641213015, 0.46825777031, 0.24366919489, 0.83291113476, 0.55358786985, 0.6637967153, 0.84349021699, 0.25790939912, 0.58366968736, 0.3362032847, 0.15650978301, 0.74209060088, 0.41633031264, 0.67443960616, 0.8497218925, 0.26713726575, 0.59529921837, 0.32556039384, 0.1502781075, 0.73286273425, 0.40470078163, 0.5442945057, 0.76559286765],
      [0.17406544838, 0.45886862983, 0.4557054943, 0.23440713235, 0.82593455162, 0.54113137017, 0.61569931168, 0.81403965032, 0.22006189445, 0.53214162162, 0.38430068832, 0.18596034968, 0.77993810555, 0.46785837838, 0.6028214514, 0.80572649428, 0.21098456111, 0.51865763643, 0.3971785486, 0.19427350572, 0.78901543889, 0.48134236357, 0.47961299378, 0.71605755127, 0.14007389068, 0.39555298408, 0.52038700622, 0.28394244873, 0.85992610932, 0.60444701592, 0.60614628319, 0.8078173459, 0.21344755997, 0.52217701066, 0.39385371681, 0.1921826541, 0.78655244003, 0.47782298934, 0.51863474602, 0.74666367888, 0.15980169586, 0.43340303785, 0.48136525398, 0.25333632112, 0.84019830414, 0.56659696215, 0.54472098454, 0.76590691148, 0.17430243484, 0.45929200379],
      [0.45527901546, 0.23409308852, 0.82569756516, 0.54070799621, 0.61423479073, 0.81309631341, 0.21901612588, 0.53060542731, 0.38576520927, 0.18690368659, 0.78098387412, 0.46939457269, 0.56143125809, 0.77771093619, 0.18428122658, 0.4761563168, 0.43856874191, 0.22228906381, 0.81571877342, 0.5238436832, 0.66181126898, 0.84231690434, 0.25622578936, 0.58150944289, 0.33818873102, 0.15768309566, 0.74377421064, 0.41849055711, 0.64568876395, 0.8326803677, 0.24288174042, 0.56405476253, 0.35431123605, 0.1673196323, 0.75711825958, 0.43594523747, 0.519514546, 0.74742798343, 0.16016625562, 0.43422047589, 0.480485454, 0.25257201657, 0.83983374438, 0.56577952411, 0.52225657063, 0.7495000438, 0.16163012625, 0.43691628576, 0.47774342937, 0.2504999562],
      [0.83836987375, 0.56308371424, 0.50141211365, 0.7335697498, 0.15069577711, 0.4165096492, 0.49858788635, 0.2664302502, 0.84930422289, 0.5834903508, 0.57067953725, 0.7842291418, 0.18981890766, 0.48549692822, 0.42932046275, 0.2157708582, 0.81018109234, 0.51450307178, 0.62283692086, 0.81857299899, 0.22525155689, 0.53966589348, 0.37716307914, 0.18142700101, 0.77474844311, 0.46033410652, 0.56600845035, 0.78094791389, 0.18701161805, 0.48077408674, 0.43399154965, 0.21905208611, 0.81298838195, 0.51922591326, 0.62841060233, 0.82203719214, 0.22948898676, 0.54559671307, 0.37158939767, 0.17796280786, 0.77051101324, 0.45440328693, 0.48850479646, 0.72326284943, 0.14435887171, 0.40407625273, 0.51149520354, 0.27673715057, 0.85564112829, 0.59592374727]
    ],
    [
      [0.60555242441, 0.80748448154, 0.21291770255, 0.52152017505, 0.39444757559, 0.19251551846, 0.78708229745, 0.47847982495, 0.62506897851, 0.81993039222, 0.2270130456, 0.54206156452, 0.37493102149, 0.18006960778, 0.7729869544, 0.45793843548, 0.47021911435, 0.70849477539, 0.13551376432, 0.38652995584, 0.52978088565, 0.29150522461, 0.86448623568, 0.61347004416, 0.62452879649, 0.81958073569, 0.22663457509, 0.54149665259, 0.37547120351, 0.18041926431, 0.77336542491, 0.45850334741, 0.55025480575, 0.76984525371, 0.17755831946, 0.4648590475, 0.44974519425, 0.23015474629, 0.82244168054, 0.5351409525, 0.71253363732, 0.87117218048, 0.30343012173, 0.63768429665, 0.28746636268, 0.12882781952, 0.69656987827, 0.36231570335, 0.62008792702, 0.81687212312],
      [0.22313930408, 0.5367346076, 0.37991207298, 0.18312787688, 0.77686069592, 0.4632653924, 0.65282493869, 0.83698431458, 0.24866407265, 0.57174871816, 0.34717506131, 0.16301568542, 0.75133592735, 0.42825128184, 0.45196351774, 0.69315260573, 0.12716792164, 0.36925894108, 0.54803648226, 0.30684739427, 0.87283207836, 0.63074105892, 0.54898983354, 0.76904155401, 0.17667630645, 0.46353244574, 0.45101016646, 0.23095844599, 0.82332369355, 0.53646755426, 0.64370567645, 0.83150071133, 0.24121987272, 0.56190280753, 0.35629432355, 0.16849928867, 0.75878012728, 0.43809719247, 0.59262897229, 0.79896794362, 0.20416555729, 0.50810498946, 0.40737102771, 0.20103205638, 0.79583444271, 0.49189501054, 0.5357456726, 0.75937033135, 0.16920752892, 0.45034054143],
      [0.4642543274, 0.24062966865, 0.83079247108, 0.54965945857, 0.6113232861, 0.81121198543, 0.21698517359, 0.52756183824, 0.3886767139, 0.18878801457, 0.78301482641, 0.47243816176, 0.6462518722, 0.83299711153, 0.2434020339, 0.56467962483, 0.3537481278, 0.16700288847, 0.7565979661, 0.43532037517, 0.52586931996, 0.75200064782, 0.16382315354, 0.44058287332, 0.47413068004, 0.24799935218, 0.83617684646, 0.55941712668, 0.63500688632, 0.8261366549, 0.2345055092, 0.552615992, 0.36499311368, 0.1738633451, 0.7654944908, 0.447384008, 0.56895234614, 0.78293408944, 0.18891304963, 0.4837993213, 0.43104765386, 0.21706591056, 0.81108695037, 0.5162006787, 0.6481953694, 0.83419020174, 0.24492201324, 0.56675925827, 0.3518046306, 0.16580979826],
