{
  "W": [
    [75, 13, 12],
    [68, 17, 15],
    [63, 20, 17],
    [74, 17, 9],
    [65, 16, 19],
    [68, 13, 19],
    [61, 12, 27],
    [66, 23, 11],
    [68, 13, 19],
    [69, 14, 17],
    [74, 12, 14],
    [69, 11, 20],
    [58, 21, 21],
    [64, 19, 17],
    [60, 15, 25],
    [68, 17, 15],
    [47, 34, 19],
    [13, 71, 16],
    [18, 65, 17],
    [18, 68, 14],
    [10, 68, 22],
    [21, 66, 13],
    [14, 63, 23],
    [14, 74, 12],
    [18, 63, 19],
    [17, 68, 15],
    [16, 64, 20],
    [13, 77, 10],
    [14, 71, 15],
    [22, 56, 22],
    [16, 70, 14],
    [13, 70, 17],
    [18, 61, 21],
    [18, 32, 50],
    [12, 16, 72],
    [20, 14, 66],
    [20, 16, 64],
    [21, 16, 63],
    [14, 20, 66],
    [25, 17, 58],
    [20, 16, 64],
    [17, 23, 60],
    [8, 27, 65],
    [22, 8, 70],
    [15, 13, 72],
    [18, 16, 66],
    [16, 19, 65],
    [14, 17, 69],
    [16, 18, 66],
    [19, 17, 64]
  ],
  "X": [
    [39, 20, 4, 37],
    [44, 17, 8, 31],
    [44, 17, 12, 27],
    [43, 10, 13, 34],
    [38, 21, 13, 28],
    [42, 12, 7, 39],
    [42, 21, 15, 22],
    [43, 26, 5, 26],
    [44, 17, 11, 28],
    [44, 14, 9, 33],
    [32, 15, 12, 41],
    [36, 17, 14, 33],
    [44, 16, 14, 26],
    [43, 15, 11, 31],
    [41, 24, 11, 24],
    [48, 15, 8, 29],
    [49, 19, 10, 22],
    [48, 31, 5, 16],
    [48, 25, 11, 16],
    [43, 30, 11, 16],
    [62, 23, 13, 2],
    [52, 23, 11, 14],
    [51, 26, 15, 8],
    [52, 29, 6, 13],
    [45, 36, 11, 8],
    [59, 26, 9, 6],
    [48, 37, 7, 8],
    [53, 30, 3, 14],
    [51, 33, 8, 8],
    [49, 24, 14, 13],
    [50, 36, 5, 9],
    [46, 31, 14, 9],
    [59, 26, 7, 8],
    [52, 19, 23, 6],
    [41, 20, 26, 13],
    [39, 25, 23, 13],
    [40, 20, 21, 19],
    [46, 25, 21, 8],
    [40, 17, 32, 11],
    [44, 16, 17, 23],
    [41, 22, 24, 13],
    [38, 22, 24, 16],
    [40, 23, 30, 7],
    [47, 18, 24, 11],
    [43, 21, 23, 13],
    [42, 23, 23, 12],
    [42, 24, 25, 9],
    [43, 22, 22, 13],
    [42, 21, 29, 8],
    [42, 20, 29, 9]
  ],
  "real_prob": [
    [0.38043712873, 0.14960676102, 0.046742396607, 0.42321371364],
    [0.57921940031, 0.36118863515, 0.020774330276, 0.038817634267],
    [0.38892682134, 0.18257515805, 0.36860531304, 0.059892707571]
  ],
  "method": "mult",
  "prob": [
    [0.39177346129, 0.12350368794, 0.055227919244, 0.42949493152],
    [0.56868472567, 0.35104494074, 0.037931419335, 0.042338914251],
    [0.39244345375, 0.19750879918, 0.35271110483, 0.057336642245]
  ],
  "iterations": 16,
  "logLik": -6188.2429986073,
  "time": 5e-05,
  "message": "Converged",
  "status": 0,
  "cond_prob": [
    [
      [0.36035832403, 0.51649563863, 0.43933253881, 0.14914955356, 0.42163720794, 0.29066816605, 0.024365928566, 0.016592259139, 0.19441383615, 0.46612619385, 0.045274894295, 0.075585458989, 0.40474133609, 0.58510107276, 0.42683089015, 0.11997351945, 0.34178180312, 0.20218539729, 0.045151368692, 0.031018264471, 0.31070904551, 0.43013377577, 0.042098859643, 0.060274667049, 0.40868519758, 0.58547223679, 0.37941546959, 0.11705390674, 0.33027138106, 0.17362519337, 0.065574433117, 0.044648705803, 0.39658391041, 0.40868646257, 0.039607676346, 0.050375426629, 0.39659720793, 0.64757075437, 0.34075269921, 0.072615624487, 0.23373850083, 0.099713728807, 0.090170670493, 0.069939575921, 0.50918785597, 0.44061649709, 0.048751168875, 0.050345716016, 0.36299075837, 0.50130155029],
      [0.32967677777, 0.152663854, 0.4154507428, 0.22156836862, 0.067471079299, 0.044288563309, 0.39846808679, 0.41687430833, 0.038959143599, 0.050286766813, 0.37217573117, 0.63455263375, 0.47206135628, 0.083170556558, 0.27956432533, 0.16860666631, 0.033118486447, 0.026837373568, 0.27311572143, 0.51153522583, 0.059045667353, 0.086216255976, 0.42003216804, 0.53126314138, 0.36644327406, 0.16009306586, 0.39907646031, 0.22320818447, 0.065434877344, 0.039345982968, 0.36930510652, 0.35443988876, 0.030314415346, 0.041043434949, 0.40101303994, 0.50322912133, 0.41724218161, 0.17959872859, 0.44384191581, 0.29854554049, 0.033846747549, 0.02018109549, 0.23092715549, 0.38554148392, 0.032747867369, 0.053285122406, 0.42059204168, 0.58039017582, 0.40387774548, 0.1271003942],
      [0.34577886301, 0.19507000913, 0.05614030147, 0.036819990499, 0.35050113833, 0.39616726265, 0.037010970671, 0.050551107055, 0.40537825298, 0.61721917049, 0.43468193177, 0.10083063781, 0.30265182892, 0.17280218095, 0.047092610554, 0.034076062834, 0.32885838986, 0.44669849865, 0.046052937763, 0.06365749742, 0.29697276111, 0.50624994188, 0.29915839437, 0.11242982133, 0.37803984918, 0.18104755568, 0.068384001476, 0.05539102694, 0.4498330856, 0.52221341608, 0.060319182005, 0.069960964342, 0.34455832383, 0.51977555953, 0.32536294502, 0.12912695902, 0.38413790176, 0.19490464975, 0.068844311151, 0.049359973386, 0.42232079402, 0.457470406, 0.04672656532, 0.057411611213, 0.40536443182, 0.59945808821, 0.37693789597, 0.10665572526, 0.31054001072, 0.15843791728]
    ],
    [
      [0.068366848403, 0.048061565244, 0.41286569509, 0.41961299451, 0.041940335827, 0.05175849166, 0.38990726843, 0.60134326492, 0.39298049088, 0.10168682932, 0.30892722084, 0.16375616975, 0.058339989794, 0.042763971564, 0.3830263745, 0.45006591246, 0.046965542684, 0.060236964869, 0.39487969486, 0.50299234085, 0.37940794334, 0.17303628039, 0.43424520749, 0.26566519842, 0.049189572892, 0.029787161738, 0.30610538958, 0.38289445186, 0.032975289921, 0.048821468659, 0.44378619024, 0.63180638012, 0.46050933345, 0.10639847387, 0.29850789796, 0.17643557499, 0.045381472315, 0.030703087233, 0.3072896484, 0.40443386358, 0.03898263468, 0.055765443158, 0.42235897978, 0.61345273648, 0.42733495153, 0.10851187232, 0.30987478027, 0.17530271014, 0.05186510343, 0.035814245866],
      [0.34150766608, 0.41726404447, 0.040858237376, 0.055854672258, 0.28627054126, 0.53458318332, 0.42021358848, 0.10151078795, 0.37178511616, 0.23769291462, 0.024011955045, 0.021322930933, 0.2305045792, 0.58820671574, 0.072308769582, 0.11158891771, 0.32007539271, 0.56600834352, 0.35544916327, 0.093730276934, 0.32517206202, 0.16605999086, 0.05540249557, 0.046589045656, 0.40178154737, 0.53079183479, 0.062230548808, 0.076709298505, 0.28693706065, 0.50182431787, 0.30413887574, 0.11191429234, 0.38394852354, 0.18923987917, 0.062229044992, 0.051745321392, 0.43229362031, 0.53891960202, 0.062481837197, 0.074327624781, 0.63891237614, 0.67598340985, 0.4431711922, 0.12985496053, 0.2694674806, 0.14368390644, 0.088782331898, 0.044681172789, 0.40044092719, 0.14245033143],
      [0.0098679367602, 0.012703974165, 0.37643516252, 0.6026172593, 0.36173553302, 0.094162589225, 0.295737396, 0.14435839238, 0.069177743694, 0.052649265978, 0.4361835268, 0.46022450456, 0.048996078716, 0.057722547799, 0.42333509406, 0.58632283503, 0.36075621136, 0.12055449895, 0.3275590129, 0.16389786013, 0.078333540853, 0.051605983018, 0.43365585973, 0.37777686614, 0.034512169049, 0.041690068782, 0.34280272173, 0.57154887892, 0.41723986428, 0.10467477344, 0.34226632471, 0.20322645928, 0.037283426941, 0.029552275451, 0.29837485838, 0.51523907789, 0.056632520922, 0.081158818063, 0.40010168946, 0.49364008674, 0.33843410175, 0.18066813123, 0.4373328857, 0.24381340006, 0.068782136724, 0.040358758454, 0.37917233389, 0.35044804258, 0.028668269111, 0.038580164298]
    ],
    [
