{
  "W": [
    [65, 21, 14],
    [65, 20, 15],
    [69, 18, 13],
    [61, 18, 21],
    [59, 24, 17],
    [67, 17, 16],
    [74, 14, 12],
    [59, 21, 20],
    [68, 16, 16],
    [78, 13, 9],
    [67, 13, 20],
    [58, 19, 23],
    [65, 19, 16],
    [68, 14, 18],
    [71, 14, 15],
    [61, 21, 18],
    [57, 30, 13],
    [18, 69, 13],
    [21, 60, 19],
    [16, 67, 17],
    [22, 65, 13],
    [19, 67, 14],
    [20, 63, 17],
    [13, 75, 12],
    [14, 74, 12],
    [26, 63, 11],
    [18, 61, 21],
    [16, 66, 18],
    [16, 69, 15],
    [13, 71, 16],
    [11, 73, 16],
    [19, 60, 21],
    [22, 64, 14],
    [13, 34, 53],
    [19, 22, 59],
    [13, 17, 70],
    [14, 13, 73],
    [16, 12, 72],
    [12, 18, 70],
    [17, 18, 65],
    [23, 17, 60],
    [15, 19, 66],
    [21, 17, 62],
    [10, 14, 76],
    [21, 14, 65],
    [15, 20, 65],
    [20, 8, 72],
    [13, 15, 72],
    [13, 12, 75],
    [16, 18, 66]
  ],
  "X": [
    [27, 17, 22, 29, 5],
    [22, 26, 14, 31, 7],
    [25, 15, 13, 42, 5],
    [25, 26, 8, 36, 5],
    [19, 23, 19, 31, 8],
    [19, 26, 11, 39, 5],
    [24, 14, 26, 33, 3],
    [17, 26, 16, 35, 6],
    [25, 17, 15, 37, 6],
    [20, 18, 19, 37, 6],
    [20, 19, 18, 35, 8],
    [18, 26, 17, 32, 7],
    [25, 24, 17, 27, 7],
    [20, 23, 13, 39, 5],
    [17, 20, 17, 41, 5],
    [21, 26, 13, 34, 6],
    [27, 22, 15, 28, 8],
    [28, 28, 8, 15, 21],
    [26, 35, 11, 16, 12],
    [27, 39, 13, 12, 9],
    [31, 17, 15, 23, 14],
    [23, 24, 13, 20, 20],
    [21, 33, 13, 21, 12],
    [35, 31, 11, 7, 16],
    [37, 32, 8, 13, 10],
    [31, 30, 10, 19, 10],
    [25, 44, 7, 13, 11],
    [29, 28, 9, 13, 21],
    [25, 38, 9, 12, 16],
    [35, 27, 8, 14, 16],
    [31, 37, 11, 11, 10],
    [32, 40, 4, 11, 13],
    [26, 34, 10, 17, 13],
    [24, 53, 5, 12, 6],
    [13, 52, 13, 16, 6],
    [15, 64, 11, 7, 3],
    [6, 62, 13, 13, 6],
    [9, 68, 12, 6, 5],
    [14, 58, 12, 9, 7],
    [22, 52, 16, 8, 2],
    [11, 52, 12, 20, 5],
    [7, 56, 22, 7, 8],
    [11, 53, 13, 16, 7],
    [11, 71, 8, 6, 4],
    [11, 63, 10, 15, 1],
    [14, 55, 14, 11, 6],
    [10, 59, 18, 9, 4],
    [7, 66, 11, 11, 5],
    [9, 69, 13, 6, 3],
    [11, 62, 11, 12, 4]
  ],
  "real_prob": [
    [0.22710666091, 0.050873810625, 0.1545286814, 0.54649404308, 0.020996803973],
    [0.38679824759, 0.27951049607, 0.06341822903, 0.087084624354, 0.18318840295],
    [0.020435537414, 0.81567899043, 0.13488215752, 0.0050887241305, 0.023914590506]
  ],
  "method": "mcmc",
  "mcmc_stepsize": 3000,
  "mcmc_samples": 1000,
  "prob": [
    [0.1865238025, 0.10385678471, 0.203609102, 0.48433485074, 0.021675460065],
    [0.37616920593, 0.28421499802, 0.088921590049, 0.067543451346, 0.18315075465],
    [0.060018460351, 0.7521514635, 0.095649061441, 0.052232215145, 0.039948799562]
  ],
  "iterations": 9,
  "logLik": -965.2217837415,
  "time": 0.403543,
  "message": "Converged",
  "status": 0,
  "cond_prob": [
    [
      [0.23583888658, 0.48171859, 0.11102728442, 0.08443355814, 0.14123531759, 0.6104197894, 0.25802046913, 0.14579219849, 0.15478809558, 0.4079968695, 0.070724234246, 0.071071040246, 0.013710216644, 0.16052965967, 0.052693790354, 0.17551639919, 0.49168588356, 0.050514425408, 0.14540075682, 0.20442375373, 0.83069838214, 0.2022320184, 0.020887669672, 0.029144360715, 0.43687749647, 0.080703611983, 0.06592603264, 0.039973329116, 0.20229908105, 0.023716799094, 0.20400365297, 0.53158331246, 0.10424987082, 0.059208658175, 0.14036937821, 0.64522721371, 0.15976633425, 0.066504209173, 0.059926705498, 0.5644321489, 0.058133817535, 0.15444407771, 0.012589205698, 0.20340928263, 0.036152132267, 0.21248817679, 0.55027368112, 0.10158547407, 0.11567011001, 0.20449052047],
      [0.72682352005, 0.10616427922, 0.033956780045, 0.043464615551, 0.55029367694, 0.035571240173, 0.085323970647, 0.015383757037, 0.1757077782, 0.042802419675, 0.11801443741, 0.38171899204, 0.16917014024, 0.11715371965, 0.21783709927, 0.63881412696, 0.25929579322, 0.10393518523, 0.071006103212, 0.47762508053, 0.073444448133, 0.062203146674, 0.027910969196, 0.22306427533, 0.058806482913, 0.13685384626, 0.55782863842, 0.021731590472, 0.12847520403, 0.20009532712, 0.87440879808, 0.15389438327, 0.0047542163703, 0.038015915148, 0.55932483019, 0.044503976933, 0.048041798107, 0.021451736256, 0.19281784116, 0.017801898194, 0.20342679626, 0.52669197753, 0.1310607826, 0.059895494558, 0.20178778577, 0.56189203349, 0.29067744247, 0.13256619446, 0.21949521121, 0.42730034298],
      [0.052184452141, 0.054099357457, 0.018699923728, 0.086769590093, 0.033452615236, 0.11955487376, 0.37870054291, 0.099677552361, 0.13438498993, 0.19320926655, 0.70069454984, 0.19683979652, 0.13888808108, 0.073490115136, 0.53217406741, 0.097308161595, 0.07791293148, 0.017046272395, 0.19189394786, 0.048224851187, 0.21137889605, 0.53127937247, 0.13286031933, 0.061025831085, 0.20064259354, 0.60249762435, 0.18301728046, 0.03373423585, 0.12594232218, 0.52708943967, 0.038155844373, 0.034214037039, 0.017488552737, 0.19618795377, 0.1044856971, 0.19003601486, 0.37059119199, 0.039945038318, 0.099114655541, 0.24581612391, 0.78593858411, 0.22902915653, 0.050587973617, 0.05312023703, 0.45245083994, 0.066859130759, 0.09329619829, 0.029369333119, 0.26614557973, 0.027699942254]
    ],
    [
      [0.17746766215, 0.508043201, 0.075255251156, 0.072182930365, 0.10199834706, 0.64188825768, 0.21178583571, 0.11422806292, 0.11626920948, 0.49280732677, 0.073033291507, 0.05162381585, 0.045756245011, 0.20269709751, 0.11496346583, 0.11938270736, 0.4282754024, 0.12776392728, 0.1009973361, 0.22186404909, 0.69246685101, 0.26508606712, 0.056288091599, 0.024153668125, 0.48787501884, 0.059834375673, 0.11158242476, 0.02665887058, 0.23373808124, 0.04403312882, 0.21649983894, 0.46859261637, 0.12651567237, 0.13070826843, 0.20923185244, 0.72053483475, 0.23683213001, 0.04442048555, 0.047620145234, 0.38048726429, 0.066885038917, 0.062344505099, 0.035472498331, 0.21087000672, 0.042984842547, 0.18410928943, 0.50696665169, 0.021279733076, 0.088142251552, 0.2521681951],
      [0.74866512017, 0.16242451429, 0.027902765306, 0.08691635077, 0.53547228542, 0.023795179004, 0.12526400474, 0.029851659309, 0.1891672089, 0.017874791246, 0.14478680931, 0.45671703312, 0.021739871696, 0.076638306614, 0.22961377205, 0.75627249478, 0.19466978788, 0.07506119782, 0.14183921942, 0.55461816104, 0.074829974357, 0.038299394993, 0.029286935158, 0.16377802266, 0.041849019108, 0.17691724171, 0.43757931751, 0.056604588217, 0.13815887032, 0.19704236157, 0.74635662874, 0.17967839747, 0.052007439333, 0.052636751575, 0.48400449849, 0.128812662, 0.098369982801, 0.02124099201, 0.18455821959, 0.046032048664, 0.22343321467, 0.43690668916, 0.089008160691, 0.11205275675, 0.19679527666, 0.74685650505, 0.21298532851, 0.069937376422, 0.058593460159, 0.43211076143],
      [0.078393978659, 0.07829747988, 0.019417938631, 0.2179666791, 0.027244394223, 0.21300621609, 0.33626033267, 0.074148088912, 0.062126644123, 0.24819322498, 0.75049137556, 0.16784085481, 0.070728168681, 0.0075862288015, 0.55103770674, 0.059290621158, 0.076174493747, 0.0059885782378, 0.28552765251, 0.091599812979, 0.23532590606, 0.33349783454, 0.055172942112, 0.14237938989, 0.31737189457, 0.68251153358, 0.097350133651, 0.11568971289, 0.10601391683, 0.52277876849, 0.067000982043, 0.052715102064, 0.002165801916, 0.16643957595, 0.10358650541, 0.25036593498, 0.32816004441, 0.059260121448, 0.068205468861, 0.38768731835, 0.70198012758, 0.18634713198, 0.11895204045, 0.12050936341, 0.49231100191, 0.046156462879, 0.060620056265, 0.0027704622696, 0.1190441339, 0.057630331298]
    ],
    [
