{
  "W": [
    [70, 16, 14],
    [68, 16, 16],
    [69, 17, 14],
    [68, 14, 18],
    [68, 14, 18],
    [64, 22, 14],
    [64, 17, 19],
    [71, 10, 19],
    [63, 21, 16],
    [63, 15, 22],
    [63, 19, 18],
    [60, 23, 17],
    [59, 21, 20],
    [63, 16, 21],
    [77, 11, 12],
    [74, 9, 17],
    [46, 32, 22],
    [14, 71, 15],
    [17, 72, 11],
    [14, 70, 16],
    [23, 61, 16],
    [15, 67, 18],
    [14, 70, 16],
    [19, 68, 13],
    [18, 67, 15],
    [23, 58, 19],
    [13, 64, 23],
    [22, 64, 14],
    [21, 59, 20],
    [22, 67, 11],
    [16, 62, 22],
    [17, 64, 19],
    [19, 71, 10],
    [19, 34, 47],
    [16, 12, 72],
    [15, 21, 64],
    [19, 13, 68],
    [13, 18, 69],
    [11, 23, 66],
    [15, 21, 64],
    [18, 18, 64],
    [17, 25, 58],
    [17, 14, 69],
    [21, 18, 61],
    [14, 15, 71],
    [14, 17, 69],
    [15, 21, 64],
    [13, 23, 64],
    [17, 13, 70],
    [16, 13, 71]
  ],
  "X": [
    [41, 11, 40, 4, 4],
    [33, 7, 49, 9, 2],
    [33, 8, 51, 3, 5],
    [38, 11, 41, 9, 1],
    [36, 11, 44, 6, 3],
    [35, 9, 43, 8, 5],
    [31, 11, 52, 4, 2],
    [42, 11, 42, 2, 3],
    [36, 6, 48, 6, 4],
    [36, 6, 46, 5, 7],
    [39, 9, 38, 9, 5],
    [32, 10, 46, 5, 7],
    [32, 8, 49, 5, 6],
    [37, 13, 39, 6, 5],
    [44, 3, 48, 4, 1],
    [39, 9, 41, 6, 5],
    [28, 11, 50, 8, 3],
    [20, 16, 33, 25, 6],
    [20, 13, 37, 18, 12],
    [24, 17, 35, 16, 8],
    [17, 18, 44, 12, 9],
    [24, 19, 42, 9, 6],
    [17, 17, 37, 21, 8],
    [21, 17, 45, 11, 6],
    [16, 15, 47, 13, 9],
    [21, 13, 41, 17, 8],
    [27, 14, 36, 16, 7],
    [23, 14, 38, 14, 11],
    [16, 21, 44, 12, 7],
    [24, 19, 36, 18, 3],
    [34, 25, 25, 11, 5],
    [29, 23, 32, 11, 5],
    [23, 16, 39, 14, 8],
    [34, 23, 27, 8, 8],
    [40, 19, 25, 10, 6],
    [26, 26, 26, 21, 1],
    [36, 19, 32, 7, 6],
    [34, 28, 30, 4, 4],
    [36, 21, 21, 12, 10],
    [35, 26, 20, 12, 7],
    [37, 23, 25, 8, 7],
    [34, 23, 26, 12, 5],
    [33, 25, 25, 8, 9],
    [30, 22, 33, 7, 8],
    [39, 22, 22, 9, 8],
    [42, 27, 17, 10, 4],
    [48, 16, 19, 10, 7],
    [26, 25, 30, 15, 4],
    [42, 20, 22, 9, 7],
    [29, 25, 28, 6, 12]
  ],
  "real_prob": [
    [0.39924272541, 0.01967699652, 0.53866910289, 0.01957465245, 0.022836522728],
    [0.12295057496, 0.18290438974, 0.39569405703, 0.2077289944, 0.09072198387],
    [0.42109928838, 0.29628291171, 0.12998220335, 0.082107570467, 0.070528026094]
  ],
  "method": "mcmc",
  "mcmc_stepsize": 3000,
  "mcmc_samples": 1000,
  "prob": [
    [0.41639361551, 0.013389895509, 0.51214598774, 0.02253780679, 0.035532694457],
    [0.13988607573, 0.18021194842, 0.42297446899, 0.1842628355, 0.072664671358],
    [0.38516311807, 0.29907906733, 0.14835185992, 0.096196476172, 0.071209478503]
  ],
  "iterations": 14,
  "logLik": -946.1388905298,
  "time": 0.46733,
  "message": "Converged",
  "status": 0,
  "cond_prob": [
    [
      [0.46822379493, 0.16128896627, 0.40312220674, 0.021769761655, 0.26859608238, 0.36989852615, 0.4615369121, 0.39200130432, 0.10145680599, 0.014110468046, 0.12543033557, 0.071812990551, 0.034359063266, 0.052683311463, 0.053709470572, 0.37043817058, 0.13337065135, 0.35476712369, 0.014467973162, 0.12737664147, 0.24863447259, 0.5647295093, 0.4669585837, 0.19544100179, 0.035058323527, 0.24692509172, 0.16657703329, 0.015306023435, 0.025369031755, 0.034580368646, 0.36209857909, 0.16749985871, 0.36912146034, 0.01543878801, 0.16341001754, 0.29691095208, 0.57962945088, 0.49886720616, 0.18034467032, 0.0082915722903, 0.091883081487, 0.061847794764, 0.03454160973, 0.078339836105, 0.09177512249, 0.43344634456, 0.14563357657, 0.36037658321, 0.019207899573, 0.19888198366],
      [0.38386194766, 0.50144999549, 0.35801792149, 0.10495274478, 0.041897005186, 0.26715048145, 0.13393871706, 0.0039987551963, 0.030316036823, 0.016870007285, 0.4038672782, 0.13791057975, 0.367015387, 0.016794897916, 0.26212157057, 0.34379138632, 0.52443124963, 0.39317028985, 0.15746060929, 0.029107527752, 0.16989963514, 0.09122740116, 0.025799046502, 0.036897924685, 0.040505216239, 0.41005033964, 0.15665331845, 0.37931466122, 0.019970781418, 0.15872244111, 0.30214116321, 0.5028579135, 0.41886437433, 0.11443409292, 0.026626993636, 0.21343345393, 0.11430974434, 0.040493971808, 0.05232641218, 0.089800338311, 0.35454567536, 0.13844685303, 0.31344633027, 0.011933184715, 0.17816460414, 0.37934094252, 0.60741688656, 0.53659951458, 0.21069092171, 0.013055976212],
      [0.12214931301, 0.05725680007, 0.013048277151, 0.024639715237, 0.039265005439, 0.45968375568, 0.18217249846, 0.3968804401, 0.020067213766, 0.26008863349, 0.36707060462, 0.49088952486, 0.4509593014, 0.13880266951, 0.0079696251815, 0.061843197363, 0.04293287571, 0.021389880506, 0.044936369287, 0.054313410062, 0.40830816192, 0.17589344555, 0.41142646514, 0.0070362622886, 0.10157844594, 0.21397300694, 0.53822404709, 0.51342282586, 0.20687535566, 0.017956825351, 0.1603844816, 0.093790368087, 0.028474703351, 0.048720801055, 0.07393480417, 0.38758508548, 0.19649685062, 0.39248576617, 0.008922489613, 0.093953846273, 0.18311706638, 0.54349136153, 0.48143722328, 0.20629481248, 0.015545833183, 0.12979507629, 0.094258471145, 0.044455230198, 0.098317003546, 0.12384388383]
    ],
    [
      [0.45403208174, 0.14201935621, 0.42764506012, 0.016738116791, 0.17020176943, 0.26175916795, 0.44982651859, 0.38497376191, 0.13035710293, 0.036201530257, 0.26018033388, 0.098659847224, 0.043201752621, 0.042624778572, 0.081578821779, 0.37601271853, 0.1169850412, 0.39697534944, 0.016191258132, 0.17612653462, 0.29280083622, 0.54978147191, 0.45608256637, 0.14842427405, 0.014505381449, 0.13705573926, 0.057493830002, 0.043509169976, 0.11375011854, 0.10430571029, 0.36174382005, 0.14435237164, 0.38128574063, 0.013854233535, 0.13979594284, 0.21234427109, 0.56944438427, 0.52243255852, 0.22158487996, 0.014724475591, 0.11847091781, 0.082168333308, 0.040233086555, 0.074948209189, 0.10261677502, 0.43110006147, 0.13598641419, 0.36499588096, 0.020831618779, 0.26224256277],
      [0.35674890536, 0.48318412059, 0.36213337609, 0.1316793517, 0.019309587452, 0.18812578886, 0.084451588988, 0.04557461171, 0.051511858091, 0.062124272992, 0.45239247242, 0.19350148179, 0.58643861035, 0.0056783504876, 0.082513069218, 0.13792693759, 0.51693876044, 0.54744070118, 0.18115564446, 0.016903164993, 0.1614085517, 0.076913518907, 0.008087251667, 0.015136196113, 0.017565288699, 0.42098537481, 0.18130904498, 0.36560593289, 0.019746580999, 0.20090587824, 0.33709412364, 0.49249023335, 0.30798461639, 0.10493301086, 0.024989345092, 0.24149083691, 0.11631593712, 0.041788465749, 0.068309623484, 0.076050995485, 0.34258429087, 0.12716136023, 0.37145268603, 0.0026010522182, 0.12744740532, 0.30918339218, 0.61702230338, 0.5576163718, 0.17151137031, 0.017283714927],
      [0.15661479931, 0.099694342521, 0.020508638607, 0.03116006334, 0.048158208965, 0.50743946467, 0.10928819962, 0.3424256881, 0.0018839897157, 0.15881035338, 0.31320593691, 0.45772435044, 0.34524336745, 0.138638667, 0.016938175381, 0.31158834038, 0.17600622518, 0.016014019796, 0.075069739166, 0.029723482805, 0.45710382241, 0.12229087841, 0.31129925211, 0.0023162597807, 0.13347648538, 0.30457423966, 0.40507503686, 0.4045920897, 0.08937217407, 0.053103251467, 0.21190252486, 0.16729663048, 0.082401629488, 0.12773802164, 0.12745770369, 0.55477128102, 0.1605517343, 0.31216129153, 0.0040335096997, 0.16541592038, 0.33527602737, 0.43221007839, 0.37686392295, 0.16053651851, 0.0013272194164, 0.19345245255, 0.15248420311, 0.0076579114748, 0.10371596982, 0.039541959487]
    ],
    [
