{
  "W": [
    [77, 23],
    [74, 26],
    [75, 25],
    [79, 21],
    [78, 22],
    [76, 24],
    [74, 26],
    [73, 27],
    [73, 27],
    [77, 23],
    [75, 25],
    [78, 22],
    [77, 23],
    [66, 34],
    [77, 23],
    [67, 33],
    [84, 16],
    [78, 22],
    [78, 22],
    [70, 30],
    [69, 31],
    [75, 25],
    [72, 28],
    [86, 14],
    [73, 27],
    [23, 77],
    [31, 69],
    [23, 77],
    [20, 80],
    [24, 76],
    [25, 75],
    [26, 74],
    [18, 82],
    [24, 76],
    [24, 76],
    [26, 74],
    [19, 81],
    [33, 67],
    [27, 73],
    [18, 82],
    [21, 79],
    [26, 74],
    [24, 76],
    [25, 75],
    [20, 80],
    [29, 71],
    [32, 68],
    [25, 75],
    [32, 68],
    [24, 76]
  ],
  "X": [
    [16, 84],
    [14, 86],
    [15, 85],
    [15, 85],
    [12, 88],
    [17, 83],
    [20, 80],
    [17, 83],
    [17, 83],
    [10, 90],
    [14, 86],
    [14, 86],
    [15, 85],
    [16, 84],
    [18, 82],
    [22, 78],
    [10, 90],
    [10, 90],
    [14, 86],
    [17, 83],
    [15, 85],
    [11, 89],
    [9, 91],
    [9, 91],
    [14, 86],
    [45, 55],
    [35, 65],
    [39, 61],
    [45, 55],
    [42, 58],
    [37, 63],
    [42, 58],
    [49, 51],
    [43, 57],
    [43, 57],
    [44, 56],
    [42, 58],
    [36, 64],
    [42, 58],
    [43, 57],
    [41, 59],
    [40, 60],
    [35, 65],
    [39, 61],
    [39, 61],
    [38, 62],
    [44, 56],
    [41, 59],
    [35, 65],
    [47, 53]
  ],
  "real_prob": [
    [0.017279440694, 0.98272055931],
    [0.54457212616, 0.45542787384]
  ],
  "method": "mcmc",
  "mcmc_stepsize": 3000,
  "mcmc_samples": 100,
  "prob": [
    [0.022043152274, 0.97795684773],
    [0.53275684773, 0.46724315227]
  ],
  "iterations": 15,
  "logLik": -129.2929549645,
  "time": 0.047995,
  "message": "Converged",
  "status": 0,
  "cond_prob": [
    [
      [0.027901486662, 0.602242849, 0.97209851334, 0.397757151, 0.018458145577, 0.48592681643, 0.98154185442, 0.51407318357, 0.021593033239, 0.53522090028, 0.97840696676, 0.46477909972, 0.028104612342, 0.60855883928, 0.97189538766, 0.39144116072, 0.016854508022, 0.48569765338, 0.98314549198, 0.51430234662, 0.029189092241, 0.6159012079, 0.97081090776, 0.3840987921, 0.037204910846, 0.66333986913, 0.96279508915, 0.33666013087, 0.024134291801, 0.5643776555, 0.9758657082, 0.4356223445, 0.024015036034, 0.56470008776, 0.97598496397, 0.43529991224, 0.013553672889, 0.38940726902, 0.98644632711, 0.61059273098, 0.019486156867, 0.5015415294, 0.98051384313, 0.4984584706, 0.022932907297, 0.55505605595, 0.9770670927, 0.44494394405, 0.024274922397, 0.57090569458],
      [0.9757250776, 0.42909430542, 0.016648809583, 0.43826995787, 0.98335119042, 0.56173004213, 0.035206155391, 0.66474461021, 0.96479384461, 0.33525538979, 0.024760389366, 0.61639557311, 0.97523961063, 0.38360442689, 0.020271776887, 0.51857317134, 0.97972822311, 0.48142682866, 0.014302818873, 0.40383546036, 0.98569718113, 0.59616453964, 0.022861497231, 0.55530923709, 0.97713850277, 0.44469076291, 0.02105660688, 0.51753458395, 0.97894339312, 0.48246541605, 0.016649691023, 0.44681197805, 0.98335030898, 0.55318802195, 0.013337845739, 0.39998646278, 0.98666215426, 0.60001353722, 0.010044866408, 0.29559891495, 0.98995513359, 0.70440108505, 0.020364858091, 0.51775872887, 0.97963514191, 0.48224127113, 0.017797221605, 0.47040010455, 0.98220277839, 0.52959989545]
    ],
    [
      [0.027004740067, 0.57634923349, 0.97299525993, 0.42365076651, 0.018517723329, 0.49892681995, 0.98148227667, 0.50107318005, 0.022454819818, 0.49978622265, 0.97754518018, 0.50021377735, 0.028178932454, 0.55545526689, 0.97182106755, 0.44454473311, 0.025173459723, 0.54468206535, 0.97482654028, 0.45531793465, 0.020959398863, 0.48634686705, 0.97904060114, 0.51365313295, 0.024764496442, 0.55886652828, 0.97523550356, 0.44113347172, 0.03138430757, 0.59067173736, 0.96861569243, 0.40932826264, 0.026133752423, 0.55753670976, 0.97386624758, 0.44246329024, 0.029608508063, 0.55643941851, 0.97039149194, 0.44356058149, 0.026729876459, 0.58520301638, 0.97327012354, 0.41479698362, 0.027116788134, 0.51215779044, 0.97288321187, 0.48784220956, 0.018356980418, 0.52827193502],
      [0.98164301958, 0.47172806498, 0.023783937644, 0.5665456669, 0.97621606236, 0.4334543331, 0.022638375261, 0.51942084445, 0.97736162474, 0.48057915555, 0.024422148306, 0.5124953783, 0.97557785169, 0.4875046217, 0.0068910275926, 0.53811936868, 0.99310897241, 0.46188063132, 0.019216784982, 0.45445785737, 0.98078321502, 0.54554214263, 0.022638532909, 0.51245382236, 0.97736146709, 0.48754617764, 0.022984050804, 0.4817539873, 0.9770159492, 0.5182460127, 0.020396873563, 0.52688015023, 0.97960312644, 0.47311984977, 0.025755089382, 0.63493878147, 0.97424491062, 0.36506121853, 0.024419387959, 0.53852687068, 0.97558061204, 0.46147312932, 0.017924539063, 0.50627080515, 0.98207546094, 0.49372919485, 0.030344703853, 0.60883851457, 0.96965529615, 0.39116148543]
    ]
  ],
  "maxiter": 3600,
  "param_threshold": 0.001,
  "ll_threshold": "-Inf",
  "initial_prob": "group_proportional"
}
