{
  "W": [
    [73, 27],
    [74, 26],
    [74, 26],
    [74, 26],
    [77, 23],
    [67, 33],
    [78, 22],
    [75, 25],
    [81, 19],
    [75, 25],
    [73, 27],
    [79, 21],
    [78, 22],
    [73, 27],
    [82, 18],
    [65, 35],
    [81, 19],
    [78, 22],
    [69, 31],
    [76, 24],
    [75, 25],
    [71, 29],
    [76, 24],
    [79, 21],
    [76, 24],
    [25, 75],
    [24, 76],
    [32, 68],
    [22, 78],
    [30, 70],
    [25, 75],
    [26, 74],
    [24, 76],
    [24, 76],
    [30, 70],
    [26, 74],
    [30, 70],
    [23, 77],
    [22, 78],
    [29, 71],
    [29, 71],
    [21, 79],
    [19, 81],
    [24, 76],
    [28, 72],
    [21, 79],
    [20, 80],
    [27, 73],
    [25, 75],
    [15, 85]
  ],
  "X": [
    [25, 75],
    [25, 75],
    [24, 76],
    [23, 77],
    [21, 79],
    [30, 70],
    [24, 76],
    [20, 80],
    [20, 80],
    [20, 80],
    [29, 71],
    [25, 75],
    [21, 79],
    [26, 74],
    [17, 83],
    [31, 69],
    [22, 78],
    [22, 78],
    [27, 73],
    [24, 76],
    [27, 73],
    [29, 71],
    [24, 76],
    [20, 80],
    [28, 72],
    [59, 41],
    [60, 40],
    [61, 39],
    [59, 41],
    [57, 43],
    [64, 36],
    [62, 38],
    [62, 38],
    [61, 39],
    [55, 45],
    [66, 34],
    [54, 46],
    [63, 37],
    [55, 45],
    [59, 41],
    [61, 39],
    [65, 35],
    [65, 35],
    [61, 39],
    [61, 39],
    [59, 41],
    [65, 35],
    [57, 43],
    [63, 37],
    [74, 26]
  ],
  "real_prob": [
    [0.078551146114, 0.92144885389],
    [0.78969005176, 0.21030994824]
  ],
  "method": "mcmc",
  "mcmc_stepsize": 3000,
  "mcmc_samples": 100,
  "prob": [
    [0.05398544372, 0.94601455628],
    [0.79881455628, 0.20118544372]
  ],
  "iterations": 18,
  "logLik": -126.3385185279,
  "time": 0.05144,
  "message": "Converged",
  "status": 0,
  "cond_prob": [
    [
      [0.049159949832, 0.79301198749, 0.95084005017, 0.20698801251, 0.055634901651, 0.80319297222, 0.94436509835, 0.19680702778, 0.047550059464, 0.78774213845, 0.95244994054, 0.21225786155, 0.041259470061, 0.76718458521, 0.95874052994, 0.23281541479, 0.046269513394, 0.75814119429, 0.95373048661, 0.24185880571, 0.052783012397, 0.80192539907, 0.9472169876, 0.19807460093, 0.07087846742, 0.83961270642, 0.92912153258, 0.16038729358, 0.03069372789, 0.70791881633, 0.96930627211, 0.29208118367, 0.056205085346, 0.81302042563, 0.94379491465, 0.18697957437, 0.03069372789, 0.70791881633, 0.96930627211, 0.29208118367, 0.079703463946, 0.8585795234, 0.92029653605, 0.1414204766, 0.083980530842, 0.8745494316, 0.91601946916, 0.1254505684, 0.050669885036, 0.77489768033],
      [0.94933011496, 0.22510231967, 0.056599743305, 0.80993402736, 0.9434002567, 0.19006597264, 0.041118347079, 0.75712752997, 0.95888165292, 0.24287247003, 0.047351375773, 0.79777601642, 0.95264862423, 0.20222398358, 0.070771832005, 0.85618324251, 0.929228168, 0.14381675749, 0.058943906718, 0.791017058, 0.94105609328, 0.208982942, 0.043437337252, 0.77428463644, 0.95656266275, 0.22571536356, 0.060534268676, 0.80830814919, 0.93946573132, 0.19169185081, 0.073497958099, 0.8595061257, 0.9265020419, 0.1404938743, 0.06865791729, 0.83190647836, 0.93134208271, 0.16809352164, 0.060367941257, 0.80883485269, 0.93963205874, 0.19116514731, 0.046935740778, 0.77581316565, 0.95306425922, 0.22418683435, 0.087313618457, 0.89017354155, 0.91268638154, 0.10982645845]
    ],
    [
      [0.040168755069, 0.77327708164, 0.95983124493, 0.22672291836, 0.041477512137, 0.77637552248, 0.95852248786, 0.22362447752, 0.066740483403, 0.86565153722, 0.9332595166, 0.13434846278, 0.037362008218, 0.74587225409, 0.96263799178, 0.25412774591, 0.038416241475, 0.7978216108, 0.96158375852, 0.2021783892, 0.053301101822, 0.83556629939, 0.94669889818, 0.16443370061, 0.049131118541, 0.82057555295, 0.95086888146, 0.17942444705, 0.046044992254, 0.80124894981, 0.95395500775, 0.19875105019, 0.043643525554, 0.78884941298, 0.95635647445, 0.21115058702, 0.03611042602, 0.77023838885, 0.96388957398, 0.22976161115, 0.068229484594, 0.86791937028, 0.93177051541, 0.13208062972, 0.032006096594, 0.75771167289, 0.96799390341, 0.24228832711, 0.048162406796, 0.80379564472],
      [0.9518375932, 0.19620435528, 0.031948883133, 0.69611698168, 0.96805111687, 0.30388301832, 0.04236334507, 0.81368257737, 0.95763665493, 0.18631742263, 0.050411376017, 0.83856436754, 0.94958862398, 0.16143563246, 0.04078720634, 0.81194264135, 0.95921279366, 0.18805735865, 0.052691504486, 0.79010940018, 0.94730849551, 0.20989059982, 0.043643525554, 0.78884941298, 0.95635647445, 0.21115058702, 0.048191550684, 0.82848106362, 0.95180844932, 0.17151893638, 0.037228079894, 0.73693937117, 0.96277192011, 0.26306062883, 0.050841152108, 0.79978971197, 0.94915884789, 0.20021028803, 0.036223707935, 0.76742410802, 0.96377629206, 0.23257589198, 0.049954759002, 0.82334841367, 0.950045241, 0.17665158633, 0.079847763449, 0.85649745351, 0.92015223655, 0.14350254649]
    ]
  ],
  "maxiter": 3600,
  "param_threshold": 0.001,
  "ll_threshold": "-Inf",
  "initial_prob": "group_proportional"
}
