{
  "W": [
    [54, 22, 24],
    [64, 15, 21],
    [54, 22, 24],
    [50, 30, 20],
    [57, 26, 17],
    [57, 23, 20],
    [52, 23, 25],
    [51, 22, 27],
    [53, 24, 23],
    [60, 17, 23],
    [55, 24, 21],
    [64, 18, 18],
    [57, 23, 20],
    [59, 15, 26],
    [55, 24, 21],
    [57, 30, 13],
    [52, 35, 13],
    [16, 62, 22],
    [12, 70, 18],
    [25, 52, 23],
    [24, 50, 26],
    [18, 59, 23],
    [26, 53, 21],
    [24, 50, 26],
    [21, 58, 21],
    [20, 61, 19],
    [18, 57, 25],
    [30, 48, 22],
    [24, 47, 29],
    [29, 49, 22],
    [23, 49, 28],
    [24, 60, 16],
    [18, 64, 18],
    [16, 29, 55],
    [22, 21, 57],
    [36, 25, 39],
    [23, 18, 59],
    [26, 25, 49],
    [24, 19, 57],
    [15, 25, 60],
    [19, 23, 58],
    [21, 17, 62],
    [13, 25, 62],
    [16, 28, 56],
    [21, 23, 56],
    [21, 20, 59],
    [26, 20, 54],
    [27, 22, 51],
    [19, 21, 60],
    [19, 24, 57]
  ],
  "X": [
    [60, 40],
    [59, 41],
    [43, 57],
    [58, 42],
    [59, 41],
    [51, 49],
    [39, 61],
    [47, 53],
    [57, 43],
    [45, 55],
    [62, 38],
    [59, 41],
    [53, 47],
    [51, 49],
    [59, 41],
    [60, 40],
    [56, 44],
    [64, 36],
    [70, 30],
    [55, 45],
    [70, 30],
    [60, 40],
    [63, 37],
    [54, 46],
    [66, 34],
    [65, 35],
    [57, 43],
    [60, 40],
    [49, 51],
    [61, 39],
    [53, 47],
    [66, 34],
    [71, 29],
    [40, 60],
    [31, 69],
    [46, 54],
    [35, 65],
    [46, 54],
    [47, 53],
    [47, 53],
    [39, 61],
    [36, 64],
    [38, 62],
    [47, 53],
    [35, 65],
    [36, 64],
    [36, 64],
    [38, 62],
    [36, 64],
    [42, 58]
  ],
  "real_prob": [
    [0.550057604, 0.449942396],
    [0.84560976774, 0.15439023226],
    [0.14413967494, 0.85586032506]
  ],
  "method": "exact",
  "prob": [
    [0.56268767188, 0.43731232812],
    [0.8116337945, 0.1883662055],
    [0.17167233826, 0.82832766174]
  ],
  "iterations": 30,
  "logLik": -153.2979036262,
  "time": 0.39159,
  "message": "Converged",
  "status": 0,
  "cond_prob": [
    [
      [0.65570951396, 0.86497528961, 0.23175957812, 0.34429048604, 0.13502471039, 0.76824042188, 0.64650387397, 0.86012875997, 0.22484860316, 0.35349612603, 0.13987124003, 0.77515139684, 0.44731912205, 0.7319829439, 0.11421427682, 0.55268087795, 0.2680170561, 0.88578572318, 0.58892357171, 0.82833927056, 0.18518216488, 0.41107642829, 0.17166072944, 0.81481783512, 0.59793860469, 0.83351326578, 0.1909502719, 0.40206139531, 0.16648673422, 0.8090497281, 0.52443209691, 0.78795456048, 0.14922077925, 0.47556790309, 0.21204543952, 0.85077922075, 0.39841877189, 0.69103877734, 0.09553327931, 0.60158122811, 0.30896122266, 0.90446672069, 0.51043619775, 0.77856246018, 0.14219925151, 0.48956380225, 0.22143753982, 0.85780074849, 0.60913536847, 0.83990744444],
      [0.19817594802, 0.39086463153, 0.16009255556, 0.80182405198, 0.4846701928, 0.76024405014, 0.13024519913, 0.5153298072, 0.23975594986, 0.86975480087, 0.65940233131, 0.86687821716, 0.23465688411, 0.34059766869, 0.13312178284, 0.76534311589, 0.62453556881, 0.84837336805, 0.20883349842, 0.37546443119, 0.15162663195, 0.79116650158, 0.54868544743, 0.80374473102, 0.16194003416, 0.45131455257, 0.19625526898, 0.83805996584, 0.57710845626, 0.82125882769, 0.17814302558, 0.42289154374, 0.17874117231, 0.82185697442, 0.62339662877, 0.84781230435, 0.20789000538, 0.37660337123, 0.15218769565, 0.79210999462, 0.57893232181, 0.82237068808, 0.17921053958, 0.42106767819, 0.17762931192, 0.82078946042, 0.51481987734, 0.78148024812, 0.14442751491, 0.48518012266],
      [0.21851975188, 0.85557248509, 0.57583999759, 0.82096762932, 0.17666213731, 0.42416000241, 0.17903237068, 0.82333786269, 0.61410829728, 0.84316814296, 0.20049613476, 0.38589170272, 0.15683185704, 0.79950386524, 0.48937396457, 0.76397711255, 0.13212352319, 0.51062603543, 0.23602288745, 0.86787647681, 0.72558263757, 0.89899425862, 0.29370399105, 0.27441736243, 0.10100574138, 0.70629600895, 0.5335070893, 0.79438632814, 0.15339474054, 0.4664929107, 0.20561367186, 0.84660525946, 0.58739335334, 0.82769691528, 0.18380172872, 0.41260664666, 0.17230308472, 0.81619827128, 0.49802845762, 0.77019174486, 0.13606652978, 0.50197154238, 0.22980825514, 0.86393347022, 0.61398309293, 0.84296311862, 0.20069019849, 0.38601690707, 0.15703688138, 0.79930980151]
    ],
    [
      [0.57656603276, 0.82134937951, 0.17717722079, 0.42343396724, 0.17865062049, 0.82282277921, 0.50852140883, 0.77758656011, 0.14096722859, 0.49147859117, 0.22241343989, 0.85903277141, 0.56796946113, 0.81602468999, 0.17235141122, 0.43203053887, 0.18397531001, 0.82764858878, 0.45473022812, 0.73812065197, 0.11706220284, 0.54526977188, 0.26187934803, 0.88293779716, 0.57849036526, 0.82238837868, 0.17848858419, 0.42150963474, 0.17761162132, 0.82151141581, 0.49796310892, 0.77017526966, 0.13600929577, 0.50203689108, 0.22982473034, 0.86399070423, 0.57726253392, 0.82171583706, 0.17767181016, 0.42273746608, 0.17828416294, 0.82232818984, 0.65052509281, 0.86267897184, 0.22661634065, 0.34947490719, 0.13732102816, 0.77338365935, 0.53348550251, 0.79455690669],
      [0.15312875756, 0.46651449749, 0.20544309331, 0.84687124244, 0.4357560247, 0.72365010557, 0.10906517964, 0.5642439753, 0.27634989443, 0.89093482036, 0.54656037952, 0.80264736932, 0.16045236165, 0.45343962048, 0.19735263068, 0.83954763835, 0.52410065228, 0.78830735913, 0.14840936497, 0.47589934772, 0.21169264087, 0.85159063503, 0.60180955102, 0.83596761774, 0.19293390265, 0.39819044898, 0.16403238226, 0.80706609735, 0.67605284487, 0.87530464111, 0.24813936039, 0.32394715513, 0.12469535889, 0.75186063961, 0.67731191985, 0.87597737609, 0.24901478, 0.32268808015, 0.12402262391, 0.75098522, 0.55975974139, 0.81116177174, 0.16737662351, 0.44024025861, 0.18883822826, 0.83262337649, 0.56091207762, 0.81184708647, 0.16805557903, 0.43908792238],
      [0.18815291353, 0.83194442097, 0.56091036681, 0.81196123456, 0.16788926399, 0.43908963319, 0.18803876544, 0.83211073601, 0.64672406655, 0.86048711744, 0.22426385084, 0.35327593345, 0.13951288256, 0.77573614916, 0.48561961595, 0.76169554233, 0.13005340342, 0.51438038405, 0.23830445767, 0.86994659658, 0.53145519228, 0.79317746751, 0.15213375613, 0.46854480772, 0.20682253249, 0.84786624387, 0.50273834635, 0.77372199422, 0.13804376131, 0.49726165365, 0.22627800578, 0.86195623869, 0.50818848975, 0.77745021088, 0.14068639485, 0.49181151025, 0.22254978912, 0.85931360515, 0.53332658017, 0.79443164368, 0.15306217432, 0.46667341983, 0.20556835632, 0.84693782568, 0.59474859235, 0.83199372718, 0.18827942619, 0.40525140765, 0.16800627282, 0.81172057381]
    ]
  ],
  "maxiter": 3600,
  "param_threshold": 0.001,
  "ll_threshold": "-Inf",
  "initial_prob": "group_proportional"
}
