{
  "W": [
    [53, 19, 28],
    [55, 24, 21],
    [58, 24, 18],
    [61, 23, 16],
    [58, 24, 18],
    [48, 29, 23],
    [65, 13, 22],
    [55, 23, 22],
    [59, 18, 23],
    [60, 21, 19],
    [56, 22, 22],
    [61, 20, 19],
    [58, 20, 22],
    [53, 23, 24],
    [57, 21, 22],
    [53, 28, 19],
    [41, 36, 23],
    [16, 61, 23],
    [17, 55, 28],
    [29, 46, 25],
    [19, 66, 15],
    [22, 56, 22],
    [28, 54, 18],
    [20, 57, 23],
    [25, 58, 17],
    [21, 50, 29],
    [21, 53, 26],
    [28, 51, 21],
    [16, 69, 15],
    [26, 52, 22],
    [22, 55, 23],
    [25, 55, 20],
    [23, 53, 24],
    [19, 35, 46],
    [27, 24, 49],
    [20, 21, 59],
    [22, 28, 50],
    [19, 29, 52],
    [21, 17, 62],
    [23, 24, 53],
    [27, 21, 52],
    [18, 26, 56],
    [17, 20, 63],
    [23, 18, 59],
    [23, 26, 51],
    [19, 17, 64],
    [20, 17, 63],
    [25, 20, 55],
    [22, 23, 55],
    [13, 22, 65]
  ],
  "X": [
    [52, 48],
    [51, 49],
    [40, 60],
    [43, 57],
    [44, 56],
    [47, 53],
    [50, 50],
    [48, 52],
    [52, 48],
    [46, 54],
    [48, 52],
    [45, 55],
    [50, 50],
    [48, 52],
    [46, 54],
    [41, 59],
    [46, 54],
    [36, 64],
    [45, 55],
    [53, 47],
    [45, 55],
    [41, 59],
    [43, 57],
    [44, 56],
    [38, 62],
    [47, 53],
    [43, 57],
    [41, 59],
    [41, 59],
    [46, 54],
    [47, 53],
    [39, 61],
    [46, 54],
    [61, 39],
    [55, 45],
    [62, 38],
    [62, 38],
    [65, 35],
    [65, 35],
    [65, 35],
    [68, 32],
    [70, 30],
    [68, 32],
    [67, 33],
    [59, 41],
    [70, 30],
    [70, 30],
    [57, 43],
    [67, 33],
    [73, 27]
  ],
  "real_prob": [
    [0.38237946949, 0.61762053051],
    [0.2308623548, 0.7691376452],
    [0.9066956859, 0.093304314097]
  ],
  "method": "exact",
  "prob": [
    [0.38477548137, 0.61522451863],
    [0.27314803713, 0.72685196287],
    [0.89990485874, 0.10009514126]
  ],
  "iterations": 32,
  "logLik": -133.3833649647,
  "time": 0.411316,
  "message": "Converged",
  "status": 0,
  "cond_prob": [
    [
      [0.39986508098, 0.28517585271, 0.90674319666, 0.60013491902, 0.71482414729, 0.093256803342, 0.43769806523, 0.31793810519, 0.91886151848, 0.56230193477, 0.68206189481, 0.081138481523, 0.32516740736, 0.22402885056, 0.8757554422, 0.67483259264, 0.77597114944, 0.1242445578, 0.37134862439, 0.26139303294, 0.89598088467, 0.62865137561, 0.73860696706, 0.10401911533, 0.37205983483, 0.26196365252, 0.89630010665, 0.62794016517, 0.73803634748, 0.10369989335, 0.38353163363, 0.2714462384, 0.90080611618, 0.61646836637, 0.7285537616, 0.099193883816, 0.4041089243, 0.28885659827, 0.90808109742, 0.5958910757, 0.71114340173, 0.091918902584, 0.39379553829, 0.28008864146, 0.90450939275, 0.60620446171, 0.71991135854, 0.095490607249, 0.42937070216, 0.31062698947],
      [0.91634098966, 0.57062929784, 0.68937301053, 0.083659010343, 0.38557987728, 0.27321273716, 0.90145999384, 0.61442012272, 0.72678726284, 0.098540006164, 0.39241676529, 0.27892816411, 0.90401097878, 0.60758323471, 0.72107183589, 0.095989021225, 0.37247613289, 0.26230919512, 0.89646168375, 0.62752386711, 0.73769080488, 0.10353831625, 0.4138835323, 0.29721075868, 0.91138817968, 0.5861164677, 0.70278924132, 0.088611820321, 0.38119572986, 0.26950204073, 0.89991997418, 0.61880427014, 0.73049795927, 0.10008002582, 0.36690680076, 0.25768965095, 0.89431044032, 0.63309319924, 0.74231034905, 0.10568955968, 0.33528874629, 0.23206178565, 0.88062981307, 0.66471125371, 0.76793821435, 0.11937018693, 0.38082596356, 0.26917081252, 0.89982548885, 0.61917403644],
      [0.73082918748, 0.10017451115, 0.28541406071, 0.19301511464, 0.85475882763, 0.71458593929, 0.80698488536, 0.14524117237, 0.36074707684, 0.25249370684, 0.89214806491, 0.63925292316, 0.74750629316, 0.10785193509, 0.47281751594, 0.34930703429, 0.92880673842, 0.52718248406, 0.65069296571, 0.071193261581, 0.46105324717, 0.33873867724, 0.92554904039, 0.53894675283, 0.66126132276, 0.074450959615, 0.3515939945, 0.24509117099, 0.88817393389, 0.6484060055, 0.75490882901, 0.11182606611, 0.40089730347, 0.28607014297, 0.90706043237, 0.59910269653, 0.71392985703, 0.092939567629, 0.38535933103, 0.27290317281, 0.90162315343, 0.61464066897, 0.72709682719, 0.098376846565, 0.35027681636, 0.24405836157, 0.88751144823, 0.64972318364, 0.75594163843, 0.11248855177]
    ],
    [
      [0.37332844287, 0.2628473478, 0.89716328653, 0.62667155713, 0.7371526522, 0.10283671347, 0.34538899124, 0.24004932331, 0.88554680956, 0.65461100876, 0.75995067669, 0.11445319044, 0.35164694635, 0.24515627873, 0.88813882319, 0.64835305365, 0.75484372127, 0.11186117681, 0.4163869103, 0.29933418602, 0.91225004, 0.5836130897, 0.70066581398, 0.087749960004, 0.4104813105, 0.29421603029, 0.9103751069, 0.5895186895, 0.70578396971, 0.089624893101, 0.42152489522, 0.30372013098, 0.91399326528, 0.57847510478, 0.69627986902, 0.086006734722, 0.33837655442, 0.23445557891, 0.88227646498, 0.66162344558, 0.76554442109, 0.11772353502, 0.39891605512, 0.28432734804, 0.90648255359, 0.60108394488, 0.71567265196, 0.093517446405, 0.42633938572, 0.30762319979],
      [0.91592912345, 0.57366061428, 0.69237680021, 0.084070876555, 0.29583835569, 0.20097744347, 0.8609980766, 0.70416164431, 0.79902255653, 0.1390019234, 0.31115023283, 0.21276604672, 0.86964251462, 0.68884976717, 0.78723395328, 0.13035748538, 0.39766598148, 0.28300540825, 0.90654393953, 0.60233401852, 0.71699459175, 0.093456060471, 0.43207678401, 0.3125310417, 0.91782963259, 0.56792321599, 0.6874689583, 0.082170367413, 0.32525455658, 0.22380396162, 0.87685462846, 0.67474544342, 0.77619603838, 0.12314537154, 0.41416126784, 0.29701846334, 0.91218580603, 0.58583873216, 0.70298153666, 0.087814193974, 0.46588333231, 0.34258678167, 0.92743899255, 0.53411666769, 0.65741321833, 0.072561007451, 0.47951089005, 0.354858457, 0.93111578745, 0.52048910995],
      [0.645141543, 0.068884212553, 0.37045555504, 0.2601555789, 0.89681180931, 0.62954444496, 0.7398444211, 0.10318819069, 0.38523911885, 0.27246922628, 0.90228905412, 0.61476088115, 0.72753077372, 0.097710945876, 0.33989425418, 0.23549906881, 0.88351875225, 0.66010574582, 0.76450093119, 0.11648124775, 0.39040331394, 0.27670159724, 0.9043501544, 0.60959668606, 0.72329840276, 0.095649845595, 0.39951759665, 0.284387507, 0.90754064203, 0.60048240335, 0.715612493, 0.09245935797, 0.27179252685, 0.18268731475, 0.84638982789, 0.72820747315, 0.81731268525, 0.15361017211, 0.42907293578, 0.30987332752, 0.91696925236, 0.57092706422, 0.69012667248, 0.083030747638, 0.44818146439, 0.32640700419, 0.9229644134, 0.55181853561, 0.67359299581, 0.077035586602]
    ]
  ],
  "maxiter": 3600,
  "param_threshold": 0.001,
  "ll_threshold": "-Inf",
  "initial_prob": "group_proportional"
}
