{
  "W": [
    [74, 26],
    [74, 26],
    [79, 21],
    [75, 25],
    [71, 29],
    [74, 26],
    [81, 19],
    [71, 29],
    [77, 23],
    [68, 32],
    [72, 28],
    [76, 24],
    [71, 29],
    [75, 25],
    [73, 27],
    [77, 23],
    [75, 25],
    [82, 18],
    [77, 23],
    [74, 26],
    [78, 22],
    [71, 29],
    [81, 19],
    [82, 18],
    [70, 30],
    [23, 77],
    [23, 77],
    [29, 71],
    [24, 76],
    [22, 78],
    [32, 68],
    [30, 70],
    [22, 78],
    [21, 79],
    [30, 70],
    [28, 72],
    [25, 75],
    [21, 79],
    [22, 78],
    [25, 75],
    [32, 68],
    [22, 78],
    [23, 77],
    [29, 71],
    [23, 77],
    [28, 72],
    [22, 78],
    [22, 78],
    [24, 76],
    [20, 80]
  ],
  "X": [
    [52, 14, 34],
    [46, 14, 40],
    [47, 20, 33],
    [50, 14, 36],
    [57, 13, 30],
    [52, 19, 29],
    [49, 12, 39],
    [51, 15, 34],
    [44, 16, 40],
    [56, 12, 32],
    [54, 12, 34],
    [48, 14, 38],
    [47, 14, 39],
    [53, 9, 38],
    [55, 14, 31],
    [50, 16, 34],
    [55, 12, 33],
    [46, 17, 37],
    [47, 18, 35],
    [44, 17, 39],
    [53, 12, 35],
    [56, 17, 27],
    [40, 16, 44],
    [39, 9, 52],
    [51, 17, 32],
    [68, 13, 19],
    [59, 19, 22],
    [61, 25, 14],
    [62, 17, 21],
    [68, 15, 17],
    [60, 22, 18],
    [72, 12, 16],
    [70, 13, 17],
    [65, 18, 17],
    [69, 16, 15],
    [65, 18, 17],
    [61, 19, 20],
    [66, 16, 18],
    [57, 24, 19],
    [68, 18, 14],
    [58, 19, 23],
    [60, 16, 24],
    [76, 7, 17],
    [57, 25, 18],
    [69, 15, 16],
    [62, 18, 20],
    [65, 14, 21],
    [65, 14, 21],
    [53, 29, 18],
    [69, 12, 19]
  ],
  "real_prob": [
    [0.44140974472, 0.1466890045, 0.41190125078],
    [0.70077677595, 0.17905407404, 0.12016915001]
  ],
  "method": "mvn_pdf",
  "prob": [
    [0.42648267162, 0.13242587, 0.44109145838],
    [0.71202309646, 0.18747160964, 0.1005052939]
  ],
  "iterations": 13,
  "logLik": -4137.5922597957,
  "time": 0.001101,
  "message": "Converged",
  "status": 0,
  "cond_prob": [
    [
      [0.44856393333, 0.7326369387, 0.12478987218, 0.17251839523, 0.42664619449, 0.094844666068, 0.38023060907, 0.69181082781, 0.11981881468, 0.1846375156, 0.49995057626, 0.12355165658, 0.41506248589, 0.65700812217, 0.19233531618, 0.258233152, 0.39260219793, 0.084758725821, 0.42906747837, 0.72120056656, 0.12412452238, 0.17662586679, 0.44680799924, 0.10217356665, 0.49413519596, 0.76491508415, 0.1169135423, 0.15308529645, 0.38895126174, 0.081999619406, 0.45519787528, 0.69373599729, 0.17806983256, 0.23002233372, 0.36673229216, 0.076241668991, 0.43328662152, 0.73660563482, 0.10961150444, 0.1576502552, 0.45710187405, 0.10574410998, 0.42953394268, 0.71518905583, 0.13148443255, 0.18539083282, 0.43898162477, 0.099420111352, 0.37416460821, 0.66923795345],
      [0.14030665145, 0.21269073359, 0.48552874034, 0.11807131295, 0.46838546288, 0.75974093522, 0.10683206614, 0.14656875563, 0.42478247098, 0.093690309148, 0.45896800316, 0.75372731178, 0.10759390306, 0.14945766342, 0.43343809377, 0.096815024792, 0.40987562587, 0.70938292948, 0.12334569037, 0.18075677661, 0.46677868376, 0.10986029391, 0.38035989564, 0.69345963863, 0.11813456097, 0.18241077684, 0.5015055434, 0.12412958454, 0.44695836034, 0.76627761352, 0.08625353106, 0.12497706523, 0.4667881086, 0.10874532126, 0.47984189247, 0.74974279349, 0.12579416648, 0.16632176367, 0.39436394105, 0.08393544284, 0.43958486999, 0.70995255697, 0.14525834351, 0.19870641826, 0.4151567865, 0.091341024771, 0.48131778334, 0.76453392232, 0.10939326065, 0.14694717822]
    ],
    [
      [0.40928895601, 0.088518899458, 0.41229684652, 0.68194800446, 0.15776441051, 0.2211524633, 0.42993874297, 0.096899532233, 0.40937320645, 0.67383171324, 0.16542832362, 0.23083650907, 0.42519846994, 0.095331777697, 0.366447232, 0.65707373115, 0.14769012419, 0.22451888094, 0.48586264381, 0.1184073879, 0.46840777565, 0.75701268272, 0.10987911304, 0.15018941989, 0.42171311131, 0.092797897394, 0.49008828321, 0.73177267105, 0.15495735974, 0.19593890829, 0.35495435705, 0.072288420663, 0.34542706017, 0.646467189, 0.14037420972, 0.22272894127, 0.51419873011, 0.13080386972, 0.31755614673, 0.67967024297, 0.080457190675, 0.14570838735, 0.60198666259, 0.17462136969, 0.43093831752, 0.69967023016, 0.15118814563, 0.20798290275, 0.41787353685, 0.092346867096],
      [0.44088184221, 0.75224696293, 0.09832565592, 0.14201236721, 0.46079250187, 0.10574066986, 0.35148130006, 0.66358360251, 0.12773052015, 0.20449434127, 0.52078817979, 0.13192205621, 0.4486168617, 0.65785917915, 0.22232025031, 0.27666344878, 0.32906288799, 0.065477372075, 0.38637377554, 0.69767998972, 0.11915438927, 0.18233945137, 0.4944718352, 0.11998055891, 0.45697812327, 0.74712015018, 0.11449829827, 0.15851718545, 0.42852357847, 0.09436266437, 0.43203428067, 0.67603172431, 0.18256860643, 0.24230817448, 0.3853971129, 0.081660101217, 0.53519132599, 0.79698664803, 0.10331713613, 0.130134841, 0.36149153788, 0.07287851097, 0.47069254509, 0.76597587614, 0.10190727942, 0.14036104522, 0.42740017549, 0.09366307864, 0.43029664832, 0.7138150982]
    ],
    [
      [0.13441413521, 0.18896711144, 0.43528921647, 0.097217790364, 0.51956282166, 0.76474498124, 0.13318994459, 0.16597970544, 0.34724723375, 0.069275313325, 0.46414380975, 0.72664747049, 0.14345631854, 0.19029413218, 0.3923998717, 0.083058397334, 0.39464289492, 0.68638091911, 0.13857320131, 0.20433122013, 0.46678390377, 0.10928786076, 0.42696664236, 0.72672385504, 0.11716718502, 0.16893714288, 0.45586617262, 0.10433900208, 0.35919969087, 0.62631196188, 0.17934212826, 0.26544700167, 0.46145818087, 0.10824103645, 0.49829733981, 0.74253721591, 0.14733312859, 0.18599040509, 0.35436953159, 0.071472378996, 0.38360943202, 0.67656188531, 0.14062596695, 0.2102858278, 0.47576460103, 0.1131522869, 0.33014464287, 0.67261010507, 0.099600730426, 0.17197840684],
      [0.57025462671, 0.15541148809, 0.51522004558, 0.81596770861, 0.071666761258, 0.095914473115, 0.41311319316, 0.088117818275, 0.39463876501, 0.63069500142, 0.20907671558, 0.28365388137, 0.39628451941, 0.085651117215, 0.47958737729, 0.75672553926, 0.11797287736, 0.1576095726, 0.40243974535, 0.085664888135, 0.4170832594, 0.70422794955, 0.13549733051, 0.193895067, 0.44741941008, 0.10187698345, 0.39298322843, 0.72241445796, 0.097616592781, 0.15197002976, 0.50940017879, 0.12561551228, 0.39298322843, 0.72241445796, 0.097616592781, 0.15197002976, 0.50940017879, 0.12561551228, 0.34216377307, 0.56598239143, 0.24287784858, 0.34142703335, 0.41495837836, 0.092590575222, 0.42835296395, 0.75306189051, 0.089517668456, 0.13319946381, 0.48212936759, 0.11373864567]
    ]
  ],
  "maxiter": 3600,
  "param_threshold": 0.001,
  "ll_threshold": "-Inf",
  "initial_prob": "group_proportional"
}
