{
  "W": [
    [78, 22],
    [79, 21],
    [78, 22],
    [84, 16],
    [77, 23],
    [72, 28],
    [73, 27],
    [67, 33],
    [73, 27],
    [75, 25],
    [78, 22],
    [77, 23],
    [73, 27],
    [81, 19],
    [79, 21],
    [79, 21],
    [74, 26],
    [68, 32],
    [73, 27],
    [74, 26],
    [69, 31],
    [76, 24],
    [78, 22],
    [74, 26],
    [73, 27],
    [27, 73],
    [24, 76],
    [19, 81],
    [25, 75],
    [31, 69],
    [24, 76],
    [18, 82],
    [34, 66],
    [27, 73],
    [23, 77],
    [24, 76],
    [30, 70],
    [29, 71],
    [15, 85],
    [21, 79],
    [24, 76],
    [25, 75],
    [27, 73],
    [29, 71],
    [26, 74],
    [20, 80],
    [24, 76],
    [25, 75],
    [25, 75],
    [22, 78]
  ],
  "X": [
    [40, 25, 35],
    [34, 26, 40],
    [40, 36, 24],
    [45, 22, 33],
    [43, 19, 38],
    [37, 29, 34],
    [35, 26, 39],
    [36, 22, 42],
    [35, 25, 40],
    [41, 26, 33],
    [43, 33, 24],
    [35, 23, 42],
    [35, 32, 33],
    [37, 30, 33],
    [40, 27, 33],
    [46, 26, 28],
    [50, 19, 31],
    [41, 23, 36],
    [47, 20, 33],
    [44, 29, 27],
    [49, 23, 28],
    [41, 20, 39],
    [42, 19, 39],
    [37, 31, 32],
    [36, 19, 45],
    [25, 27, 48],
    [27, 33, 40],
    [21, 25, 54],
    [24, 27, 49],
    [28, 36, 36],
    [23, 34, 43],
    [28, 27, 45],
    [32, 27, 41],
    [22, 23, 55],
    [24, 30, 46],
    [17, 32, 51],
    [17, 35, 48],
    [21, 36, 43],
    [25, 30, 45],
    [23, 28, 49],
    [26, 30, 44],
    [26, 32, 42],
    [25, 22, 53],
    [25, 34, 41],
    [25, 29, 46],
    [21, 26, 53],
    [24, 24, 52],
    [27, 25, 48],
    [23, 25, 52],
    [25, 26, 49]
  ],
  "real_prob": [
    [0.47508097397, 0.22317111643, 0.30174790961],
    [0.15859479413, 0.32963240565, 0.51177280022]
  ],
  "method": "mvn_pdf",
  "prob": [
    [0.47690907389, 0.23819388778, 0.28489703833],
    [0.16676869587, 0.30334039426, 0.52989090987]
  ],
  "iterations": 12,
  "logLik": -7844.6553716439,
  "time": 0.000845,
  "message": "Converged",
  "status": 0,
  "cond_prob": [
    [
      [0.46881446905, 0.16123792332, 0.23544103256, 0.29530067015, 0.29574449838, 0.54346140652, 0.39931691103, 0.12540954307, 0.24829851877, 0.28385893774, 0.35238457019, 0.59073151919, 0.45036796141, 0.16101526612, 0.34764124729, 0.45391220238, 0.20199079131, 0.3850725315, 0.50310054753, 0.17944588323, 0.20948093709, 0.27250015103, 0.28741851538, 0.54805396574, 0.50302255548, 0.17633858246, 0.18194159304, 0.23267065913, 0.31503585147, 0.59099075841, 0.45363872548, 0.15574420351, 0.27118810932, 0.33973947154, 0.2751731652, 0.50451632495, 0.42916478348, 0.14014114119, 0.24506087294, 0.29166646615, 0.32577434359, 0.56819239265, 0.45949588461, 0.1530812909, 0.20515977028, 0.24934330413, 0.33534434511, 0.59757540496, 0.42885746707, 0.13924449166],
      [0.23564877933, 0.27883538648, 0.3354937536, 0.58192012186, 0.49006450434, 0.17453868541, 0.24058067745, 0.3127714595, 0.26935481822, 0.51268985508, 0.4890401321, 0.18140097031, 0.30905423811, 0.41888500896, 0.20190562979, 0.39971402073, 0.4142365409, 0.13062720541, 0.21887899878, 0.25130796913, 0.36688446032, 0.61806482545, 0.42502810581, 0.14277981411, 0.30567057397, 0.37453600697, 0.26930132022, 0.48268417892, 0.42431300094, 0.14120825594, 0.29020043107, 0.35194677912, 0.28548656799, 0.50684496494, 0.46486443436, 0.1608174137, 0.25519918806, 0.32199129769, 0.27993637758, 0.51719128861, 0.53036250044, 0.20100301396, 0.2376656392, 0.32906502331, 0.23197186036, 0.46993196273, 0.59580450702, 0.2410191564, 0.17024525683, 0.25191686643]
    ],
    [
      [0.23395023615, 0.50706397717, 0.51646147134, 0.18770122849, 0.20765748973, 0.27574402996, 0.27588103893, 0.53655474155, 0.56617077047, 0.21928010572, 0.18094940598, 0.256200604, 0.25287982355, 0.52451929028, 0.52270936615, 0.19855966314, 0.26113097159, 0.36262516084, 0.21615966225, 0.43881517602, 0.60382764221, 0.2516552984, 0.19276705447, 0.29422339966, 0.20340530331, 0.45412130194, 0.48430858197, 0.16593951448, 0.19054580354, 0.23809338383, 0.32514561449, 0.59596710169, 0.48739992962, 0.1670497035, 0.18321720972, 0.22896268473, 0.32938286066, 0.60398761177, 0.44463416009, 0.15263592702, 0.29358875023, 0.36773105313, 0.26177708968, 0.47963301986, 0.43345285101, 0.1375893758, 0.18367645548, 0.21238769391, 0.38287069351, 0.65002293029],
      [0.47696565359, 0.16448521807, 0.22561386148, 0.28532105546, 0.29742048493, 0.55019372647, 0.51337517894, 0.19092915175, 0.25775134482, 0.35227579722, 0.22887347624, 0.45679505103, 0.45375286827, 0.1500588883, 0.21304969933, 0.25844514818, 0.33319743241, 0.59149596351, 0.47129445503, 0.16118282419, 0.22606829757, 0.28355320397, 0.30263724739, 0.55526397184, 0.48841402097, 0.17870156901, 0.29401952684, 0.39482280378, 0.21756645218, 0.42647562721, 0.45340287779, 0.15631090999, 0.28500992365, 0.36042671319, 0.26158719856, 0.48326237682, 0.56735959782, 0.2215157436, 0.19675097336, 0.28288562226, 0.23588942882, 0.49559863414, 0.54472545891, 0.20723418465, 0.21213687225, 0.29629725774, 0.24313766884, 0.49646855761, 0.43209472328, 0.13808177825]
    ],
    [
      [0.20466123331, 0.23945709197, 0.36324404342, 0.62246112979, 0.47831499085, 0.16721668963, 0.2458260578, 0.31541142965, 0.27585895134, 0.51737188072, 0.37037036898, 0.11399311711, 0.28937594473, 0.32575060691, 0.34025368629, 0.56025627599, 0.34673632161, 0.10545442669, 0.32478042933, 0.36084886008, 0.32848324907, 0.53369671322, 0.40139144433, 0.13108619043, 0.32054972257, 0.38321792547, 0.2780588331, 0.4856958841, 0.53357814681, 0.20055941167, 0.2247514856, 0.31097641128, 0.24167036758, 0.48846417705, 0.47432189837, 0.16335401579, 0.23099429684, 0.29197031928, 0.29468380479, 0.54467566492, 0.50335091998, 0.18213927742, 0.23921427267, 0.31789912012, 0.25743480735, 0.49996160247, 0.49579777637, 0.17925705191, 0.25682133641, 0.34095410808],
      [0.24738088723, 0.47978884001, 0.47677604024, 0.1609516348, 0.18993075408, 0.23505933811, 0.33329320568, 0.60398902709, 0.46010155225, 0.16038710565, 0.28606678547, 0.36564861209, 0.25383166228, 0.47396428226, 0.48022336707, 0.16776331837, 0.2393114439, 0.30670085817, 0.28046518903, 0.52553582346, 0.44899406093, 0.14823019626, 0.22172018, 0.26843572582, 0.32928575907, 0.58333407792, 0.47644169926, 0.16194039296, 0.20287394947, 0.25292468152, 0.32068435127, 0.58513492552, 0.51712037561, 0.18673824812, 0.20106571427, 0.2666274675, 0.28181391011, 0.54663428438, 0.45664934865, 0.15185426825, 0.21442520291, 0.26135946362, 0.32892544843, 0.58678626813, 0.50120569753, 0.17756149295, 0.21043128993, 0.27376042596, 0.28836301254, 0.54867808109]
    ]
  ],
  "maxiter": 3600,
  "param_threshold": 0.001,
  "ll_threshold": "-Inf",
  "initial_prob": "group_proportional"
}
