{
  "W": [
    [52, 48],
    [59, 41],
    [49, 51],
    [56, 44],
    [53, 47],
    [56, 44],
    [55, 45],
    [50, 50],
    [61, 39],
    [53, 47],
    [58, 42],
    [51, 49],
    [54, 46],
    [60, 40],
    [64, 36],
    [53, 47],
    [56, 44],
    [52, 48],
    [54, 46],
    [52, 48],
    [56, 44],
    [55, 45],
    [57, 43],
    [53, 47],
    [54, 46],
    [43, 57],
    [41, 59],
    [54, 46],
    [51, 49],
    [39, 61],
    [42, 58],
    [49, 51],
    [42, 58],
    [44, 56],
    [40, 60],
    [41, 59],
    [38, 62],
    [53, 47],
    [39, 61],
    [45, 55],
    [47, 53],
    [50, 50],
    [52, 48],
    [35, 65],
    [52, 48],
    [42, 58],
    [45, 55],
    [44, 56],
    [53, 47],
    [46, 54]
  ],
  "X": [
    [34, 66],
    [47, 53],
    [34, 66],
    [45, 55],
    [31, 69],
    [37, 63],
    [37, 63],
    [40, 60],
    [41, 59],
    [32, 68],
    [35, 65],
    [38, 62],
    [37, 63],
    [44, 56],
    [44, 56],
    [29, 71],
    [37, 63],
    [35, 65],
    [40, 60],
    [44, 56],
    [40, 60],
    [39, 61],
    [47, 53],
    [37, 63],
    [44, 56],
    [33, 67],
    [32, 68],
    [45, 55],
    [33, 67],
    [26, 74],
    [34, 66],
    [35, 65],
    [39, 61],
    [27, 73],
    [27, 73],
    [37, 63],
    [28, 72],
    [38, 62],
    [27, 73],
    [34, 66],
    [36, 64],
    [35, 65],
    [47, 53],
    [24, 76],
    [35, 65],
    [27, 73],
    [33, 67],
    [35, 65],
    [42, 58],
    [37, 63]
  ],
  "real_prob": [
    [0.65897932849, 0.34102067151],
    [0.05875717626, 0.94124282374]
  ],
  "method": "exact",
  "prob": [
    [0.61113873367, 0.38886126633],
    [0.11446126633, 0.88553873367]
  ],
  "iterations": 91,
  "logLik": -142.6860352543,
  "time": 0.157399,
  "message": "Converged",
  "status": 0,
  "cond_prob": [
    [
      [0.56565477533, 0.095540660063, 0.43434522467, 0.90445933994, 0.69038071524, 0.15286677563, 0.30961928476, 0.84713322437, 0.58658690514, 0.10308316957, 0.41341309486, 0.89691683043, 0.68569689696, 0.15002213114, 0.31430310304, 0.84997786886, 0.51458296249, 0.079300063574, 0.48541703751, 0.92069993643, 0.58118358385, 0.10122089328, 0.41881641615, 0.89877910672, 0.58787123348, 0.10371293686, 0.41212876652, 0.89628706314, 0.66283324378, 0.13716675622, 0.33716675622, 0.86283324378, 0.6021587253, 0.10944404505, 0.3978412747, 0.89055595495, 0.52950707496, 0.083747341006, 0.47049292504, 0.91625265899, 0.54029325153, 0.087214081218, 0.45970674847, 0.91278591878, 0.62910333117, 0.12072918592, 0.37089666883, 0.87927081408, 0.59463260002, 0.10630086085],
      [0.40536739998, 0.89369913915, 0.64707536061, 0.12938695909, 0.35292463939, 0.87061304091, 0.62136461217, 0.11757402281, 0.37863538783, 0.88242597719, 0.48426402467, 0.070936312606, 0.51573597533, 0.92906368739, 0.58118358385, 0.10122089328, 0.41881641615, 0.89877910672, 0.5800970942, 0.10072814795, 0.4199029058, 0.89927185205, 0.63538442076, 0.12367915824, 0.36461557924, 0.87632084176, 0.69980518131, 0.15854438692, 0.30019481869, 0.84145561308, 0.62186645779, 0.11762450826, 0.37813354221, 0.88237549174, 0.61522062483, 0.11473034742, 0.38477937517, 0.88526965258, 0.70323712558, 0.16082520563, 0.29676287442, 0.83917479437, 0.60146328772, 0.10898820746, 0.39853671228, 0.89101179254, 0.68659941364, 0.15051373182, 0.31340058636, 0.84948626818]
    ],
    [
      [0.61556408895, 0.11457445921, 0.38443591105, 0.88542554079, 0.61564451175, 0.11455211895, 0.38435548825, 0.88544788105, 0.69878966479, 0.15794256742, 0.30121033521, 0.84205743258, 0.55786359183, 0.092835853399, 0.44213640817, 0.9071641466, 0.53403966101, 0.08479431509, 0.46596033899, 0.91520568491, 0.63767074735, 0.12444532088, 0.36232925265, 0.87555467912, 0.60110146619, 0.10874565013, 0.39889853381, 0.89125434987, 0.70515746299, 0.1617825268, 0.29484253701, 0.8382174732, 0.51340345282, 0.078754429925, 0.48659654718, 0.92124557008, 0.54335483768, 0.08776344155, 0.45664516232, 0.91223655845, 0.68641221255, 0.15012032687, 0.31358778745, 0.84987967313, 0.57572380947, 0.098749923226, 0.42427619053, 0.90125007677, 0.61526386605, 0.11470244892],
      [0.38473613395, 0.88529755108, 0.55112505204, 0.090264310991, 0.44887494796, 0.90973568901, 0.61549121833, 0.11459809409, 0.38450878167, 0.88540190591, 0.62964964213, 0.12087673245, 0.37035035787, 0.87912326755, 0.59402979605, 0.10597020395, 0.40597020395, 0.89402979605, 0.73494334414, 0.18297804385, 0.26505665586, 0.81702195615, 0.53049644445, 0.083578837602, 0.46950355555, 0.9164211624, 0.5800970942, 0.10072814795, 0.4199029058, 0.89927185205, 0.52814372204, 0.083068339215, 0.47185627796, 0.91693166078, 0.6007310793, 0.1084927533, 0.3992689207, 0.8915072467, 0.63725124106, 0.12430259631, 0.36274875894, 0.87569740369, 0.66821037503, 0.14010319412, 0.33178962497, 0.85989680588, 0.6507229328, 0.13086564984, 0.3492770672, 0.86913435016]
    ]
  ],
  "maxiter": 3600,
  "param_threshold": 0.001,
  "ll_threshold": "-Inf",
  "initial_prob": "group_proportional"
}
