{
  "W": [
    [92, 5, 3],
    [96, 1, 3],
    [95, 0, 5],
    [94, 3, 3],
    [94, 4, 2],
    [90, 8, 2],
    [95, 4, 1],
    [92, 5, 3],
    [93, 2, 5],
    [91, 6, 3],
    [94, 3, 3],
    [92, 3, 5],
    [97, 1, 2],
    [96, 2, 2],
    [95, 1, 4],
    [88, 7, 5],
    [62, 33, 5],
    [7, 92, 1],
    [1, 96, 3],
    [5, 92, 3],
    [3, 90, 7],
    [3, 96, 1],
    [4, 90, 6],
    [5, 94, 1],
    [1, 97, 2],
    [4, 93, 3],
    [7, 89, 4],
    [4, 93, 3],
    [5, 90, 5],
    [3, 93, 4],
    [2, 93, 5],
    [3, 94, 3],
    [0, 94, 6],
    [2, 34, 64],
    [2, 5, 93],
    [2, 4, 94],
    [2, 5, 93],
    [2, 2, 96],
    [5, 3, 92],
    [1, 5, 94],
    [1, 4, 95],
    [8, 4, 88],
    [5, 4, 91],
    [2, 3, 95],
    [4, 1, 95],
    [3, 3, 94],
    [5, 2, 93],
    [5, 4, 91],
    [2, 4, 94],
    [3, 6, 91]
  ],
  "X": [
    [38, 6, 56],
    [40, 9, 51],
    [41, 3, 56],
    [36, 6, 58],
    [48, 0, 52],
    [27, 8, 65],
    [40, 5, 55],
    [39, 9, 52],
    [37, 3, 60],
    [36, 10, 54],
    [41, 4, 55],
    [30, 5, 65],
    [36, 3, 61],
    [39, 7, 54],
    [34, 6, 60],
    [36, 3, 61],
    [38, 13, 49],
    [22, 31, 47],
    [31, 17, 52],
    [22, 24, 54],
    [21, 26, 53],
    [31, 22, 47],
    [20, 26, 54],
    [23, 24, 53],
    [22, 36, 42],
    [27, 31, 42],
    [26, 28, 46],
    [31, 26, 43],
    [19, 25, 56],
    [20, 37, 43],
    [24, 18, 58],
    [17, 26, 57],
    [25, 39, 36],
    [16, 19, 65],
    [11, 14, 75],
    [9, 12, 79],
    [16, 14, 70],
    [23, 10, 67],
    [16, 16, 68],
    [21, 10, 69],
    [20, 17, 63],
    [17, 16, 67],
    [19, 19, 62],
    [19, 13, 68],
    [17, 14, 69],
    [13, 12, 75],
    [19, 8, 73],
    [20, 11, 69],
    [19, 8, 73],
    [14, 16, 70]
  ],
  "real_prob": [
    [0.36389351726, 0.055191684477, 0.58091479826],
    [0.24249382826, 0.29587581511, 0.46163035662],
    [0.17361305178, 0.13603613014, 0.69035081808]
  ],
  "method": "exact",
  "prob": [
    [0.388563242, 0.043791076569, 0.56764568143],
    [0.23560447362, 0.28722663362, 0.47716889276],
    [0.15937119932, 0.12796727317, 0.71266152751]
  ],
  "iterations": 3,
  "logLik": -277.9208497499,
  "time": 0.04935,
  "message": "Converged",
  "status": 0,
  "cond_prob": [
    [
      [0.39497082814, 0.23559842499, 0.16156389536, 0.044647262632, 0.29954263622, 0.13157955225, 0.56038190923, 0.46485893879, 0.70685655239, 0.40958520169, 0.20126939344, 0.15951708129, 0.081859143576, 0.45136614637, 0.23005202343, 0.50855565473, 0.34736446019, 0.61043089528, 0.42199513939, 0.23563841825, 0.18209235153, 0.027124355366, 0.28684210632, 0.084637248049, 0.55088050524, 0.47751947543, 0.73327040042, 0.37141128825, 0.21458496079, 0.14786134056, 0.049121104232, 0.3198913922, 0.14098067521, 0.57946760751, 0.46552364701, 0.71115798423, 0.48830380301, 0.40681224344, 0.23609677185, 0, 0, 0, 0.51169619699, 0.59318775656, 0.76390322815, 0.28383384364, 0.15576252984, 0.10442691691, 0.055408234279, 0.3400310954],
      [0.14650507585, 0.66075792208, 0.50420637476, 0.74906800725, 0.40866569275, 0.25155370215, 0.17054438031, 0.039738445615, 0.27630922485, 0.11961076717, 0.55159586164, 0.472137073, 0.70984485252, 0.40707245807, 0.21297674924, 0.16148337043, 0.069294997805, 0.40611361924, 0.19809736859, 0.52363254412, 0.38090963152, 0.64041926098, 0.38363860856, 0.25866132777, 0.16085734967, 0.024304109488, 0.18607737583, 0.073512613199, 0.59205728195, 0.5552612964, 0.76563003713, 0.37820620206, 0.19125177741, 0.1452416493, 0.075066921367, 0.42436130608, 0.20758077304, 0.54672687657, 0.38438691651, 0.64717757765, 0.42169153208, 0.27325694689, 0.18040838118, 0.031929053317, 0.23431859476, 0.098571067967, 0.5463794146, 0.49242445835, 0.72102055085, 0.31336205724],
      [0.18880174543, 0.12085709944, 0.039598237671, 0.26903070303, 0.10997400503, 0.64703970508, 0.54216755154, 0.76916889553, 0.36555803549, 0.24049597319, 0.15018729192, 0.027163841061, 0.2039102368, 0.080598590159, 0.60727812344, 0.55559379001, 0.76921411792, 0.39843020428, 0.21639941696, 0.15895077752, 0.06140556867, 0.3757510258, 0.17678167801, 0.54016422705, 0.40784955724, 0.66426754446, 0.350097615, 0.19653530778, 0.1360478169, 0.053310669028, 0.33780695956, 0.1494198707, 0.59659171598, 0.46565773266, 0.7145323124, 0.37893291985, 0.26504692142, 0.15971492064, 0.018968266784, 0.14905639769, 0.057479547831, 0.60209881336, 0.5858966809, 0.78280553153, 0.45037405269, 0.27600027849, 0.19375990854, 0.043379377492, 0.29220045005, 0.13357274877]
    ],
    [
      [0.50624656981, 0.43179927146, 0.67266734269, 0.36795843155, 0.20955981267, 0.1447882133, 0.053471642806, 0.33125397934, 0.150332401, 0.57856992564, 0.45918620799, 0.7048793857, 0.44779861877, 0.31202978315, 0.19911406616, 0.023104790585, 0.17455453338, 0.073220001602, 0.52909659065, 0.51341568346, 0.72766593224, 0.34848511747, 0.21567776998, 0.13840652498, 0.037970385611, 0.25529564545, 0.10764956361, 0.61354449692, 0.52902658458, 0.75394391141, 0.34973780167, 0.21094214066, 0.13799913366, 0.042431332069, 0.27817391222, 0.1195791292, 0.60783086626, 0.51088394713, 0.74242173713, 0.46256708903, 0.30632298512, 0.20529216153, 0.031612452886, 0.22713668393, 0.10004098376, 0.50582045808, 0.46654033095, 0.69466685471, 0.33190317373, 0.19887181958],
      [0.1289872571, 0.042842569844, 0.27905654941, 0.11892337894, 0.62525425643, 0.52207163101, 0.75208936395, 0.35946240858, 0.22402585803, 0.14425730267, 0.037259671238, 0.25220197032, 0.10671643329, 0.60327792019, 0.52377217165, 0.74902626404, 0.39901881802, 0.21941289239, 0.15896530984, 0.061332081142, 0.36690001392, 0.17468328429, 0.53964910083, 0.41368709368, 0.66635140587, 0.45010378335, 0.26481030543, 0.19074215373, 0.050996731145, 0.3261611076, 0.15434335636, 0.4988994855, 0.40902858697, 0.65491448991, 0.4201430225, 0.25123829264, 0.17469769942, 0.046862220942, 0.30466720101, 0.13914589093, 0.53299475656, 0.44409450635, 0.68615640965, 0.48299491891, 0.30561823509, 0.21517482034, 0.039842772053, 0.27377095309, 0.12664342484, 0.47716230903],
      [0.42061081182, 0.65818175483, 0.31095529868, 0.18721591915, 0.11915815663, 0.041140067122, 0.26923716131, 0.11259102922, 0.6479046342, 0.54354691954, 0.76825081416, 0.37124872627, 0.19691832025, 0.14321250939, 0.067128568272, 0.38771647201, 0.18524559959, 0.56162270546, 0.41536520774, 0.67154189102, 0.36264331899, 0.24227212613, 0.14868112634, 0.026056817732, 0.18889148077, 0.076195730629, 0.61129986328, 0.5688363931, 0.77512314303, 0.28298553356, 0.16843921281, 0.10591913181, 0.041996208659, 0.27167218026, 0.11227547651, 0.67501825778, 0.55988860693, 0.78180539168, 0.38836100124, 0.25336724943, 0.19724642567, 0.044185172719, 0.40177632823, 0.20550419114, 0.56745382604, 0.34485642235, 0.59724938319, 0.343105924, 0.19975120321, 0.13316011317]
    ],
    [
      [0.047871850588, 0.30508290705, 0.1333037103, 0.60902222541, 0.49516588974, 0.73353617653, 0.28200854183, 0.15938722641, 0.10364566435, 0.050081597882, 0.31213574817, 0.13267911896, 0.66790986029, 0.52847702542, 0.76367521669, 0.23712326702, 0.136794442, 0.084878464872, 0.044415098938, 0.28287794586, 0.11467721296, 0.71846163404, 0.58032761214, 0.80044432216, 0.37918811025, 0.22410641298, 0.15183969586, 0.046280973813, 0.30101534164, 0.13335872413, 0.57453091594, 0.47487824538, 0.71480158001, 0.48905107645, 0.32765378085, 0.22256864881, 0.03025921935, 0.22271317045, 0.098896408546, 0.4806897042, 0.4496330487, 0.67853494265, 0.37422331067, 0.20870998044, 0.14676905984, 0.05649663414, 0.34705346893, 0.15952561329, 0.56928005519, 0.44423655064],
