{
  "W": [
    [56, 18, 26],
    [78, 17, 5],
    [62, 21, 17],
    [75, 11, 14],
    [68, 12, 20],
    [74, 14, 12],
    [66, 16, 18],
    [68, 20, 12],
    [64, 18, 18],
    [65, 16, 19],
    [69, 19, 12],
    [67, 14, 19],
    [58, 20, 22],
    [69, 13, 18],
    [61, 19, 20],
    [62, 15, 23],
    [50, 27, 23],
    [20, 61, 19],
    [21, 59, 20],
    [16, 65, 19],
    [15, 66, 19],
    [12, 71, 17],
    [15, 66, 19],
    [10, 72, 18],
    [19, 64, 17],
    [11, 74, 15],
    [15, 73, 12],
    [19, 62, 19],
    [14, 72, 14],
    [16, 68, 16],
    [18, 68, 14],
    [17, 67, 16],
    [21, 65, 14],
    [18, 36, 46],
    [16, 12, 72],
    [21, 17, 62],
    [20, 17, 63],
    [16, 19, 65],
    [17, 18, 65],
    [16, 20, 64],
    [19, 18, 63],
    [14, 16, 70],
    [13, 16, 71],
    [16, 16, 68],
    [26, 16, 58],
    [22, 12, 66],
    [14, 23, 63],
    [20, 11, 69],
    [19, 17, 64],
    [9, 20, 71]
  ],
  "X": [
    [23, 77],
    [17, 83],
    [21, 79],
    [14, 86],
    [20, 80],
    [17, 83],
    [13, 87],
    [23, 77],
    [19, 81],
    [16, 84],
    [24, 76],
    [15, 85],
    [25, 75],
    [18, 82],
    [27, 73],
    [25, 75],
    [27, 73],
    [55, 45],
    [50, 50],
    [56, 44],
    [54, 46],
    [63, 37],
    [55, 45],
    [64, 36],
    [52, 48],
    [54, 46],
    [57, 43],
    [56, 44],
    [53, 47],
    [65, 35],
    [56, 44],
    [56, 44],
    [54, 46],
    [45, 55],
    [30, 70],
    [25, 75],
    [38, 62],
    [34, 66],
    [29, 71],
    [36, 64],
    [35, 65],
    [34, 66],
    [30, 70],
    [31, 69],
    [33, 67],
    [31, 69],
    [39, 61],
    [32, 68],
    [33, 67],
    [35, 65]
  ],
  "real_prob": [
    [0.039632709699, 0.9603672903],
    [0.76762540367, 0.23237459633],
    [0.29707514092, 0.70292485908]
  ],
  "method": "mcmc",
  "mcmc_stepsize": 3000,
  "mcmc_samples": 1000,
  "prob": [
    [0.04479655094, 0.95520344906],
    [0.74005181648, 0.25994818352],
    [0.30351606933, 0.69648393067]
  ],
  "iterations": 17,
  "logLik": -140.012064154,
  "time": 0.447753,
  "message": "Converged",
  "status": 0,
  "cond_prob": [
    [
      [0.042080345163, 0.72647585868, 0.29103596979, 0.95791965484, 0.27352414132, 0.70896403021, 0.039666632477, 0.73459950338, 0.28356222187, 0.96033336752, 0.26540049662, 0.71643777813, 0.037490494844, 0.68611864484, 0.25100575165, 0.96250950516, 0.31388135516, 0.74899424835, 0.034196788633, 0.71490858578, 0.25508902921, 0.96580321137, 0.28509141422, 0.74491097079, 0.051243699423, 0.78961175242, 0.35200437051, 0.94875630058, 0.21038824758, 0.64799562949, 0.041581313365, 0.74044082991, 0.29640093269, 0.95841868664, 0.25955917009, 0.70359906731, 0.019218638569, 0.56111840318, 0.15298196687, 0.98078136143, 0.43888159682, 0.84701803313, 0.050777497476, 0.77027533182, 0.3451352946, 0.94922250252, 0.22972466818, 0.6548647054, 0.035518118126, 0.68945956286],
      [0.23980935047, 0.96448188187, 0.31054043714, 0.76019064953, 0.028197697956, 0.63812974546, 0.20826703713, 0.97180230204, 0.36187025454, 0.79173296287, 0.059706340822, 0.80435244131, 0.3831305082, 0.94029365918, 0.19564755869, 0.6168694918, 0.028558868512, 0.65037705845, 0.20954089428, 0.97144113149, 0.34962294155, 0.79045910572, 0.047940414835, 0.75410724214, 0.32442323167, 0.95205958516, 0.24589275786, 0.67557676833, 0.042472780901, 0.74655307554, 0.29801045199, 0.9575272191, 0.25344692446, 0.70198954801, 0.059533720834, 0.80867149934, 0.40018422708, 0.94046627917, 0.19132850066, 0.59981577292, 0.065260746691, 0.80413962405, 0.3865973628, 0.93473925331, 0.19586037595, 0.6134026372, 0.038695215692, 0.69609432628, 0.27263880025, 0.96130478431],
      [0.30390567372, 0.72736119975, 0.057209778135, 0.77213495655, 0.35555642566, 0.94279022186, 0.22786504345, 0.64444357434, 0.043910247088, 0.72730346258, 0.30834902595, 0.95608975291, 0.27269653742, 0.69165097405, 0.04803471736, 0.75297712258, 0.33094376603, 0.95196528264, 0.24702287742, 0.66905623397, 0.042415379758, 0.72205398102, 0.30043192401, 0.95758462024, 0.27794601898, 0.69956807599, 0.057689085655, 0.78872168343, 0.37108773226, 0.94231091435, 0.21127831657, 0.62891226774, 0.044523207915, 0.73384498564, 0.31044120154, 0.95547679208, 0.26615501436, 0.68955879846, 0.064462927457, 0.785719479, 0.3768649021, 0.93553707254, 0.214280521, 0.6231350979, 0.043399269572, 0.72067926347, 0.29717300095, 0.95660073043, 0.27932073653, 0.70282699905]
    ],
    [
      [0.040781559525, 0.6755276447, 0.23749047583, 0.95921844047, 0.3244723553, 0.76250952417, 0.046472570838, 0.72427611526, 0.28589625197, 0.95352742916, 0.27572388474, 0.71410374803, 0.057458530676, 0.77497661669, 0.36103882539, 0.94254146932, 0.22502338331, 0.63896117461, 0.040967053405, 0.67886479378, 0.25344257858, 0.9590329466, 0.32113520622, 0.74655742142, 0.077076040827, 0.83554663511, 0.43435075994, 0.92292395917, 0.16445336489, 0.56564924006, 0.050155885632, 0.74591031565, 0.31252089959, 0.94984411437, 0.25408968435, 0.68747910041, 0.047778620955, 0.74678776413, 0.32206145293, 0.95222137904, 0.25321223587, 0.67793854707, 0.049992490575, 0.74609642161, 0.31813502093, 0.95000750943, 0.25390357839, 0.68186497907, 0.068429406537, 0.77722552651],
      [0.34322068974, 0.93157059346, 0.22277447349, 0.65677931026, 0.048442080947, 0.73699210222, 0.28306974275, 0.95155791905, 0.26300789778, 0.71693025725, 0.02461376551, 0.65742303148, 0.21462773208, 0.97538623449, 0.34257696852, 0.78537226792, 0.063318962321, 0.78108789843, 0.37230359492, 0.93668103768, 0.21891210157, 0.62769640508, 0.047177146558, 0.70617224484, 0.30504450774, 0.95282285344, 0.29382775516, 0.69495549226, 0.03519516846, 0.68440562699, 0.24742124385, 0.96480483154, 0.31559437301, 0.75257875615, 0.055937982258, 0.72843242484, 0.32088037167, 0.94406201774, 0.27156757516, 0.67911962833, 0.054014624796, 0.7459978979, 0.32612317407, 0.9459853752, 0.2540021021, 0.67387682593, 0.043914772292, 0.73916241733, 0.30797992158, 0.95608522771],
      [0.26083758267, 0.69202007842, 0.037063838774, 0.70330420397, 0.25725778637, 0.96293616123, 0.29669579603, 0.74274221363, 0.039310093766, 0.71328325174, 0.27880156576, 0.96068990623, 0.28671674826, 0.72119843424, 0.053414172233, 0.7618685817, 0.33485058991, 0.94658582777, 0.2381314183, 0.66514941009, 0.048900427728, 0.76603376523, 0.31411796072, 0.95109957227, 0.23396623477, 0.68588203928, 0.062147157215, 0.76169468366, 0.32715812817, 0.93785284279, 0.23830531634, 0.67284187183, 0.05348364275, 0.77480206856, 0.32474644045, 0.94651635725, 0.22519793144, 0.67525355955, 0.047873448829, 0.73654801563, 0.30576700323, 0.95212655117, 0.26345198437, 0.69423299677, 0.041885854128, 0.72706088792, 0.28284238809, 0.95811414587, 0.27293911208, 0.71715761191]
    ]
  ],
  "maxiter": 3600,
  "param_threshold": 0.001,
  "ll_threshold": "-Inf",
  "initial_prob": "group_proportional"
}
