{
  "W": [
    [69, 17, 14],
    [74, 11, 15],
    [64, 19, 17],
    [64, 17, 19],
    [70, 15, 15],
    [69, 16, 15],
    [67, 11, 22],
    [72, 8, 20],
    [68, 14, 18],
    [72, 15, 13],
    [69, 16, 15],
    [61, 16, 23],
    [59, 22, 19],
    [65, 15, 20],
    [78, 13, 9],
    [69, 14, 17],
    [44, 35, 21],
    [18, 64, 18],
    [12, 74, 14],
    [23, 67, 10],
    [19, 67, 14],
    [17, 60, 23],
    [19, 69, 12],
    [14, 74, 12],
    [11, 76, 13],
    [15, 63, 22],
    [23, 62, 15],
    [21, 59, 20],
    [20, 65, 15],
    [14, 69, 17],
    [13, 70, 17],
    [11, 68, 21],
    [16, 71, 13],
    [13, 32, 55],
    [18, 14, 68],
    [15, 20, 65],
    [11, 21, 68],
    [14, 13, 73],
    [17, 17, 66],
    [18, 17, 65],
    [13, 16, 71],
    [21, 15, 64],
    [14, 17, 69],
    [14, 19, 67],
    [20, 19, 61],
    [12, 16, 72],
    [13, 24, 63],
    [16, 19, 65],
    [17, 22, 61],
    [21, 14, 65]
  ],
  "X": [
    [29, 71],
    [24, 76],
    [32, 68],
    [35, 65],
    [25, 75],
    [29, 71],
    [22, 78],
    [29, 71],
    [23, 77],
    [23, 77],
    [35, 65],
    [29, 71],
    [27, 73],
    [27, 73],
    [28, 72],
    [30, 70],
    [27, 73],
    [46, 54],
    [49, 51],
    [39, 61],
    [34, 66],
    [46, 54],
    [41, 59],
    [54, 46],
    [49, 51],
    [40, 60],
    [47, 53],
    [43, 57],
    [47, 53],
    [40, 60],
    [47, 53],
    [46, 54],
    [51, 49],
    [24, 76],
    [24, 76],
    [25, 75],
    [27, 73],
    [19, 81],
    [25, 75],
    [26, 74],
    [26, 74],
    [26, 74],
    [18, 82],
    [21, 79],
    [21, 79],
    [20, 80],
    [29, 71],
    [21, 79],
    [24, 76],
    [15, 85]
  ],
  "real_prob": [
    [0.2354676433, 0.7645323567],
    [0.56710366951, 0.43289633049],
    [0.17015711263, 0.82984288737]
  ],
  "method": "mcmc",
  "mcmc_stepsize": 3000,
  "mcmc_samples": 1000,
  "prob": [
    [0.2464623001, 0.7535376999],
    [0.56448285901, 0.43551714099],
    [0.13934839121, 0.86065160879]
  ],
  "iterations": 14,
  "logLik": -147.3270505641,
  "time": 0.395122,
  "message": "Converged",
  "status": 0,
  "cond_prob": [
    [
      [0.2527719148, 0.55804834178, 0.14799400491, 0.7472280852, 0.44195165822, 0.85200599509, 0.22511767651, 0.5078341736, 0.11700773522, 0.77488232349, 0.4921658264, 0.88299226478, 0.276561536, 0.59658918488, 0.17440395197, 0.723438464, 0.40341081512, 0.82559604803, 0.31906700295, 0.63980588384, 0.19489535716, 0.68093299705, 0.36019411616, 0.80510464284, 0.22109167082, 0.50821937147, 0.12668616473, 0.77890832918, 0.49178062853, 0.87331383527, 0.25694538255, 0.56341160832, 0.15041219138, 0.74305461745, 0.43658839168, 0.84958780862, 0.20997441353, 0.49097063541, 0.11504715019, 0.79002558647, 0.50902936459, 0.88495284981, 0.28843005449, 0.62077160671, 0.16334316114, 0.71156994551, 0.37922839329, 0.83665683886, 0.20627079158, 0.4889052358],
      [0.11827293731, 0.79372920842, 0.5110947642, 0.88172706269, 0.20093155489, 0.47948458561, 0.10312763566, 0.79906844511, 0.52051541439, 0.89687236434, 0.31629811264, 0.64042477165, 0.19524225877, 0.68370188736, 0.35957522835, 0.80475774123, 0.267073204, 0.56932513807, 0.15649271075, 0.732926796, 0.43067486193, 0.84350728925, 0.21612832081, 0.53205671917, 0.13385164476, 0.78387167919, 0.46794328083, 0.86614835524, 0.24567038769, 0.54280925118, 0.14446430161, 0.75432961231, 0.45719074882, 0.85553569839, 0.24940687741, 0.55824918926, 0.14322490015, 0.75059312259, 0.44175081074, 0.85677509985, 0.27725815826, 0.58065084189, 0.1611808996, 0.72274184174, 0.41934915811, 0.8388191004, 0.18489023617, 0.47395188937, 0.10840540382, 0.81510976383],
      [0.52604811063, 0.89159459618, 0.27554739756, 0.59511427107, 0.16404630532, 0.72445260244, 0.40488572893, 0.83595369468, 0.25578393469, 0.59151854596, 0.15415859876, 0.74421606531, 0.40848145404, 0.84584140124, 0.18893548221, 0.50071944441, 0.11062811336, 0.81106451779, 0.49928055559, 0.88937188664, 0.15922368902, 0.44282187504, 0.093263162915, 0.84077631098, 0.55717812496, 0.90673683709, 0.30272655787, 0.61344887048, 0.17594418639, 0.69727344213, 0.38655112952, 0.82405581361, 0.19658143904, 0.51909668851, 0.12060676258, 0.80341856096, 0.48090331149, 0.87939323742, 0.29110706855, 0.64343385361, 0.1925329894, 0.70889293145, 0.35656614639, 0.8074670106, 0.2429603771, 0.58411226135, 0.14883876841, 0.7570396229, 0.41588773865, 0.85116123159]
    ],
    [
      [0.23165424356, 0.53491012531, 0.12844765691, 0.76834575644, 0.46508987469, 0.87155234309, 0.28191236564, 0.61195008666, 0.17167401449, 0.71808763436, 0.38804991334, 0.82832598551, 0.2637033661, 0.58081654571, 0.15970265575, 0.7362966339, 0.41918345429, 0.84029734425, 0.26994930472, 0.60153935065, 0.16673040757, 0.73005069528, 0.39846064935, 0.83326959243, 0.21753229312, 0.5068666171, 0.11651478333, 0.78246770688, 0.4931333829, 0.88348521667, 0.2580476435, 0.58692142484, 0.15064005268, 0.7419523565, 0.41307857516, 0.84935994732, 0.26054019994, 0.58661187939, 0.15449761916, 0.73945980006, 0.41338812061, 0.84550238084, 0.28086476762, 0.62154689061, 0.18279496035, 0.71913523238, 0.37845310939, 0.81720503965, 0.2043387327, 0.48663826241],
      [0.10493040142, 0.7956612673, 0.51336173759, 0.89506959858, 0.26431805284, 0.60769394281, 0.15786117426, 0.73568194716, 0.39230605719, 0.84213882574, 0.2504054045, 0.59336149727, 0.14425675365, 0.7495945955, 0.40663850273, 0.85574324635, 0.28268429308, 0.61540011864, 0.16128044536, 0.71731570692, 0.38459988136, 0.83871955464, 0.21737006155, 0.54088266894, 0.12226499236, 0.78262993845, 0.45911733106, 0.87773500764, 0.26458123339, 0.60820660083, 0.15397889119, 0.73541876661, 0.39179339917, 0.84602110881, 0.27300273893, 0.6213560324, 0.16189074075, 0.72699726107, 0.3786439676, 0.83810925925, 0.29200059444, 0.63478116094, 0.16968300982, 0.70799940556, 0.36521883906, 0.83031699018, 0.27873089307, 0.63460041522, 0.16605695339, 0.72126910693],
      [0.36539958478, 0.83394304661, 0.18628238377, 0.48476496787, 0.10363829237, 0.81371761623, 0.51523503213, 0.89636170763, 0.20874434135, 0.52474949816, 0.12100505606, 0.79125565865, 0.47525050184, 0.87899494394, 0.20435926111, 0.5225217428, 0.11450658466, 0.79564073889, 0.4774782572, 0.88549341534, 0.21656808556, 0.54266235159, 0.12109146316, 0.78343191444, 0.45733764841, 0.87890853684, 0.28590036865, 0.62531761034, 0.16310591364, 0.71409963135, 0.37468238966, 0.83689408636, 0.20849539945, 0.52562494439, 0.11811076408, 0.79150460055, 0.47437505561, 0.88188923592, 0.22576238912, 0.5583935082, 0.12913741319, 0.77423761088, 0.4416064918, 0.87086258681, 0.16029080353, 0.43662012187, 0.08494171415, 0.83970919647, 0.56337987813, 0.91505828585]
    ]
  ],
  "maxiter": 3600,
  "param_threshold": 0.001,
  "ll_threshold": "-Inf",
  "initial_prob": "group_proportional"
}
