{
  "W": [
    [55, 45],
    [58, 42],
    [48, 52],
    [61, 39],
    [53, 47],
    [45, 55],
    [51, 49],
    [45, 55],
    [54, 46],
    [53, 47],
    [49, 51],
    [38, 62],
    [54, 46],
    [52, 48],
    [56, 44],
    [51, 49],
    [55, 45],
    [50, 50],
    [48, 52],
    [44, 56],
    [49, 51],
    [54, 46],
    [50, 50],
    [44, 56],
    [46, 54],
    [50, 50],
    [45, 55],
    [57, 43],
    [54, 46],
    [45, 55],
    [44, 56],
    [56, 44],
    [46, 54],
    [48, 52],
    [46, 54],
    [45, 55],
    [42, 58],
    [54, 46],
    [40, 60],
    [49, 51],
    [53, 47],
    [58, 42],
    [55, 45],
    [45, 55],
    [55, 45],
    [47, 53],
    [47, 53],
    [47, 53],
    [58, 42],
    [51, 49]
  ],
  "X": [
    [20, 80],
    [28, 72],
    [18, 82],
    [18, 82],
    [19, 81],
    [18, 82],
    [24, 76],
    [24, 76],
    [20, 80],
    [19, 81],
    [16, 84],
    [15, 85],
    [19, 81],
    [16, 84],
    [19, 81],
    [19, 81],
    [17, 83],
    [20, 80],
    [15, 85],
    [15, 85],
    [17, 83],
    [25, 75],
    [27, 73],
    [9, 91],
    [20, 80],
    [21, 79],
    [15, 85],
    [16, 84],
    [15, 85],
    [12, 88],
    [22, 78],
    [19, 81],
    [13, 87],
    [12, 88],
    [21, 79],
    [23, 77],
    [15, 85],
    [16, 84],
    [13, 87],
    [21, 79],
    [16, 84],
    [16, 84],
    [22, 78],
    [13, 87],
    [20, 80],
    [21, 79],
    [19, 81],
    [19, 81],
    [21, 79],
    [16, 84]
  ],
  "real_prob": [
    [0.32728799452, 0.67271200548],
    [0.015077347413, 0.98492265259]
  ],
  "method": "exact",
  "prob": [
    [0.21100330918, 0.78899669082],
    [0.15459669082, 0.84540330918]
  ],
  "iterations": 23,
  "logLik": -137.1946078583,
  "time": 0.021172,
  "message": "Converged",
  "status": 0,
  "cond_prob": [
    [
      [0.22620495126, 0.16797172623, 0.77379504874, 0.83202827377, 0.31079760087, 0.23746997975, 0.68920239913, 0.76253002025, 0.20837250292, 0.1538099973, 0.79162749708, 0.8461900027, 0.20063057667, 0.14773166213, 0.79936942333, 0.85226833787, 0.21643294952, 0.1601926314, 0.78356705048, 0.8398073686, 0.21022590792, 0.1552697117, 0.78977409208, 0.8447302883, 0.27285720623, 0.20580168331, 0.72714279377, 0.79419831669, 0.27731335705, 0.20947088968, 0.72268664295, 0.79052911032, 0.22684733525, 0.16848356297, 0.77315266475, 0.83151643703, 0.21643294952, 0.1601926314, 0.78356705048, 0.8398073686, 0.18526989214, 0.13572108402, 0.81473010786, 0.86427891598, 0.17999453739, 0.13161625127, 0.82000546261, 0.86838374873, 0.21581079897, 0.15970036643],
      [0.78418920103, 0.84029963357, 0.18360317174, 0.13442989728, 0.81639682826, 0.86557010272, 0.21457479003, 0.15872299451, 0.78542520997, 0.84127700549, 0.21768559809, 0.1611843775, 0.78231440191, 0.8388156225, 0.19306928782, 0.14180420378, 0.80693071218, 0.85819579622, 0.22944469792, 0.17055530208, 0.77055530208, 0.82944469792, 0.17450257707, 0.12738223655, 0.82549742293, 0.87261776345, 0.1766658722, 0.12904824327, 0.8233341278, 0.87095175673, 0.19653383212, 0.14450671032, 0.80346616788, 0.85549328968, 0.2815379178, 0.21297722693, 0.7184620822, 0.78702277307, 0.30631907184, 0.23368092816, 0.69368092816, 0.76631907184, 0.10714810872, 0.076526486008, 0.89285189128, 0.92347351399, 0.2320870483, 0.17266658849, 0.7679129517, 0.82733341151]
    ],
    [
      [0.24053673299, 0.17946326701, 0.75946326701, 0.82053673299, 0.17612091601, 0.12862834145, 0.82387908399, 0.87137165855, 0.18087932804, 0.1323227512, 0.81912067196, 0.8676772488, 0.17133891375, 0.12494997082, 0.82866108625, 0.87505002918, 0.14164211234, 0.10229281718, 0.85835788766, 0.89770718282, 0.25583064741, 0.19184734847, 0.74416935259, 0.80815265153, 0.21457479003, 0.15872299451, 0.78542520997, 0.84127700549, 0.15269203422, 0.11066974862, 0.84730796578, 0.88933025138, 0.14028750754, 0.10127306996, 0.85971249246, 0.89872693004, 0.24326711864, 0.18166134338, 0.75673288136, 0.81833865662, 0.26623608916, 0.20035229069, 0.73376391084, 0.79964770931, 0.17776414131, 0.12989493215, 0.82223585869, 0.87010506785, 0.18250560165, 0.13358038068],
      [0.81749439835, 0.86641961932, 0.15563895964, 0.11290736024, 0.84436104036, 0.88709263976, 0.2412151081, 0.18000901379, 0.7587848919, 0.81999098621, 0.18305303848, 0.13400402044, 0.81694696152, 0.86599597956, 0.18034253538, 0.13190792733, 0.81965746462, 0.86809207267, 0.24813658943, 0.18561083514, 0.75186341057, 0.81438916486, 0.15317655643, 0.11103736292, 0.84682344357, 0.88896263708, 0.22620495126, 0.16797172623, 0.77379504874, 0.83202827377, 0.24258029288, 0.18110804216, 0.75741970712, 0.81889195784, 0.2202245922, 0.16319705974, 0.7797754078, 0.83680294026, 0.2202245922, 0.16319705974, 0.7797754078, 0.83680294026, 0.23520984939, 0.17518639846, 0.76479015061, 0.82481360154, 0.18415601562, 0.13485802456, 0.81584398438, 0.86514197544]
    ]
  ],
  "maxiter": 3600,
  "param_threshold": 0.001,
  "ll_threshold": "-Inf",
  "initial_prob": "group_proportional"
}
