{
  "W": [
    [46, 54],
    [54, 46],
    [45, 55],
    [45, 55],
    [57, 43],
    [50, 50],
    [53, 47],
    [46, 54],
    [51, 49],
    [57, 43],
    [52, 48],
    [55, 45],
    [52, 48],
    [59, 41],
    [44, 56],
    [41, 59],
    [49, 51],
    [46, 54],
    [47, 53],
    [51, 49],
    [48, 52],
    [51, 49],
    [41, 59],
    [49, 51],
    [48, 52],
    [53, 47],
    [55, 45],
    [53, 47],
    [50, 50],
    [47, 53],
    [54, 46],
    [55, 45],
    [43, 57],
    [51, 49],
    [43, 57],
    [52, 48],
    [56, 44],
    [42, 58],
    [47, 53],
    [52, 48],
    [51, 49],
    [62, 38],
    [47, 53],
    [61, 39],
    [47, 53],
    [47, 53],
    [46, 54],
    [46, 54],
    [49, 51],
    [54, 46]
  ],
  "X": [
    [56, 44],
    [61, 39],
    [57, 43],
    [51, 49],
    [57, 43],
    [47, 53],
    [54, 46],
    [47, 53],
    [58, 42],
    [52, 48],
    [58, 42],
    [56, 44],
    [49, 51],
    [64, 36],
    [56, 44],
    [49, 51],
    [54, 46],
    [53, 47],
    [53, 47],
    [60, 40],
    [55, 45],
    [59, 41],
    [52, 48],
    [52, 48],
    [50, 50],
    [49, 51],
    [57, 43],
    [55, 45],
    [51, 49],
    [56, 44],
    [51, 49],
    [62, 38],
    [50, 50],
    [41, 59],
    [48, 52],
    [53, 47],
    [57, 43],
    [49, 51],
    [51, 49],
    [57, 43],
    [40, 60],
    [67, 33],
    [58, 42],
    [69, 31],
    [58, 42],
    [51, 49],
    [59, 41],
    [59, 41],
    [49, 51],
    [49, 51]
  ],
  "real_prob": [
    [0.59692673639, 0.40307326361],
    [0.48409999893, 0.51590000107]
  ],
  "method": "exact",
  "prob": [
    [0.67519315636, 0.32480684364],
    [0.40720684364, 0.59279315636]
  ],
  "iterations": 80,
  "logLik": -154.0501704032,
  "time": 0.17579,
  "message": "Converged",
  "status": 0,
  "cond_prob": [
    [
      [0.70300113318, 0.43818421988, 0.29699886682, 0.56181578012, 0.72918782576, 0.47008385672, 0.27081217424, 0.52991614328, 0.71440996499, 0.45184639228, 0.28559003501, 0.54815360772, 0.65850096232, 0.38849921265, 0.34149903768, 0.61150078735, 0.68507048533, 0.4174647055, 0.31492951467, 0.5825352945, 0.60480133532, 0.33519866468, 0.39519866468, 0.66480133532, 0.66665095954, 0.39718083286, 0.33334904046, 0.60281916714, 0.61592393164, 0.3456944286, 0.38407606836, 0.6543055714, 0.70919913215, 0.44552743389, 0.29080086785, 0.55447256611, 0.63638144685, 0.36572691929, 0.36361855315, 0.63427308071, 0.70678971115, 0.44264447959, 0.29321028885, 0.55735552041, 0.68065942682, 0.41252736722, 0.31934057318, 0.58747263278, 0.61978032935, 0.34940464321],
      [0.38021967065, 0.65059535679, 0.74445094574, 0.4896925415, 0.25554905426, 0.5103074585, 0.70779049056, 0.44387890027, 0.29220950944, 0.55612109973, 0.64953982277, 0.3791333435, 0.35046017723, 0.6208666565, 0.67694626546, 0.40842417632, 0.32305373454, 0.59157582368, 0.67509976101, 0.40639649988, 0.32490023899, 0.59360350012, 0.67254520718, 0.40359198608, 0.32745479282, 0.59640801392, 0.72720232535, 0.467605743, 0.27279767465, 0.532394257, 0.68887566846, 0.42180707527, 0.31112433154, 0.57819292473, 0.71825750458, 0.45650749523, 0.28174249542, 0.54349250477, 0.67832690729, 0.40997621697, 0.32167309271, 0.59002378303, 0.6577260638, 0.38767495831, 0.3422739362, 0.61232504169, 0.64072263521, 0.37010218288, 0.35927736479, 0.62989781712]
    ],
    [
      [0.61702608904, 0.34675781448, 0.38297391096, 0.65324218552, 0.69011492867, 0.42319286496, 0.30988507133, 0.57680713504, 0.67624501846, 0.40763859621, 0.32375498154, 0.59236140379, 0.64526921566, 0.37473078434, 0.35473078434, 0.62526921566, 0.70058120556, 0.4353336479, 0.29941879444, 0.5646663521, 0.6345010223, 0.363846626, 0.3654989777, 0.636153374, 0.73579011338, 0.47847875032, 0.26420988662, 0.52152124968, 0.65403006393, 0.3838018816, 0.34596993607, 0.6161981184, 0.5377160202, 0.27707108101, 0.4622839798, 0.72292891899, 0.63427308071, 0.36361855315, 0.36572691929, 0.63638144685, 0.65957628903, 0.38962568688, 0.34042371097, 0.61037431312, 0.68759975021, 0.42032759064, 0.31240024979, 0.57967240936, 0.64688466047, 0.37639386656],
      [0.35311533953, 0.62360613344, 0.65324218552, 0.38297391096, 0.34675781448, 0.61702608904, 0.69757197059, 0.43179703187, 0.30242802941, 0.56820296813, 0.5266065634, 0.26822582177, 0.4733934366, 0.73177417823, 0.76419995389, 0.51630533839, 0.23580004611, 0.48369466161, 0.71866565193, 0.4570323464, 0.28133434807, 0.5429676536, 0.7834892283, 0.54377325829, 0.2165107717, 0.45622674171, 0.71866565193, 0.4570323464, 0.28133434807, 0.5429676536, 0.65324218552, 0.38297391096, 0.34675781448, 0.61702608904, 0.72979958986, 0.47091146049, 0.27020041014, 0.52908853951, 0.72979958986, 0.47091146049, 0.27020041014, 0.52908853951, 0.62800276494, 0.35740910819, 0.37199723506, 0.64259089181, 0.6142660557, 0.34412245636, 0.3857339443, 0.65587754364]
    ]
  ],
  "maxiter": 3600,
  "param_threshold": 0.001,
  "ll_threshold": "-Inf",
  "initial_prob": "group_proportional"
}
