{
  "W": [
    [23, 27, 30, 20],
    [32, 26, 19, 23],
    [17, 25, 24, 34],
    [26, 25, 22, 27],
    [27, 22, 24, 27],
    [21, 33, 25, 21],
    [20, 21, 30, 29],
    [25, 25, 22, 28],
    [27, 19, 29, 25],
    [24, 25, 26, 25],
    [23, 26, 20, 31],
    [26, 21, 22, 31],
    [26, 22, 28, 24],
    [22, 27, 21, 30],
    [27, 18, 31, 24],
    [26, 35, 21, 18],
    [28, 19, 31, 22],
    [21, 22, 26, 31],
    [22, 31, 26, 21],
    [32, 24, 26, 18],
    [24, 24, 25, 27],
    [24, 29, 26, 21],
    [30, 24, 20, 26],
    [25, 21, 24, 30],
    [27, 24, 26, 23],
    [25, 29, 31, 15],
    [25, 15, 36, 24],
    [32, 20, 23, 25],
    [22, 32, 20, 26],
    [30, 22, 27, 21],
    [25, 28, 23, 24],
    [26, 25, 22, 27],
    [24, 27, 26, 23],
    [24, 25, 27, 24],
    [30, 26, 19, 25],
    [26, 24, 27, 23],
    [30, 25, 15, 30],
    [23, 32, 17, 28],
    [22, 29, 21, 28],
    [29, 23, 27, 21],
    [29, 25, 25, 21],
    [21, 29, 23, 27],
    [19, 25, 26, 30],
    [25, 20, 36, 19],
    [29, 27, 18, 26],
    [21, 26, 32, 21],
    [20, 27, 25, 28],
    [27, 21, 29, 23],
    [26, 28, 22, 24],
    [15, 25, 29, 31]
  ],
  "X": [
    [40, 41, 19],
    [43, 38, 19],
    [39, 42, 19],
    [48, 34, 18],
    [47, 33, 20],
    [38, 43, 19],
    [44, 41, 15],
    [44, 35, 21],
    [48, 33, 19],
    [52, 36, 12],
    [50, 29, 21],
    [42, 29, 29],
    [38, 36, 26],
    [41, 35, 24],
    [52, 36, 12],
    [37, 52, 11],
    [39, 40, 21],
    [43, 36, 21],
    [43, 45, 12],
    [43, 37, 20],
    [45, 36, 19],
    [47, 31, 22],
    [46, 35, 19],
    [42, 36, 22],
    [45, 41, 14],
    [47, 38, 15],
    [43, 34, 23],
    [49, 35, 16],
    [42, 36, 22],
    [49, 29, 22],
    [43, 42, 15],
    [46, 43, 11],
    [44, 42, 14],
    [40, 40, 20],
    [44, 41, 15],
    [43, 37, 20],
    [50, 36, 14],
    [42, 43, 15],
    [43, 37, 20],
    [39, 44, 17],
    [42, 41, 17],
    [40, 40, 20],
    [46, 27, 27],
    [49, 35, 16],
    [49, 35, 16],
    [33, 46, 21],
    [35, 42, 23],
    [48, 31, 21],
    [43, 38, 19],
    [40, 37, 23]
  ],
  "real_prob": [
    [0.8628075967, 0.10478590387, 0.032406499428],
    [0.056409590551, 0.85229358387, 0.091296825583],
    [0.33231916938, 0.39927895648, 0.26840187414],
    [0.49288198176, 0.11254600948, 0.39457200876]
  ],
  "method": "exact",
  "prob": [
    [0.76257312787, 0.19090780636, 0.046519065773],
    [0.17161104189, 0.76107617467, 0.067312783436],
    [0.33390839352, 0.40829628625, 0.25779532023],
    [0.47990743672, 0.14291973272, 0.37717283056]
  ],
  "iterations": 176,
  "logLik": -272.2561564629,
  "time": 1000.330298,
  "message": "Converged",
  "status": 0,
  "cond_prob": [
    [
      [0.74869826813, 0.15794696085, 0.31380193152, 0.45506569721, 0.20145579974, 0.77391444731, 0.41794947625, 0.14661711206, 0.049845932122, 0.068138591841, 0.26824859223, 0.39831719073, 0.73669993194, 0.1509146236, 0.29705298542, 0.42860066266, 0.20763041092, 0.77524659769, 0.4144181183, 0.14458569839, 0.055669657137, 0.073838778705, 0.28852889629, 0.42681363895, 0.72495920339, 0.138018319, 0.30108584883, 0.47056397633, 0.23410835892, 0.81157858009, 0.48145770895, 0.1816384818, 0.040932437683, 0.050403100904, 0.21745644221, 0.34779754187, 0.79799297168, 0.20008813517, 0.37520411231, 0.51835144023, 0.16004467701, 0.73190315846, 0.37206819737, 0.12428737386, 0.041962351311, 0.068008706363, 0.25272769032, 0.35736118592, 0.78504174514, 0.18939789939],
      [0.35310717468, 0.48750173712, 0.16728815843, 0.73623481968, 0.37213899737, 0.12424880565, 0.047670096426, 0.074367280924, 0.27475382796, 0.38824945723, 0.74703979412, 0.15742801406, 0.30977467945, 0.44631775586, 0.20083006919, 0.77134935157, 0.41239556972, 0.14372146201, 0.052130136683, 0.071222634371, 0.27782975082, 0.40996078214, 0.7534196027, 0.15448838721, 0.34043219374, 0.53359951733, 0.21594376202, 0.80491658606, 0.4826696283, 0.18268233114, 0.030636635275, 0.040595026733, 0.17689817796, 0.28371815153, 0.77064888616, 0.17737035916, 0.33308824254, 0.46327062612, 0.17751073712, 0.74543494546, 0.37960816908, 0.12767779342, 0.05184037672, 0.077194695376, 0.28730358839, 0.40905158047, 0.78777730191, 0.19009039352, 0.36158121971, 0.5052976],
      [0.16876585337, 0.74211623436, 0.38300302636, 0.12944102967, 0.043456844722, 0.067793372125, 0.25541575392, 0.36526137033, 0.82238316428, 0.21832618696, 0.43461788753, 0.6201833723, 0.15307652934, 0.7396193216, 0.39963336218, 0.13780851356, 0.024540306377, 0.042054491436, 0.16574875029, 0.24200811414, 0.83096400891, 0.24629018933, 0.40971926974, 0.52548056379, 0.12294671173, 0.66547807834, 0.29940194842, 0.092959891125, 0.04608927936, 0.088231732322, 0.29087878184, 0.38155954508, 0.75978382023, 0.17914091139, 0.29692709125, 0.38552469443, 0.16292808416, 0.70283387945, 0.31514473684, 0.099070133316, 0.077288095605, 0.11802520916, 0.38792817191, 0.51540517226, 0.71628124764, 0.14276589336, 0.26439477455, 0.36803267583, 0.2093607923, 0.76113468611],
      [0.3827249614, 0.12897322445, 0.07435796006, 0.096099420536, 0.35288026405, 0.50299409972, 0.76228676222, 0.17368947972, 0.31542368811, 0.43053926095, 0.17708263919, 0.73686853679, 0.36266773684, 0.1197569657, 0.060630598594, 0.089441983496, 0.32190857505, 0.44970377335, 0.79961274561, 0.19238306033, 0.40355898715, 0.60155134087, 0.17594455682, 0.7696480793, 0.43882127121, 0.15801550545, 0.024442697572, 0.037968860366, 0.15761974164, 0.24043315368, 0.69789987771, 0.12007624445, 0.28470394563, 0.48184176474, 0.26966713706, 0.84375939706, 0.54522724296, 0.22262796873, 0.032432985227, 0.036164358487, 0.1700688114, 0.29553026653, 0.69884080803, 0.12692328205, 0.26461394229, 0.40081285478, 0.24394040247, 0.80575490652, 0.4572518107, 0.16752360797]
    ],
    [
      [0.057218789503, 0.06732181143, 0.27813424701, 0.43166353725, 0.76176739282, 0.16721728308, 0.33019065073, 0.47545637432, 0.19155401783, 0.76652022421, 0.41083234257, 0.14297676729, 0.046678589346, 0.066262492712, 0.2589770067, 0.38156685839, 0.76827846441, 0.16529257136, 0.35905584738, 0.55420723996, 0.20312657284, 0.79490541004, 0.46970677469, 0.17508435925, 0.02859496275, 0.039802018596, 0.17123737794, 0.27070840079, 0.74446682118, 0.1584846449, 0.29980951624, 0.42102126791, 0.19565245649, 0.75890458124, 0.38997439319, 0.13255984553, 0.05988072233, 0.082610773859, 0.31021609056, 0.44641888656, 0.77669307146, 0.17954881635, 0.34833031981, 0.49414580359, 0.1789885808, 0.75419542492, 0.39706736422, 0.1361814725, 0.044318347737, 0.06625575873],
      [0.25460231597, 0.36967272391, 0.82295569393, 0.24196636518, 0.38574718484, 0.48583866426, 0.12181694967, 0.65295603811, 0.28200326611, 0.086123008759, 0.055227356402, 0.10507759671, 0.33224954905, 0.42803832698, 0.76699090179, 0.17289680237, 0.33221515806, 0.46909409723, 0.18367131962, 0.75516070558, 0.39362160776, 0.13436812778, 0.049337778585, 0.071942492049, 0.27416323418, 0.39653777499, 0.73871251732, 0.15159686956, 0.30118274241, 0.43734223295, 0.20780161425, 0.77738542868, 0.41934995713, 0.14718222234, 0.053485868427, 0.071017701767, 0.27946730046, 0.41547554471, 0.75569708033, 0.15724372446, 0.33914546801, 0.52193683809, 0.210746939, 0.79760272403, 0.46794758399, 0.17394478637, 0.033555980677, 0.045153551516, 0.192906948, 0.30411837554],
      [0.8111563558, 0.21292772135, 0.39795340437, 0.54730877669, 0.15155889549, 0.72373217761, 0.36735626601, 0.12231668104, 0.037284748703, 0.063340101041, 0.23469032962, 0.33037454227, 0.75066884084, 0.16136056478, 0.31115921719, 0.44213077869, 0.19488502583, 0.76288555873, 0.39963970816, 0.13739839498, 0.054446133336, 0.075753876497, 0.28920107465, 0.42047082633, 0.77185390507, 0.17263078382, 0.34994122495, 0.51197644751, 0.18932095282, 0.77124661825, 0.42455908925, 0.15007752368, 0.038825142112, 0.056122597938, 0.22549968579, 0.33794602882, 0.78380832575, 0.19348203763, 0.33958964767, 0.45280764138, 0.15857755038, 0.71442383892, 0.339856209, 0.1097156487, 0.057614123871, 0.092094123451, 0.32055414333, 0.43747670992, 0.80896126607, 0.22302422224],
