{
  "W": [
    [64, 21, 15],
    [60, 21, 19],
    [57, 22, 21],
    [51, 28, 21],
    [49, 26, 25],
    [63, 24, 13],
    [58, 24, 18],
    [58, 21, 21],
    [54, 20, 26],
    [58, 19, 23],
    [58, 19, 23],
    [63, 20, 17],
    [68, 14, 18],
    [58, 22, 20],
    [69, 17, 14],
    [57, 20, 23],
    [48, 31, 21],
    [21, 61, 18],
    [23, 64, 13],
    [19, 56, 25],
    [22, 55, 23],
    [19, 60, 21],
    [20, 60, 20],
    [20, 64, 16],
    [16, 64, 20],
    [24, 63, 13],
    [19, 61, 20],
    [17, 61, 22],
    [17, 66, 17],
    [15, 64, 21],
    [23, 55, 22],
    [16, 70, 14],
    [30, 46, 24],
    [27, 35, 38],
    [18, 22, 60],
    [27, 12, 61],
    [20, 16, 64],
    [13, 20, 67],
    [19, 21, 60],
    [21, 15, 64],
    [18, 13, 69],
    [16, 25, 59],
    [25, 16, 59],
    [35, 15, 50],
    [26, 20, 54],
    [15, 18, 67],
    [21, 19, 60],
    [19, 16, 65],
    [14, 20, 66],
    [19, 25, 56]
  ],
  "X": [
    [16, 52, 32],
    [24, 56, 20],
    [21, 45, 34],
    [22, 43, 35],
    [24, 40, 36],
    [18, 47, 35],
    [25, 39, 36],
    [22, 47, 31],
    [25, 40, 35],
    [28, 47, 25],
    [21, 44, 35],
    [22, 37, 41],
    [18, 55, 27],
    [22, 42, 36],
    [24, 52, 24],
    [25, 47, 28],
    [27, 43, 30],
    [29, 27, 44],
    [29, 31, 40],
    [33, 23, 44],
    [37, 26, 37],
    [36, 26, 38],
    [31, 21, 48],
    [27, 17, 56],
    [45, 19, 36],
    [21, 30, 49],
    [31, 27, 42],
    [34, 23, 43],
    [30, 19, 51],
    [30, 21, 49],
    [34, 27, 39],
    [25, 24, 51],
    [30, 39, 31],
    [31, 29, 40],
    [52, 28, 20],
    [40, 34, 26],
    [42, 39, 19],
    [47, 28, 25],
    [45, 28, 27],
    [35, 37, 28],
    [48, 33, 19],
    [44, 31, 25],
    [38, 37, 25],
    [43, 32, 25],
    [40, 34, 26],
    [50, 29, 21],
    [40, 38, 22],
    [55, 28, 17],
    [35, 40, 25],
    [43, 33, 24]
  ],
  "real_prob": [
    [0.063168326843, 0.65079083292, 0.28604084023],
    [0.27075899928, 0.11294682312, 0.61629417759],
    [0.6138131393, 0.2938972928, 0.092289567902]
  ],
  "method": "exact",
  "prob": [
    [0.078217550293, 0.64247686737, 0.27930558233],
    [0.29571273945, 0.10703070613, 0.59725655442],
    [0.59463277731, 0.29085886853, 0.11450835416]
  ],
  "iterations": 26,
  "logLik": -278.3472170806,
  "time": 43.468489,
  "message": "Converged",
  "status": 0,
  "cond_prob": [
    [
      [0.054649487967, 0.23368709844, 0.50633358019, 0.6846979007, 0.12791934489, 0.36620187417, 0.26065261133, 0.63839355667, 0.12746454565, 0.077063192585, 0.3854598984, 0.59376581992, 0.76661403783, 0.16671426726, 0.34221884831, 0.15632276959, 0.44782583434, 0.064015331771, 0.066362350064, 0.25010849501, 0.55785519791, 0.63508917633, 0.10480609222, 0.30924680573, 0.2985484736, 0.64508541277, 0.13289799636, 0.065054214997, 0.25341598596, 0.55174225849, 0.65048705835, 0.11082014782, 0.32010456595, 0.28445872665, 0.63576386622, 0.12815317555, 0.068811537797, 0.24804070751, 0.56716705011, 0.61468949754, 0.097068988569, 0.29425683671, 0.31649896466, 0.65489030392, 0.13857611318, 0.068687373678, 0.26214394873, 0.56778774529, 0.64211457025, 0.1070092242],
      [0.30604313028, 0.28919805608, 0.63084682707, 0.12616912443, 0.097482830029, 0.31219177804, 0.65852184364, 0.57025108788, 0.079871423892, 0.22269570721, 0.33226608209, 0.60793679807, 0.11878244916, 0.070831387909, 0.27755861407, 0.57443088599, 0.65767733591, 0.11272055148, 0.30893252076, 0.27149127618, 0.60972083445, 0.11663659325, 0.077615478343, 0.26072009075, 0.59978316748, 0.58310488627, 0.085903987166, 0.26131755377, 0.33927963539, 0.65337592208, 0.13889927875, 0.098184953836, 0.377842522, 0.65766368519, 0.67033095141, 0.11256170686, 0.26009271252, 0.23148409476, 0.50959577113, 0.082243602282, 0.065379333931, 0.23432042748, 0.55460480478, 0.60865774331, 0.095686432718, 0.29912211592, 0.32596292275, 0.6699931398, 0.1462730793, 0.090961183297],
      [0.26670950954, 0.64325030951, 0.5103025215, 0.065613684146, 0.20815690955, 0.3987362952, 0.66767680632, 0.14859278094, 0.063784938746, 0.27250720199, 0.54708462985, 0.69161715645, 0.12913510536, 0.3423412159, 0.2445979048, 0.59835769265, 0.11057415425, 0.075624486187, 0.26129195795, 0.59326783631, 0.59654806067, 0.090265192788, 0.27071891198, 0.32782745314, 0.64844284926, 0.13601325171, 0.10773858024, 0.41356446641, 0.68110300245, 0.67577047979, 0.11293765168, 0.24656405828, 0.21649093996, 0.47349788192, 0.072332939278, 0.081058469238, 0.31850968171, 0.60910754866, 0.66712787667, 0.11456069548, 0.29054335306, 0.2518136541, 0.56692962281, 0.10034909828, 0.081301728074, 0.33259350895, 0.60891039405, 0.68627703477, 0.12238132271, 0.29832768224]
    ],
    [
      [0.23242123715, 0.54502516835, 0.092761923711, 0.070090291995, 0.28313023383, 0.56984220025, 0.67169844464, 0.11769997535, 0.3174796759, 0.25821126337, 0.59916979082, 0.11267812385, 0.067347256233, 0.31560246643, 0.55788117347, 0.73352364817, 0.14897200507, 0.35344213598, 0.1991290956, 0.5354255285, 0.088676690553, 0.083001045728, 0.28639302325, 0.61539883316, 0.60273221467, 0.090293540206, 0.25966598679, 0.3142667396, 0.62331343654, 0.12493518005, 0.097020713625, 0.36042487424, 0.65400766161, 0.65234559096, 0.10503964784, 0.25527027685, 0.25063369542, 0.53453547792, 0.090722061538, 0.087935651582, 0.35220517615, 0.62842438337, 0.68189600484, 0.11830656794, 0.28312294437, 0.23016834358, 0.52948825591, 0.088452672267, 0.086109615005, 0.27928454625],
      [0.62603674625, 0.56974891654, 0.080082741968, 0.24000285755, 0.34414146845, 0.64063271178, 0.13396039619, 0.084014398146, 0.24008574022, 0.62213904143, 0.48906039917, 0.060509233833, 0.20913756571, 0.42692520269, 0.69940502595, 0.16872339286, 0.1354494509, 0.43962500016, 0.73484043876, 0.60902748875, 0.085053776886, 0.19060592296, 0.25552306035, 0.47532122295, 0.074553638276, 0.049245844217, 0.21626677507, 0.47640714688, 0.69236867178, 0.13201993795, 0.38968429127, 0.258385484, 0.65171328698, 0.13390856185, 0.071564298432, 0.29746578694, 0.57474326633, 0.68617758788, 0.12374835462, 0.32069880991, 0.24225811369, 0.57878585844, 0.10455792376, 0.084440744347, 0.31056246319, 0.61909986779, 0.63738029176, 0.10155086012, 0.27136057149, 0.27817896389],
      [0.58788667669, 0.10953956072, 0.084254795681, 0.2729589298, 0.62072818276, 0.5673911414, 0.079448284886, 0.24180963492, 0.34835406292, 0.64759278532, 0.13746218232, 0.073470824171, 0.26000148716, 0.58370678377, 0.60867565013, 0.093322759689, 0.28081945848, 0.3178535257, 0.64667575315, 0.13547375775, 0.087264329897, 0.33083207254, 0.62714347377, 0.65483978447, 0.10771185659, 0.27338785659, 0.25789588563, 0.56145607088, 0.099468669644, 0.058193547658, 0.23967091362, 0.520852806, 0.67102009142, 0.11966810263, 0.34906509668, 0.27078636092, 0.64066098375, 0.13008209732, 0.065286459366, 0.32338765313, 0.54856559062, 0.75441465382, 0.16275235147, 0.37003967574, 0.18029888682, 0.5138599954, 0.081394733636, 0.06735360016, 0.22469970033, 0.560972718]
    ],
    [
      [0.57300111352, 0.083777080794, 0.27886242387, 0.35964528632, 0.69152321888, 0.16016485813, 0.11121726397, 0.40019124452, 0.68656469782, 0.64965812422, 0.10207722, 0.2343409154, 0.23912461181, 0.49773153548, 0.07909438678, 0.071637859246, 0.24425263918, 0.57597944476, 0.59030967848, 0.088633080053, 0.27865642165, 0.33805246228, 0.66711428077, 0.14536413359, 0.068019608644, 0.30567449609, 0.55857524828, 0.72112291264, 0.14242198588, 0.34841859333, 0.21085747872, 0.55190351803, 0.093006158394, 0.079697164819, 0.2784911908, 0.60289720957, 0.61072124463, 0.093664293299, 0.27145280528, 0.30958159055, 0.6278445159, 0.12564998515, 0.08576635614, 0.28567793874, 0.62285337533, 0.5881486547, 0.085932988467, 0.25034304671, 0.32608498916, 0.62838907279],
