{
  "W": [
    [61, 23, 16],
    [52, 20, 28],
    [56, 24, 20],
    [58, 27, 15],
    [57, 25, 18],
    [63, 18, 19],
    [65, 18, 17],
    [50, 25, 25],
    [69, 18, 13],
    [72, 12, 16],
    [58, 17, 25],
    [54, 26, 20],
    [64, 25, 11],
    [57, 17, 26],
    [65, 15, 20],
    [59, 27, 14],
    [53, 31, 16],
    [23, 59, 18],
    [22, 59, 19],
    [20, 59, 21],
    [29, 55, 16],
    [23, 55, 22],
    [25, 54, 21],
    [18, 64, 18],
    [18, 62, 20],
    [27, 58, 15],
    [19, 57, 24],
    [18, 59, 23],
    [19, 52, 29],
    [15, 69, 16],
    [13, 62, 25],
    [21, 58, 21],
    [24, 57, 19],
    [15, 34, 51],
    [24, 25, 51],
    [16, 22, 62],
    [14, 18, 68],
    [19, 18, 63],
    [14, 23, 63],
    [20, 23, 57],
    [25, 24, 51],
    [20, 20, 60],
    [24, 20, 56],
    [11, 22, 67],
    [25, 19, 56],
    [17, 26, 57],
    [24, 9, 67],
    [17, 18, 65],
    [16, 17, 67],
    [19, 22, 59]
  ],
  "X": [
    [22, 53, 25],
    [35, 38, 27],
    [23, 49, 28],
    [23, 55, 22],
    [26, 51, 23],
    [20, 51, 29],
    [28, 54, 18],
    [25, 51, 24],
    [17, 60, 23],
    [21, 56, 23],
    [30, 48, 22],
    [22, 51, 27],
    [25, 50, 25],
    [26, 52, 22],
    [32, 35, 33],
    [23, 62, 15],
    [22, 50, 28],
    [18, 64, 18],
    [23, 60, 17],
    [28, 50, 22],
    [23, 62, 15],
    [24, 47, 29],
    [30, 50, 20],
    [26, 52, 22],
    [29, 53, 18],
    [28, 54, 18],
    [27, 46, 27],
    [18, 62, 20],
    [27, 54, 19],
    [23, 59, 18],
    [22, 67, 11],
    [27, 49, 24],
    [26, 54, 20],
    [30, 47, 23],
    [35, 38, 27],
    [30, 40, 30],
    [38, 35, 27],
    [33, 32, 35],
    [39, 34, 27],
    [31, 37, 32],
    [37, 46, 17],
    [36, 38, 26],
    [31, 44, 25],
    [41, 37, 22],
    [30, 50, 20],
    [39, 40, 21],
    [44, 36, 20],
    [30, 40, 30],
    [31, 44, 25],
    [32, 46, 22]
  ],
  "real_prob": [
    [0.21145934067, 0.53383363599, 0.25470702334],
    [0.1900335952, 0.6727555818, 0.137210823],
    [0.4480494949, 0.24070497178, 0.31124553333]
  ],
  "method": "exact",
  "prob": [
    [0.20299909756, 0.53613038988, 0.26087051256],
    [0.19704489536, 0.65248078857, 0.15047431607],
    [0.44365345966, 0.27105952313, 0.28528701721]
  ],
  "iterations": 20,
  "logLik": -283.8194019336,
  "time": 29.724445,
  "message": "Converged",
  "status": 0,
  "cond_prob": [
    [
      [0.18416445373, 0.17909585456, 0.41542272924, 0.54466803082, 0.66434693604, 0.28095441195, 0.27116751546, 0.15655720941, 0.3036228588, 0.27832597244, 0.2820232683, 0.53166371669, 0.42371162254, 0.53875642395, 0.18542382674, 0.29796240502, 0.17922030775, 0.28291245657, 0.18553262205, 0.18437122865, 0.40926318388, 0.51034759104, 0.63621485857, 0.2575689148, 0.30411978691, 0.17941391277, 0.33316790132, 0.19557730156, 0.18748596367, 0.43962636605, 0.56024933937, 0.67356157193, 0.28795839164, 0.24417335908, 0.13895246441, 0.27241524231, 0.21657958807, 0.20994528248, 0.46701841212, 0.52972363575, 0.64406353872, 0.26134246081, 0.25369677619, 0.1459911788, 0.27163912708, 0.16057466913, 0.15858932622, 0.36995726173, 0.53508958691, 0.66293992587],
      [0.28191775573, 0.30433574396, 0.17847074791, 0.34812498254, 0.23601249237, 0.22126066806, 0.51038211592, 0.5709995926, 0.67131167491, 0.28243625485, 0.19298791502, 0.10742765703, 0.20718162923, 0.19207755668, 0.18584879525, 0.42999609138, 0.54751885906, 0.66456390025, 0.28039838163, 0.26040358426, 0.1495873045, 0.28960552698, 0.14383852278, 0.13598469261, 0.35595518932, 0.61420830719, 0.72818571159, 0.34709876889, 0.24195317004, 0.13582959579, 0.29694604179, 0.17359318663, 0.16468127867, 0.40781970117, 0.590297727, 0.70229716258, 0.31693735657, 0.23610908637, 0.13302155876, 0.27524294225, 0.23595374913, 0.22695409774, 0.49825851556, 0.52984391391, 0.63928998177, 0.25604493213, 0.23420233696, 0.13375592049, 0.24569655231, 0.17643896119],
      [0.17387382864, 0.39757882754, 0.52877225409, 0.65366726857, 0.27254746482, 0.29478878472, 0.17245890279, 0.32987370764, 0.22364140162, 0.22054247133, 0.47030804665, 0.49893821857, 0.61706754781, 0.24011502874, 0.27742037981, 0.16238998086, 0.28957692461, 0.19706003805, 0.18722600935, 0.44556675662, 0.57328211346, 0.6832030805, 0.29647950633, 0.22965784849, 0.12957091015, 0.25795373705, 0.27046174058, 0.284304503, 0.50777096586, 0.37477150391, 0.49432816249, 0.16124649042, 0.35476675551, 0.22136733451, 0.33098254371, 0.19724267464, 0.18033496078, 0.46383130393, 0.63606808073, 0.72918646846, 0.34171061347, 0.16668924463, 0.090478570759, 0.1944580826, 0.18464467174, 0.18480120925, 0.40531218194, 0.50023005056, 0.62800182716, 0.25123441739]
    ],
    [
      [0.3151252777, 0.18719696359, 0.34345340068, 0.14624810249, 0.13738121579, 0.36282232838, 0.62312410758, 0.73410707282, 0.3531015683, 0.23062778992, 0.12851171139, 0.28407610332, 0.18937176679, 0.17871347669, 0.43630136872, 0.58916940723, 0.69732532977, 0.31031992552, 0.22145882598, 0.12396119354, 0.25337870576, 0.22920900234, 0.22791937035, 0.47469414774, 0.48285026283, 0.60226684295, 0.22901195282, 0.28794073483, 0.1698137867, 0.29629389944, 0.19632680632, 0.18236240987, 0.45478687962, 0.61062710784, 0.71127062767, 0.32324558443, 0.19304608584, 0.10636696246, 0.22196753595, 0.18976395986, 0.19639446725, 0.40153332839, 0.44729139469, 0.58077722746, 0.216797746, 0.36294464544, 0.2228283053, 0.38166892561, 0.24834454384, 0.24324726598],
      [0.50743019243, 0.49422275778, 0.60719092858, 0.23124385297, 0.25743269839, 0.14956180544, 0.2613259546, 0.21739992655, 0.21653665551, 0.45713640942, 0.48770926298, 0.60928568021, 0.23483054073, 0.29489081047, 0.17417766428, 0.30803304985, 0.24235289021, 0.23474899474, 0.50416051511, 0.51532346565, 0.62606043906, 0.24542151982, 0.24232364414, 0.1391905662, 0.25041796506, 0.24517334612, 0.2369656365, 0.50908751584, 0.51708389762, 0.62675816185, 0.2457840918, 0.23774275625, 0.13627620165, 0.24512839237, 0.2124870545, 0.21848076943, 0.43788925444, 0.44289445028, 0.5713371672, 0.20911612141, 0.34461849521, 0.21018206336, 0.35299462414, 0.13712820091, 0.13016315629, 0.34139418097, 0.61184855268, 0.72848063499, 0.34810298205, 0.25102324641],
      [0.14135620872, 0.31050283698, 0.20244221524, 0.19332665813, 0.45174523061, 0.56190936687, 0.67316135789, 0.2868734972, 0.23564841789, 0.13351198398, 0.26138127218, 0.19625656107, 0.1888404423, 0.43913506658, 0.55423519249, 0.66881474766, 0.28364090777, 0.24950824644, 0.14234481004, 0.27722402565, 0.16704846252, 0.14948101818, 0.42242187439, 0.69068281215, 0.77500698945, 0.39882760386, 0.14226872533, 0.075511992369, 0.17875052175, 0.2194868479, 0.22097063159, 0.45592759818, 0.47007109193, 0.59365449597, 0.22364506206, 0.31044206018, 0.18537487244, 0.32042733976, 0.21609757015, 0.21021016968, 0.46482519183, 0.52479208981, 0.64029040191, 0.2583387861, 0.25911034005, 0.14949942841, 0.27683602207, 0.18247037744, 0.17477228422, 0.4180526799]
    ],
    [
      [0.56889575531, 0.68384659501, 0.29834861647, 0.24863386725, 0.14138112077, 0.28359870363, 0.22648265669, 0.22601514311, 0.46890269925, 0.4779869964, 0.59890244398, 0.22658335268, 0.29553034691, 0.17508241291, 0.30451394807, 0.16791584366, 0.16585644336, 0.38168556045, 0.52938744482, 0.65658818764, 0.27556227024, 0.30269671152, 0.177555369, 0.34275216932, 0.21558804289, 0.21228855588, 0.45824372638, 0.50469700099, 0.62416158379, 0.2455784335, 0.27971495612, 0.16354986034, 0.29617784012, 0.19448380609, 0.20161950063, 0.40755010592, 0.44028772768, 0.57355358687, 0.21127886683, 0.36522846623, 0.2248269125, 0.38117102725, 0.23545873026, 0.23528192258, 0.48082688186, 0.47013557871, 0.59007183976, 0.21978491403, 0.29440569103, 0.17464623766],
