{
  "W": [
    [100, 0, 0, 0],
    [100, 0, 0, 0],
    [100, 0, 0, 0],
    [100, 0, 0, 0],
    [100, 0, 0, 0],
    [100, 0, 0, 0],
    [100, 0, 0, 0],
    [100, 0, 0, 0],
    [100, 0, 0, 0],
    [100, 0, 0, 0],
    [100, 0, 0, 0],
    [100, 0, 0, 0],
    [50, 50, 0, 0],
    [0, 100, 0, 0],
    [0, 100, 0, 0],
    [0, 100, 0, 0],
    [0, 100, 0, 0],
    [0, 100, 0, 0],
    [0, 100, 0, 0],
    [0, 100, 0, 0],
    [0, 100, 0, 0],
    [0, 100, 0, 0],
    [0, 100, 0, 0],
    [0, 100, 0, 0],
    [0, 100, 0, 0],
    [0, 0, 100, 0],
    [0, 0, 100, 0],
    [0, 0, 100, 0],
    [0, 0, 100, 0],
    [0, 0, 100, 0],
    [0, 0, 100, 0],
    [0, 0, 100, 0],
    [0, 0, 100, 0],
    [0, 0, 100, 0],
    [0, 0, 100, 0],
    [0, 0, 100, 0],
    [0, 0, 100, 0],
    [0, 0, 50, 50],
    [0, 0, 0, 100],
    [0, 0, 0, 100],
    [0, 0, 0, 100],
    [0, 0, 0, 100],
    [0, 0, 0, 100],
    [0, 0, 0, 100],
    [0, 0, 0, 100],
    [0, 0, 0, 100],
    [0, 0, 0, 100],
    [0, 0, 0, 100],
    [0, 0, 0, 100],
    [0, 0, 0, 100]
  ],
  "X": [
    [54, 46],
    [60, 40],
    [56, 44],
    [58, 42],
    [48, 52],
    [54, 46],
    [54, 46],
    [55, 45],
    [64, 36],
    [52, 48],
    [45, 55],
    [65, 35],
    [34, 66],
    [13, 87],
    [12, 88],
    [13, 87],
    [7, 93],
    [9, 91],
    [13, 87],
    [12, 88],
    [16, 84],
    [15, 85],
    [13, 87],
    [12, 88],
    [8, 92],
    [47, 53],
    [56, 44],
    [55, 45],
    [54, 46],
    [59, 41],
    [52, 48],
    [57, 43],
    [47, 53],
    [52, 48],
    [43, 57],
    [53, 47],
    [53, 47],
    [55, 45],
    [79, 21],
    [54, 46],
    [63, 37],
    [62, 38],
    [67, 33],
    [67, 33],
    [66, 34],
    [58, 42],
    [71, 29],
    [64, 36],
    [66, 34],
    [62, 38]
  ],
  "real_prob": [
    [0.57579115933, 0.42420884067],
    [0.12990521252, 0.87009478748],
    [0.50870961502, 0.49129038498],
    [0.66260943691, 0.33739056309]
  ],
  "method": "exact",
  "prob": [
    [0.55441616245, 0.44558383755],
    [0.11918383755, 0.88081616245],
    [0.52180915391, 0.47819084609],
    [0.64779084609, 0.35220915391]
  ],
  "iterations": 1,
  "logLik": -146.6561198567,
  "time": 0.000484,
  "message": "Converged",
  "status": 0,
  "cond_prob": [
    [
      [0.54, 0.11952708078, 0.52191172648, 0.64768827352, 0.46, 0.88047291922, 0.47808827352, 0.35231172648, 0.6, 0.11952708078, 0.52191172648, 0.64768827352, 0.4, 0.88047291922, 0.47808827352, 0.35231172648, 0.56, 0.11952708078, 0.52191172648, 0.64768827352, 0.44, 0.88047291922, 0.47808827352, 0.35231172648, 0.58, 0.11952708078, 0.52191172648, 0.64768827352, 0.42, 0.88047291922, 0.47808827352, 0.35231172648, 0.48, 0.11952708078, 0.52191172648, 0.64768827352, 0.52, 0.88047291922, 0.47808827352, 0.35231172648, 0.54, 0.11952708078, 0.52191172648, 0.64768827352, 0.46, 0.88047291922, 0.47808827352, 0.35231172648, 0.54, 0.11952708078],
      [0.52191172648, 0.64768827352, 0.46, 0.88047291922, 0.47808827352, 0.35231172648, 0.55, 0.11952708078, 0.52191172648, 0.64768827352, 0.45, 0.88047291922, 0.47808827352, 0.35231172648, 0.64, 0.11952708078, 0.52191172648, 0.64768827352, 0.36, 0.88047291922, 0.47808827352, 0.35231172648, 0.52, 0.11952708078, 0.52191172648, 0.64768827352, 0.48, 0.88047291922, 0.47808827352, 0.35231172648, 0.45, 0.11952708078, 0.52191172648, 0.64768827352, 0.55, 0.88047291922, 0.47808827352, 0.35231172648, 0.65, 0.11952708078, 0.52191172648, 0.64768827352, 0.35, 0.88047291922, 0.47808827352, 0.35231172648, 0.56040406117, 0.11959593883, 0.52191172648, 0.64768827352],
      [0.43959593883, 0.88040406117, 0.47808827352, 0.35231172648, 0.55407291922, 0.13, 0.52191172648, 0.64768827352, 0.44592708078, 0.87, 0.47808827352, 0.35231172648, 0.55407291922, 0.12, 0.52191172648, 0.64768827352, 0.44592708078, 0.88, 0.47808827352, 0.35231172648, 0.55407291922, 0.13, 0.52191172648, 0.64768827352, 0.44592708078, 0.87, 0.47808827352, 0.35231172648, 0.55407291922, 0.07, 0.52191172648, 0.64768827352, 0.44592708078, 0.93, 0.47808827352, 0.35231172648, 0.55407291922, 0.09, 0.52191172648, 0.64768827352, 0.44592708078, 0.91, 0.47808827352, 0.35231172648, 0.55407291922, 0.13, 0.52191172648, 0.64768827352, 0.44592708078, 0.87],
      [0.47808827352, 0.35231172648, 0.55407291922, 0.12, 0.52191172648, 0.64768827352, 0.44592708078, 0.88, 0.47808827352, 0.35231172648, 0.55407291922, 0.16, 0.52191172648, 0.64768827352, 0.44592708078, 0.84, 0.47808827352, 0.35231172648, 0.55407291922, 0.15, 0.52191172648, 0.64768827352, 0.44592708078, 0.85, 0.47808827352, 0.35231172648, 0.55407291922, 0.13, 0.52191172648, 0.64768827352, 0.44592708078, 0.87, 0.47808827352, 0.35231172648, 0.55407291922, 0.12, 0.52191172648, 0.64768827352, 0.44592708078, 0.88, 0.47808827352, 0.35231172648, 0.55407291922, 0.08, 0.52191172648, 0.64768827352, 0.44592708078, 0.92, 0.47808827352, 0.35231172648]
    ],
    [
      [0.55407291922, 0.11952708078, 0.47, 0.64768827352, 0.44592708078, 0.88047291922, 0.53, 0.35231172648, 0.55407291922, 0.11952708078, 0.56, 0.64768827352, 0.44592708078, 0.88047291922, 0.44, 0.35231172648, 0.55407291922, 0.11952708078, 0.55, 0.64768827352, 0.44592708078, 0.88047291922, 0.45, 0.35231172648, 0.55407291922, 0.11952708078, 0.54, 0.64768827352, 0.44592708078, 0.88047291922, 0.46, 0.35231172648, 0.55407291922, 0.11952708078, 0.59, 0.64768827352, 0.44592708078, 0.88047291922, 0.41, 0.35231172648, 0.55407291922, 0.11952708078, 0.52, 0.64768827352, 0.44592708078, 0.88047291922, 0.48, 0.35231172648, 0.55407291922, 0.11952708078],
      [0.57, 0.64768827352, 0.44592708078, 0.88047291922, 0.43, 0.35231172648, 0.55407291922, 0.11952708078, 0.47, 0.64768827352, 0.44592708078, 0.88047291922, 0.53, 0.35231172648, 0.55407291922, 0.11952708078, 0.52, 0.64768827352, 0.44592708078, 0.88047291922, 0.48, 0.35231172648, 0.55407291922, 0.11952708078, 0.43, 0.64768827352, 0.44592708078, 0.88047291922, 0.57, 0.35231172648, 0.55407291922, 0.11952708078, 0.53, 0.64768827352, 0.44592708078, 0.88047291922, 0.47, 0.35231172648, 0.55407291922, 0.11952708078, 0.53, 0.64768827352, 0.44592708078, 0.88047291922, 0.47, 0.35231172648, 0.55407291922, 0.11952708078, 0.48522884778, 0.61477115222],
      [0.44592708078, 0.88047291922, 0.51477115222, 0.38522884778, 0.55407291922, 0.11952708078, 0.52191172648, 0.79, 0.44592708078, 0.88047291922, 0.47808827352, 0.21, 0.55407291922, 0.11952708078, 0.52191172648, 0.54, 0.44592708078, 0.88047291922, 0.47808827352, 0.46, 0.55407291922, 0.11952708078, 0.52191172648, 0.63, 0.44592708078, 0.88047291922, 0.47808827352, 0.37, 0.55407291922, 0.11952708078, 0.52191172648, 0.62, 0.44592708078, 0.88047291922, 0.47808827352, 0.38, 0.55407291922, 0.11952708078, 0.52191172648, 0.67, 0.44592708078, 0.88047291922, 0.47808827352, 0.33, 0.55407291922, 0.11952708078, 0.52191172648, 0.67, 0.44592708078, 0.88047291922],
      [0.47808827352, 0.33, 0.55407291922, 0.11952708078, 0.52191172648, 0.66, 0.44592708078, 0.88047291922, 0.47808827352, 0.34, 0.55407291922, 0.11952708078, 0.52191172648, 0.58, 0.44592708078, 0.88047291922, 0.47808827352, 0.42, 0.55407291922, 0.11952708078, 0.52191172648, 0.71, 0.44592708078, 0.88047291922, 0.47808827352, 0.29, 0.55407291922, 0.11952708078, 0.52191172648, 0.64, 0.44592708078, 0.88047291922, 0.47808827352, 0.36, 0.55407291922, 0.11952708078, 0.52191172648, 0.66, 0.44592708078, 0.88047291922, 0.47808827352, 0.34, 0.55407291922, 0.11952708078, 0.52191172648, 0.62, 0.44592708078, 0.88047291922, 0.47808827352, 0.38]
    ]
  ],
  "maxiter": 3600,
  "param_threshold": 0.001,
  "ll_threshold": "-Inf",
  "initial_prob": "group_proportional"
}
