{
  "W": [
    [100, 0, 0, 0],
    [100, 0, 0, 0],
    [100, 0, 0, 0],
    [100, 0, 0, 0],
    [100, 0, 0, 0],
    [100, 0, 0, 0],
    [100, 0, 0, 0],
    [100, 0, 0, 0],
    [100, 0, 0, 0],
    [100, 0, 0, 0],
    [100, 0, 0, 0],
    [100, 0, 0, 0],
    [50, 50, 0, 0],
    [0, 100, 0, 0],
    [0, 100, 0, 0],
    [0, 100, 0, 0],
    [0, 100, 0, 0],
    [0, 100, 0, 0],
    [0, 100, 0, 0],
    [0, 100, 0, 0],
    [0, 100, 0, 0],
    [0, 100, 0, 0],
    [0, 100, 0, 0],
    [0, 100, 0, 0],
    [0, 100, 0, 0],
    [0, 0, 100, 0],
    [0, 0, 100, 0],
    [0, 0, 100, 0],
    [0, 0, 100, 0],
    [0, 0, 100, 0],
    [0, 0, 100, 0],
    [0, 0, 100, 0],
    [0, 0, 100, 0],
    [0, 0, 100, 0],
    [0, 0, 100, 0],
    [0, 0, 100, 0],
    [0, 0, 100, 0],
    [0, 0, 50, 50],
    [0, 0, 0, 100],
    [0, 0, 0, 100],
    [0, 0, 0, 100],
    [0, 0, 0, 100],
    [0, 0, 0, 100],
    [0, 0, 0, 100],
    [0, 0, 0, 100],
    [0, 0, 0, 100],
    [0, 0, 0, 100],
    [0, 0, 0, 100],
    [0, 0, 0, 100],
    [0, 0, 0, 100]
  ],
  "X": [
    [76, 24],
    [81, 19],
    [82, 18],
    [82, 18],
    [80, 20],
    [74, 26],
    [78, 22],
    [75, 25],
    [74, 26],
    [79, 21],
    [75, 25],
    [80, 20],
    [81, 19],
    [82, 18],
    [88, 12],
    [91, 9],
    [83, 17],
    [82, 18],
    [80, 20],
    [86, 14],
    [85, 15],
    [84, 16],
    [86, 14],
    [85, 15],
    [88, 12],
    [78, 22],
    [77, 23],
    [75, 25],
    [76, 24],
    [77, 23],
    [74, 26],
    [70, 30],
    [71, 29],
    [73, 27],
    [72, 28],
    [74, 26],
    [74, 26],
    [57, 43],
    [39, 61],
    [29, 71],
    [36, 64],
    [37, 63],
    [45, 55],
    [34, 66],
    [41, 59],
    [44, 56],
    [51, 49],
    [42, 58],
    [25, 75],
    [42, 58]
  ],
  "real_prob": [
    [0.78239702924, 0.21760297076],
    [0.86544829064, 0.13455170936],
    [0.73534014523, 0.26465985477],
    [0.38463682921, 0.61536317079]
  ],
  "method": "exact",
  "prob": [
    [0.7797584695, 0.2202415305],
    [0.8498415305, 0.1501584695],
    [0.74273959911, 0.25726040089],
    [0.38766040089, 0.61233959911]
  ],
  "iterations": 1,
  "logLik": -138.8796477947,
  "time": 0.000432,
  "message": "Converged",
  "status": 0,
  "cond_prob": [
    [
      [0.76, 0.8497844888, 0.74246347249, 0.38793652751, 0.24, 0.1502155112, 0.25753652751, 0.61206347249, 0.81, 0.8497844888, 0.74246347249, 0.38793652751, 0.19, 0.1502155112, 0.25753652751, 0.61206347249, 0.82, 0.8497844888, 0.74246347249, 0.38793652751, 0.18, 0.1502155112, 0.25753652751, 0.61206347249, 0.82, 0.8497844888, 0.74246347249, 0.38793652751, 0.18, 0.1502155112, 0.25753652751, 0.61206347249, 0.8, 0.8497844888, 0.74246347249, 0.38793652751, 0.2, 0.1502155112, 0.25753652751, 0.61206347249, 0.74, 0.8497844888, 0.74246347249, 0.38793652751, 0.26, 0.1502155112, 0.25753652751, 0.61206347249, 0.78, 0.8497844888],
      [0.74246347249, 0.38793652751, 0.22, 0.1502155112, 0.25753652751, 0.61206347249, 0.75, 0.8497844888, 0.74246347249, 0.38793652751, 0.25, 0.1502155112, 0.25753652751, 0.61206347249, 0.74, 0.8497844888, 0.74246347249, 0.38793652751, 0.26, 0.1502155112, 0.25753652751, 0.61206347249, 0.79, 0.8497844888, 0.74246347249, 0.38793652751, 0.21, 0.1502155112, 0.25753652751, 0.61206347249, 0.75, 0.8497844888, 0.74246347249, 0.38793652751, 0.25, 0.1502155112, 0.25753652751, 0.61206347249, 0.8, 0.8497844888, 0.74246347249, 0.38793652751, 0.2, 0.1502155112, 0.25753652751, 0.61206347249, 0.77396173738, 0.84603826262, 0.74246347249, 0.38793652751],
      [0.22603826262, 0.15396173738, 0.25753652751, 0.61206347249, 0.7798155112, 0.82, 0.74246347249, 0.38793652751, 0.2201844888, 0.18, 0.25753652751, 0.61206347249, 0.7798155112, 0.88, 0.74246347249, 0.38793652751, 0.2201844888, 0.12, 0.25753652751, 0.61206347249, 0.7798155112, 0.91, 0.74246347249, 0.38793652751, 0.2201844888, 0.09, 0.25753652751, 0.61206347249, 0.7798155112, 0.83, 0.74246347249, 0.38793652751, 0.2201844888, 0.17, 0.25753652751, 0.61206347249, 0.7798155112, 0.82, 0.74246347249, 0.38793652751, 0.2201844888, 0.18, 0.25753652751, 0.61206347249, 0.7798155112, 0.8, 0.74246347249, 0.38793652751, 0.2201844888, 0.2],
      [0.25753652751, 0.61206347249, 0.7798155112, 0.86, 0.74246347249, 0.38793652751, 0.2201844888, 0.14, 0.25753652751, 0.61206347249, 0.7798155112, 0.85, 0.74246347249, 0.38793652751, 0.2201844888, 0.15, 0.25753652751, 0.61206347249, 0.7798155112, 0.84, 0.74246347249, 0.38793652751, 0.2201844888, 0.16, 0.25753652751, 0.61206347249, 0.7798155112, 0.86, 0.74246347249, 0.38793652751, 0.2201844888, 0.14, 0.25753652751, 0.61206347249, 0.7798155112, 0.85, 0.74246347249, 0.38793652751, 0.2201844888, 0.15, 0.25753652751, 0.61206347249, 0.7798155112, 0.88, 0.74246347249, 0.38793652751, 0.2201844888, 0.12, 0.25753652751, 0.61206347249]
    ],
    [
      [0.7798155112, 0.8497844888, 0.78, 0.38793652751, 0.2201844888, 0.1502155112, 0.22, 0.61206347249, 0.7798155112, 0.8497844888, 0.77, 0.38793652751, 0.2201844888, 0.1502155112, 0.23, 0.61206347249, 0.7798155112, 0.8497844888, 0.75, 0.38793652751, 0.2201844888, 0.1502155112, 0.25, 0.61206347249, 0.7798155112, 0.8497844888, 0.76, 0.38793652751, 0.2201844888, 0.1502155112, 0.24, 0.61206347249, 0.7798155112, 0.8497844888, 0.77, 0.38793652751, 0.2201844888, 0.1502155112, 0.23, 0.61206347249, 0.7798155112, 0.8497844888, 0.74, 0.38793652751, 0.2201844888, 0.1502155112, 0.26, 0.61206347249, 0.7798155112, 0.8497844888],
      [0.7, 0.38793652751, 0.2201844888, 0.1502155112, 0.3, 0.61206347249, 0.7798155112, 0.8497844888, 0.71, 0.38793652751, 0.2201844888, 0.1502155112, 0.29, 0.61206347249, 0.7798155112, 0.8497844888, 0.73, 0.38793652751, 0.2201844888, 0.1502155112, 0.27, 0.61206347249, 0.7798155112, 0.8497844888, 0.72, 0.38793652751, 0.2201844888, 0.1502155112, 0.28, 0.61206347249, 0.7798155112, 0.8497844888, 0.74, 0.38793652751, 0.2201844888, 0.1502155112, 0.26, 0.61206347249, 0.7798155112, 0.8497844888, 0.74, 0.38793652751, 0.2201844888, 0.1502155112, 0.26, 0.61206347249, 0.7798155112, 0.8497844888, 0.74848997769, 0.39151002231],
      [0.2201844888, 0.1502155112, 0.25151002231, 0.60848997769, 0.7798155112, 0.8497844888, 0.74246347249, 0.39, 0.2201844888, 0.1502155112, 0.25753652751, 0.61, 0.7798155112, 0.8497844888, 0.74246347249, 0.29, 0.2201844888, 0.1502155112, 0.25753652751, 0.71, 0.7798155112, 0.8497844888, 0.74246347249, 0.36, 0.2201844888, 0.1502155112, 0.25753652751, 0.64, 0.7798155112, 0.8497844888, 0.74246347249, 0.37, 0.2201844888, 0.1502155112, 0.25753652751, 0.63, 0.7798155112, 0.8497844888, 0.74246347249, 0.45, 0.2201844888, 0.1502155112, 0.25753652751, 0.55, 0.7798155112, 0.8497844888, 0.74246347249, 0.34, 0.2201844888, 0.1502155112],
      [0.25753652751, 0.66, 0.7798155112, 0.8497844888, 0.74246347249, 0.41, 0.2201844888, 0.1502155112, 0.25753652751, 0.59, 0.7798155112, 0.8497844888, 0.74246347249, 0.44, 0.2201844888, 0.1502155112, 0.25753652751, 0.56, 0.7798155112, 0.8497844888, 0.74246347249, 0.51, 0.2201844888, 0.1502155112, 0.25753652751, 0.49, 0.7798155112, 0.8497844888, 0.74246347249, 0.42, 0.2201844888, 0.1502155112, 0.25753652751, 0.58, 0.7798155112, 0.8497844888, 0.74246347249, 0.25, 0.2201844888, 0.1502155112, 0.25753652751, 0.75, 0.7798155112, 0.8497844888, 0.74246347249, 0.42, 0.2201844888, 0.1502155112, 0.25753652751, 0.58]
    ]
  ],
  "maxiter": 3600,
  "param_threshold": 0.001,
  "ll_threshold": "-Inf",
  "initial_prob": "group_proportional"
}
