{
  "W": [
    [87, 13],
    [90, 10],
    [85, 15],
    [89, 11],
    [87, 13],
    [85, 15],
    [82, 18],
    [81, 19],
    [85, 15],
    [88, 12],
    [86, 14],
    [84, 16],
    [81, 19],
    [84, 16],
    [87, 13],
    [83, 17],
    [86, 14],
    [86, 14],
    [75, 25],
    [84, 16],
    [89, 11],
    [84, 16],
    [84, 16],
    [84, 16],
    [90, 10],
    [17, 83],
    [12, 88],
    [5, 95],
    [12, 88],
    [15, 85],
    [17, 83],
    [11, 89],
    [19, 81],
    [22, 78],
    [18, 82],
    [11, 89],
    [14, 86],
    [19, 81],
    [18, 82],
    [14, 86],
    [14, 86],
    [21, 79],
    [12, 88],
    [19, 81],
    [11, 89],
    [14, 86],
    [9, 91],
    [20, 80],
    [12, 88],
    [18, 82]
  ],
  "X": [
    [64, 36],
    [61, 39],
    [55, 45],
    [59, 41],
    [71, 29],
    [67, 33],
    [61, 39],
    [65, 35],
    [59, 41],
    [65, 35],
    [63, 37],
    [68, 32],
    [59, 41],
    [64, 36],
    [69, 31],
    [68, 32],
    [61, 39],
    [61, 39],
    [75, 25],
    [65, 35],
    [69, 31],
    [60, 40],
    [70, 30],
    [71, 29],
    [67, 33],
    [76, 24],
    [76, 24],
    [84, 16],
    [78, 22],
    [78, 22],
    [76, 24],
    [81, 19],
    [84, 16],
    [86, 14],
    [77, 23],
    [76, 24],
    [77, 23],
    [82, 18],
    [77, 23],
    [85, 15],
    [84, 16],
    [78, 22],
    [86, 14],
    [83, 17],
    [78, 22],
    [77, 23],
    [86, 14],
    [80, 20],
    [82, 18],
    [85, 15]
  ],
  "real_prob": [
    [0.61040970328, 0.38959029672],
    [0.8503956024, 0.1496043976]
  ],
  "method": "exact",
  "prob": [
    [0.6147771529, 0.3852228471],
    [0.8368228471, 0.1631771529]
  ],
  "iterations": 5,
  "logLik": -142.6816279278,
  "time": 0.004031,
  "message": "Converged",
  "status": 0,
  "cond_prob": [
    [
      [0.6109501142, 0.83441077417, 0.3890498858, 0.16558922583, 0.58666923162, 0.81997691546, 0.41333076838, 0.18002308454, 0.51108681666, 0.7705080389, 0.48891318334, 0.2294919611, 0.5633648331, 0.805502714, 0.4366351669, 0.194497286, 0.68537701209, 0.8747846114, 0.31462298791, 0.1252153886, 0.63825781164, 0.84987240069, 0.36174218836, 0.15012759931, 0.56662204379, 0.80761068939, 0.43337795621, 0.19238931061, 0.60724079378, 0.83228924757, 0.39275920622, 0.16771075243, 0.55312568847, 0.798954432, 0.44687431153, 0.201045568, 0.6238457685, 0.84179769766, 0.3761542315, 0.15820230234, 0.59796441597, 0.82679001615, 0.40203558403, 0.17320998385, 0.64675608969, 0.85453052914, 0.35324391031, 0.14546947086, 0.54259826071, 0.79208109907],
      [0.45740173929, 0.20791890093, 0.60376520011, 0.8302326994, 0.39623479989, 0.1697673006, 0.66403655332, 0.86375537396, 0.33596344668, 0.13624462604, 0.64450274347, 0.85331013484, 0.35549725653, 0.14668986516, 0.57679907287, 0.81394855235, 0.42320092713, 0.18605144765, 0.57679907287, 0.81394855235, 0.42320092713, 0.18605144765, 0.70510422406, 0.88468732781, 0.29489577594, 0.11531267219, 0.61448158198, 0.83647169459, 0.38551841802, 0.16352830541, 0.6682526036, 0.86595620722, 0.3317473964, 0.13404379278, 0.5611226539, 0.80410606704, 0.4388773461, 0.19589393296, 0.66837198922, 0.86604705661, 0.33162801078, 0.13395294339, 0.67920840592, 0.87165586892, 0.32079159408, 0.12834413108, 0.649344649, 0.85589815898, 0.350655351, 0.14410184102]
    ],
    [
      [0.55645460251, 0.80169002117, 0.44354539749, 0.19830997883, 0.53881925504, 0.79016101068, 0.46118074496, 0.20983898932, 0.63816411355, 0.85062294139, 0.36183588645, 0.14937705861, 0.56772866073, 0.80894609172, 0.43227133927, 0.19105390828, 0.57840377697, 0.81557580406, 0.42159622303, 0.18442419594, 0.55645460251, 0.80169002117, 0.44354539749, 0.19830997883, 0.61020633382, 0.83469359919, 0.38979366618, 0.16530640081, 0.68659213045, 0.87598456199, 0.31340786955, 0.12401543801, 0.72945981908, 0.89681902539, 0.27054018092, 0.10318097461, 0.5742596133, 0.81296740196, 0.4257403867, 0.18703259804, 0.53525245008, 0.78777778707, 0.46474754992, 0.21222221293, 0.56022462352, 0.80414947989, 0.43977537648, 0.19585052011, 0.6538881423, 0.85896450983],
      [0.3461118577, 0.14103549017, 0.5742596133, 0.81296740196, 0.4257403867, 0.18703259804, 0.68740926965, 0.87646825843, 0.31259073035, 0.12353174157, 0.67018911612, 0.86764363226, 0.32981088388, 0.13235636774, 0.59915945925, 0.82807153615, 0.40084054075, 0.17192846385, 0.6984710154, 0.88202667972, 0.3015289846, 0.11797332028, 0.67007477419, 0.86751332457, 0.32992522581, 0.13248667543, 0.56413214563, 0.80668029661, 0.43586785437, 0.19331970339, 0.56022462352, 0.80414947989, 0.43977537648, 0.19585052011, 0.68827708098, 0.8769835854, 0.31172291902, 0.1230164146, 0.62585725652, 0.84353568587, 0.37414274348, 0.15646431413, 0.6299053225, 0.84592200148, 0.3700946775, 0.15407799852, 0.70032533015, 0.88285541533, 0.29967466985, 0.11714458467]
    ]
  ],
  "maxiter": 3600,
  "param_threshold": 0.001,
  "ll_threshold": "-Inf",
  "initial_prob": "group_proportional"
}
