{
  "W": [
    [89, 11],
    [91, 9],
    [88, 12],
    [88, 12],
    [87, 13],
    [86, 14],
    [91, 9],
    [91, 9],
    [81, 19],
    [81, 19],
    [85, 15],
    [86, 14],
    [94, 6],
    [80, 20],
    [79, 21],
    [82, 18],
    [86, 14],
    [83, 17],
    [81, 19],
    [82, 18],
    [86, 14],
    [85, 15],
    [88, 12],
    [74, 26],
    [83, 17],
    [16, 84],
    [19, 81],
    [12, 88],
    [13, 87],
    [13, 87],
    [15, 85],
    [17, 83],
    [11, 89],
    [20, 80],
    [15, 85],
    [15, 85],
    [12, 88],
    [18, 82],
    [14, 86],
    [10, 90],
    [16, 84],
    [17, 83],
    [13, 87],
    [12, 88],
    [12, 88],
    [15, 85],
    [19, 81],
    [15, 85],
    [20, 80],
    [14, 86]
  ],
  "X": [
    [87, 13],
    [89, 11],
    [80, 20],
    [81, 19],
    [84, 16],
    [84, 16],
    [87, 13],
    [87, 13],
    [79, 21],
    [77, 23],
    [82, 18],
    [81, 19],
    [88, 12],
    [76, 24],
    [74, 26],
    [74, 26],
    [80, 20],
    [79, 21],
    [75, 25],
    [81, 19],
    [87, 13],
    [77, 23],
    [84, 16],
    [75, 25],
    [72, 28],
    [41, 59],
    [35, 65],
    [43, 57],
    [34, 66],
    [35, 65],
    [37, 63],
    [37, 63],
    [37, 63],
    [37, 63],
    [51, 49],
    [42, 58],
    [39, 61],
    [54, 46],
    [42, 58],
    [36, 64],
    [43, 57],
    [48, 52],
    [41, 59],
    [38, 62],
    [40, 60],
    [39, 61],
    [40, 60],
    [27, 73],
    [49, 51],
    [53, 47]
  ],
  "real_prob": [
    [0.89210832886, 0.10789167114],
    [0.31675337284, 0.68324662716]
  ],
  "method": "exact",
  "prob": [
    [0.89416713423, 0.10583286577],
    [0.32103286577, 0.67896713423]
  ],
  "iterations": 7,
  "logLik": -148.5720008634,
  "time": 0.005376,
  "message": "Converged",
  "status": 0,
  "cond_prob": [
    [
      [0.92740982922, 0.40550229085, 0.072590170779, 0.59449770915, 0.93512204344, 0.43376600526, 0.064877956564, 0.56623399474, 0.87234248713, 0.26948842774, 0.12765751287, 0.73051157226, 0.88144288964, 0.28608547598, 0.11855711036, 0.71391452402, 0.91208841076, 0.35756217412, 0.087911589237, 0.64243782588, 0.91643729286, 0.3704566296, 0.083562707144, 0.6295433704, 0.91880611753, 0.37651592273, 0.081193882467, 0.62348407727, 0.91880611753, 0.37651592273, 0.081193882467, 0.62348407727, 0.89913053038, 0.32475931786, 0.10086946962, 0.67524068214, 0.88276871349, 0.28924916879, 0.11723128651, 0.71075083121, 0.90494504712, 0.33864473296, 0.095054952876, 0.66135526704, 0.89181021447, 0.30745153968, 0.10818978553, 0.69254846032, 0.91323649219, 0.35929495568],
      [0.086763507809, 0.64070504432, 0.87932667545, 0.28269329818, 0.12067332455, 0.71730670182, 0.86723595952, 0.26135043798, 0.13276404048, 0.73864956202, 0.85064018056, 0.23597251078, 0.14935981944, 0.76402748922, 0.88310685582, 0.28948645708, 0.11689314418, 0.71051354292, 0.88969916276, 0.30323349945, 0.11030083724, 0.69676650055, 0.86536495049, 0.25818100054, 0.13463504951, 0.74181899946, 0.91024996886, 0.35330569742, 0.089750031142, 0.64669430258, 0.93846901863, 0.44940459985, 0.06153098137, 0.55059540015, 0.86145015271, 0.25178246799, 0.13854984729, 0.74821753201, 0.90751829394, 0.34486584448, 0.092481706065, 0.65513415552, 0.89912598177, 0.32556451343, 0.10087401823, 0.67443548657, 0.82554585942, 0.20468786282, 0.17445414058, 0.79531213718]
    ],
    [
      [0.89421944094, 0.31776772553, 0.10578055906, 0.68223227447, 0.84758739347, 0.23328196943, 0.15241260653, 0.76671803057, 0.91199424294, 0.36427351233, 0.088005757056, 0.63572648767, 0.86574835128, 0.26143990153, 0.13425164872, 0.73856009847, 0.87181714442, 0.27202732325, 0.12818285558, 0.72797267675, 0.87650183732, 0.28061732283, 0.12349816268, 0.71938267717, 0.8694545451, 0.26770208112, 0.1305454549, 0.73229791888, 0.88885276117, 0.30587213064, 0.11114723883, 0.69412786936, 0.8576259518, 0.24809351205, 0.1423740482, 0.75190648795, 0.93291018485, 0.43536879091, 0.06708981515, 0.56463120909, 0.9013190434, 0.33506134528, 0.098680956605, 0.66493865472, 0.89555605026, 0.3210605386, 0.10444394974, 0.6789394614, 0.93719247006, 0.45281140901],
      [0.062807529936, 0.54718859099, 0.90370524791, 0.34125728522, 0.096294752095, 0.65874271478, 0.8867931671, 0.30146742588, 0.1132068329, 0.69853257412, 0.90320484717, 0.3398657434, 0.096795152829, 0.6601342566, 0.92031461797, 0.38981507825, 0.079685382033, 0.61018492175, 0.90185270211, 0.33650476865, 0.098147297887, 0.66349523135, 0.89088962422, 0.31033323306, 0.10911037578, 0.68966676694, 0.89998335235, 0.33182045195, 0.10001664765, 0.66817954805, 0.88724547834, 0.30225079794, 0.11275452166, 0.69774920206, 0.88007946207, 0.28738876816, 0.11992053793, 0.71261123184, 0.7979396089, 0.17683418667, 0.2020603911, 0.82316581333, 0.91823403433, 0.38294149142, 0.081765965668, 0.61705850858, 0.93957320109, 0.46332529285, 0.060426798912, 0.53667470715]
    ]
  ],
  "maxiter": 3600,
  "param_threshold": 0.001,
  "ll_threshold": "-Inf",
  "initial_prob": "group_proportional"
}
