{
  "W": [
    [82, 7, 3, 8],
    [81, 8, 6, 5],
    [76, 4, 11, 9],
    [77, 9, 8, 6],
    [83, 6, 6, 5],
    [76, 6, 10, 8],
    [73, 7, 12, 8],
    [78, 9, 6, 7],
    [78, 5, 7, 10],
    [89, 5, 3, 3],
    [81, 5, 4, 10],
    [85, 6, 4, 5],
    [45, 43, 5, 7],
    [7, 82, 5, 6],
    [6, 85, 4, 5],
    [6, 80, 8, 6],
    [5, 79, 5, 11],
    [7, 80, 7, 6],
    [8, 82, 7, 3],
    [8, 84, 3, 5],
    [8, 83, 5, 4],
    [12, 79, 5, 4],
    [5, 83, 5, 7],
    [5, 85, 5, 5],
    [8, 78, 6, 8],
    [4, 10, 83, 3],
    [4, 4, 87, 5],
    [3, 6, 83, 8],
    [12, 3, 77, 8],
    [5, 4, 86, 5],
    [3, 6, 87, 4],
    [7, 6, 81, 6],
    [5, 5, 82, 8],
    [6, 11, 78, 5],
    [5, 9, 77, 9],
    [10, 5, 79, 6],
    [5, 2, 86, 7],
    [5, 7, 43, 45],
    [4, 4, 2, 90],
    [9, 5, 6, 80],
    [12, 2, 7, 79],
    [6, 6, 4, 84],
    [10, 7, 7, 76],
    [4, 7, 9, 80],
    [10, 5, 2, 83],
    [5, 9, 7, 79],
    [7, 8, 3, 82],
    [8, 6, 10, 76],
    [5, 10, 8, 77],
    [7, 3, 6, 84]
  ],
  "X": [
    [42, 44, 14],
    [39, 49, 12],
    [30, 57, 13],
    [37, 46, 17],
    [46, 36, 18],
    [40, 47, 13],
    [40, 46, 14],
    [34, 48, 18],
    [35, 47, 18],
    [40, 50, 10],
    [41, 44, 15],
    [43, 40, 17],
    [22, 66, 12],
    [5, 63, 32],
    [11, 64, 25],
    [13, 66, 21],
    [5, 68, 27],
    [12, 62, 26],
    [12, 67, 21],
    [14, 61, 25],
    [10, 71, 19],
    [19, 61, 20],
    [10, 63, 27],
    [12, 58, 30],
    [13, 65, 22],
    [8, 53, 39],
    [14, 56, 30],
    [14, 46, 40],
    [11, 56, 33],
    [6, 53, 41],
    [13, 48, 39],
    [11, 52, 37],
    [7, 61, 32],
    [14, 57, 29],
    [9, 53, 38],
    [14, 52, 34],
    [12, 51, 37],
    [11, 43, 46],
    [9, 43, 48],
    [10, 44, 46],
    [12, 45, 43],
    [9, 45, 46],
    [7, 47, 46],
    [3, 59, 38],
    [7, 50, 43],
    [9, 47, 44],
    [9, 38, 53],
    [10, 45, 45],
    [12, 45, 43],
    [9, 49, 42]
  ],
  "real_prob": [
    [0.47922865267, 0.43450391309, 0.086267434241],
    [0.090672803818, 0.65489595392, 0.25443124226],
    [0.10039205778, 0.50966975229, 0.38993818993],
    [0.037763079011, 0.4854852715, 0.47675164949]
  ],
  "method": "exact",
  "prob": [
    [0.46476539903, 0.44435959847, 0.090875002503],
    [0.087115301586, 0.68455219453, 0.22833250388],
    [0.093534128799, 0.53129532733, 0.37517054387],
    [0.054585170588, 0.44139287967, 0.50402194974]
  ],
  "iterations": 7,
  "logLik": -264.3176631659,
  "time": 1.413068,
  "message": "Converged",
  "status": 0,
  "cond_prob": [
    [
      [0.49450661084, 0.095640114671, 0.10181311101, 0.059442221973, 0.41823330325, 0.67490819783, 0.51883364037, 0.42800135346, 0.087260085916, 0.2294516875, 0.37935324861, 0.51255642457, 0.46235863468, 0.086499134687, 0.09533792203, 0.056985996298, 0.46147745659, 0.71995452057, 0.57325703491, 0.48422952836, 0.076163908729, 0.19354634474, 0.33140504306, 0.45878447534, 0.3757994712, 0.063125721694, 0.072046625944, 0.043802712971, 0.55214835932, 0.77283004834, 0.63760897054, 0.54796731364, 0.072052169486, 0.16404422997, 0.29034440352, 0.40822997339, 0.45800521856, 0.082849429015, 0.086452319602, 0.049389125519, 0.43732195696, 0.65991350525, 0.49731092646, 0.40141672588, 0.10467282448, 0.25723706574, 0.41623675394, 0.5491941486, 0.53555107498, 0.10617546738],
      [0.104122067, 0.05749511413, 0.34443561085, 0.56996053268, 0.40326839473, 0.31449414706, 0.12001331418, 0.32386399995, 0.49260953827, 0.62801073881, 0.49726188821, 0.098372075163, 0.10903604316, 0.06593795172, 0.43438803407, 0.71782695518, 0.57482128275, 0.4914168565, 0.068350077722, 0.18380096966, 0.31614267409, 0.44264519178, 0.51190554463, 0.10323884426, 0.1134727284, 0.068318823895, 0.418244728, 0.70517084772, 0.55992075464, 0.47661123329, 0.069849727368, 0.19159030802, 0.32660651696, 0.45506994282, 0.41825420012, 0.071197956008, 0.073846523013, 0.041758806967, 0.46563155475, 0.66053464284, 0.49481213407, 0.39529344845, 0.11611424513, 0.26826740115, 0.43134134291, 0.56294774458, 0.43106249412, 0.075135130941, 0.078780496582, 0.04499863277],
      [0.46146159764, 0.67056224573, 0.50783606781, 0.40983316809, 0.10747590824, 0.25430262333, 0.4133834356, 0.54516819914, 0.44015144198, 0.080040019507, 0.088868469021, 0.053238719637, 0.48404592447, 0.73283815435, 0.58777547501, 0.49746517527, 0.075802633551, 0.18712182615, 0.32335605597, 0.4492961051, 0.48832622829, 0.093492373506, 0.099493669554, 0.058013896294, 0.42301662258, 0.67579144079, 0.5193744247, 0.42791986685, 0.088657149136, 0.2307161857, 0.38113190574, 0.51406623685, 0.49208208788, 0.091824934962, 0.091761506777, 0.051005378678, 0.38750970258, 0.60275961018, 0.43471446961, 0.34125194819, 0.12040820954, 0.30541545486, 0.47352402361, 0.60774267313, 0.40389345838, 0.070847843672, 0.083009637316, 0.051898415469, 0.53988360971, 0.79469328519],
      [0.67308835995, 0.59542635717, 0.05622293191, 0.13445887114, 0.24390200273, 0.35267522736, 0.26241073328, 0.034971219297, 0.035650125281, 0.019539043054, 0.57525254462, 0.66178018495, 0.48742104601, 0.37835863197, 0.16233672211, 0.30324859575, 0.47692882871, 0.60210232497, 0.47892548966, 0.088026502295, 0.093401108204, 0.054117986829, 0.4277126286, 0.67351965731, 0.51622249379, 0.42393267647, 0.093361881745, 0.2384538404, 0.39037639801, 0.5219493367, 0.52492006949, 0.10616052937, 0.11685240486, 0.070469665771, 0.40684872299, 0.70279033769, 0.55871758124, 0.47765666621, 0.068231207523, 0.19104913294, 0.3244300139, 0.45187366802, 0.28173040777, 0.039393014142, 0.042465118828, 0.024270386343, 0.59770701566, 0.72370639019, 0.56357014178, 0.45643721708]
    ],
    [
      [0.12056257658, 0.23690059567, 0.39396473939, 0.51929239658, 0.49623122045, 0.093641564187, 0.098833120574, 0.057204079642, 0.41105877229, 0.66363588474, 0.50594426353, 0.41501799504, 0.09271000726, 0.24272255107, 0.39522261589, 0.52777792532, 0.47788191268, 0.089247800284, 0.097742843102, 0.058141724512, 0.44402336125, 0.70860936477, 0.56058484521, 0.47258376069, 0.078094726073, 0.20214283494, 0.34167231169, 0.4692745148, 0.53513335773, 0.10774846433, 0.11315065093, 0.065722036254, 0.37742801334, 0.64856700293, 0.49198381627, 0.40499923974, 0.087438628928, 0.24368453274, 0.39486553281, 0.52927872401, 0.42046877212, 0.072683767201, 0.081507903532, 0.04898940692, 0.50387240003, 0.74567078409, 0.60405456501, 0.51451822373, 0.075658827851, 0.1816454487],
      [0.31443753146, 0.43649236935, 0.59503834003, 0.13626273213, 0.14754024701, 0.089270711653, 0.3418500314, 0.66474749192, 0.51988283864, 0.44583339211, 0.063111628569, 0.19898977595, 0.33257691436, 0.46489589623, 0.46458538035, 0.083001228653, 0.087360759174, 0.050166760594, 0.435094753, 0.6674256101, 0.50742545483, 0.4130104746, 0.10031986665, 0.24957316124, 0.405213786, 0.5368227648, 0.52280143167, 0.10098981586, 0.102530306, 0.057841392772, 0.37056331989, 0.6129680551, 0.44953929033, 0.35944045304, 0.10663524844, 0.28604212904, 0.44793040367, 0.58271815419, 0.50790879165, 0.099532093876, 0.10883382691, 0.065027922872, 0.41818079712, 0.69990529843, 0.5527903465, 0.46814978328, 0.073910411232, 0.20056260769, 0.33837582658, 0.46682229385],
      [0.3985775829, 0.064505078411, 0.068004908906, 0.038743815034, 0.4883328602, 0.68043443844, 0.51793086597, 0.41802076653, 0.1130895569, 0.25506048315, 0.41406422513, 0.54323541843, 0.54282203877, 0.11384201487, 0.12629769722, 0.077088825441, 0.39459646872, 0.70538418127, 0.56501599518, 0.48873716382, 0.062581492513, 0.18077380386, 0.3086863076, 0.43417401074, 0.58257491819, 0.12671699471, 0.13112626571, 0.076061652938, 0.33214982141, 0.61728204496, 0.46105832394, 0.37900217239, 0.085275260398, 0.25600096033, 0.40781541035, 0.54493617467, 0.40108917258, 0.066940634415, 0.073267335177, 0.043065402145, 0.50728481608, 0.72191362864, 0.57073237535, 0.47505605243, 0.091626011345, 0.21114573695, 0.35600028948, 0.48187854543, 0.31426095902, 0.045370802211],
