{
  "W": [
    [80, 6, 7, 7],
    [83, 6, 5, 6],
    [72, 10, 10, 8],
    [76, 9, 6, 9],
    [86, 8, 0, 6],
    [81, 9, 4, 6],
    [81, 8, 3, 8],
    [83, 5, 5, 7],
    [80, 8, 6, 6],
    [84, 7, 3, 6],
    [80, 4, 7, 9],
    [77, 4, 11, 8],
    [46, 47, 5, 2],
    [7, 81, 7, 5],
    [4, 85, 6, 5],
    [8, 78, 5, 9],
    [4, 82, 7, 7],
    [8, 76, 8, 8],
    [10, 76, 10, 4],
    [4, 84, 6, 6],
    [7, 83, 3, 7],
    [8, 75, 10, 7],
    [5, 86, 5, 4],
    [8, 80, 6, 6],
    [9, 76, 6, 9],
    [4, 3, 89, 4],
    [3, 5, 84, 8],
    [7, 9, 78, 6],
    [3, 10, 80, 7],
    [7, 8, 76, 9],
    [6, 6, 82, 6],
    [6, 7, 83, 4],
    [7, 7, 80, 6],
    [6, 2, 89, 3],
    [11, 7, 74, 8],
    [7, 5, 84, 4],
    [9, 5, 79, 7],
    [4, 6, 49, 41],
    [6, 6, 8, 80],
    [7, 10, 1, 82],
    [6, 7, 2, 85],
    [5, 6, 6, 83],
    [5, 7, 6, 82],
    [8, 6, 7, 79],
    [8, 5, 9, 78],
    [10, 5, 1, 84],
    [9, 5, 8, 78],
    [5, 6, 9, 80],
    [6, 6, 13, 75],
    [4, 8, 2, 86]
  ],
  "X": [
    [4, 31, 65],
    [2, 31, 67],
    [8, 36, 56],
    [4, 25, 71],
    [3, 40, 57],
    [4, 35, 61],
    [5, 26, 69],
    [4, 16, 80],
    [5, 34, 61],
    [6, 35, 59],
    [0, 34, 66],
    [3, 33, 64],
    [19, 29, 52],
    [36, 15, 49],
    [27, 21, 52],
    [28, 14, 58],
    [27, 20, 53],
    [29, 15, 56],
    [34, 18, 48],
    [24, 19, 57],
    [25, 16, 59],
    [31, 9, 60],
    [34, 15, 51],
    [29, 14, 57],
    [24, 19, 57],
    [27, 24, 49],
    [24, 27, 49],
    [39, 30, 31],
    [38, 27, 35],
    [37, 20, 43],
    [30, 24, 46],
    [24, 21, 55],
    [28, 27, 45],
    [33, 22, 45],
    [24, 26, 50],
    [28, 19, 53],
    [31, 19, 50],
    [23, 39, 38],
    [7, 42, 51],
    [9, 44, 47],
    [0, 51, 49],
    [5, 52, 43],
    [9, 54, 37],
    [4, 57, 39],
    [2, 50, 48],
    [4, 49, 47],
    [8, 55, 37],
    [6, 45, 49],
    [11, 48, 41],
    [2, 54, 44]
  ],
  "real_prob": [
    [0.0057661640083, 0.30451260426, 0.68972123173],
    [0.31334561988, 0.12612227582, 0.5605321043],
    [0.33494295841, 0.20245654201, 0.46260049958],
    [0.02522341908, 0.58496270272, 0.3898138782]
  ],
  "method": "exact",
  "prob": [
    [0.0043236566689, 0.31578772562, 0.67988861771],
    [0.33002376325, 0.11928953777, 0.55068669898],
    [0.34178127352, 0.21851610504, 0.43970262144],
    [0.018271306567, 0.56720663156, 0.41452206187]
  ],
  "iterations": 8,
  "logLik": -281.1228895218,
  "time": 1.587358,
  "message": "Converged",
  "status": 0,
  "cond_prob": [
    [
      [0.0035925547021, 0.27142842091, 0.28440431316, 0.01331355803, 0.30837191352, 0.12569022537, 0.23193293605, 0.56465357337, 0.68803553177, 0.60288135372, 0.48366275079, 0.4220328686, 0.0018376222161, 0.15997903657, 0.1692856406, 0.006862488947, 0.30619272955, 0.14332298689, 0.26695754385, 0.56521296782, 0.69196964824, 0.69669797655, 0.56375681555, 0.42792454323, 0.0055337828625, 0.37121466726, 0.37386807888, 0.018842521569, 0.37616620164, 0.1386687344, 0.24680199226, 0.63266577693, 0.6183000155, 0.49011659835, 0.37932992886, 0.34849170151, 0.0031292663505, 0.23501325118, 0.25563877467, 0.012580427635, 0.24433147755, 0.10036601357, 0.19189847814, 0.48623585724, 0.7525392561, 0.66462073526, 0.55246274719, 0.50118371512, 0.0040589272773, 0.32125794087],
      [0.34131551942, 0.013478121205, 0.40379212014, 0.1632972802, 0.21864335287, 0.6612499044, 0.59214895258, 0.51544477893, 0.44004112771, 0.3252719744, 0.0035868608779, 0.27784743942, 0.28337730011, 0.012554685604, 0.35668317027, 0.14863535328, 0.26767235468, 0.61670926835, 0.63972996885, 0.5735172073, 0.44895034521, 0.37073604605, 0.0060799767936, 0.38570645976, 0.41035982385, 0.023848841263, 0.25733152409, 0.085898189546, 0.16034348703, 0.49849132137, 0.73658849911, 0.5283953507, 0.42929668912, 0.47765983737, 0.0049370323242, 0.32313808846, 0.36351358674, 0.022423991588, 0.15408736289, 0.053211825193, 0.10432725396, 0.34615049771, 0.84097560478, 0.62365008635, 0.5321591593, 0.6314255107, 0.0044518880013, 0.32176625165, 0.32924365966, 0.015709498124],
      [0.3476685153, 0.1354502802, 0.24458046033, 0.60590562877, 0.6478795967, 0.54278346815, 0.42617588002, 0.3783848731, 0.0089439300201, 0.50446797172, 0.51073354011, 0.030872242659, 0.35801773253, 0.10325320511, 0.18431617389, 0.6084649183, 0.63303833745, 0.39227882317, 0.304950286, 0.36066283904, 0, 0, 0, 0, 0.3208063715, 0.17996493175, 0.33588323442, 0.58493865691, 0.6791936285, 0.82003506825, 0.66411676558, 0.41506134309, 0.0021251591582, 0.17891468223, 0.1871287278, 0.0077860012648, 0.32128241562, 0.14852384504, 0.27394442986, 0.5817212361, 0.67659242522, 0.67256147273, 0.53892684235, 0.41049276263, 0.0053650168042, 0.36030208214, 0.35678420039, 0.017545182164, 0.41076618211, 0.15730847273],
      [0.27588309105, 0.66592097468, 0.58386880109, 0.48238944513, 0.36733270856, 0.31653384316, 0.0069871510143, 0.40606130041, 0.41918076157, 0.025171855736, 0.31712448687, 0.10577283775, 0.19360094205, 0.57146442796, 0.67588836212, 0.48816586184, 0.38721829638, 0.40336371631, 0.0040856511883, 0.2959019201, 0.29408829924, 0.013492878215, 0.40278222384, 0.16822702855, 0.29666768074, 0.66191351864, 0.59313212497, 0.53587105134, 0.40924402002, 0.32459360315, 0.0053579285651, 0.33309857075, 0.35687551513, 0.02123005305, 0.24503206767, 0.087605346315, 0.16630994137, 0.48610852658, 0.74961000377, 0.57929608294, 0.4768145435, 0.49266142037, 0.0042956020594, 0.3017422507, 0.30527848055, 0.014714810042, 0.3687880444, 0.14930950768, 0.26797527274, 0.62937732617]
    ],
    [
      [0.62691635354, 0.54894824161, 0.4267462467, 0.35590786379, 0.0054672734392, 0.34077385214, 0.36114449284, 0.021036638362, 0.26771756162, 0.095976685914, 0.18025277086, 0.51525115134, 0.72681516494, 0.56324946194, 0.4586027363, 0.46371221029, 0.0064319160163, 0.39296258857, 0.39822032681, 0.022080210028, 0.36123341921, 0.12679203037, 0.22780087827, 0.61836567929, 0.63233466477, 0.48024538106, 0.37397879492, 0.35955411068, 0.003640861833, 0.26524678087, 0.27134629775, 0.012771528775, 0.3494488998, 0.14686469133, 0.2665653385, 0.61102971631, 0.64691023837, 0.58788852779, 0.46208836374, 0.37619875491, 0.004237385863, 0.28853166234, 0.30367493363, 0.015883646312, 0.29165461281, 0.11437448856, 0.21348916125, 0.54640966798, 0.70410800132, 0.5970938491],
      [0.48283590511, 0.43770668571, 0.0062550702749, 0.35744544695, 0.39484224102, 0.027589786582, 0.16484886758, 0.054157954868, 0.10593402676, 0.36571745381, 0.82889606215, 0.58839659818, 0.49922373222, 0.60669275961, 0.0060246015773, 0.37174106033, 0.38281895512, 0.02151275712, 0.32695362386, 0.1159385633, 0.21180277642, 0.58387538875, 0.66702177457, 0.51232037638, 0.40537826846, 0.39461185413, 0.0053094613732, 0.33386205053, 0.3542889733, 0.020471071077, 0.26617083837, 0.096267059336, 0.18110309765, 0.51377499337, 0.72851970025, 0.56987089013, 0.46460792905, 0.46575393555, 0.0041915952443, 0.28971364006, 0.3011218366, 0.015256442041, 0.3167012062, 0.12607842387, 0.23232119261, 0.57486686386, 0.67910719856, 0.58420793607, 0.46655697079, 0.4098766941],
      [0.0040406606185, 0.28002331695, 0.29307688352, 0.014981193298, 0.30464210243, 0.12240942277, 0.22665338734, 0.5605129622, 0.69131723695, 0.59756726028, 0.48026972914, 0.4245058445, 0.0035911702199, 0.25881614818, 0.26893529986, 0.013072569974, 0.32122312235, 0.13422113944, 0.2467452766, 0.57982771267, 0.67518570743, 0.60696271237, 0.48431942354, 0.40709971735, 0.0078177718904, 0.45888070574, 0.44450190383, 0.024033457758, 0.46560146738, 0.15756168575, 0.27014038764, 0.70863072012, 0.52658076073, 0.38355760851, 0.28535770853, 0.26733582213, 0.0070577255289, 0.42273697711, 0.41987140625, 0.023106364662, 0.40627001745, 0.14051471099, 0.24699691136, 0.6594699898, 0.58667225702, 0.43674831189, 0.33313168239, 0.31742364553, 0.0075371300725, 0.41882455242],
