{
  "X": [
    [27, 20, 24, 12, 0, 14, 17, 5],
    [35, 29, 34, 11, 2, 12, 24, 4],
    [23, 35, 35, 16, 0, 12, 27, 2],
    [29, 35, 27, 9, 1, 7, 39, 3],
    [12, 33, 18, 9, 1, 10, 31, 1],
    [46, 36, 29, 16, 5, 15, 55, 1]
  ],
  "W": [
    [27, 92],
    [55, 96],
    [59, 90],
    [66, 84],
    [90, 25],
    [109, 94]
  ],
  "method": "mult",
  "cond_prob": [
    [
      [0.073377096191, 0.36890445953, 0.038498512569, 0.12457700143, 0.070204554832, 0.43170055496, 0.011216444655, 0.085102336936],
      [0.074105597023, 0.30097486036, 2.4580537738e-05, 0.063732962353, 0.043583949943, 0.3260807055, 2.261139388e-05, 0.061409301897]
    ],
    [
      [0.26979352515, 0.080253290651, 1.2699879722e-05, 0.30490841172, 0.30116738937, 0.11036667352, 3.8572643014e-06, 0.21111683473],
      [0.10816104224, 0.13389931228, 0.040664058022, 0.090568339854, 0.074199085062, 0.15015820914, 0.039906435078, 0.088485711468]
    ],
    [
      [0.29209867092, 3.1650902786e-05, 0.065952823931, 0.080449671629, 0.3103174656, 1.8934757273e-05, 0.080369920529, 0.062671835639],
      [0, 0.12353904582, 0.05613711187, 0.33609004119, 0.014375990629, 0.12021692036, 0.096870621994, 0.41716878393]
    ],
    [
      [0.13324291055, 0.053829690719, 0.086490251348, 0.1237596768, 0.1655865374, 0.037617625367, 0.10921381801, 0.097749755749],
      [0, 0.27899559923, 0.21755139177, 0.077594049292, 5.7041279419e-06, 0.28229368254, 0.38047362692, 0.098080340918]
    ],
    [
      [0.099119463617, 0.08645918255, 0.32744187217, 0, 0.094105220065, 0.064903176288, 0.32650125466, 0.045555872107],
      [0.092363061809, 0.057109122069, 0.33900084182, 1.2369706999e-05, 0.035693329219, 0.070688966608, 0.23121531035, 5.9371532419e-06]
    ],
    [
      [0.23019572293, 0.30912129103, 0.069744124302, 0, 0.2549249154, 0.24227796233, 0.072121558795, 1.6671178964e-05],
      [0.12452381777, 0.081072663907, 0.16342906545, 0.022189065111, 0.05613206975, 0.10402447685, 0.11327768526, 0.010799373769]
    ]
  ],
  "prob": [
    [0.076557168768, 0.29426604964, 0.10622546356, 0.063936357722, 0.022269220816, 0.064443643465, 0.37228517931, 1.6916713784e-05],
    [0.29354637049, 0.14164786783, 0.25721280356, 0.097492670768, 6.9893090033e-06, 0.090797301742, 0.085978367362, 0.033317628936]
  ],
  "iterations": 52,
  "logLik": -97.8778605533,
  "time": 0.000153,
  "message": "Converged",
  "status": 0,
  "maxiter": 3600,
  "param_threshold": 0.0001,
  "ll_threshold": "-Inf",
  "initial_prob": "group_proportional",
  "ballotbox_id": ["1M", "1V", "2M", "2V", "3M", "3V-4"],
  "candidates_id": ["C1", "C2", "C3", "C4", "C5", "C6", "C7", "C8"],
  "group_id": ["X18.49", "X50."]
}
