{
  "X": [
    [29, 20, 20, 5, 1, 9, 27, 3],
    [15, 24, 17, 7, 1, 10, 28, 0]
  ],
  "W": [
    [53, 61],
    [52, 50]
  ],
  "method": "mult",
  "cond_prob": [
    [
      [0.078337688246, 0.1332024402, 0.010163963649, 0.29680103506, 0.042355006342, 0.11409086604, 0.0099257346645, 0.29840049012],
      [0.27647315431, 0.078315298718, 0.11210681842, 0.014599601406, 0.31386983033, 0.10212303001, 0.11923504249, 0]
    ],
    [
      [0.39127339319, 0.20770530896, 0.0076713672321, 0.1899284732, 0.27243920778, 0.22875648288, 0.0096247631374, 0.24529144446],
      [0.097441979591, 0.017392902923, 0.05322407232, 0.03536250258, 0.14206008679, 0.029124144685, 0.072703870279, 0]
    ]
  ],
  "prob": [
    [0.060517693398, 0.29499341291, 0.12373766061, 0.090105794215, 0.010045983581, 0.11563698653, 0.29759314614, 0.0073693226144],
    [0.33774448084, 0.11754022608, 0.21718781974, 0.022677246059, 0.0085512752975, 0.061998756085, 0.21486674854, 0.019433447364]
  ],
  "iterations": 244,
  "logLik": -28.3419957304,
  "time": 0.00027,
  "message": "Converged",
  "status": 0,
  "maxiter": 3600,
  "param_threshold": 0.0001,
  "ll_threshold": "-Inf",
  "initial_prob": "group_proportional",
  "ballotbox_id": ["1", "2"],
  "candidates_id": ["C1", "C2", "C3", "C4", "C5", "C6", "C7", "C8"],
  "group_id": ["X18.49", "X50."]
}
