{
  "X": [
    [15, 69, 25, 15, 3, 4, 18, 2],
    [18, 45, 21, 22, 2, 8, 25, 6],
    [16, 46, 33, 17, 1, 6, 22, 5],
    [29, 83, 22, 28, 0, 8, 29, 4]
  ],
  "W": [
    [85, 65],
    [89, 57],
    [80, 66],
    [121, 82]
  ],
  "method": "mult",
  "cond_prob": [
    [
      [0.13163690026, 0.037048357504, 0.14405373485, 0.021462026129, 0.14586176052, 0.013124336426, 0.17060803447, 0],
      [0.0016291227035, 0.17418894998, 0.0014190911537, 0.2179052141, 0.0021176271636, 0.22242333516, 0.0010507388377, 0.18648440753]
    ],
    [
      [0.061406349458, 7.0905837627e-06, 0.084177075536, 5.1481670602e-06, 0.069254088649, 2.5550757384e-06, 0.097773964582, 0],
      [0.35852975953, 0.055003383403, 0.39206222313, 0.086198662163, 0.47430544847, 0.071477351175, 0.28286677296, 0.072385587292]
    ],
    [
      [0.41892470975, 0.046122975271, 0.25884398301, 0.081031971089, 0.2852587525, 0.073139407155, 0.34701088841, 0.060213656395],
      [0.16930269952, 0.021146285018, 0.21883626623, 0.056447713434, 0.202528191, 0.055546590071, 0.20677121176, 0.027861062596]
    ],
    [
      [0.49907783507, 0.0037361376313, 0.38631550234, 0.0082252794672, 0.34596050244, 0.0060275828869, 0.50706871947, 0.0060033126929],
      [0.018183435044, 0.0040560092722, 0.029450933826, 0.013565175368, 0.022131138314, 0.010841332992, 0.027328636718, 0.0065730062828]
    ]
  ],
  "prob": [
    [0.15019315183, 0.32921262004, 0.0014968643065, 0.20023661082, 0.01629114034, 0.06471814219, 0.19882161314, 0.039029857339],
    [0.079176818396, 0.44027063359, 0.37093042989, 0.024304554984, 3.4184017249e-06, 0.0059325258779, 0.070895062963, 0.0084865558938]
  ],
  "iterations": 355,
  "logLik": -67.723299147,
  "time": 0.000718,
  "message": "Converged",
  "status": 0,
  "maxiter": 3600,
  "param_threshold": 0.0001,
  "ll_threshold": "-Inf",
  "initial_prob": "group_proportional",
  "ballotbox_id": ["1", "2", "3", "4-5"],
  "candidates_id": ["C1", "C2", "C3", "C4", "C5", "C6", "C7", "C8"],
  "group_id": ["X18.49", "X50."]
}
