{
  "X": [
    [11, 65, 15, 16, 2, 6, 8, 2],
    [15, 59, 21, 18, 0, 4, 9, 2],
    [21, 67, 24, 18, 0, 6, 12, 2],
    [12, 60, 11, 9, 2, 5, 14, 0],
    [5, 62, 10, 14, 0, 5, 7, 0],
    [14, 50, 13, 17, 1, 5, 2, 2],
    [19, 57, 24, 22, 0, 3, 11, 1],
    [6, 60, 13, 12, 1, 4, 7, 2],
    [9, 62, 18, 16, 1, 2, 13, 1],
    [16, 67, 9, 14, 1, 6, 10, 4],
    [19, 59, 15, 7, 1, 3, 6, 0],
    [9, 57, 19, 20, 1, 4, 14, 3],
    [14, 76, 22, 16, 0, 1, 17, 3],
    [17, 65, 15, 18, 0, 9, 18, 2],
    [17, 80, 25, 17, 0, 5, 12, 1],
    [21, 77, 25, 20, 1, 12, 19, 3],
    [27, 75, 24, 21, 0, 10, 11, 4],
    [25, 90, 19, 22, 1, 2, 19, 2],
    [18, 28, 19, 6, 0, 3, 8, 2],
    [12, 38, 17, 10, 0, 6, 7, 4],
    [9, 39, 12, 17, 3, 3, 5, 0],
    [8, 51, 16, 14, 0, 2, 9, 1],
    [11, 55, 14, 21, 0, 4, 5, 4],
    [20, 66, 23, 15, 0, 12, 9, 2],
    [15, 51, 27, 15, 1, 6, 16, 1],
    [18, 67, 14, 17, 1, 3, 18, 1],
    [22, 78, 16, 22, 3, 8, 21, 2],
    [21, 63, 19, 15, 0, 6, 17, 6],
    [24, 66, 21, 16, 3, 5, 13, 1],
    [19, 79, 17, 18, 3, 3, 16, 2],
    [23, 70, 24, 17, 1, 5, 16, 2],
    [29, 83, 22, 18, 0, 9, 10, 1],
    [24, 79, 23, 15, 1, 5, 21, 2],
    [25, 56, 9, 16, 0, 2, 30, 2],
    [19, 44, 7, 5, 0, 3, 26, 0],
    [16, 41, 6, 7, 1, 1, 17, 2],
    [21, 56, 13, 16, 0, 6, 10, 2],
    [14, 55, 25, 12, 1, 5, 13, 2],
    [15, 63, 13, 20, 2, 6, 9, 3],
    [19, 64, 28, 14, 3, 4, 20, 4]
  ],
  "W": [
    [44, 81],
    [39, 89],
    [77, 74],
    [33, 80],
    [19, 84],
    [10, 93],
    [30, 107],
    [16, 89],
    [15, 107],
    [16, 110],
    [19, 91],
    [34, 93],
    [100, 49],
    [98, 46],
    [101, 56],
    [108, 71],
    [115, 57],
    [123, 57],
    [27, 57],
    [24, 70],
    [16, 71],
    [15, 86],
    [29, 85],
    [62, 85],
    [59, 73],
    [63, 76],
    [113, 59],
    [89, 57],
    [113, 36],
    [98, 59],
    [89, 69],
    [114, 58],
    [117, 53],
    [100, 40],
    [100, 4],
    [76, 15],
    [83, 41],
    [51, 76],
    [69, 62],
    [66, 90]
  ],
  "method": "mult",
  "cond_prob": [
    [
      [0.13068085411, 0.24160068938, 0.26873777905, 0.1460761336, 0.17201053351, 0.16964112939, 0.18312598758, 0.1881708158],
      [0, 0.0056428284915, 0, 0.0043828411476, 0, 0, 0.0046275536861, 0.0052037157715]
    ],
    [
      [0.06601686918, 0.12357011511, 0.15151061213, 0.076167282139, 0.087284542216, 0.094644702975, 0.097280118563, 0.10820206303],
      [0, 0.010200679614, 0, 0.0080588301567, 0, 0, 0.0086755438979, 0.0096609977204]
    ],
    [
      [0.49559699604, 0.44425655432, 0.46049956185, 0.41482221089, 0.41467750073, 0.43840635371, 0.41953477281, 0.43542590634],
      [0.038279770686, 0.035697925569, 0.0065580054866, 0.010772617251, 0.033977224953, 0.038946778136, 0.028357674597, 0.036965825308]
    ],
    [
      [0.53239280121, 0.48448544467, 0.55301872312, 0.45882704094, 0.44915158081, 0.51962891629, 0.47304429368, 0.53277142649],
      [0.041732168953, 0.038502467856, 0.0070077060313, 0.011825501099, 0.035430795881, 0.043733344733, 0.031732985205, 0.040951980761]
    ],
    [
      [0.093414941728, 0.088593084594, 0.091419707244, 0.11801644156, 0.099851876149, 0.076888411708, 0.1245555448, 0.060072795383],
      [0.11696073389, 0.14770064955, 0.14589996263, 0.132422866, 0.08714415905, 0.15288054472, 0.1534520619, 0.16499099435]
    ],
    [
      [0.13373016083, 0.12877287616, 0.14631824721, 0.17388095217, 0.14422677023, 0.12143331543, 0.18711061239, 0.098114687694],
      [0.042489936538, 0.052705975157, 0.051987486151, 0.048525990654, 0.030141809807, 0.057221481476, 0.057306789148, 0.060783194428]
    ],
    [
      [0.097946922774, 0.11335667351, 0.041797014347, 0.093321944386, 0.13860914199, 0.091968182921, 0.087123090597, 0.06970782108],
      [0.011573919387, 0.015240127401, 0.018387396647, 0.010092463578, 0.029492225195, 0.035977571928, 0.010636733135, 0.013156895186]
    ],
    [
      [0.14352717034, 0.16865620136, 0.068475272482, 0.14073874567, 0.20494171137, 0.1486767605, 0.13396602614, 0.11655840064],
      [0.015123133431, 0.019707353697, 0.023551907753, 0.013277081054, 0.036869370636, 0.048425290744, 0.014265407832, 0.017472731296]
    ],
    [
      [0.010598143466, 0.0055728676711, 0.0050385448926, 0.0042210637227, 0.020665467164, 0.0047604440039, 0.0045999367899, 0.0094923430592],
      [0.15142324515, 0.12085919009, 0.13912623795, 0.29678377709, 0.18899821492, 0.18343577633, 0.1991488598, 0.15111761883]
    ],
    [
      [0.018797517313, 0.010035592066, 0.0099908466803, 0.0077041646353, 0.036994460042, 0.0093148570676, 0.0085610786179, 0.019243290124],
      [0.086238802574, 0.066906411014, 0.073528792326, 0.1717567239, 0.098349650709, 0.093745475718, 0.12024346294, 0.076026469296]
    ],
    [
      [0.046206361664, 0.045031423211, 0.023709880542, 0.065054422353, 0.032295580049, 0.019797958704, 0.030173641317, 0.010648779456],
      [0.46269017292, 0.43959799727, 0.43428608168, 0.28849401482, 0.42288978283, 0.43373079749, 0.37251641514, 0.46516686393]
    ],
    [
      [0.048906383588, 0.048385522708, 0.028054053591, 0.070898513557, 0.034464065868, 0.023120709662, 0.033522033029, 0.012836892461],
      [0.56087012615, 0.51808261568, 0.48726576026, 0.35620894903, 0.46741359803, 0.4704320314, 0.47752887546, 0.49723908858]
    ],
    [
      [0.11196675899, 0.046341222014, 0.10879751207, 0.14348016024, 0.1218899004, 0.1926119479, 0.13983250657, 0.20592127171],
      [0.068215186966, 0.098508958967, 0.089885690956, 0.15852789991, 0.12264438272, 0.12686812463, 0.054264173812, 0.082232786251]
    ],
    [
      [0.039387277804, 0.016451975967, 0.042632244776, 0.052182808019, 0.042936869473, 0.074885986511, 0.051796452302, 0.082534869138],
      [0.11021238657, 0.15468692387, 0.13440599308, 0.26110242479, 0.18060185823, 0.18339031081, 0.09271520021, 0.11715223749]
    ],
    [
      [0.013589021232, 0.015247485297, 0, 0.015007623248, 0, 0.0059255716729, 0.011054519539, 0.020560267177],
      [0.05479841479, 0.085715693177, 0.10682198868, 0.049177552742, 0.07873713759, 0.095929896571, 0.09562376548, 0.1248218859]
    ],
    [
      [0.01724181974, 0.019642271963, 0, 0.019600492872, 0, 0.0082947515629, 0.014719385286, 0.029738370419],
      [0.090625738729, 0.13777140704, 0.16350414821, 0.082915174651, 0.11867996835, 0.14194523376, 0.16724317418, 0.18202600542]
    ],
    [
      [0.17618176914, 0.21469402644, 0.10821417895, 0.18866872756, 0.13064834436, 0.15265159181, 0.20226385585, 0.20129467596],
      [0.010446159531, 0.0044924325389, 0, 0, 0, 0.016825304563, 0, 0.011126296909]
    ],
    [
      [0.091880442939, 0.11690245686, 0.057291518859, 0.095964789782, 0.070155714269, 0.080824735851, 0.10449339991, 0.10564901898],
      [0.020911844305, 0.0087381217058, 0, 0, 0, 0.03014486721, 0, 0.019642349435]
    ],
    [
      [0.42816875318, 0.37052695803, 0.41072055232, 0.42451485047, 0.44948383364, 0.43494330331, 0.46706569281, 0.43480696116],
      [0.038977814432, 0.014368639421, 0.060439617324, 0.031234947115, 0.077581661403, 0.032986619947, 0.01336528324, 0.044632166656]
    ],
    [
      [0.47483797258, 0.42898757995, 0.46249169333, 0.45805958096, 0.51457120288, 0.48854133703, 0.51188208631, 0.4848568448],
      [0.046552734535, 0.01668478124, 0.066815188595, 0.037996626581, 0.084489027157, 0.035251588743, 0.016880845087, 0.047007278448]
    ],
    [
      [0.12297271354, 0.12323576668, 0.10944414207, 0.12140214948, 0.1094616375, 0.079449809972, 0.11044103864, 0.090205978985],
      [0.21344900621, 0.23034992173, 0.15686515985, 0.1575122719, 0.097601883285, 0.10395166437, 0.25248586921, 0.1006009332]
    ],
    [
      [0.18172166948, 0.19008108054, 0.1642134456, 0.17451584897, 0.16703778888, 0.11888743137, 0.1612498622, 0.13410226389],
      [0.084588367136, 0.088629301218, 0.057815598883, 0.063361117307, 0.03539413732, 0.037056035714, 0.10631694841, 0.035274277567]
    ],
    [
      [0.10351647454, 0.11076721167, 0.11306130305, 0.10517031313, 0.093795761896, 0.10812473798, 0.089448747243, 0.10991847447],
