{
  "X": [
    [7, 64, 22, 29, 1, 5, 15, 5],
    [15, 55, 25, 15, 2, 7, 17, 5],
    [19, 58, 27, 29, 0, 5, 20, 3],
    [22, 43, 23, 17, 4, 9, 14, 4],
    [12, 52, 25, 13, 1, 4, 12, 1],
    [17, 57, 28, 16, 1, 8, 11, 6],
    [23, 43, 23, 19, 3, 9, 16, 11],
    [21, 40, 24, 24, 3, 9, 18, 10],
    [22, 45, 29, 27, 0, 7, 11, 6],
    [22, 50, 23, 23, 4, 3, 15, 9],
    [20, 59, 32, 16, 2, 7, 13, 8],
    [13, 41, 24, 12, 1, 7, 10, 6],
    [10, 55, 22, 22, 0, 5, 5, 3],
    [23, 46, 26, 21, 1, 5, 16, 11],
    [14, 48, 15, 13, 0, 6, 12, 0],
    [25, 39, 9, 16, 0, 5, 13, 1]
  ],
  "W": [
    [44, 104],
    [39, 102],
    [46, 115],
    [31, 105],
    [18, 102],
    [36, 108],
    [44, 103],
    [38, 111],
    [65, 82],
    [52, 99],
    [80, 77],
    [56, 58],
    [74, 48],
    [82, 67],
    [55, 53],
    [79, 29]
  ],
  "method": "mult",
  "cond_prob": [
    [
      [0.07076125633, 0.17323892702, 0.16336229263, 0.23129775599, 0.1987291537, 0.16721954828, 0.099778425438, 0.16576726565],
      [0.16189176369, 0.24928616054, 0.17870952745, 0.21591104645, 0.21201231833, 0.15205176628, 0.19597149876, 0.25948387525]
    ],
    [
      [0.037568339153, 0.095527605791, 0.088779366079, 0.12463947779, 0.10993447594, 0.087418988345, 0.054353343616, 0.091430858636],
      [0.085645669693, 0.13576448558, 0.09765740156, 0.11556502904, 0.11405188587, 0.078853552766, 0.10429389159, 0.15001482642]
    ],
    [
      [0.46688768769, 0.37913608982, 0.46573660124, 0.31243012936, 0.31790314176, 0.39941785192, 0.46559676322, 0.45978448819],
      [0.4231147055, 0.33714487631, 0.42035019014, 0.28941846928, 0.35729531157, 0.38447052286, 0.32379092332, 0.36335497156]
    ],
    [
      [0.41803253863, 0.35247194581, 0.42750961406, 0.28393397737, 0.29646520259, 0.35187346831, 0.42768842013, 0.4279792318],
      [0.37759406497, 0.30983750823, 0.38748493146, 0.26127325196, 0.32407545502, 0.33642177235, 0.29040613972, 0.35428827979]
    ],
    [
      [0.11464312631, 0.12546357794, 0.15012138266, 0.11947589631, 0.15601574203, 0.17011516591, 0.15293028104, 0.11274015847],
      [0.13614162609, 0.12500296422, 0.14451002247, 0.12180139826, 0.11984428573, 0.17515712216, 0.1464277885, 0.07309863723]
    ],
    [
      [0.16281163349, 0.18496095442, 0.21869265713, 0.17222407356, 0.23080408105, 0.23770343436, 0.22302620756, 0.16667134453],
      [0.19273240762, 0.18225017686, 0.2113012903, 0.17439713522, 0.17241098724, 0.24336387421, 0.20834426029, 0.11323249301]
    ],
    [
      [0.21509716902, 0.19279377729, 0.118837018, 0.14035256375, 0.19323096812, 0.10954898501, 0.18792238569, 0.12594691696],
      [0.11738769792, 0.13576179315, 0.12011210651, 0.17674610706, 0.16690588721, 0.11386228617, 0.1493525891, 0.14997619965]
    ],
    [
      [0.18795042301, 0.17491992032, 0.10645048693, 0.1244787667, 0.17586052938, 0.094185875376, 0.16845999344, 0.11440462132],
      [0.10223426836, 0.12175816076, 0.10805339663, 0.15571459921, 0.14774189159, 0.097228465138, 0.13072818503, 0.14270530995]
    ],
    [
      [2.1518573464e-06, 0, 2.1496665363e-06, 6.4491255601e-06, 0, 5.8402801901e-06, 0, 0],
      [4.3982641032e-06, 8.3588240745e-06, 2.028498488e-06, 6.0154648123e-06, 9.078618666e-06, 3.8826923534e-06, 3.3229542706e-06, 0]
    ],
    [
      [0.0095944191109, 0, 0.0098296536053, 0.029188758641, 0, 0.025707422465, 0, 0],
      [0.019550291315, 0.038252267459, 0.0093084844754, 0.027025828164, 0.041025332748, 0.017052755177, 0.0149209804, 0]
    ],
    [
      [0.030158781989, 0.026944525071, 0.028491411145, 0.054096063762, 0.042484245438, 0.041452132903, 0.037993221164, 0.050250155181],
      [0.044280621273, 0.057285571065, 0.048175619952, 0.053247955121, 0.017946795827, 0.05711928267, 0.031122332409, 0.043251975309]
    ],
    [
      [0.035288993665, 0.032731390917, 0.034191591199, 0.064248550284, 0.051778362237, 0.047720055657, 0.045628908138, 0.061170118974],
      [0.0516471027, 0.068810549144, 0.058038695405, 0.06281913468, 0.021272605848, 0.06535497328, 0.036479660491, 0.055155077567]
    ],
    [
      [0.072873689136, 0.086573011882, 0.066488396138, 0.077497935766, 0.055796101386, 0.065532206634, 0.033245437858, 0.085511015553],
      [0.08617692086, 0.070583633884, 0.05274724428, 0.084906597081, 0.073125120398, 0.069088278126, 0.085751918573, 0.10225376125]
    ],
    [
      [0.11322158583, 0.13961970783, 0.1059697948, 0.12221557885, 0.090308204887, 0.10018267041, 0.05305612629, 0.13834382474],
      [0.13346984574, 0.11258489376, 0.084376863572, 0.13299688367, 0.11509027666, 0.10504240221, 0.133496205, 0.17336848105]
    ],
    [
      [0.029576137663, 0.015850090981, 0.0069607485228, 0.064843205944, 0.035840647574, 0.046708269069, 0.022533485584, 0],
      [0.031002266404, 0.024926642007, 0.035393260696, 0.057962411289, 0.052861202308, 0.048246859038, 0.067579626383, 0.0085805797584]
    ],
    [
      [0.035532067112, 0.019768474906, 0.0085768361954, 0.079070816803, 0.04484914391, 0.055208085086, 0.02778700082, 0],
      [0.037126349598, 0.030741958213, 0.043778936596, 0.070208138053, 0.064331565028, 0.05668220487, 0.081330677476, 0.011235532212]
    ]
  ],
  "prob": [
    [0.18091074067, 0.38250538725, 0.13454175737, 0.15230296421, 3.0734568631e-06, 0.041089156518, 0.073043612509, 0.035603308015],
    [0.097986382224, 0.34827727519, 0.19399617333, 0.13535864133, 0.016913009832, 0.04883801048, 0.11518394137, 0.043446566252]
  ],
  "iterations": 38,
  "logLik": -279.2677154974,
  "time": 0.000236,
  "message": "Converged",
  "status": 0,
  "maxiter": 3600,
  "param_threshold": 0.0001,
  "ll_threshold": "-Inf",
  "initial_prob": "group_proportional",
  "ballotbox_id": ["1M", "1V", "2M", "2V", "3M", "3V", "4M", "4V", "5M", "5V", "6M", "6V", "7M", "7V", "8V", "9"],
  "candidates_id": ["C1", "C2", "C3", "C4", "C5", "C6", "C7", "C8"],
  "group_id": ["X18.49", "X50."]
}
