{
  "X": [
    [31, 78, 29, 23, 1, 6, 11, 3],
    [12, 63, 15, 20, 1, 2, 5, 2],
    [15, 61, 16, 17, 0, 5, 2, 1],
    [21, 64, 12, 17, 0, 5, 7, 4],
    [14, 43, 14, 21, 1, 1, 8, 1]
  ],
  "W": [
    [66, 116],
    [52, 68],
    [79, 38],
    [72, 58],
    [77, 26]
  ],
  "method": "mult",
  "cond_prob": [
    [
      [0.13901572406, 0.026084808381, 0.095898411401, 0.0053668120026, 0, 0.51087202778, 0.050094804123, 0.23729828841],
      [0.17905650991, 0.022879131798, 0.010940786879, 0.50051886411, 0.019195652876, 0.075200046374, 0.17190004963, 0.01265026178]
    ],
    [
      [0.18782152172, 0.036813672487, 0.14842125698, 0.02584309884, 0, 0.46955331448, 0.058342402575, 0.10449309281],
      [0.19932479794, 0.080081143422, 0.01297477555, 0.11877186629, 0.0039684957027, 0, 0.42231970229, 0.073794129867]
    ],
    [
      [0.44877147272, 0.054264802067, 0.23809073762, 0.11437251623, 0.037458560209, 0.077292954088, 0.012046452525, 0.0076812276431],
      [0.085719569813, 0.11601359598, 0.019636917621, 0.17403023945, 0.018163113844, 0, 0.40248692933, 0.089163476944]
    ],
    [
      [0.41713726071, 0.063877727148, 0.10945948202, 0.15684776101, 0.053670264908, 0.1104211731, 0.053590524868, 0.015798326687],
      [0.0033534002961, 0.5261016399, 0.036381035255, 0.17812049927, 0.14010824557, 0.032595080124, 0.12122920298, 0.0051000933517]
    ],
    [
      [0.1240752964, 0.0051096981378, 0.0051054448516, 0.53123324872, 0.016074813573, 0.17699043579, 0.12385421638, 0.008723139071],
      [0.0066946064179, 0.52378306214, 0.045901799531, 0.077574103802, 0.18735677086, 0.045535767746, 0.1797965314, 0.02371133142]
    ]
  ],
  "prob": [
    [0.12138512824, 0.4862573185, 0.1082612882, 0.20411258395, 0.0031163643941, 0.024202426057, 0.046335765718, 0.0063291249468],
    [0.16657689531, 0.45988117551, 0.15867806399, 0.089584816741, 0.0063114521116, 0.034690025519, 0.055433605478, 0.028843965343]
  ],
  "iterations": 49,
  "logLik": -71.5751441733,
  "time": 0.00011,
  "message": "Converged",
  "status": 0,
  "maxiter": 3600,
  "param_threshold": 0.0001,
  "ll_threshold": "-Inf",
  "initial_prob": "group_proportional",
  "ballotbox_id": ["1M", "1V", "2M", "2V", "3V"],
  "candidates_id": ["C1", "C2", "C3", "C4", "C5", "C6", "C7", "C8"],
  "group_id": ["X18.49", "X50."]
}
