{
  "X": [
    [27, 41, 17, 11, 0, 10, 15, 1],
    [22, 45, 13, 9, 3, 12, 6, 0],
    [8, 48, 3, 4, 0, 4, 4, 3]
  ],
  "W": [
    [62, 60],
    [39, 71],
    [43, 31]
  ],
  "method": "mult",
  "cond_prob": [
    [
      [0.13441409049, 0.070548647806, 0.25245245308, 0.61751149609, 2.9926268734e-20, 0, 0.018490467169, 0.0016724654148],
      [0.2212992525, 0, 4.5846293446e-13, 0.15307248774, 0.16368738313, 0.19234547483, 0.082069846166, 0.00058562999617]
    ],
    [
      [0.30328964673, 0.10840787754, 0.0012594829358, 0.3021090822, 0.041259626336, 0, 0.079955943564, 0.14951487319],
      [0.067502252976, 0.0025109502937, 0.1082569157, 0.059847501508, 0.16239833458, 0.7326148879, 0, 0.063745417612]
    ],
    [
      [0.45565008543, 0, 0.016921519926, 0.049404236867, 0.0025815152453, 0.060704629335, 0.038123039743, 0.084649092832],
      [0.20748161676, 0.15826212354, 0.2463073307, 0.092754738193, 0.00080935170603, 0.49552823225, 0, 2.3948698737e-12]
    ]
  ],
  "prob": [
    [0.10531939156, 0.58219231822, 0.047965243129, 0.057967773831, 8.1050311154e-21, 0.0022796807334, 0.17795484813, 0.026320744394],
    [0.25708585804, 0.30919182213, 0.15923257954, 0.09650755738, 0.018082922653, 0.15896600422, 0.00093325603185, 6.2807865525e-13]
  ],
  "iterations": 100,
  "logLik": -48.0219855519,
  "time": 0.000163,
  "message": "Converged",
  "status": 0,
  "maxiter": 3600,
  "param_threshold": 0.0001,
  "ll_threshold": "-Inf",
  "initial_prob": "group_proportional",
  "ballotbox_id": ["1M-2M-4V", "1V-2V-3V", "5-6"],
  "candidates_id": ["C1", "C2", "C3", "C4", "C5", "C6", "C7", "C8"],
  "group_id": ["X18.49", "X50."]
}
