{
  "X": [
    [19, 61, 21, 9, 0, 4, 10, 5],
    [15, 72, 27, 7, 1, 7, 15, 1],
    [15, 51, 13, 6, 0, 3, 7, 3],
    [12, 52, 26, 11, 0, 3, 4, 4],
    [8, 56, 20, 8, 0, 2, 5, 3],
    [13, 54, 21, 12, 0, 4, 6, 2],
    [19, 54, 21, 4, 1, 3, 9, 2],
    [10, 53, 13, 4, 0, 5, 5, 4],
    [9, 48, 17, 9, 0, 3, 9, 2],
    [13, 69, 14, 7, 1, 5, 7, 5],
    [6, 32, 19, 5, 1, 3, 5, 1],
    [23, 62, 20, 9, 0, 2, 14, 1],
    [11, 56, 30, 7, 1, 3, 13, 1],
    [24, 69, 32, 10, 0, 3, 10, 3],
    [27, 65, 26, 9, 0, 5, 12, 3],
    [24, 63, 20, 5, 0, 7, 20, 4],
    [7, 25, 10, 3, 0, 4, 8, 6],
    [15, 45, 21, 4, 1, 6, 12, 1],
    [18, 38, 10, 5, 1, 3, 13, 3],
    [16, 29, 13, 9, 1, 5, 8, 1],
    [17, 38, 12, 4, 0, 1, 15, 2],
    [16, 60, 26, 9, 0, 5, 8, 6],
    [24, 87, 31, 9, 1, 6, 5, 1],
    [21, 73, 27, 9, 3, 3, 14, 4],
    [8, 56, 21, 10, 2, 7, 6, 3],
    [10, 58, 28, 11, 0, 5, 8, 6],
    [9, 54, 22, 12, 1, 5, 4, 4],
    [20, 52, 24, 11, 0, 2, 11, 2],
    [12, 50, 22, 11, 3, 2, 9, 2],
    [10, 65, 15, 14, 1, 0, 9, 4],
    [11, 60, 24, 6, 0, 3, 4, 4],
    [15, 61, 30, 9, 0, 4, 10, 2],
    [13, 57, 32, 7, 0, 9, 11, 3]
  ],
  "W": [
    [91, 38],
    [112, 33],
    [19, 79],
    [20, 91],
    [24, 78],
    [17, 95],
    [32, 81],
    [25, 69],
    [46, 51],
    [62, 59],
    [45, 27],
    [112, 19],
    [102, 22],
    [114, 37],
    [111, 36],
    [112, 31],
    [55, 8],
    [103, 2],
    [87, 4],
    [69, 13],
    [72, 17],
    [92, 38],
    [127, 37],
    [123, 31],
    [22, 91],
    [21, 105],
    [17, 94],
    [38, 84],
    [40, 71],
    [27, 90],
    [13, 99],
    [54, 77],
    [82, 50]
  ],
  "method": "mult",
  "cond_prob": [
    [
      [0.17091483638, 0.50081103883, 0.16669907242, 0.050017880592, 0, 0.011520314459, 0.10727161302, 0.012439196475],
      [0.13389242008, 0.51164264582, 0.27512823613, 0.094971905349, 0.0079965329548, 0.029350277711, 0.02869090216, 0.037422029253]
    ],
    [
      [0.092071658, 0.56310156994, 0.18273659704, 0.090819232752, 0, 0.0099117019396, 0.040273924823, 0.021203964501],
      [0.43316589017, 0.16137033335, 0.053205040716, 0, 0.033211494102, 0.035811793235, 0.02365677404, 0.15487372567]
    ],
    [
      [0.45314381606, 0.18633363275, 0.064371164295, 0.0087115492253, 0.065469779728, 0.18829982, 0.017292738726, 0.1317373169],
      [0.54263833692, 0.19632695309, 0.09569601297, 0, 0.027380711421, 0.013082034944, 0.038185643473, 0.086026550918]
    ],
    [
      [0.51874018775, 0.1988950631, 0.11812957336, 0.0058674664799, 0.050195287927, 0.078023151698, 0.028762292566, 0.070981440442],
      [0.11525875625, 0.02055861246, 0.015947798785, 0.035729688607, 0.14660570279, 0.0053413459754, 0.22713807176, 0.42090055783]
    ],
    [
      [0.15863355555, 0.048841071478, 0, 0.025646589716, 0.13844513816, 0.019564365519, 0.12777589779, 0.49445959678],
      [0.13707044311, 0.041820505618, 0.010583566833, 0.02863948622, 0.05825492099, 0.0085849304185, 0.13348947387, 0.49710660755]
    ],
    [
      [0.1724054067, 0.087193111642, 0, 0.019799942333, 0.051025666795, 0.035909203854, 0.069786956262, 0.56722570279],
      [0.034267661591, 0.010675861122, 0.045857753976, 0.095946284827, 0.031946180716, 0.15032936056, 0.36450866793, 0.21375725081]
    ],
    [
      [0.056069187901, 0, 0.035001348198, 0.12027034973, 0.087913507396, 0.14388769617, 0.40528264423, 0.11889361708],
      [0.068162419265, 0.0080590662038, 0.034912978136, 0.037112578345, 0.056207328026, 0.0817801808, 0.45583044002, 0.23968964088]
    ],
    [
      [0.10195684197, 0, 0.027289585744, 0.044789637971, 0.14440243366, 0.075311551532, 0.47114228726, 0.12948824936],
      [0, 0.029288444954, 0.091951241232, 0.017437102829, 0.20977394496, 0.45948830379, 0.17460367245, 0.045447849826]
    ],
    [
      [0, 0.024080503028, 0.13891305534, 0.0073443495833, 0.14404606617, 0.44628347582, 0.20448355934, 0.072608896826],
      [0, 0.025354558236, 0.033625972757, 0.029704214689, 0.11663052368, 0.53065456392, 0.20730003969, 0.085187975619]
    ],
    [
      [0, 0.018282911033, 0.052077148263, 0.012064600543, 0.080700197664, 0.49636002091, 0.22569127402, 0.13218816369],
      [0.034884257947, 0.13473163724, 0.011202680656, 0.1833850451, 0.34360466759, 0.17192556296, 0.05419412481, 0]
    ],
    [
      [0.03325520656, 0.09646728676, 0.015280320481, 0.17964437929, 0.42703331511, 0.19662934164, 0.051224796442, 0.011307060913],
      [0.029503604112, 0.056046608898, 0.018222283708, 0.10793626124, 0.40705569036, 0.18851502863, 0.10755803817, 0]
    ],
    [
      [0.025730505, 0.035144583581, 0.025373719294, 0.096741168213, 0.50873837928, 0.20762402782, 0.094471719484, 0.0076415989764],
      [0.13580290292, 0.011150541502, 0.18761945297, 0.41893173896, 0.15545612216, 0.049984108117, 0, 0.034619587227]
    ],
    [
      [0.095490013835, 0.019936942185, 0.13987116662, 0.44111660581, 0.19950680364, 0.056207633727, 0, 0],
      [0.05505940985, 0.020530311578, 0.10415448072, 0.52364140209, 0.17479409592, 0.09166094125, 0, 0.027635028934]
    ],
    [
      [0.035629340247, 0.032213899858, 0.074542094097, 0.50437010551, 0.22561711661, 0.099300001516, 0, 0],
      [0.018704168965, 0.15864657794, 0.46130386566, 0.13465904083, 0.096384563237, 0.020830426761, 0.018301675568, 0.11955615764]
    ],
    [
      [0.032493383724, 0.18600609137, 0.53475485854, 0.20746051232, 0.037469595393, 0, 0.048322676556, 0.14840584104],
      [0.03367336667, 0.087467566436, 0.54401342491, 0.15980221746, 0.18195467415, 0.014194527049, 0.015464829445, 0.045955030362]
    ],
    [
      [0.053466060325, 0.10346064363, 0.60609039923, 0.225215467, 0.071077129406, 0, 0.037960315166, 0.055252678197],
      [0.17421890684, 0.49932916595, 0.15006461465, 0.029081063149, 0.012803117153, 0.020387501689, 0.15058796012, 0.010844870999]
    ],
    [
      [0.11527527266, 0.41675994366, 0.11147202739, 0.055056350597, 0.009577242219, 0.041585418142, 0.13235753758, 0.022587670463],
      [0.092903603141, 0.58707272162, 0.16801113605, 0.057731959431, 0.0089242951624, 0.015921856775, 0.061196856467, 0.018399165734]
    ],
    [
      [0.063447952398, 0.49386677067, 0.1199466599, 0.099951289925, 0.0067229146094, 0.031261664939, 0.04993993163, 0.037222166545],
      [0.41740142491, 0.12740810902, 0.061037583955, 0, 0.062947100137, 0.10414883294, 0.010665827358, 0.11896932569]
    ],
    [
      [0.47809803183, 0.16951379848, 0.041446210726, 0, 0.057351904961, 0.076328546019, 0.030552888058, 0.16516303912],
      [0.4741796274, 0.1422009453, 0.11439774236, 0, 0.050316262346, 0.039261548995, 0.019160322349, 0.065165323485]
    ],
    [
      [0.55881096985, 0.19070903093, 0.074592115764, 0, 0.046150644368, 0.027671780178, 0.051007516185, 0.089579554398],
      [0.21798867415, 0.026014574218, 0, 0.050557345243, 0.1080505479, 0.022905903184, 0.15062142471, 0.40639307047]
    ],
    [
      [0.18163994443, 0.061383212245, 0.009892738181, 0.021057082124, 0.11561664665, 0.039077888473, 0.13581292426, 0.4707604251],
      [0.23510521613, 0.048582076903, 0, 0.042725063189, 0.041583429272, 0.038011352573, 0.083926553033, 0.47305702288]
    ],
    [
      [0.20156668089, 0.11543573028, 0.0066085115121, 0.016280292508, 0.044873066279, 0.062470953102, 0.071625649985, 0.54405642908],
      [0.059105785867, 0, 0.015725644562, 0.15934870175, 0.010979936852, 0.11213583956, 0.40257309445, 0.23305702752]
    ],
    [
      [0.040413079669, 0, 0.046741326502, 0.078538893772, 0.0093984258572, 0.16454302024, 0.44004431297, 0.19728010846],
      [0.10656717109, 0, 0.01253533576, 0.064983341816, 0.018741029106, 0.060956421796, 0.47753814318, 0.25756072002]
    ],
    [
      [0.075014572135, 0, 0.035797619116, 0.029305267442, 0.016120551788, 0.086736113422, 0.49445636663, 0.21645683542],
      [0, 0.062663307862, 0.1173094903, 0.024037064954, 0.20576542396, 0.43949756464, 0.18339834397, 0.040117998573]
    ],
    [
      [0.0074215837307, 0.042968910437, 0.08431105851, 0.017126176091, 0.20143371138, 0.51611971116, 0.18749609267, 0.030821422589],
