{
  "X": [
    [22, 67, 17, 12, 0, 5, 17, 2],
    [20, 50, 22, 17, 0, 2, 18, 4],
    [14, 50, 15, 21, 1, 7, 20, 8],
    [9, 70, 20, 21, 0, 3, 15, 4],
    [24, 47, 23, 18, 0, 6, 16, 3],
    [14, 64, 13, 9, 0, 2, 19, 4],
    [11, 56, 11, 13, 1, 3, 12, 2],
    [5, 64, 12, 15, 1, 6, 7, 7],
    [12, 66, 20, 12, 0, 8, 10, 5],
    [12, 62, 19, 7, 0, 3, 11, 9],
    [13, 79, 22, 7, 1, 7, 18, 6],
    [13, 62, 18, 13, 2, 6, 18, 5],
    [14, 66, 21, 14, 0, 3, 5, 4],
    [11, 67, 27, 14, 2, 5, 9, 5],
    [14, 56, 25, 17, 4, 7, 25, 8],
    [20, 80, 25, 11, 1, 6, 22, 5],
    [20, 82, 21, 16, 0, 6, 21, 4],
    [27, 78, 21, 12, 1, 4, 20, 5],
    [17, 85, 17, 15, 0, 9, 16, 2],
    [23, 69, 15, 11, 1, 5, 16, 8],
    [37, 90, 10, 15, 0, 4, 30, 4],
    [17, 54, 9, 6, 0, 6, 23, 3],
    [13, 58, 4, 7, 1, 2, 38, 2],
    [15, 51, 5, 5, 0, 0, 24, 4],
    [24, 61, 15, 13, 0, 2, 21, 2],
    [23, 64, 14, 20, 1, 3, 15, 8],
    [13, 34, 6, 9, 0, 5, 16, 2],
    [12, 71, 15, 13, 1, 6, 14, 1],
    [10, 68, 16, 11, 0, 3, 15, 4],
    [18, 64, 20, 19, 1, 6, 15, 6],
    [16, 79, 22, 14, 2, 3, 21, 1],
    [22, 81, 21, 32, 0, 8, 16, 5],
    [17, 81, 22, 18, 0, 7, 13, 3],
    [28, 65, 20, 20, 0, 11, 14, 3],
    [31, 81, 20, 25, 0, 4, 11, 6],
    [23, 77, 14, 13, 0, 8, 15, 6],
    [11, 60, 25, 16, 2, 6, 13, 1],
    [10, 46, 13, 17, 0, 6, 10, 4],
    [7, 67, 14, 12, 3, 1, 13, 3],
    [10, 48, 11, 20, 1, 9, 13, 6],
    [14, 67, 13, 17, 1, 4, 12, 3],
    [8, 75, 17, 10, 0, 6, 12, 2],
    [18, 75, 19, 17, 0, 1, 9, 2],
    [17, 54, 24, 17, 2, 9, 9, 2]
  ],
  "W": [
    [76, 68],
    [60, 73],
    [65, 71],
    [75, 67],
    [66, 71],
    [81, 44],
    [25, 84],
    [25, 92],
    [30, 103],
    [43, 80],
    [78, 75],
    [61, 76],
    [47, 80],
    [63, 78],
    [67, 87],
    [118, 52],
    [110, 59],
    [107, 61],
    [105, 56],
    [84, 64],
    [125, 65],
    [94, 24],
    [116, 9],
    [91, 11],
    [73, 65],
    [119, 29],
    [68, 17],
    [43, 89],
    [42, 85],
    [58, 91],
    [90, 68],
    [122, 63],
    [98, 62],
    [110, 53],
    [104, 73],
    [111, 45],
    [30, 105],
    [26, 80],
    [19, 101],
    [23, 95],
    [40, 91],
    [48, 83],
    [52, 90],
    [38, 96]
  ],
  "method": "mult",
  "cond_prob": [
    [
      [0.21752127571, 0, 0.14865678886, 0, 0.1083143825, 0.00081918143927, 0.22375117147, 0.0021860176808],
      [0.22374610745, 0.071556270756, 0.10957267396, 0.062104513444, 0.20863112196, 0.087949217793, 0.11921882654, 0.070460904816]
    ],
    [
      [0.081205715413, 0, 0.052143029226, 0, 0.042330289707, 0.010875277181, 0.075436051857, 0.029520336469],
      [0.077028114034, 0.17351539787, 0.032677463926, 0.15480107819, 0.080934424042, 0.2051826815, 0.040366831404, 0.16470572895]
    ],
    [
      [0.44293704164, 0.013087927688, 0.43460598454, 0.029511896911, 0.45804622543, 0.031592025992, 0.39967298026, 0.0053409276845],
      [0.052952224261, 0.057177889693, 0.034693478409, 0.055582250614, 0.012479005113, 0.068255898488, 0.036443141429, 0.053492536194]
    ],
    [
      [0.50535958826, 0.021520015402, 0.46631910475, 0.045777166575, 0.54656098975, 0.051812702184, 0.41118532876, 0.0089197835963],
      [0.06413421028, 0.099894466935, 0.036397010627, 0.099757948968, 0.017023284945, 0.11467440205, 0.043312691186, 0.090061931256]
    ],
    [
      [0.070056559122, 0.19572295286, 0.073974309204, 0.1618054745, 0.028846192421, 0.18569085995, 0.086579500164, 0.23397682691],
      [0.095515386932, 0, 0.14316242173, 0.0010864684646, 0.18081035114, 0.0021030957097, 0.16751763943, 0]
    ],
    [
      [0.17860658932, 0.069360914426, 0.17733901289, 0.054246974102, 0.077245004211, 0.065546893116, 0.19905975729, 0.083816285202],
      [0.030716848108, 0, 0.049536559476, 0.014546212392, 0.059092108925, 0.02634307078, 0.058162180684, 0]
    ],
    [
      [0.061098750248, 0.029477791388, 0.067575480823, 0.022132650895, 0.052801488506, 0.0064620768193, 0.1018333341, 0.020436574102],
      [0.49689945478, 0.040965382588, 0.34731257251, 0.026487605832, 0.43248553806, 0.015331334968, 0.42606204149, 0.034175821544]
    ],
    [
      [0.11216773957, 0.036739424495, 0.11666850968, 0.026038746109, 0.10155312538, 0.0080377652483, 0.16856134713, 0.025885256386],
      [0.48841344356, 0.065755652931, 0.36731600095, 0.043672498686, 0.43133215997, 0.023663319705, 0.45355032461, 0.052861431615]
    ],
    [
      [0, 0.18903604383, 0.0019300633327, 0.20904281904, 0.0042824559739, 0.13571246069, 0, 0.17080353473],
      [0.088521414578, 0.15258174464, 0.090275211007, 0.14886677966, 0.075322563087, 0.18790172521, 0.089968419912, 0.16144362146]
    ],
    [
      [0, 0.072514421549, 0.024814845027, 0.074927579819, 0.063793588095, 0.049664578042, 0, 0.063035780533],
      [0.19444262198, 0.05266248086, 0.21318348044, 0.052974442663, 0.16813057425, 0.062631522391, 0.21381287794, 0.053759777175]
    ],
    [
      [0.026778893159, 0.45232665241, 0.033020478667, 0.44890611228, 0.015232817618, 0.49539909413, 0.058154424802, 0.36737978605],
      [0.11482697975, 0.032166751015, 0.077846919691, 0.048839157411, 0.11998106427, 0.0058856081329, 0.076734131119, 0.013843412785]
    ],
    [
      [0.045163276932, 0.53324776049, 0.052373633321, 0.49099517191, 0.026901945857, 0.55549974802, 0.088430197226, 0.41648886072],
      [0.18161873121, 0.03916331854, 0.13242578817, 0.061067047769, 0.19265093402, 0.0068898851109, 0.13139168297, 0.016238327767]
    ],
    [
      [0.16912636898, 0.045183942748, 0.20746031193, 0.082329111877, 0.31682793715, 0.063192508088, 0.11229375732, 0.041962125377],
      [0, 0.16796761593, 0.003366533622, 0.23805932425, 0.0020649834016, 0.15782153576, 0.0014734797647, 0.21598662201]
    ],
    [
      [0.061533948893, 0.11904968779, 0.070917224724, 0.2011646968, 0.12067837455, 0.15830225032, 0.036898265201, 0.10626057427],
      [0, 0.059633256376, 0.042604689833, 0.098002269238, 0.024999353696, 0.050661375644, 0.018741679777, 0.076589234261]
    ],
    [
      [0.012481111133, 0.071078852419, 0.032776582644, 0.056096344354, 0.015648500403, 0.056549407852, 0.017714831878, 0.10225245278],
      [0.017254612743, 0.47656365865, 0.033962012119, 0.43890512472, 0.018441483635, 0.4410334289, 0.030930488329, 0.50447862104]
    ],
    [
      [0.015963141614, 0.13488228473, 0.039424640383, 0.098699982856, 0.020936682447, 0.10203459424, 0.020429052531, 0.18653113052],
      [0.025071221321, 0.51848618179, 0.053078427986, 0.55096742952, 0.027197808539, 0.43175797523, 0.048660035451, 0.54740026563]
    ],
    [
      [0.22715026966, 0.00084330401959, 0.19499022715, 0.0011166179074, 0.15302219505, 0, 0.23978345572, 0.00077055325171],
      [0.16017790105, 0.080150450257, 0.25772544191, 0.033834307024, 0.1181596621, 0.079434532912, 0.20083244284, 0.070949925407]
    ],
    [
      [0.084259489471, 0.011902933101, 0.064054790301, 0.014663791442, 0.061559965307, 0, 0.082917569541, 0.010446702125],
      [0.050202316085, 0.19486033054, 0.08690920356, 0.094836064084, 0.037637089943, 0.17365880604, 0.067946931266, 0.17192068716]
    ],
    [
      [0.35029390092, 0.017625094922, 0.51733174013, 0.019483956281, 0.47967415015, 0.016462692885, 0.44461519936, 0.049544351256],
      [0.026804250164, 0.038267609369, 0.046348887418, 0.060059185885, 0.052734354307, 0.14316344581, 0.0064813571108, 0.081926433013]
    ],
    [
      [0.39755678798, 0.030725803835, 0.52052462957, 0.031493939354, 0.59009829206, 0.027289311438, 0.46913171984, 0.083033761721],
      [0.029534817735, 0.067004081001, 0.054945849582, 0.12124389855, 0.058959970657, 0.22540271579, 0.0077342873002, 0.14300492065]
    ],
    [
      [0.090735921687, 0.20915232919, 0.091587569269, 0.15551389667, 0.041168618864, 0.20577542307, 0.07177853137, 0.22549644212],
      [0.2597623811, 0, 0.14932023345, 0, 0.17430950021, 0, 0.1822924356, 0]
    ],
    [
      [0.23012433728, 0.078175762565, 0.20590834198, 0.054326414545, 0.11384543551, 0.073383548275, 0.16910971785, 0.081088234869],
