{
  "X": [
    [27, 52, 18, 25, 0, 13, 14, 4],
    [27, 49, 13, 18, 0, 11, 20, 2],
    [41, 65, 30, 23, 0, 13, 14, 3],
    [38, 43, 17, 25, 2, 5, 13, 2],
    [36, 40, 18, 21, 0, 10, 25, 3],
    [23, 25, 17, 23, 1, 11, 8, 1],
    [20, 33, 11, 19, 0, 8, 6, 4],
    [17, 30, 23, 14, 0, 7, 7, 1],
    [13, 30, 19, 14, 0, 8, 16, 0],
    [25, 39, 12, 10, 1, 8, 12, 1],
    [19, 37, 8, 12, 0, 9, 11, 2],
    [23, 52, 14, 17, 1, 5, 22, 1],
    [24, 44, 13, 25, 2, 9, 20, 0],
    [21, 37, 14, 18, 2, 6, 24, 1],
    [27, 33, 7, 18, 2, 14, 18, 1],
    [19, 25, 13, 13, 2, 7, 12, 0],
    [23, 38, 11, 7, 0, 4, 13, 3],
    [21, 42, 12, 12, 1, 5, 14, 2],
    [25, 32, 14, 16, 0, 7, 12, 0],
    [25, 43, 20, 15, 1, 9, 17, 5],
    [30, 48, 15, 16, 2, 6, 20, 4],
    [48, 43, 21, 13, 1, 5, 23, 2],
    [26, 30, 12, 10, 0, 7, 8, 0],
    [24, 35, 20, 16, 1, 6, 12, 2],
    [22, 32, 22, 12, 2, 9, 14, 1],
    [21, 31, 18, 14, 1, 12, 10, 4],
    [20, 35, 16, 15, 1, 19, 17, 2],
    [26, 43, 23, 15, 2, 9, 19, 4],
    [20, 48, 17, 12, 3, 16, 15, 3],
    [27, 35, 17, 23, 3, 10, 16, 4],
    [18, 34, 17, 7, 1, 11, 9, 2],
    [16, 44, 13, 13, 0, 5, 9, 2]
  ],
  "W": [
    [77, 74],
    [84, 57],
    [92, 95],
    [100, 45],
    [100, 54],
    [68, 41],
    [23, 77],
    [25, 73],
    [41, 59],
    [38, 70],
    [44, 53],
    [65, 70],
    [59, 79],
    [60, 57],
    [64, 55],
    [52, 39],
    [41, 58],
    [63, 46],
    [75, 31],
    [98, 37],
    [88, 51],
    [111, 45],
    [51, 42],
    [39, 77],
    [72, 42],
    [65, 49],
    [67, 57],
    [79, 62],
    [81, 53],
    [71, 64],
    [40, 59],
    [36, 65]
  ],
  "method": "mult",
  "cond_prob": [
    [
      [0.23386496301, 0.27618707491, 0.1794138355, 0.23150115954, 0.31019203517, 0.25385307165, 0.23234617318, 0.1853696955],
      [0.28850872184, 0.30767261904, 0.26161781631, 0.27604314051, 0.27468982868, 0.35130897872, 0.20368310447, 0.25174746739]
    ],
    [
      [0.12035699233, 0.15679346964, 0.096306465489, 0.13151097709, 0.17540845656, 0.14087426826, 0.12604936707, 0.096653907914],
      [0.15080811032, 0.1657755868, 0.13917728792, 0.16147153779, 0.14510349931, 0.19234700962, 0.10954210161, 0.13523196201]
    ],
    [
      [0.27664039985, 0.21679022496, 0.22914826583, 0.23958358195, 0.28484142491, 0.28225027999, 0.23436041327, 0.30041217791],
      [0.27604489167, 0.23223390724, 0.29487540709, 0.21296545683, 0.26294680863, 0.25833568333, 0.22560251297, 0.26154487656]
    ],
    [
      [0.40178120728, 0.34723909772, 0.34838851001, 0.38437610892, 0.45626033103, 0.4422393812, 0.35954491218, 0.44238278858],
      [0.40668358464, 0.3545851705, 0.44441451276, 0.35218452507, 0.39303792818, 0.40082717944, 0.34289492878, 0.39797858149]
    ],
    [
      [0.10664438147, 0.10576948126, 0.16456781949, 0.080003221494, 0.093433625492, 0.095946958666, 0.17534189738, 0.11639549301],
      [0.14233435572, 0.090383754848, 0.071752053995, 0.050058079215, 0.12326133321, 0.11430140297, 0.11422476327, 0.14844331906]
    ],
    [
      [0.12837229324, 0.14039979995, 0.20726732016, 0.10637677978, 0.12397717737, 0.12457091411, 0.22283295577, 0.14202626408],
      [0.17384143646, 0.11434171546, 0.089572934653, 0.068586480407, 0.15258577275, 0.14686819356, 0.14384915765, 0.18711478663]
    ],
    [
      [0.15088886686, 0.12509998192, 0.12394371574, 0.15715955507, 0.060765434159, 0.10381642579, 0.097024822192, 0.08342870967],
      [0.11122937345, 0.16046313639, 0.1098544209, 0.13100963892, 0.14251625625, 0.096913446705, 0.10897997246, 0.062488340077]
    ],
    [
      [0.17557253745, 0.16051845665, 0.15088051185, 0.20199514308, 0.077932063449, 0.13028756737, 0.11918002811, 0.098400395464],
      [0.13132532581, 0.19621083449, 0.13254870129, 0.17350253541, 0.17051506005, 0.12035453796, 0.13265906055, 0.076132152497]
    ],
    [
      [0, 0, 0, 0.032769854658, 0, 0.022094924203, 0.027634913563, 0.037392540893],
      [0, 0, 0, 0.029697317476, 0, 0, 0.01474244664, 0.024805013075]
    ],
    [
      [0, 0, 0, 0.00071131033046, 0, 0.00047071214876, 0.0005746201859, 0.00074793168785],
      [0, 0, 0, 0.00066477005995, 0, 0, 0.00030355556368, 0.00050613667539]
    ],
    [
      [0.077061007777, 0.058783462839, 0.06933419806, 0.055419855113, 0.033996571432, 0.038394202455, 0.071759744299, 0.10959581561],
      [0.061711298254, 0.065784066754, 0.080767390777, 0.10016569071, 0.061650822379, 0.066708203958, 0.13570867193, 0.096110966508]
    ],
    [
      [0.092673962229, 0.077956237661, 0.087241263926, 0.073619749929, 0.045067363405, 0.049801267646, 0.091109408037, 0.1336028461],
      [0.075300613077, 0.083142655576, 0.10073185845, 0.13711099312, 0.076245501761, 0.085633439333, 0.17074332883, 0.12103442278]
    ],
    [
      [0.12665594388, 0.19735541512, 0.23359216539, 0.20356277217, 0.18536802534, 0.17442606939, 0.15242378982, 0.1437121048],
      [0.10310654214, 0.10037062641, 0.15932206679, 0.19161702678, 0.13493495085, 0.11243228431, 0.18021537137, 0.1332640223]
    ],
    [
      [0.057171388334, 0.098283079264, 0.10991592856, 0.10140993087, 0.09188718782, 0.084904324298, 0.072519938535, 0.065723423661],
      [0.047277810733, 0.047387750634, 0.074301224229, 0.098293385317, 0.062512237941, 0.05396964009, 0.084997660644, 0.062750800986]
    ],
    [
      [0.02824443716, 0.020014358991, 0, 0, 0.031402883494, 0.029218067855, 0.0091082462917, 0.023693462612],
      [0.017064816925, 0.043091889319, 0.021810844141, 0.0084436495541, 0, 0, 0.016843156881, 0.021595995018]
    ],
    [
      [0.02407161915, 0.018809859109, 0, 0, 0.029467420367, 0.026851564974, 0.0081887701106, 0.020462442512],
      [0.014763118968, 0.038556286545, 0.019253480686, 0.0081857728193, 0, 0, 0.015010206375, 0.019251156934]
    ],
    [
      [0.23847846106, 0.25803373041, 0.31692087943, 0.21230688773, 0.24060732377, 0.34698704264, 0.23833658837, 0.24961944116],
      [0.30500259938, 0.26708555, 0.22178002298, 0.25533276712, 0.21413446714, 0.28826953879, 0.2293472642, 0.23226753063]
    ],
    [
      [0.12730514729, 0.13592547695, 0.18259659949, 0.12398790118, 0.12852013027, 0.2037417464, 0.12613403958, 0.14254751897],
      [0.16677181125, 0.14035414618, 0.12227558145, 0.14449697297, 0.11194972629, 0.16402123346, 0.12662357044, 0.11806071104]
    ],
    [
      [0.289745425, 0.19296945663, 0.25767396568, 0.23020290888, 0.31619388126, 0.23359246427, 0.22941010999, 0.2019076706],
      [0.25375460044, 0.22150786283, 0.29908017164, 0.21912916494, 0.28067705497, 0.2156313956, 0.24505736776, 0.3343579362]
    ],
    [
      [0.43667080457, 0.28757808794, 0.42022208086, 0.38014154445, 0.47783529119, 0.38693867789, 0.34335468934, 0.32564294969],
      [0.39161927533, 0.32990389602, 0.46573117202, 0.35149536125, 0.41437172337, 0.34705791335, 0.38198165787, 0.48137643992]
    ],
    [
      [0.084236768544, 0.14302341883, 0.090783596102, 0.096969638977, 0.099354472369, 0.12210794462, 0.14671042471, 0.10890245125],
      [0.10787761139, 0.1975182945, 0.090144661119, 0.12549223574, 0.13931670075, 0.14144325691, 0.14461785825, 0.11303754937]
    ],
    [
      [0.10520261753, 0.17655019792, 0.12266930001, 0.13267022545, 0.12437442445, 0.16762007974, 0.18190652945, 0.145551377],
      [0.13795747206, 0.24372529676, 0.11633091093, 0.16668846926, 0.17040629543, 0.18864483916, 0.18680930326, 0.13482404134]
    ],
    [
      [0.11847003435, 0.19635694192, 0.07746885626, 0.12699997359, 0.10098271615, 0.076460190861, 0.11600883125, 0.15001670588],
      [0.16059838562, 0.12348309599, 0.11161714938, 0.12758129599, 0.10563427609, 0.11592570291, 0.095917324023, 0.11573559776]
    ],
    [
      [0.14301721725, 0.23427634657, 0.10117941296, 0.16794955577, 0.12218414459, 0.10145592579, 0.13903019334, 0.19380813629],
      [0.1985218378, 0.14727535111, 0.13923292829, 0.16378442945, 0.12489074779, 0.14944745258, 0.11976512029, 0.13342553739]
    ],
    [
      [0, 0.014795605751, 0.024845512752, 0.030321932551, 0.015874263225, 0.0087761891286, 0.015861909423, 0.040863709844],
