{
  "X": [
    [8, 24, 10, 15, 1, 10, 11, 3],
    [11, 22, 9, 11, 0, 4, 12, 5]
  ],
  "W": [
    [29, 53],
    [17, 57]
  ],
  "method": "mult",
  "cond_prob": [
    [
      [0.0018832942211, 0.085528011308, 0.033050433169, 0.020241370131, 0.0028000211517, 0.094403931762, 0, 0.024434283229],
      [0.18035111186, 0.34901852382, 0.32980011475, 0.00012714074164, 0.19941310057, 0.41165295118, 0.26706721389, 0.0002284982068]
    ],
    [
      [0.15506802498, 0.14270790485, 2.1196669558e-10, 0.20224569635, 0.18715159336, 0.12806375943, 0, 0.1982891971],
      [0.35762963011, 0.083442910265, 0.00039425454471, 0.058511578692, 0.321484058, 0.07940178729, 0.00025299726814, 0.08535660755]
    ]
  ],
  "prob": [
    [0.0022220846085, 0.18739575986, 0.08880824278, 0.37216602958, 0.02083614265, 0.30661621661, 0.021790924972, 0.00016459893528],
    [0.17169314677, 0.33889965184, 0.13511957495, 0.081348873814, 1.0212940787e-10, 0.0003210575923, 0.20019551038, 0.072422184555]
  ],
  "iterations": 89,
  "logLik": -24.6688337205,
  "time": 9.8e-05,
  "message": "Converged",
  "status": 0,
  "maxiter": 3600,
  "param_threshold": 0.0001,
  "ll_threshold": "-Inf",
  "initial_prob": "group_proportional",
  "ballotbox_id": ["1M-2M-3V", "1V-2V"],
  "candidates_id": ["C1", "C2", "C3", "C4", "C5", "C6", "C7", "C8"],
  "group_id": ["X18.49", "X50."]
}
