{
  "X": [
    [17, 67, 40, 17, 3, 3, 13, 3],
    [11, 36, 27, 12, 0, 4, 4, 3],
    [11, 53, 35, 13, 0, 6, 13, 1],
    [14, 36, 19, 8, 0, 4, 6, 2]
  ],
  "W": [
    [59, 104],
    [19, 78],
    [81, 51],
    [43, 46]
  ],
  "method": "mult",
  "cond_prob": [
    [
      [0.0760189624, 7.5926325325e-08, 0.077464371304, 0, 0.067547637868, 0, 0.12275386216, 0],
      [0.21543265003, 0.1753767524, 0.23783161488, 0.13404418429, 0.24287146837, 0.14600537814, 0.19494836343, 0.12317148116]
    ],
    [
      [0.12035690642, 0.02898533076, 0.12207746131, 0, 0.10894905225, 0, 0.18860589617, 0],
      [0.26225942862, 0.025761027573, 0.2879668653, 0.019241366555, 0.30100791573, 0.021867660701, 0.22998209871, 0.017414665106]
    ],
    [
      [0.44174677295, 0.027980231834, 0.40901443109, 0.073169534183, 0.41626738233, 0.056939094497, 0.43582619059, 0.063316271308],
      [0.063412148552, 3.2405906331e-05, 0.068432653111, 4.321113965e-05, 0.070347184534, 2.1854266952e-05, 0.0599344176, 4.9413751416e-05]
    ],
    [
      [0.39312522053, 0.012952331818, 0.36157255461, 0.033501640449, 0.37696298029, 0.026821833338, 0.3752490705, 0.028278164263],
      [0.12759322325, 0.028966531025, 0.13712656783, 0.038513543939, 0.14430752217, 0.020083035516, 0.11718152886, 0.043288576395]
    ]
  ],
  "prob": [
    [0.082706517705, 0.42719068296, 0.22418166139, 0.065924945929, 2.2176500961e-08, 0.051364956179, 0.14859840204, 3.2811619113e-05],
    [0.1300051367, 0.37840233488, 0.27120780041, 0.13159713787, 0.010804567739, 0.023759424804, 0.021850533152, 0.032373064442]
  ],
  "iterations": 50,
  "logLik": -53.7988531755,
  "time": 0.0001,
  "message": "Converged",
  "status": 0,
  "maxiter": 3600,
  "param_threshold": 0.0001,
  "ll_threshold": "-Inf",
  "initial_prob": "group_proportional",
  "ballotbox_id": ["1M-3V", "1V", "2M", "2V"],
  "candidates_id": ["C1", "C2", "C3", "C4", "C5", "C6", "C7", "C8"],
  "group_id": ["X18.49", "X50."]
}
