{
  "X": [
    [41, 23, 15, 10, 2, 8, 32, 1],
    [37, 20, 14, 11, 2, 15, 42, 0],
    [26, 27, 15, 12, 0, 16, 38, 2],
    [38, 18, 13, 7, 1, 16, 37, 0],
    [40, 17, 12, 23, 2, 13, 33, 2],
    [54, 27, 20, 15, 2, 13, 46, 0],
    [35, 29, 19, 18, 3, 12, 39, 1],
    [36, 20, 26, 20, 0, 25, 37, 2],
    [29, 35, 25, 22, 2, 16, 30, 2],
    [31, 31, 13, 13, 2, 17, 34, 3],
    [20, 24, 12, 16, 1, 8, 31, 1],
    [26, 35, 11, 28, 7, 23, 36, 2],
    [42, 36, 17, 29, 2, 16, 27, 1],
    [29, 22, 8, 20, 0, 9, 34, 1],
    [27, 22, 11, 16, 1, 16, 19, 2],
    [33, 17, 15, 14, 0, 13, 17, 0],
    [28, 29, 12, 17, 3, 14, 26, 2],
    [28, 31, 12, 17, 4, 8, 31, 0],
    [32, 20, 14, 15, 0, 14, 35, 1],
    [21, 28, 13, 19, 1, 13, 34, 2],
    [33, 15, 13, 13, 0, 9, 33, 1],
    [33, 20, 8, 13, 6, 11, 37, 3],
    [43, 25, 18, 12, 3, 10, 41, 1],
    [40, 23, 17, 10, 1, 16, 29, 2],
    [35, 22, 18, 11, 0, 13, 40, 3],
    [34, 20, 10, 10, 0, 14, 22, 3],
    [28, 19, 14, 13, 2, 7, 31, 0],
    [27, 12, 17, 12, 0, 11, 26, 2],
    [28, 22, 22, 7, 0, 6, 31, 4],
    [36, 14, 15, 11, 2, 12, 36, 4],
    [36, 27, 5, 8, 3, 12, 38, 1],
    [31, 25, 18, 13, 2, 5, 22, 1],
    [18, 22, 17, 11, 1, 11, 18, 1],
    [39, 31, 12, 14, 5, 6, 25, 2],
    [29, 28, 11, 12, 4, 15, 34, 0],
    [45, 33, 8, 17, 2, 14, 43, 2],
    [31, 27, 16, 12, 2, 9, 32, 0],
    [25, 16, 18, 18, 3, 8, 25, 4],
    [39, 27, 23, 11, 2, 15, 23, 6],
    [36, 21, 20, 13, 5, 12, 25, 2],
    [39, 18, 17, 14, 2, 15, 39, 4],
    [36, 24, 20, 9, 2, 16, 34, 1],
    [44, 22, 13, 9, 2, 6, 37, 3],
    [29, 26, 14, 15, 3, 8, 33, 0]
  ],
  "W": [
    [58, 74],
    [65, 75],
    [51, 85],
    [62, 68],
    [42, 100],
    [98, 79],
    [85, 71],
    [107, 59],
    [79, 83],
    [95, 49],
    [24, 89],
    [120, 49],
    [109, 61],
    [90, 33],
    [27, 87],
    [39, 70],
    [56, 75],
    [61, 70],
    [54, 77],
    [49, 82],
    [52, 65],
    [54, 77],
    [73, 80],
    [57, 81],
    [56, 86],
    [31, 82],
    [34, 80],
    [35, 72],
    [46, 74],
    [71, 58],
    [88, 42],
    [76, 41],
    [28, 71],
    [80, 54],
    [83, 50],
    [118, 46],
    [90, 39],
    [44, 73],
    [78, 68],
    [75, 59],
    [84, 64],
    [77, 65],
    [61, 75],
    [69, 59]
  ],
  "method": "mult",
  "cond_prob": [
    [
      [0.31163910714, 0.01877931696, 0.15347798023, 0.045709651591, 0.28209388848, 0, 0.28757210735, 0.024059389352],
      [0.28281118513, 0.11111120047, 0.27745216493, 0.065564849517, 0.28976216405, 0.029987840299, 0.26103069621, 0.10380477833]
    ],
    [
      [0.30968011383, 0.0021291920019, 0.15797607004, 0.0053915802351, 0.27998231503, 0, 0.29625466764, 0.0025804489685],
      [0.27734947529, 0.19661890507, 0.2735442292, 0.11963479126, 0.27658072099, 0.057316690385, 0.26517243001, 0.18408678556]
    ],
    [
      [0.20087320562, 0.073667198219, 0.22135669122, 0.10456098526, 0.18653243605, 0.10756440644, 0.25200858758, 0.10569088249],
      [0.0069331707631, 0.13512703944, 0.0054720727523, 0.14040542489, 0.010295540371, 0.059644130831, 0.0080265374258, 0.062702677779]
    ],
    [
      [0.15311760869, 0.073155971026, 0.17487444177, 0.10861969454, 0.14205729975, 0.10061177132, 0.19917214116, 0.09949183922],
      [0.019344138285, 0.1380192501, 0.015406096156, 0.14780067765, 0.027953933627, 0.065713094203, 0.023222999345, 0.064145219769]
    ],
    [
      [0.077829669881, 0.26124903076, 0.052411670922, 0.19474106814, 0.082411356302, 0.25510151881, 0.066367782977, 0.16243646719],
      [0.29482781592, 0.023073385658, 0.23605022638, 0.017165394915, 0.30671431921, 0.031842033008, 0.24179480062, 0.023984759506]
    ],
    [
      [0.14210096646, 0.25814225474, 0.099083160791, 0.20128938868, 0.15020614864, 0.23741813574, 0.12566381686, 0.15214568194],
      [0.28993859782, 0.0025715424516, 0.23703421186, 0.0019612414143, 0.29866034699, 0.0038295306792, 0.23677845306, 0.0026759078562]
    ],
    [
      [0.073560714231, 0, 0.16250414265, 0.0073057967017, 0.07635712524, 0.0087690685982, 0.10082526494, 0.022866662732],
      [0.15886924621, 0.10051177691, 0.23381662732, 0.098744108495, 0.21700413281, 0.090751900419, 0.22635748513, 0.11374059605]
    ],
    [
      [0.077473437214, 0, 0.1772613491, 0.021495926722, 0.080316683828, 0.023251804352, 0.1100857581, 0.060964211808],
      [0.11984380681, 0.098287888169, 0.18001817087, 0.099508954693, 0.16201276468, 0.095718438161, 0.17005017788, 0.11139418951]
    ],
    [
      [0.030108160472, 0.22575172947, 0.055420235216, 0.20815042901, 0.036512031547, 0.24648170306, 0.057147358237, 0.2710913883],
      [0.070357806744, 0.18894185454, 0.05878423162, 0.25906319285, 0.056228135426, 0.28784475168, 0.099867769782, 0.24225160497]
    ],
    [
      [0.0034481892958, 0.22260255512, 0.0066161133885, 0.21884720614, 0.0041872713791, 0.22564929735, 0.0068061379072, 0.26539393965],
      [0.12714784406, 0.18383951231, 0.10847860206, 0.25976527656, 0.10063012399, 0.30208038923, 0.17983239785, 0.23606926114]
    ],
    [
      [0.06031698539, 0.20898856808, 0.13520383723, 0.26294310353, 0.065110092887, 0.22595585649, 0.043985410875, 0.17602613422],
      [0.052675124425, 0.0064989349269, 0.13378928757, 0.0070912669642, 0.086468263698, 0.0047592941034, 0.091954394901, 0.0038753310758]
    ],
    [
      [0.060814298398, 0.15813322183, 0.14119789184, 0.2120642636, 0.065566696812, 0.15863860069, 0.045975972811, 0.1322020344],
      [0.054902458874, 0.017982014871, 0.14239767278, 0.020234356704, 0.08924365391, 0.014246628287, 0.095437458289, 0.010751913764]
    ],
    [
      [0.24194473638, 0.089044029218, 0.21192922855, 0.061822152575, 0.26764887261, 0.12805791614, 0.18364158637, 0.11038861828],
      [0.014413051273, 0.21673325784, 0.02708594878, 0.28961758927, 0, 0.26888285001, 0.021247855235, 0.32594278742]
    ],
    [
      [0.24272069298, 0.16124949338, 0.22022076953, 0.11943730417, 0.26818053012, 0.21546441833, 0.19099330284, 0.19860507753],
      [0.0016346272639, 0.21236444704, 0.0031008579481, 0.27612207639, 0, 0.25769132002, 0.0024076553523, 0.32144594763]
    ],
    [
      [0.0037274208842, 0.11305474168, 0.0076962139846, 0.12249186528, 0.0033341968885, 0.059439955997, 0.0084519016697, 0.095405266651],
      [0.12320343776, 0.23516120264, 0.13834228041, 0.15107872577, 0.12497265727, 0.23591371852, 0.069893228268, 0.18679250759]
    ],
    [
      [0.010644693119, 0.11814196165, 0.022770203554, 0.13649541027, 0.0095030544467, 0.057675622613, 0.025048202682, 0.098989878802],
      [0.12293224565, 0.17680255859, 0.14095292837, 0.11046093069, 0.12347286661, 0.17341136752, 0.069444185005, 0.14131761677]
    ],
    [
      [0.26306651533, 0.032288684321, 0.24836729865, 0.056287017837, 0.2953123093, 0, 0.21550893492, 0.061519185818],
      [0.28565351767, 0.07095533321, 0.16491060547, 0.078083715505, 0.19710058567, 0.12104423774, 0.24888446607, 0.066088020742]
    ],
    [
      [0.26176307647, 0.0036835323191, 0.24463862041, 0.0068239250241, 0.2859945899, 0, 0.22236039675, 0.0069586880213],
      [0.28360041952, 0.12776340412, 0.16718204742, 0.13686002604, 0.19376090729, 0.2133966002, 0.24604967255, 0.11973827292]
    ],
    [
      [0.16229372441, 0.076894333841, 0.23204686418, 0.059014171693, 0.1964884883, 0.052348272921, 0.22782568279, 0.089791426123],
      [0, 0.089095991039, 0.0072207924535, 0.11044492949, 0.01151190592, 0.11046493442, 0, 0.064556870429]
    ],
    [
      [0.1238920163, 0.076929092759, 0.17542278415, 0.062954250843, 0.14597785756, 0.048625182941, 0.1803391016, 0.08918955934],
      [0, 0.092521952714, 0.020835508682, 0.11160720149, 0.03221933652, 0.11221021075, 0, 0.067475940851]
    ],
    [
      [0.068938039188, 0.25047455249, 0.077568578069, 0.22929126007, 0.084412507215, 0.27130167239, 0.06236544385, 0.18747715324],
      [0.28211823121, 0.019951181884, 0.31127795537, 0, 0.24341532655, 0.025091128894, 0.21882331013, 0.028870877871]
    ],
    [
      [0.12601082229, 0.24933715717, 0.14030117348, 0.24337763995, 0.15016401182, 0.25074612979, 0.11828216254, 0.18529014511],
