{
  "X": [
    [17, 56, 28, 4, 1, 15, 37, 15],
    [12, 16, 12, 7, 1, 8, 14, 2]
  ],
  "W": [
    [103, 70],
    [44, 28]
  ],
  "method": "mult",
  "cond_prob": [
    [
      [0.10513584482, 0.16359129918, 0.0064472257555, 0.21338828466, 0.17323392269, 0.16395397881, 0.015028564669, 0.18889015128],
      [0.31442529804, 0.027448232583, 0.089778633627, 0.07978518134, 0.21033633048, 0.11172319899, 0.11188733127, 0.024946521811]
    ],
    [
      [0.088361661138, 0.15933033259, 0.0048197196409, 0.21456167363, 0.15582242127, 0.17110371066, 0.012013167354, 0.20356550832],
      [0.33706680627, 0.016895643727, 0.082270130976, 0.096694032041, 0.24180089766, 0.073431132333, 0.10980793155, 0.032455230859]
    ]
  ],
  "prob": [
    [0.12551894296, 0.28326941659, 0.16369985635, 0.052673392596, 0.0090157897841, 0.09639620299, 0.20605551004, 0.063370888692],
    [0.10763616403, 0.30984797524, 0.16269415489, 0.033048640472, 0.006874990416, 0.090138073996, 0.21141991211, 0.078340088846]
  ],
  "iterations": 45,
  "logLik": -32.7809821845,
  "time": 5.9e-05,
  "message": "Converged",
  "status": 0,
  "maxiter": 3600,
  "param_threshold": 0.0001,
  "ll_threshold": "-Inf",
  "initial_prob": "group_proportional",
  "ballotbox_id": ["1", "2"],
  "candidates_id": ["C1", "C2", "C3", "C4", "C5", "C6", "C7", "C8"],
  "group_id": ["X18.49", "X50."]
}
