{
  "X": [
    [14, 52, 31, 21, 3, 7, 18, 4],
    [11, 65, 38, 16, 1, 8, 11, 6],
    [17, 51, 34, 10, 5, 16, 7, 5],
    [13, 64, 40, 23, 1, 13, 11, 7],
    [17, 69, 34, 15, 2, 10, 18, 6],
    [17, 65, 31, 23, 5, 13, 19, 6],
    [12, 30, 23, 9, 5, 7, 10, 1]
  ],
  "W": [
    [44, 106],
    [45, 111],
    [25, 120],
    [69, 103],
    [78, 94],
    [79, 101],
    [50, 47]
  ],
  "method": "mult",
  "cond_prob": [
    [
      [0.08666709271, 0.011481662032, 0.15704782925, 0.055949160453, 0.006892958876, 0.11372121332, 0.12611806055, 0.30047390407],
      [0.12029838767, 0.27256507851, 0.35230971064, 0.073525608089, 0.052945585202, 0.042632763633, 0.097885838139, 0.044776891228]
    ],
    [
      [0.096365417952, 0.033777304345, 0.036349074022, 0.12102287391, 0.0051268043711, 0.06628114779, 0.2110805206, 0.31802919121],
      [0.02168010389, 0.14712524551, 0.16251683663, 0.36802262781, 0.10047822811, 0.018745631913, 0.18300349412, 0.044576182682]
    ],
    [
      [0.30278409484, 0.072040939116, 0.01815511644, 0.13899910422, 0.043996875718, 0.013290209454, 0.16445880482, 0.18319726182],
      [0.019197880093, 0.084808105243, 0.24855372842, 0.3744357287, 0.098457521314, 0.048596584413, 0.044561063429, 0.10118701009]
    ],
    [
      [0.36687897055, 0.069861400781, 0.046571101903, 0.030705797899, 0.095650869047, 0.010374027697, 0.099479140268, 0.2934951305],
      [0.022403791984, 0.0076539887739, 0.11028909883, 0.17502081688, 0.38888732832, 0.094051712876, 0.017328979132, 0.16558419639]
    ],
    [
      [0.13192527219, 0.40024948108, 0.12460634759, 0.015548069051, 0.12216295669, 0.034357641728, 0.031203798445, 0.11699465022],
      [0.058018701158, 0.005911485174, 0.060863045336, 0.2689985107, 0.4152349303, 0.095635995247, 0.046605002721, 0.038304754749]
    ],
    [
      [0.24152263367, 0.42296253599, 0.11574945074, 0.038202930932, 0.02729364608, 0.078402596888, 0.025276943023, 0.0674194126],
      [0.24102085709, 0.027000456866, 0.04406170247, 0.18371981631, 0.14879675002, 0.34248830343, 0.12539760011, 0.0058261294915]
    ],
    [
      [0.18203712526, 0.17072694296, 0.34802968075, 0.078745974989, 0.021437972726, 0.18172299714, 0.041346846632, 0.05795007521],
      [0.063940704559, 0.060971218374, 0.03259246211, 0.10202324781, 0.24002042797, 0.37947549657, 0.12175477962, 0.015032830005]
    ]
  ],
  "prob": [
    [0.095233570304, 0.35343977678, 0.15475927709, 0.14814460791, 0.023781412731, 0.037975402346, 0.17047992635, 0.016186026484],
    [0.093943018589, 0.37974858988, 0.25082806575, 0.087131704093, 0.018714003202, 0.086957001726, 0.040493949934, 0.042183666832]
  ],
  "iterations": 74,
  "logLik": -117.4151052524,
  "time": 0.000214,
  "message": "Converged",
  "status": 0,
  "maxiter": 3600,
  "param_threshold": 0.0001,
  "ll_threshold": "-Inf",
  "initial_prob": "group_proportional",
  "ballotbox_id": ["1M-2M", "3M-4M-8", "3V-4V", "5M-1V", "5V-7V", "6M-2V", "6V"],
  "candidates_id": ["C1", "C2", "C3", "C4", "C5", "C6", "C7", "C8"],
  "group_id": ["X18.49", "X50."]
}
