{
  "X": [
    [48, 36, 29, 17, 1, 6, 35, 0],
    [41, 29, 50, 33, 1, 8, 26, 1],
    [39, 31, 34, 16, 0, 12, 29, 1],
    [39, 40, 74, 25, 3, 18, 15, 5],
    [35, 32, 31, 28, 1, 13, 21, 1]
  ],
  "W": [
    [169, 3],
    [55, 134],
    [117, 45],
    [31, 188],
    [106, 56]
  ],
  "method": "mult",
  "cond_prob": [
    [
      [0.28077686443, 0.034541283138, 0.13420081789, 2.3936154523e-06, 0, 0.23279099621, 0.17419470869, 0.1539666582],
      [0.37504024264, 0, 0.0067382442559, 0.16060714528, 0.069608911202, 0.11812486799, 0.15324672868, 0.10221867071]
    ],
    [
      [0.18086245677, 0.054455465585, 0.32216028449, 0.0076417265307, 0, 0.17470133227, 0.051936383892, 0.20716825027],
      [0.098134894312, 0.27811982325, 0.0289004022, 0.15602530696, 7.4786344907e-06, 0.0050952715032, 0.2158729031, 0.17219008982]
    ],
    [
      [0.21002386177, 0.2059002218, 0.12966301877, 0.26730166512, 0.064073134939, 0.17105038544, 9.3516982659e-06, 0.0036224714776],
      [0.13887105471, 0.18980739346, 0.048243518483, 0.35139623415, 0.022687619441, 0.015055850788, 0.16371591677, 0.05200152721]
    ],
    [
      [0.16752277105, 0.065488081179, 0.19436824088, 0.1707886318, 0.10021106651, 0.36418239331, 0.026441962257, 0.01086397505],
      [0.0056074215495, 0.17178820985, 0.25530344685, 0.08881403677, 0.26999688933, 0.058054126082, 0.13585592939, 6.0975928857e-06]
    ],
    [
      [0.165015453, 0, 0.002021887569, 0.20295276509, 0.22082561249, 0.088808271042, 0.25028367748, 0.068202172943],
      [0.017759928063, 0.14523142216, 0.085809169737, 0.12470039162, 0.16357638737, 0.085980822121, 0.29313563501, 0.0176492963]
    ]
  ],
  "prob": [
    [0.26971160788, 0.20666716801, 0.15319436803, 0.11125738001, 0.0033489402749, 0.050110175732, 0.20570629542, 4.0646371913e-06],
    [0.1713531553, 0.16244798645, 0.34035050444, 0.15465345601, 0.010317105787, 0.07752614081, 0.064562018047, 0.018789633162]
  ],
  "iterations": 14,
  "logLik": -79.7078138432,
  "time": 3.7e-05,
  "message": "Converged",
  "status": 0,
  "maxiter": 3600,
  "param_threshold": 0.0001,
  "ll_threshold": "-Inf",
  "initial_prob": "group_proportional",
  "ballotbox_id": ["1", "2", "3", "4", "5"],
  "candidates_id": ["C1", "C2", "C3", "C4", "C5", "C6", "C7", "C8"],
  "group_id": ["X18.49", "X50."]
}
