{
  "X": [
    [32, 58, 29, 19, 1, 13, 16, 0],
    [21, 49, 22, 9, 2, 4, 32, 3],
    [24, 45, 28, 12, 1, 9, 21, 2],
    [11, 39, 25, 16, 0, 4, 5, 4],
    [4, 52, 18, 10, 1, 6, 14, 3],
    [14, 58, 29, 17, 0, 11, 15, 2],
    [19, 41, 24, 15, 2, 7, 16, 4],
    [10, 52, 28, 21, 1, 9, 22, 2],
    [24, 48, 24, 14, 2, 4, 10, 3],
    [9, 45, 18, 16, 0, 6, 34, 2],
    [17, 58, 30, 22, 2, 7, 16, 4],
    [18, 31, 18, 10, 1, 6, 15, 3],
    [19, 56, 30, 14, 0, 7, 18, 1],
    [17, 37, 22, 15, 1, 6, 10, 3],
    [16, 67, 30, 31, 2, 9, 36, 1],
    [20, 50, 38, 18, 1, 11, 18, 3],
    [23, 54, 32, 26, 1, 6, 14, 0],
    [21, 40, 26, 15, 1, 6, 21, 3],
    [16, 61, 21, 11, 0, 6, 18, 0],
    [21, 50, 16, 10, 0, 7, 30, 2]
  ],
  "W": [
    [69, 99],
    [79, 63],
    [86, 56],
    [17, 87],
    [38, 70],
    [45, 101],
    [50, 78],
    [48, 97],
    [57, 72],
    [50, 80],
    [55, 101],
    [39, 63],
    [65, 80],
    [44, 67],
    [117, 75],
    [85, 74],
    [95, 61],
    [80, 53],
    [79, 54],
    [79, 57]
  ],
  "method": "mult",
  "cond_prob": [
    [
      [0.27834771752, 0.0090177613787, 0.1621693113, 0.010971154186, 0.17622357679, 0, 0.17714042559, 0.0097089708726],
      [0.12443119451, 0.12440162862, 0.14726859334, 0.1270171206, 0.1327277381, 0.15813378735, 0.1807026789, 0.19021198697]
    ],
    [
      [0.12657577341, 0.0040052805678, 0.067621339716, 0.0048776075713, 0.0737755378, 0, 0.071276910005, 0.004252555037],
      [0.19741943638, 0.034658458241, 0.21363848728, 0.038836702859, 0.20573210606, 0.047097461106, 0.2407178517, 0.057297141135]
    ],
    [
      [0.28548671342, 0.047959733359, 0.33793711298, 0.040115525146, 0.31855507505, 0.033359283045, 0.28600393462, 0.034226526882],
      [0.049379242895, 0.00011764812556, 0.088495983142, 9.9005432205e-05, 0.070862299774, 0.00010789371174, 0.14286217994, 0]
    ],
    [
      [0.38855961933, 0.087103471557, 0.4223906428, 0.072956241802, 0.39946154425, 0.060380080111, 0.34441100124, 0.061339914242],
      [0.082909618515, 0.045353348839, 0.13585936389, 0.041688989417, 0.11625056549, 0.044388564698, 0.20139637831, 0]
    ],
    [
      [0.13475769576, 0.20334542954, 0.15823365405, 0.28231814734, 0.15483287975, 0.20118034579, 0.20733896995, 0.21915975446],
      [0.01783713215, 0.061772291906, 0.023372902356, 0.097584720325, 0.014202622351, 0.10756617724, 0.0084076878692, 0.19488521361]
    ],
    [
      [0.20012333318, 0.062859744364, 0.21580790685, 0.08726162646, 0.21185300862, 0.061944289194, 0.27245034504, 0.066801539191],
      [0.0088308570048, 0.02469527624, 0.010564402731, 0.048838399025, 0.0068425751548, 0.04612996163, 0.0034978272269, 0.092921194677]
    ],
    [
      [0.084978598844, 8.4384879552e-05, 0.088827374873, 4.8750886079e-05, 0.10896735064, 2.9630828057e-05, 0.095156994689, 0.00013439384239],
      [0.019739174255, 0.42422284171, 0.036103513799, 0.26786230322, 0.037113810133, 0.31397231028, 0.029952741675, 0.31404366512]
    ],
    [
      [0.13353996736, 0.03599357537, 0.1281982845, 0.020679795308, 0.15777195282, 0.012533883158, 0.13232004972, 0.05660868378],
      [0.039962775308, 0.50967034792, 0.066826816763, 0.40206822565, 0.073431747725, 0.40244213851, 0.050911316379, 0.44854503525]
    ],
    [
      [0.0086321680787, 0.21800518912, 0, 0.27314599839, 0.020549901592, 0.23735298666, 0.0088087322337, 0.1577274537],
      [0.31025516865, 0.13796262674, 0.21385360487, 0.10093109711, 0.24449275538, 0.13500171977, 0.12628393503, 0.096247739766]
    ],
    [
      [0.0040032835639, 0.085907800838, 0, 0.1177536636, 0.0087740716559, 0.099734772222, 0.0036146938061, 0.066947189709],
      [0.1068899657, 0.18089855937, 0.067201453256, 0.16532666045, 0.081829566955, 0.18880830099, 0.036571550092, 0.15002257641]
    ],
    [
      [0.05100200748, 0.32356775688, 0.049625524679, 0.31951447707, 0.030135935286, 0.28711715834, 0.052098334352, 0.41237000083],
      [0.0001074185215, 0.073547174439, 0.00011986180284, 0.086233569264, 0.00010671104434, 0.1357473969, 0, 0.058435252236]
    ],
    [
      [0.096605794746, 0.38397127604, 0.086332626668, 0.41303035858, 0.052594587786, 0.36235710821, 0.08733790254, 0.52437894361],
      [0.050979598721, 0.1020616868, 0.051847107196, 0.14948153271, 0.049439703131, 0.2008967145, 0, 0.096394463077]
    ],
    [
      [0.1567950989, 0.19216514797, 0.20315872744, 0.15119000947, 0.190639057, 0.16095846091, 0.17335297684, 0.13612436433],
      [0.21738041319, 0.015306444781, 0.11073765092, 0, 0.19067443223, 0.013387608588, 0.20479998111, 0]
    ],
    [
      [0.050592228409, 0.24886595235, 0.060059204549, 0.21328269721, 0.056606917684, 0.221701853, 0.049509353003, 0.18890916921],
      [0.094673256625, 0.0062411464616, 0.048272494402, 0, 0.082752932336, 0.0058549889405, 0.087958154601, 0]
    ],
    [
      [0, 0.1169949139, 4.8294677036e-05, 0.085018904956, 9.6223888918e-05, 0.10554222934, 9.9631726445e-05, 0.069317617427],
      [0.28284442438, 0.038340674495, 0.29749056984, 0.02824363316, 0.33116456534, 0.035811941738, 0.26953712101, 0.036959835721]
    ],
    [
      [0, 0.16034802765, 0.019589994922, 0.12692577136, 0.039162379389, 0.15385291282, 0.039079744645, 0.10180709572],
      [0.36886035157, 0.06416081113, 0.38869746619, 0.059027684077, 0.43055479991, 0.063886593384, 0.34680590307, 0.073521382407]
    ],
    [
      [0.188253489, 0, 0.22383915533, 0.02260181122, 0.25776546835, 0.013851279015, 0.19421937654, 0],
      [0.16893447287, 0.248741104, 0.15027194627, 0.41909033033, 0.16799110379, 0.25848106902, 0.16810735988, 0.29934841493]
    ],
    [
      [0.091388233265, 0, 0.09920117711, 0.009937297767, 0.1217602444, 0.0059361251875, 0.079230274096, 0],
      [0.24042232592, 0.070456527298, 0.21424520327, 0.14872096665, 0.23833184361, 0.078713630761, 0.23605598481, 0.10129381163]
    ],
    [
      [0.28999718002, 0.024747715384, 0.26694638536, 0.021412672863, 0.24272859487, 0.036936204668, 0.31757140004, 0.034248576729],
      [0.070433380395, 0.00010684192469, 0.10804625541, 5.4346584844e-05, 0.075600638964, 3.1776462497e-05, 0.094325891941, 7.987861831e-05]
    ],
    [
      [0.42161951511, 0.040895136046, 0.35486119178, 0.038544519201, 0.34471349108, 0.064931202757, 0.3876748022, 0.060660460612],
      [0.10608199403, 0.041815644787, 0.16300956499, 0.026536531446, 0.11350217169, 0.013267671291, 0.14017726527, 0.03730153655]
    ]
  ],
  "prob": [
    [0.18480473713, 0.30877321921, 0.1500493482, 0.091517185951, 0.009811771945, 0.036337678072, 0.21863867809, 6.7381393099e-05],
    [0.080640751469, 0.40126533547, 0.21263449498, 0.13719473433, 0.0043594288068, 0.065666235412, 0.067786334349, 0.03045268518]
  ],
  "iterations": 65,
  "logLik": -340.1168551028,
  "time": 0.000528,
  "message": "Converged",
  "status": 0,
  "maxiter": 3600,
  "param_threshold": 0.0001,
  "ll_threshold": "-Inf",
  "initial_prob": "group_proportional",
  "ballotbox_id": ["10M-4V", "10V", "11V-12", "1M", "1V", "2M", "2V", "3M", "3V", "4M", "5M", "5V", "6M", "6V", "7M", "7V", "8M", "8V", "9M", "9V"],
  "candidates_id": ["C1", "C2", "C3", "C4", "C5", "C6", "C7", "C8"],
  "group_id": ["X18.49", "X50."]
}
