{
  "X": [
    [15, 48, 35, 21, 1, 10, 11, 1],
    [16, 41, 32, 14, 0, 4, 15, 2],
    [15, 53, 30, 23, 1, 2, 16, 0],
    [17, 36, 20, 11, 0, 4, 13, 1],
    [14, 49, 15, 17, 0, 3, 26, 1],
    [18, 47, 37, 21, 5, 5, 22, 3]
  ],
  "W": [
    [31, 111],
    [28, 96],
    [56, 85],
    [37, 65],
    [85, 40],
    [80, 73]
  ],
  "method": "mult",
  "cond_prob": [
    [
      [0.09423796895, 0.22715951555, 0, 0.07039370457, 0.14761439151, 0.27049596184, 0, 0.092653188534],
      [0.16550690544, 0.35838115618, 0.019491885402, 0.0016551006701, 0.11506236364, 0.40661594294, 0.0086398198923, 0.0046584288081]
    ],
    [
      [0.10856773134, 0.037617013345, 0, 0.31053997477, 0.17717020537, 0.046609758931, 0, 0.38094930272],
      [0.14293130777, 0.32153567846, 0.015067228702, 0.022764986879, 0.10343780901, 0.35816434204, 0.006558695524, 0.059765840856]
    ],
    [
      [0.39349769313, 0.0091506798503, 0.0028783949916, 0.17410819159, 0.38863761752, 0.011773693177, 0.0047208207788, 0.14388113582],
      [0.033857985449, 0.068647479967, 0.095237096739, 0.22733086855, 0, 0.057132161154, 0.10724539841, 0.23713648893]
    ],
    [
      [0.32260757494, 0.0064647902787, 0.041347387334, 0.15743218209, 0.33162996666, 0.0086543919334, 0.067288567057, 0.12119643423],
      [2.6951022478e-05, 0.3164646825, 0.1148838206, 0.039606938782, 0, 0.25997125414, 0.12049800178, 0.038592705351]
    ],
    [
      [0.069900583622, 0.10742401847, 0.32548475055, 0.018010576357, 0.062089880717, 0.10412448807, 0.27981496627, 0.062523125433],
      [0.0066886680156, 0.11769231445, 0.41326446153, 0, 0.0043260916001, 0.1389518009, 0.32951807846, 0.022384155607]
    ],
    [
      [0.29411419971, 0.13548137295, 0.058870140943, 1.52326724e-05, 0.27312439115, 0.12892590321, 0.050165093043, 4.952485995e-05],
      [0.087670431602, 0.11123350911, 0.35475686421, 0, 0.059373476938, 0.12892614498, 0.26351891207, 0.015429278131]
    ]
  ],
  "prob": [
    [0.10774281646, 0.38069181066, 0.071283625724, 0.14433709463, 0.022271419115, 0.0041471257597, 0.25756967972, 0.011956427929],
    [0.12828044328, 0.32329915214, 0.30932854943, 0.12904972468, 1.681203282e-05, 0.056488332005, 0.044781100747, 0.0087558856947]
  ],
  "iterations": 50,
  "logLik": -89.0898646138,
  "time": 0.00013,
  "message": "Converged",
  "status": 0,
  "maxiter": 3600,
  "param_threshold": 0.0001,
  "ll_threshold": "-Inf",
  "initial_prob": "group_proportional",
  "ballotbox_id": ["1M", "1V", "2M", "2V", "3M", "3V"],
  "candidates_id": ["C1", "C2", "C3", "C4", "C5", "C6", "C7", "C8"],
  "group_id": ["X18.49", "X50."]
}
