{
  "X": [
    [41, 64, 30, 32, 1, 13, 32, 1],
    [37, 30, 14, 19, 3, 14, 47, 1],
    [42, 49, 22, 26, 3, 17, 25, 3],
    [33, 45, 34, 10, 1, 20, 23, 4],
    [40, 35, 37, 13, 1, 20, 30, 1],
    [32, 39, 29, 17, 2, 20, 21, 1],
    [35, 45, 26, 20, 2, 9, 20, 1],
    [31, 39, 37, 14, 1, 7, 29, 2],
    [29, 53, 31, 27, 1, 14, 32, 2],
    [38, 49, 13, 22, 1, 25, 33, 0],
    [36, 55, 33, 29, 1, 15, 36, 0],
    [42, 47, 31, 31, 1, 10, 26, 3],
    [41, 43, 26, 17, 2, 22, 28, 3],
    [41, 38, 35, 27, 5, 18, 23, 0],
    [37, 37, 45, 20, 3, 13, 28, 3],
    [40, 38, 39, 15, 2, 13, 30, 3],
    [28, 48, 28, 20, 6, 16, 21, 3],
    [33, 79, 20, 21, 4, 11, 43, 3],
    [46, 77, 22, 35, 1, 14, 26, 2],
    [47, 63, 9, 24, 1, 8, 39, 2],
    [44, 39, 12, 21, 4, 9, 37, 2],
    [44, 61, 19, 31, 2, 15, 27, 0],
    [49, 45, 12, 18, 2, 8, 26, 2],
    [46, 66, 15, 30, 4, 9, 30, 1],
    [58, 104, 16, 50, 2, 6, 36, 1],
    [30, 38, 26, 16, 3, 10, 38, 1],
    [42, 31, 25, 17, 2, 13, 38, 3],
    [35, 58, 24, 22, 2, 6, 39, 3]
  ],
  "W": [
    [135, 79],
    [135, 30],
    [35, 152],
    [27, 143],
    [40, 137],
    [44, 118],
    [51, 107],
    [63, 97],
    [126, 63],
    [116, 65],
    [131, 74],
    [55, 136],
    [79, 103],
    [70, 117],
    [66, 121],
    [68, 112],
    [68, 102],
    [96, 118],
    [125, 98],
    [164, 29],
    [123, 45],
    [124, 75],
    [126, 37],
    [160, 41],
    [184, 89],
    [99, 62],
    [117, 54],
    [123, 66]
  ],
  "method": "mult",
  "cond_prob": [
    [
      [0.20639641715, 0.0052566223127, 0.22214356535, 0.0047368310747, 0.23678556723, 0.015938619462, 0.23222163146, 0.0066025999501],
      [0.31458986972, 0.042643019199, 0.21025797891, 0.041098612031, 0.24897003458, 0.027400213769, 0.17952506459, 0.062426522703]
    ],
    [
      [0.16691283045, 0.0059955089576, 0.17610857508, 0.0050988169504, 0.18004836431, 0.021227007446, 0.20178775151, 0.0090769936596],
      [0.15650550097, 0.23027303061, 0.096808865194, 0.21783369282, 0.1203293466, 0.16633373203, 0.094721333607, 0.30908095135]
    ],
    [
      [0.33382451855, 0.052491425818, 0.29724805357, 0.04856368535, 0.25303917641, 0.025992821706, 0.33385326378, 0.013948261555],
      [0.0043268622646, 0.1485845321, 0.0062922558698, 0.12192631549, 0.0072510773516, 0.13022132579, 0.0081256977154, 0.11725631195]
    ],
    [
      [0.24141992723, 0.12964309158, 0.21068276454, 0.11330694913, 0.17203841433, 0.074967407781, 0.25941692629, 0.04152658909],
      [0.013554088947, 0.089951926866, 0.018186102686, 0.072456835287, 0.021980266893, 0.088059069191, 0.026984067844, 0.064843046875]
    ],
    [
      [0.053173437576, 0.23168492177, 0.063813188389, 0.21884644518, 0.065621896187, 0.25467489141, 0.034795978159, 0.1486142508],
      [0.23651128829, 0.011259753675, 0.22219661103, 0.010280529877, 0.18736727414, 0.0049897303656, 0.23536556591, 0.011525243868]
    ],
    [
      [0.28434198123, 0.11759056308, 0.33449925359, 0.10503659728, 0.32941435934, 0.15120785174, 0.20004157242, 0.091183257336],
      [0.22147330514, 0.012836826195, 0.18762817738, 0.011497445394, 0.15013034837, 0.0063464341005, 0.20232703044, 0.011994003165]
    ],
    [
      [0.17614142814, 0.0082725073896, 0.11754351639, 0, 0.15189267635, 0.0058168612712, 0.17927734172, 0.0020058611976],
      [0.30095765321, 0.059782168668, 0.29657245283, 0.066391846068, 0.34137606142, 0.033277093684, 0.34415207221, 0.053189213127]
    ],
    [
      [0.10556972771, 0.026341681046, 0.069013056386, 0, 0.085557826566, 0.02163367488, 0.11544198656, 0.007702264551],
      [0.25197389041, 0.14765521575, 0.22393459819, 0.16087971212, 0.24456289265, 0.091885009725, 0.26456391834, 0.1201066469]
    ],
    [
      [0.004455966293, 0.2629019016, 0.0058620479614, 0.23635715559, 0.015496745228, 0.21655539712, 0.009319121029, 0.20180332371],
      [0.022997511556, 0.20427604695, 0.027258331952, 0.21654259436, 0.045503411018, 0.21506274112, 0.038582377303, 0.27193903977]
    ],
    [
      [0.0050225138886, 0.21536076335, 0.0064806612508, 0.21264550227, 0.016427345522, 0.19222133581, 0.011287809147, 0.15974844148],
      [0.14203360667, 0.10364595019, 0.1524707092, 0.10788879063, 0.24096634417, 0.12197436051, 0.22015817457, 0.1261033999]
    ],
    [
      [0.039329883159, 0.24967678415, 0.023458393743, 0.28486509691, 0.037431446733, 0.37839562729, 0.047151244066, 0.26531421829],
      [0.18386877277, 0.0023873694354, 0.14029287786, 0.0074094551333, 0.15648923789, 0.0076366084077, 0.16089009371, 0.010619584734]
    ],
    [
      [0.096067261387, 0.18286084109, 0.05621082722, 0.22915411433, 0.085942186949, 0.300364131, 0.12379751636, 0.18778646444],
      [0.12751872759, 0.0076034611619, 0.087778993034, 0.02315515932, 0.092874968075, 0.02723135539, 0.10250600269, 0.030949208382]
    ],
    [
      [0.18409810768, 0.047228172813, 0.26448283548, 0.036555796505, 0.23275410796, 0.032197034993, 0.16338141979, 0.059732114256],
      [0.012902951132, 0.24102480197, 0.0051924867078, 0.25088864728, 0.032915379484, 0.26972384448, 0.019132236616, 0.19559654513]
    ],
    [
      [0.09253566694, 0.25530356999, 0.13016688295, 0.2169998464, 0.10991126225, 0.18875696817, 0.088226437703, 0.31348352055],
      [0.016844394485, 0.21163637409, 0.0061129472259, 0.20101007843, 0.03677420387, 0.23879922386, 0.022925105006, 0.16530560492]
    ],
    [
      [0.0025802414459, 0.10583444183, 0.0054483991129, 0.21150346925, 0.0069783839029, 0.18367797387, 0, 0.11821199396],
      [0.037064095877, 0.33238034184, 0.088844750936, 0.24786722303, 0.05038762225, 0.24518189007, 0.033936897614, 0.33516061115]
    ],
    [
      [0.0081300911665, 0.064205645102, 0.016837978985, 0.14095359521, 0.020660240732, 0.12083113759, 0, 0.069322233551],
      [0.10475349607, 0.26092286933, 0.22683437879, 0.17756706403, 0.12199070308, 0.19409882955, 0.088226687259, 0.25329157817]
    ],
    [
      [0.23286241705, 0.0050850673327, 0.16915984087, 0.0044453198145, 0.25880508315, 0.0040714270483, 0.31291199691, 0.017765516887],
      [0.2005270243, 0.039181723942, 0.21964248868, 0.050228444641, 0.17827297025, 0.031785552066, 0.16455503303, 0.049022551456]
    ],
    [
      [0.18643361253, 0.0058077702313, 0.12533532855, 0.005575303278, 0.20142191133, 0.005036678972, 0.2657217714, 0.019611024301],
      [0.11656196071, 0.2273733795, 0.11524019617, 0.2657130204, 0.088695811694, 0.1869226688, 0.087930632237, 0.27436147964]
    ],
    [
      [0.19200861281, 0.052642876842, 0.31915221558, 0.023834887066, 0.26197878412, 0.03661934932, 0.2935243668, 0.039671092286],
      [0.0051707028619, 0.165095086, 0, 0.19473503083, 0.0076880435514, 0.13709917629, 0.0033857236193, 0.13372631546]
    ],
    [
      [0.13745841041, 0.13020122877, 0.21145459836, 0.064730818021, 0.18230406401, 0.098128361414, 0.22287777332, 0.095012868341],
      [0.018840618919, 0.10734831535, 0, 0.11557944159, 0.024004728096, 0.089935177141, 0.011362449454, 0.083746867727]
    ],
    [
      [0.046879057781, 0.2745404345, 0.068169800606, 0.19671439411, 0.059446186266, 0.14409497242, 0.036380156138, 0.29413228199],
      [0.22931768457, 0.011003617765, 0.19213317984, 0.024872616494, 0.15779206775, 0.022440984886, 0.2132290833, 0.0099581939578]
    ],
    [
      [0.25002901634, 0.13959439995, 0.33456820284, 0.10989806438, 0.30557613591, 0.079495635642, 0.20552668569, 0.14462188712],
      [0.18757762837, 0.013474119992, 0.14837566085, 0.027781188933, 0.15077511713, 0.027703289588, 0.21039119945, 0.011732423913]
    ],
    [
      [0.12466975127, 0.0020903209247, 0.17058435474, 0.0057238807612, 0.11426957463, 0.0043882179411, 0.12117287735, 0.0033694586256],
      [0.34234137776, 0.027088764651, 0.30389018368, 0.050579996887, 0.39921236145, 0.037424115602, 0.39438942614, 0.020617340438]
    ],
    [
      [0.073958410971, 0.0066657815258, 0.093658360043, 0.020042756115, 0.065877512018, 0.0151657514, 0.076240769591, 0.010413560225],
