{
  "X": [
    [49, 24, 12, 11, 6, 12, 42, 0],
    [46, 16, 15, 10, 1, 9, 37, 4],
    [54, 16, 17, 10, 6, 7, 41, 3],
    [57, 27, 18, 4, 6, 13, 38, 3],
    [17, 26, 26, 7, 1, 13, 37, 3],
    [19, 17, 8, 8, 3, 6, 50, 5],
    [26, 28, 24, 11, 2, 15, 64, 3],
    [33, 15, 23, 9, 0, 7, 62, 4],
    [36, 15, 17, 13, 1, 10, 62, 3],
    [39, 15, 22, 6, 3, 13, 67, 5],
    [45, 29, 13, 9, 4, 12, 53, 3],
    [44, 21, 9, 11, 4, 6, 34, 2],
    [46, 12, 12, 3, 2, 2, 30, 2],
    [33, 17, 24, 8, 3, 14, 47, 7],
    [28, 17, 13, 10, 5, 7, 57, 6],
    [26, 15, 14, 9, 3, 10, 60, 3],
    [38, 18, 28, 9, 4, 9, 58, 1],
    [36, 31, 25, 11, 0, 9, 40, 4],
    [43, 29, 18, 14, 3, 10, 53, 0],
    [37, 23, 17, 7, 3, 10, 59, 2],
    [42, 27, 11, 4, 1, 11, 55, 1],
    [55, 15, 4, 3, 5, 10, 57, 3]
  ],
  "W": [
    [107, 49],
    [109, 29],
    [124, 30],
    [122, 44],
    [25, 105],
    [24, 91],
    [90, 83],
    [81, 71],
    [91, 66],
    [97, 73],
    [105, 63],
    [113, 19],
    [81, 28],
    [68, 85],
    [73, 70],
    [97, 43],
    [95, 69],
    [58, 98],
    [99, 71],
    [100, 59],
    [96, 56],
    [123, 29]
  ],
  "method": "mult",
  "cond_prob": [
    [
      [0.41315812121, 0.2524950128, 0.068255527472, 0.056800563991, 0.3819222348, 0.2700580026, 0.038417298215, 0.059941546627],
      [0.068729238832, 0.13393121366, 0.0085303135935, 0.063099984763, 0.024574430546, 0.09371449965, 0.0096849089247, 0.059699855938]
    ],
    [
      [0.076481148169, 0.32296415618, 0.012739365517, 0.17700965453, 0.063816162613, 0.33586413904, 0.0057773246858, 0.18512257931],
      [0.085508962321, 0.21519210118, 0.02550174897, 0.093403164247, 0.037207159395, 0.13338556505, 0.035490559132, 0.094540736305]
    ],
    [
      [0.12447603596, 0.013034080413, 0.031429524431, 0.074287796471, 0.14692109345, 0.019209994227, 0.045358023229, 0.04036834587],
      [0.008907519173, 0.072381169093, 0.36681171929, 0.36086181218, 0.022626674013, 0.062077243332, 0.38546004893, 0.32699806645]
    ],
    [
      [0.22429020032, 0.04678946057, 0.058015379531, 0.093960402304, 0.23919013694, 0.066781970088, 0.066469444471, 0.050583253362],
      [0.0013373560528, 0.22974012491, 0.056914466362, 0.43572105956, 0.0041217448451, 0.17502845453, 0.065809865979, 0.4223162662]
    ],
    [
      [0.043938668991, 0.43624745823, 0.31084660863, 0.010027749481, 0.052042209907, 0.33238302194, 0.32377608618, 0.028125514562],
      [0.059168537419, 0.043545850302, 0.0784177069, 0.014403781946, 0.015530651494, 0.06129808028, 0.13386749148, 0.0033832422522]
    ],
    [
      [0.15673343602, 0.076204782249, 0.46794157835, 0.0015297592708, 0.16829991953, 0.055266074511, 0.38701272229, 0.004253238484],
      [0.086592497652, 0.056174049359, 0.11862178485, 0.048632573695, 0.027668731192, 0.070016183626, 0.22243502844, 0.012234166895]
    ],
    [
      [0.062297719299, 0.13776688868, 0.012524070492, 0.052641327612, 0.080369828182, 0.09096241203, 0.0030110508282, 0.053568796918],
      [0.25701634251, 0.024650148337, 0.076432965205, 0.38589669649, 0.24892471881, 0.030253087227, 0.054490516112, 0.41990356968]
    ],
    [
      [0.090100892003, 0.23403593552, 0.052704641013, 0.078292593723, 0.10496261251, 0.14760588319, 0.010067153512, 0.078932311241],
      [0.30665692922, 0.003788603719, 0.22864595848, 0.066557383736, 0.36140758055, 0.0041674882177, 0.17903009649, 0.080760435257]
    ],
    [
      [0.050799582306, 0.067499754967, 0.27181242553, 0.36149513638, 0.034775178873, 0.043629301053, 0.47295741372, 0.34642076612],
      [0.019176157193, 0.070402918715, 0.05321816489, 0.13801333128, 0.010750829565, 0.063978730931, 0.072298472112, 0.085878494897]
    ],
    [
      [0.0088695565638, 0.22703725131, 0.038777854009, 0.43851442718, 0.0054807143849, 0.14002275193, 0.082471981633, 0.4163152051],
      [0.06426381094, 0.10678622731, 0.064625488261, 0.23161903458, 0.043915343999, 0.085951713782, 0.096448487577, 0.16071355447]
    ],
    [
      [0.06376270597, 0.022015430674, 0.13454549192, 0.0094370000582, 0.042489528769, 0.060815797734, 0.13833880504, 0.0066643277276],
      [0.4172187444, 0.23842432473, 0, 0.041758727932, 0.40488689006, 0.41488955875, 0.027059986568, 0.018023435254]
    ],
    [
      [0.10845024011, 0.030020112955, 0.18687878189, 0.032028964644, 0.065283793139, 0.079217933979, 0.23563329271, 0.02241688882],
      [0.071270390811, 0.29498048686, 0, 0.13861950413, 0.067008916789, 0.45448087937, 0.0043574665261, 0.066876731778]
    ],
    [
      [0.24156716627, 0.046072084993, 0.072773416621, 0.36387774284, 0.25026510137, 0.059833022617, 0.06506995334, 0.39518832251],
      [0.092126617088, 0.0077137723935, 0.037840150494, 0.047452245202, 0.082622943748, 0.012641929017, 0.047595474133, 0.018169953119]
    ],
    [
      [0.33507452682, 0.007590992927, 0.19978136848, 0.058621528474, 0.31343765279, 0.0093827401568, 0.21897975679, 0.068065649773],
      [0.15310835858, 0.026659729639, 0.054033483369, 0.063932475801, 0.13344774703, 0.038828841679, 0.074655856547, 0.027287280643]
    ],
    [
      [0, 0.067734832822, 0.059944316471, 0.07056503746, 0.011214824653, 0.038778362394, 0.057377683148, 0.14254007984],
      [0.076731882749, 0.42246132987, 0.37480445207, 0.034483570867, 0.070546603353, 0.36267974625, 0.27922801067, 0.038256859042]
    ],
    [
      [0, 0.10861539881, 0.066851853889, 0.11064965959, 0.039529008094, 0.05939969715, 0.078471678062, 0.23913251196],
      [0.25281178828, 0.083650105214, 0.43651749177, 0.0056096729029, 0.2252118682, 0.057827048717, 0.35726319844, 0.0069402072603]
    ],
    [
      [0.40873697051, 0.21192575359, 0.021071366524, 0.067358606659, 0.51876498118, 0.35472732111, 0, 0.039372099618],
      [0.060978102938, 0.084758450239, 0.012474841152, 0.058732854907, 0.044800689242, 0.087965936854, 0, 0.058155935627]
    ],
    [
      [0.065061761578, 0.27715325647, 0.002835258421, 0.20883271655, 0.10019368104, 0.4431477551, 0, 0.13071648981],
      [0.081327766894, 0.16574059012, 0.040641326911, 0.093045710988, 0.058094153068, 0.13655807642, 0, 0.10272388492]
    ],
    [
      [0.10340672393, 0.010737796033, 0.074581732314, 0.031660470775, 0.091300382427, 0.018870761124, 0.041881005924, 0.023360487074],
      [0.046461968594, 0.021684047758, 0.35874115914, 0.28455843177, 0.037180205707, 0.089551830856, 0.3450810283, 0.34859311691]
    ],
    [
      [0.16034147665, 0.039342269758, 0.097792245805, 0.039858536157, 0.1723565004, 0.065957163983, 0.067343337844, 0.031457753171],
      [0.0074861267697, 0.083800701308, 0.058024479749, 0.36770155048, 0.00580320659, 0.27492056248, 0.055327708641, 0.50206476106]
    ],
    [
      [0.074858510427, 0.40895060277, 0.35674093703, 0.028172563375, 0.067527331964, 0.26114687081, 0.2146902299, 0.0094578463071],
      [0.040953591014, 0.048040441108, 0.076569266867, 0.0091041415512, 0.070694671068, 0.049240027587, 0.11982967388, 0.013018635472]
    ],
    [
      [0.23023720559, 0.06667867702, 0.38158088854, 0.0042807617243, 0.25312925858, 0.038140873739, 0.28160939383, 0.0015364258873],
      [0.064241951915, 0.075407638943, 0.12063971861, 0.032914667378, 0.1077879992, 0.061367667432, 0.18704881504, 0.052633144615]
    ]
  ],
  "prob": [
    [0.38582490919, 0.10929143408, 0.059044262253, 0.050226169762, 0.030107710713, 0.053376277403, 0.30202387022, 0.01010536638],
    [0.065128292487, 0.17802430151, 0.1895072526, 0.065763763258, 0.0047981454185, 0.082097801064, 0.37938048093, 0.035299962732]
  ],
  "iterations": 55,
  "logLik": -400.5123144961,
  "time": 0.000483,
  "message": "Converged",
  "status": 0,
  "maxiter": 3600,
  "param_threshold": 0.0001,
  "ll_threshold": "-Inf",
  "initial_prob": "group_proportional",
  "ballotbox_id": ["10", "11", "12", "13", "1M", "2M", "3M", "4M", "5M", "6M", "7M", "14", "15", "1V", "2V", "3V", "4V", "5V", "6V", "7V", "8V", "9V"],
  "candidates_id": ["C1", "C2", "C3", "C4", "C5", "C6", "C7", "C8"],
  "group_id": ["X18.49", "X50."]
}
