{
  "X": [
    [30, 61, 28, 23, 0, 19, 15, 4],
    [18, 47, 25, 16, 6, 14, 13, 5],
    [24, 49, 27, 23, 4, 12, 17, 4],
    [26, 53, 16, 16, 0, 13, 16, 1],
    [21, 59, 17, 32, 1, 10, 14, 3],
    [23, 53, 21, 16, 2, 8, 24, 5],
    [31, 58, 28, 25, 0, 18, 21, 2],
    [27, 51, 19, 18, 1, 11, 15, 5],
    [18, 67, 26, 26, 0, 9, 33, 2],
    [25, 64, 23, 12, 3, 13, 21, 2],
    [36, 61, 25, 18, 3, 24, 21, 3],
    [27, 57, 25, 16, 0, 6, 20, 2],
    [25, 68, 24, 13, 1, 7, 17, 1],
    [9, 44, 34, 17, 2, 11, 11, 3],
    [18, 45, 24, 8, 1, 11, 12, 3],
    [12, 29, 32, 14, 2, 11, 11, 7],
    [14, 35, 26, 18, 0, 13, 18, 3],
    [12, 49, 21, 16, 4, 10, 13, 5],
    [22, 38, 27, 22, 1, 10, 13, 4],
    [14, 51, 20, 8, 0, 10, 16, 2],
    [15, 47, 31, 13, 0, 12, 12, 6],
    [17, 44, 25, 11, 3, 9, 27, 1],
    [24, 50, 18, 19, 2, 7, 14, 4],
    [15, 45, 24, 17, 0, 6, 30, 3],
    [21, 65, 18, 15, 0, 13, 29, 3],
    [14, 48, 18, 28, 1, 6, 18, 1],
    [24, 42, 16, 22, 1, 7, 16, 1],
    [17, 49, 22, 18, 1, 7, 24, 5],
    [19, 49, 22, 13, 1, 7, 23, 3],
    [23, 49, 29, 13, 1, 12, 16, 3],
    [22, 44, 24, 22, 1, 5, 18, 1]
  ],
  "W": [
    [102, 78],
    [82, 62],
    [92, 68],
    [83, 58],
    [94, 64],
    [86, 66],
    [113, 70],
    [79, 68],
    [114, 67],
    [94, 69],
    [109, 82],
    [80, 73],
    [93, 63],
    [28, 102],
    [48, 74],
    [30, 88],
    [48, 79],
    [33, 97],
    [52, 85],
    [39, 82],
    [51, 85],
    [46, 91],
    [65, 75],
    [61, 79],
    [71, 93],
    [50, 84],
    [54, 75],
    [83, 60],
    [71, 66],
    [97, 49],
    [68, 69]
  ],
  "method": "mult",
  "cond_prob": [
    [
      [0.23805923049, 0.0026046407312, 0.10183640082, 0.036997927372, 0.0081404431157, 0.061228779868, 0.083925717901, 0.37167598892],
      [0.05994105263, 0.1533861749, 0.083635560427, 0.017341454491, 0.12455819353, 0.23591368586, 0.34435023758, 0.059168518476]
    ],
    [
      [0.073171545654, 0.014178728813, 0.10213430357, 0.041716622121, 0.019626702598, 0.068501682831, 0.23801733631, 0.30450301129],
      [0.21853546798, 0.012169394269, 0.13010972057, 0.085249969745, 0.013644616399, 0.075778572124, 0.060152711939, 0.36157888721]
    ],
    [
      [0.35766665147, 0.1851963178, 0.0117970525, 0.12998355266, 0.096427915205, 0, 0.11845999489, 0.088236185192],
      [0.062935199524, 0.059810131537, 0.12690950467, 0.083601257302, 0.036547642992, 0.082559066874, 0.18031361482, 0.28806426886]
    ],
    [
      [0.31381938473, 0.057433982736, 0.061115406643, 0.13138974079, 0.09215864426, 0, 0.12355844221, 0.23946267052],
      [0.33196296429, 0.23022770272, 0.004565230847, 0.092917270112, 0.073457321277, 0.010100493869, 0.19640108488, 0.12552302213]
    ],
    [
      [0.085475048774, 0.39369817158, 0.13598134585, 0.0044257009733, 0.10466530793, 0.076008496912, 0, 0.12594370543],
      [0.27305149915, 0.070889969827, 0.022990717922, 0.081677890922, 0.078037163835, 0.02802650468, 0.21654345691, 0.33143625179]
    ],
    [
      [0.24798273225, 0.34870754078, 0.039953442775, 0.023094888552, 0.089657771372, 0.085891485901, 0, 0.12559931638],
      [0.096136968916, 0.33215173106, 0.26372941986, 0.0059945040253, 0.10364995607, 0.061581824279, 0.0035253955934, 0.089947485659]
    ],
    [
      [0.12407898517, 0.061050241655, 0.39421326947, 0.22044991731, 0.016383364122, 0.13102710999, 0.041567824712, 0.0041885240659],
      [0.26170178816, 0.29185175132, 0.084317094131, 0.027162575505, 0.098701688984, 0.067765582817, 0.0099026114892, 0.08722546745]
    ],
    [
      [0.13248331769, 0.17899802464, 0.33052202114, 0.069272726777, 0.072423737386, 0.13271199879, 0.043792124233, 0.010650529743],
      [0.14358999396, 0.088729458869, 0.3313775648, 0.2536813309, 0.0098079854154, 0.19874055674, 0.041816896902, 0.0044958002916]
    ],
    [
      [0, 0.19753785056, 0.085948725946, 0.45415839685, 0.19989298877, 0.0043356418436, 0.22116072259, 0.048765538773],
      [0.14374728517, 0.25784757569, 0.30233981137, 0.078280297391, 0.048158127058, 0.19604239078, 0.046568484841, 0.011121709905]
    ],
    [
      [0, 0.21294859366, 0.23836700581, 0.40761250523, 0.058379398619, 0.022670653055, 0.20886225009, 0.04912038526],
      [0.014878312969, 0.13303718868, 0.071052729159, 0.39621367264, 0.28067393608, 0.001979581329, 0.13440789391, 0.082738518178]
    ],
    [
      [0.10204168359, 0.0037470600641, 0.14249337182, 0.086388358596, 0.30707161242, 0.2047473096, 0.0067018003856, 0.17511901139],
      [0.037949857298, 0.14224958848, 0.21427895369, 0.35039753421, 0.086653084254, 0.010071104856, 0.13417257454, 0.081040040068]
    ],
    [
      [0.11004546053, 0.010293969903, 0.14538537191, 0.25668760668, 0.25697787277, 0.057976222412, 0.032668016535, 0.1581251211],
      [0.074587540796, 0, 0.090040822231, 0.0909546624, 0.29853839507, 0.26856897654, 0.0020962448904, 0.11448545822]
    ],
    [
      [0.084498077183, 0.061471832915, 0, 0.080339845425, 0.096677172741, 0.39307568145, 0.20301718602, 0.013510108431],
      [0.075418240673, 0, 0.099964533774, 0.26646440047, 0.26393337849, 0.087161414142, 0.010798249248, 0.10052337304]
    ],
    [
      [0.081701323084, 0.066932287996, 0, 0.087761597099, 0.26790378929, 0.31876254712, 0.066773527463, 0.06307088484],
      [0.11073471155, 0.095407345559, 0.008908960437, 0.062619743218, 0.090078230389, 0.37608037507, 0.29163681657, 0.00911284507]
    ],
    [
      [0.008180323324, 0.089992730611, 0.049135373718, 0.0037554749241, 0.1399687829, 0.10959066079, 0.40962206309, 0.20928198156],
      [0.10038026996, 0.10303649765, 0.025176373394, 0.06742785412, 0.2635500596, 0.34916851544, 0.1006201272, 0.041420370407]
    ],
    [
      [0.040796236052, 0.087845076979, 0.050635130519, 0.010455464394, 0.14261215062, 0.29412148523, 0.385123899, 0.063535406605],
      [0.0095740395448, 0.11610282574, 0.11952257144, 0.0039947214122, 0.15324841389, 0.062793037813, 0.32751415222, 0.24467676566]
    ],
    [
      [0.18785377026, 0.0073057948114, 0.1876693891, 0.043079106504, 0, 0.096312460992, 0.050920807312, 0.38173746852],
      [0.044815860059, 0.11242003822, 0.13402523674, 0.010966075857, 0.16493370899, 0.19299966481, 0.32360450933, 0.07632690508]
    ],
    [
      [0.051152478353, 0.036840523303, 0.17339628102, 0.04753085557, 0, 0.095081885759, 0.15828562141, 0.33144076706],
      [0.24929425849, 0.0043437473708, 0.10964588016, 0.085568402038, 0.0035185739199, 0.12885507427, 0.055123876546, 0.33915285297]
    ],
    [
      [0.36311519437, 0.21791682115, 0.0045585240941, 0.10938668511, 0.10044681591, 0, 0.084715621701, 0.084336756799],
      [0.083305500125, 0.021704578808, 0.11023816229, 0.093064457176, 0.0096467274294, 0.14563229786, 0.18037410572, 0.30263147144]
    ],
    [
      [0.2825851843, 0.065842729965, 0.021740746831, 0.10819819058, 0.10337188332, 0, 0.09693791782, 0.2425374395],
      [0.38238870391, 0.26582840766, 0.0057220519232, 0.099796252449, 0.069217490045, 0.0073310778406, 0.15328335007, 0.088837617824]
    ],
    [
      [0.10081528947, 0.37061833316, 0.21616705482, 0.0024422152751, 0.14893657338, 0.088337137182, 0, 0.09228907753],
      [0.36519424467, 0.084632213945, 0.029659834623, 0.097285491992, 0.075243282077, 0.021113745243, 0.18438944898, 0.26252507101]
    ],
    [
      [0.25985686625, 0.3199448979, 0.066993555429, 0.012481053673, 0.13738730943, 0.088084052256, 0, 0.097544809767],
      [0.061636996428, 0.36142671492, 0.25816393283, 0.0071712149489, 0.096338988401, 0.047211975707, 0.0036276315844, 0.15386363074]
    ],
    [
      [0.11378178201, 0.076336121179, 0.41234136098, 0.16301670108, 0.0070060538778, 0.094624487268, 0.072994383558, 0.0040172843441],
      [0.19503120072, 0.32889267858, 0.082852467176, 0.036113888789, 0.09387724872, 0.05389475055, 0.01112269321, 0.16713535722]
    ],
    [
      [0.10778485638, 0.2181633152, 0.36495266742, 0.045272112093, 0.033367595959, 0.084578773776, 0.084363210877, 0.010824990554],
