{
  "W": [
    [80, 20],
    [90, 10],
    [76, 24],
    [76, 24],
    [82, 18],
    [81, 19],
    [79, 21],
    [85, 15],
    [84, 16],
    [87, 13],
    [88, 12],
    [81, 19],
    [86, 14],
    [85, 15],
    [78, 22],
    [77, 23],
    [88, 12],
    [77, 23],
    [88, 12],
    [83, 17],
    [77, 23],
    [90, 10],
    [78, 22],
    [82, 18],
    [86, 14],
    [15, 85],
    [15, 85],
    [24, 76],
    [19, 81],
    [27, 73],
    [18, 82],
    [20, 80],
    [15, 85],
    [14, 86],
    [17, 83],
    [28, 72],
    [18, 82],
    [18, 82],
    [17, 83],
    [10, 90],
    [13, 87],
    [15, 85],
    [12, 88],
    [12, 88],
    [17, 83],
    [18, 82],
    [18, 82],
    [25, 75],
    [16, 84],
    [15, 85]
  ],
  "X": [
    [70, 30],
    [76, 24],
    [76, 24],
    [73, 27],
    [75, 25],
    [72, 28],
    [72, 28],
    [80, 20],
    [80, 20],
    [76, 24],
    [79, 21],
    [83, 17],
    [74, 26],
    [71, 29],
    [75, 25],
    [70, 30],
    [80, 20],
    [76, 24],
    [73, 27],
    [80, 20],
    [79, 21],
    [70, 30],
    [76, 24],
    [72, 28],
    [67, 33],
    [89, 11],
    [89, 11],
    [91, 9],
    [88, 12],
    [81, 19],
    [87, 13],
    [89, 11],
    [90, 10],
    [88, 12],
    [86, 14],
    [88, 12],
    [93, 7],
    [84, 16],
    [85, 15],
    [89, 11],
    [89, 11],
    [85, 15],
    [92, 8],
    [88, 12],
    [88, 12],
    [86, 14],
    [88, 12],
    [91, 9],
    [88, 12],
    [90, 10]
  ],
  "real_prob": [
    [0.72421728541, 0.27578271459],
    [0.91993294217, 0.080067057826]
  ],
  "method": "exact",
  "prob": [
    [0.71673240396, 0.28326759604],
    [0.91406759604, 0.085932403963]
  ],
  "iterations": 7,
  "logLik": -130.9002493361,
  "time": 0.005488,
  "message": "Converged",
  "status": 0,
  "cond_prob": [
    [
      [0.65304686719, 0.88781253126, 0.34695313281, 0.11218746874, 0.74183920193, 0.92344718265, 0.25816079807, 0.076552817353, 0.71193886822, 0.91219358397, 0.28806113178, 0.087806416032, 0.6769271017, 0.89806417796, 0.3230728983, 0.10193582204, 0.71421077511, 0.91303980226, 0.28578922489, 0.086960197736, 0.67812308406, 0.89852790481, 0.32187691594, 0.10147209519, 0.67309901408, 0.89643704226, 0.32690098592, 0.10356295774, 0.77605573321, 0.9356841785, 0.22394426679, 0.064315821505, 0.77427219016, 0.93507100165, 0.22572780984, 0.06492899835, 0.73590327894, 0.92126267174, 0.26409672106, 0.078737328262, 0.77040368351, 0.9337063209, 0.22959631649, 0.066293679097, 0.80306790474, 0.94481577455, 0.19693209526, 0.055184225454, 0.71197611148, 0.91214674377],
      [0.28802388852, 0.087853256231, 0.67683030249, 0.89796161922, 0.32316969751, 0.10203838078, 0.70502249238, 0.90946570883, 0.29497750762, 0.090534291166, 0.64496147247, 0.88425941826, 0.35503852753, 0.11574058174, 0.7812553421, 0.93746082464, 0.2187446579, 0.062539175365, 0.71427059729, 0.91309408734, 0.28572940271, 0.086905912663, 0.70550949236, 0.90959705605, 0.29449050764, 0.090402943951, 0.7724626796, 0.93444691725, 0.2275373204, 0.065553082747, 0.74930333503, 0.92624535663, 0.25069666497, 0.073754643371, 0.67795554621, 0.89840008413, 0.32204445379, 0.10159991587, 0.7165702235, 0.91397829848, 0.2834297765, 0.086021701517, 0.68058747916, 0.89954592826, 0.31941252084, 0.10045407174, 0.63580292221, 0.88006776358, 0.36419707779, 0.11993223642]
    ],
    [
      [0.72715220834, 0.91873784559, 0.27284779166, 0.081262154414, 0.72715220834, 0.91873784559, 0.27284779166, 0.081262154414, 0.80078158322, 0.94449002635, 0.19921841678, 0.055509973648, 0.72257882564, 0.91692595448, 0.27742117436, 0.08307404552, 0.62819596141, 0.87724258962, 0.37180403859, 0.12275741038, 0.69862711114, 0.90761843902, 0.30137288886, 0.092381560981, 0.74662438229, 0.92584390443, 0.25337561771, 0.074156095574, 0.74871587033, 0.92669719935, 0.25128412967, 0.073302800646, 0.70188045276, 0.90899620536, 0.29811954724, 0.091003794636, 0.67484028193, 0.8979242796, 0.32515971807, 0.1020757204, 0.75483338694, 0.92867590508, 0.24516661306, 0.071324094921, 0.82629004388, 0.95276560012, 0.17370995612, 0.047234399876, 0.64166481909, 0.88353699093],
      [0.35833518091, 0.11646300907, 0.65576138328, 0.88978381306, 0.34423861672, 0.11021618694, 0.70546295826, 0.91050411575, 0.29453704174, 0.089495884251, 0.71874949478, 0.91558915595, 0.28125050522, 0.084410844048, 0.64674904657, 0.88586781531, 0.35325095343, 0.11413218469, 0.78283660018, 0.93870409998, 0.21716339982, 0.061295900024, 0.69301183949, 0.90549838552, 0.30698816051, 0.094501614475, 0.71454904966, 0.91388754405, 0.28545095034, 0.086112455955, 0.67915033981, 0.8996987059, 0.32084966019, 0.1003012941, 0.71860500071, 0.91542817058, 0.28139499929, 0.084571829423, 0.80369991415, 0.94543336195, 0.19630008585, 0.054566638051, 0.7104101114, 0.91230283592, 0.2895898886, 0.087697164077, 0.74871587033, 0.92669719935, 0.25128412967, 0.073302800646]
    ]
  ],
  "maxiter": 3600,
  "param_threshold": 0.001,
  "ll_threshold": "-Inf",
  "initial_prob": "group_proportional"
}
