{
  "W": [
    [89, 11],
    [86, 14],
    [81, 19],
    [84, 16],
    [86, 14],
    [78, 22],
    [88, 12],
    [86, 14],
    [78, 22],
    [79, 21],
    [84, 16],
    [86, 14],
    [89, 11],
    [72, 28],
    [81, 19],
    [76, 24],
    [87, 13],
    [86, 14],
    [77, 23],
    [82, 18],
    [83, 17],
    [81, 19],
    [85, 15],
    [82, 18],
    [81, 19],
    [19, 81],
    [21, 79],
    [16, 84],
    [13, 87],
    [17, 83],
    [18, 82],
    [18, 82],
    [13, 87],
    [21, 79],
    [17, 83],
    [17, 83],
    [13, 87],
    [22, 78],
    [19, 81],
    [13, 87],
    [18, 82],
    [19, 81],
    [16, 84],
    [15, 85],
    [13, 87],
    [17, 83],
    [24, 76],
    [16, 84],
    [23, 77],
    [15, 85]
  ],
  "X": [
    [24, 76],
    [22, 78],
    [29, 71],
    [26, 74],
    [21, 79],
    [26, 74],
    [27, 73],
    [24, 76],
    [29, 71],
    [32, 68],
    [30, 70],
    [19, 81],
    [22, 78],
    [32, 68],
    [26, 74],
    [28, 72],
    [34, 66],
    [27, 73],
    [24, 76],
    [26, 74],
    [29, 71],
    [24, 76],
    [17, 83],
    [23, 77],
    [28, 72],
    [27, 73],
    [29, 71],
    [41, 59],
    [40, 60],
    [40, 60],
    [32, 68],
    [33, 67],
    [34, 66],
    [29, 71],
    [32, 68],
    [35, 65],
    [40, 60],
    [39, 61],
    [38, 62],
    [36, 64],
    [26, 74],
    [35, 65],
    [42, 58],
    [31, 69],
    [41, 59],
    [34, 66],
    [29, 71],
    [32, 68],
    [37, 63],
    [32, 68]
  ],
  "real_prob": [
    [0.23320002592, 0.76679997408],
    [0.37243166175, 0.62756833825]
  ],
  "method": "exact",
  "prob": [
    [0.2353344539, 0.7646655461],
    [0.3698655461, 0.6301344539]
  ],
  "iterations": 6,
  "logLik": -142.3992690203,
  "time": 0.00553,
  "message": "Converged",
  "status": 0,
  "cond_prob": [
    [
      [0.22549020235, 0.3573974537, 0.77450979765, 0.6426025463, 0.20261543818, 0.32679087977, 0.79738456182, 0.67320912023, 0.26296527866, 0.4052532857, 0.73703472134, 0.5947467143, 0.23828160421, 0.37402157792, 0.76171839579, 0.62597842208, 0.19310909488, 0.31375841719, 0.80689090512, 0.68624158281, 0.23064207247, 0.36408719761, 0.76935792753, 0.63591280239, 0.2532164191, 0.3930795933, 0.7467835809, 0.6069204067, 0.22170370701, 0.35239151408, 0.77829629299, 0.64760848592, 0.25891885283, 0.40019679451, 0.74108114717, 0.59980320549, 0.28892374367, 0.43690591668, 0.71107625633, 0.56309408332, 0.27672485118, 0.42219453129, 0.72327514882, 0.57780546871, 0.1741737959, 0.28721811092, 0.8258262041, 0.71278188908, 0.20619809222, 0.33166998115],
      [0.79380190778, 0.66833001885, 0.27913467617, 0.42508226128, 0.72086532383, 0.57491773872, 0.23442666751, 0.36902315429, 0.76557333249, 0.63097684571, 0.24685294258, 0.38496568184, 0.75314705742, 0.61503431816, 0.32006920245, 0.47338302975, 0.67993079755, 0.52661697025, 0.25051978098, 0.38966420257, 0.74948021902, 0.61033579743, 0.21078828659, 0.33779573621, 0.78921171341, 0.66220426379, 0.23570385225, 0.37068245084, 0.76429614775, 0.62931754916, 0.26569801815, 0.40865085255, 0.73430198185, 0.59134914745, 0.21555730443, 0.34420307058, 0.78444269557, 0.65579692942, 0.15436670683, 0.25858866132, 0.84563329317, 0.74141133868, 0.20734908749, 0.33318749034, 0.79265091251, 0.66681250966, 0.25342161204, 0.39330786448, 0.74657838796, 0.60669213552]
    ],
    [
      [0.17755161689, 0.2916854232, 0.82244838311, 0.7083145768, 0.19450926781, 0.31538361236, 0.80549073219, 0.68461638764, 0.28629347751, 0.43356314714, 0.71370652249, 0.56643685286, 0.27413877412, 0.41880684984, 0.72586122588, 0.58119315016, 0.27902499558, 0.42477801295, 0.72097500442, 0.57522198705, 0.21491161934, 0.34306818112, 0.78508838066, 0.65693181888, 0.22278929773, 0.3535340566, 0.77721070227, 0.6464659434, 0.2255135379, 0.3571071725, 0.7744864621, 0.6428928275, 0.19450926781, 0.31538361236, 0.80549073219, 0.68461638764, 0.21391282495, 0.34172869851, 0.78608717505, 0.65827130149, 0.23769831803, 0.37300154932, 0.76230168197, 0.62699845068, 0.27413877412, 0.41880684984, 0.72586122588, 0.58119315016, 0.27669641855, 0.42195742041],
      [0.72330358145, 0.57804257959, 0.26460137988, 0.40706881213, 0.73539862012, 0.59293118787, 0.2413762735, 0.37772538442, 0.7586237265, 0.62227461558, 0.16929044209, 0.27991185417, 0.83070955791, 0.72008814583, 0.23988615049, 0.37582917458, 0.76011384951, 0.62417082542, 0.29488400606, 0.44383161789, 0.70511599394, 0.55616838211, 0.20423028831, 0.32866524324, 0.79576971169, 0.67133475676, 0.28255278612, 0.42904383656, 0.71744721388, 0.57095616344, 0.22968782297, 0.36259406035, 0.77031217703, 0.63740593965, 0.19732310679, 0.31926638733, 0.80267689321, 0.68073361267, 0.21292064989, 0.34039606669, 0.78707935011, 0.65960393331, 0.26097333705, 0.40256640582, 0.73902666295, 0.59743359418, 0.21193506482, 0.33907028268, 0.78806493518, 0.66092971732]
    ]
  ],
  "maxiter": 3600,
  "param_threshold": 0.001,
  "ll_threshold": "-Inf",
  "initial_prob": "group_proportional"
}
