{
  "W": [
    [77, 23],
    [72, 28],
    [74, 26],
    [68, 32],
    [74, 26],
    [73, 27],
    [71, 29],
    [73, 27],
    [70, 30],
    [81, 19],
    [74, 26],
    [78, 22],
    [81, 19],
    [71, 29],
    [84, 16],
    [69, 31],
    [76, 24],
    [83, 17],
    [77, 23],
    [70, 30],
    [77, 23],
    [73, 27],
    [76, 24],
    [80, 20],
    [75, 25],
    [28, 72],
    [26, 74],
    [19, 81],
    [24, 76],
    [20, 80],
    [27, 73],
    [18, 82],
    [34, 66],
    [30, 70],
    [22, 78],
    [31, 69],
    [22, 78],
    [20, 80],
    [27, 73],
    [21, 79],
    [20, 80],
    [19, 81],
    [30, 70],
    [38, 62],
    [33, 67],
    [18, 82],
    [25, 75],
    [23, 77],
    [23, 77],
    [25, 75]
  ],
  "X": [
    [16, 12, 36, 20, 16],
    [17, 16, 26, 24, 17],
    [17, 18, 34, 24, 7],
    [16, 11, 30, 27, 16],
    [19, 13, 39, 18, 11],
    [15, 18, 34, 22, 11],
    [19, 19, 35, 17, 10],
    [17, 12, 36, 22, 13],
    [21, 19, 28, 20, 12],
    [20, 10, 39, 21, 10],
    [10, 21, 40, 16, 13],
    [21, 16, 32, 20, 11],
    [12, 16, 29, 37, 6],
    [21, 12, 25, 29, 13],
    [8, 15, 46, 24, 7],
    [14, 15, 34, 22, 15],
    [17, 8, 38, 23, 14],
    [16, 16, 36, 21, 11],
    [17, 10, 30, 29, 14],
    [21, 21, 31, 19, 8],
    [20, 16, 39, 19, 6],
    [19, 9, 32, 21, 19],
    [18, 22, 37, 15, 8],
    [22, 13, 39, 19, 7],
    [20, 15, 39, 19, 7],
    [23, 30, 13, 12, 22],
    [19, 23, 15, 8, 35],
    [25, 25, 7, 8, 35],
    [18, 39, 12, 10, 21],
    [18, 28, 15, 9, 30],
    [24, 33, 10, 7, 26],
    [23, 25, 11, 5, 36],
    [20, 21, 22, 8, 29],
    [19, 25, 8, 16, 32],
    [18, 27, 15, 7, 33],
    [25, 23, 14, 8, 30],
    [19, 31, 11, 5, 34],
    [29, 25, 5, 6, 35],
    [19, 24, 14, 11, 32],
    [23, 30, 14, 4, 29],
    [25, 23, 11, 7, 34],
    [27, 29, 7, 9, 28],
    [20, 22, 19, 8, 31],
    [13, 24, 19, 12, 32],
    [23, 23, 18, 6, 30],
    [28, 27, 7, 9, 29],
    [25, 20, 7, 10, 38],
    [19, 34, 14, 5, 28],
    [24, 25, 14, 7, 30],
    [16, 27, 7, 13, 37]
  ],
  "real_prob": [
    [0.14015654038, 0.10438858669, 0.46696617242, 0.27548425842, 0.013004442091],
    [0.24340267453, 0.3174944814, 0.0065512822079, 0.01657049498, 0.41598106689]
  ],
  "method": "mcmc",
  "mcmc_stepsize": 3000,
  "mcmc_samples": 100,
  "prob": [
    [0.081018186595, 0.11341970541, 0.45726416353, 0.26654236934, 0.081755575132],
    [0.30898181341, 0.30098029459, 0.011935836471, 0.036657630664, 0.34144442487]
  ],
  "iterations": 27,
  "logLik": -782.8849111559,
  "time": 0.050784,
  "message": "Converged",
  "status": 0,
  "cond_prob": [
    [
      [0.079510126548, 0.42946609808, 0.092820340761, 0.21099277223, 0.46623699646, 0.0043370118667, 0.24611928021, 0.045600670602, 0.11531325603, 0.30960344722, 0.069221757778, 0.42914405143, 0.13903382645, 0.21391301771, 0.36091214381, 0.00051163021416, 0.31934215277, 0.035977321443, 0.1114901192, 0.3204539792, 0.07707211178, 0.43448706647, 0.10128003287, 0.4040491372, 0.45671151608, 0.0078210696193, 0.31300455924, 0.03221779293, 0.051931780025, 0.12142493377, 0.061977416878, 0.36829798913, 0.066413658976, 0.20262097468, 0.42071449277, 0.043481702859, 0.35782569232, 0.083370403811, 0.093068739049, 0.30222892952, 0.080851740197, 0.50065273944, 0.10729743269, 0.19461499927, 0.52643197418, 0.0016936119605, 0.22946593351, 0.039212343095, 0.055952919431, 0.26382630624],
      [0.060159006701, 0.39290342633, 0.14172747185, 0.2834775761, 0.46116312085, 0.012410821418, 0.27988149746, 0.058098173539, 0.057068903142, 0.25311000262, 0.083895192344, 0.44977383943, 0.1512823261, 0.28479154644, 0.49285025607, 0.00026316618527, 0.22613089474, 0.032576085298, 0.04584133075, 0.23259536265, 0.070483046739, 0.43906435511, 0.082205176246, 0.22218600496, 0.491681818, 0.0039713809716, 0.28485811851, 0.044642864774, 0.07077184051, 0.29013539418, 0.12881612935, 0.39942903151, 0.15571489275, 0.26999858359, 0.39962663104, 0.0008711942503, 0.27095886859, 0.034429306626, 0.044883478272, 0.29527188403, 0.12743245291, 0.50936691129, 0.071882999899, 0.21986721096, 0.47995711065, 0.0064986335601, 0.24880223635, 0.044579939784, 0.0719252002, 0.21968730441]
    ],
    [
      [0.036765942586, 0.27997385572, 0.15296221058, 0.37233832373, 0.53373759792, 0.019362221308, 0.18944442141, 0.076196646743, 0.087089827499, 0.2521289525, 0.13998515591, 0.45823444723, 0.14146727973, 0.22570691731, 0.40968081178, 0.0020407582514, 0.24365823916, 0.045211697507, 0.065208513417, 0.2688061797, 0.062317776864, 0.36590842495, 0.099222274354, 0.41910504091, 0.35759575305, 0.0018286317376, 0.43477179122, 0.093867626894, 0.046092404511, 0.11929027551, 0.12578038755, 0.41619284429, 0.070798170916, 0.24045965052, 0.35163485716, 0.0011698324793, 0.39049971785, 0.043948966635, 0.061286866529, 0.29822870608, 0.053502939135, 0.21910956954, 0.099499424582, 0.41512802095, 0.5452366355, 0.012507663634, 0.2635174945, 0.11653315389, 0.038243506288, 0.23672159199],
      [0.053678801083, 0.33213428146, 0.10005385133, 0.26117045995, 0.47878183707, 0.031098491694, 0.28718490507, 0.070459404841, 0.080300605455, 0.30513736205, 0.0720607438, 0.48014097797, 0.049842343101, 0.17549924685, 0.49636875558, 0.011498940655, 0.28280231467, 0.062792670227, 0.098925842851, 0.2700681643, 0.12371909356, 0.33713619028, 0.13513208653, 0.28141393045, 0.43259183941, 0.0055810193276, 0.24263362557, 0.050671122206, 0.065923354922, 0.32519773773, 0.083377316388, 0.45999767992, 0.067742050805, 0.20799400383, 0.3870041825, 0.0087251281653, 0.36038288864, 0.054370329346, 0.10149356167, 0.26891285874, 0.094721482492, 0.47898320752, 0.15201446881, 0.34529957278, 0.43471869707, 0.018989706845, 0.26298597556, 0.019699390362, 0.055559376076, 0.13702812249]
    ],
    [
      [0.10063250475, 0.53266509279, 0.10679115654, 0.3381339542, 0.50632267127, 0.00057192661651, 0.23434764762, 0.041531788387, 0.051906019816, 0.087097238006, 0.082450304081, 0.48078251119, 0.064685357365, 0.15844329305, 0.4295478783, 0.023814995699, 0.27172075119, 0.043125376402, 0.15159570906, 0.29383382366, 0.085766385836, 0.47840644485, 0.17129147155, 0.37424367342, 0.48677188857, 0.00022235285692, 0.19048248926, 0.021805450671, 0.065687764778, 0.1253220782, 0.13800943736, 0.54796225056, 0.099119466281, 0.25352213488, 0.4874181196, 0.00032752161053, 0.22490038059, 0.050398477652, 0.050552596175, 0.1477896153, 0.083842250725, 0.54847324782, 0.10083113059, 0.29750660824, 0.51983524016, 0.00049427951313, 0.24021306444, 0.039360806677, 0.055278314084, 0.11416505775],
      [0.050504682142, 0.29980373472, 0.14968466339, 0.35845596424, 0.4369937358, 0.010613547187, 0.30736754582, 0.047134843294, 0.055449372851, 0.28399191056, 0.020778928829, 0.24945605203, 0.1022279238, 0.27489289164, 0.53814877428, 0.01362340363, 0.21116445676, 0.03391519087, 0.12767991633, 0.42811246183, 0.088133885004, 0.28796859488, 0.1445665157, 0.27473131113, 0.3190802138, 0.01157377701, 0.3021008716, 0.027902264687, 0.14611851389, 0.3978240523, 0.057351505528, 0.21873110352, 0.15869329741, 0.46304422187, 0.44843846467, 0.016282590105, 0.27448607397, 0.044899134537, 0.061030658425, 0.25704294997, 0.017665003736, 0.22058374907, 0.064420211659, 0.33389494709, 0.59968452277, 0.037578869306, 0.22588932421, 0.056027668949, 0.092340937625, 0.35191476559]
    ],
    [
