{
  "W": [
    [74, 26],
    [74, 26],
    [79, 21],
    [75, 25],
    [71, 29],
    [74, 26],
    [81, 19],
    [71, 29],
    [77, 23],
    [68, 32],
    [72, 28],
    [76, 24],
    [71, 29],
    [75, 25],
    [73, 27],
    [77, 23],
    [75, 25],
    [82, 18],
    [77, 23],
    [74, 26],
    [78, 22],
    [71, 29],
    [81, 19],
    [82, 18],
    [70, 30],
    [23, 77],
    [23, 77],
    [29, 71],
    [24, 76],
    [22, 78],
    [32, 68],
    [30, 70],
    [22, 78],
    [21, 79],
    [30, 70],
    [28, 72],
    [25, 75],
    [21, 79],
    [22, 78],
    [25, 75],
    [32, 68],
    [22, 78],
    [23, 77],
    [29, 71],
    [23, 77],
    [28, 72],
    [22, 78],
    [22, 78],
    [24, 76],
    [20, 80]
  ],
  "X": [
    [15, 3, 16, 56, 10],
    [15, 5, 23, 45, 12],
    [16, 3, 14, 56, 11],
    [6, 6, 18, 56, 14],
    [9, 8, 20, 53, 10],
    [12, 7, 20, 52, 9],
    [16, 4, 17, 52, 11],
    [15, 7, 13, 52, 13],
    [15, 4, 18, 57, 6],
    [15, 7, 17, 49, 12],
    [16, 5, 23, 43, 13],
    [13, 8, 16, 53, 10],
    [15, 2, 17, 52, 14],
    [18, 7, 15, 45, 15],
    [18, 5, 21, 43, 13],
    [18, 4, 18, 47, 13],
    [18, 5, 17, 51, 9],
    [22, 6, 14, 44, 14],
    [11, 8, 22, 44, 15],
    [18, 6, 14, 44, 18],
    [18, 7, 21, 43, 11],
    [14, 2, 24, 55, 5],
    [12, 5, 22, 41, 20],
    [13, 6, 26, 43, 12],
    [15, 6, 20, 44, 15],
    [9, 2, 16, 60, 13],
    [6, 4, 16, 59, 15],
    [4, 6, 17, 62, 11],
    [5, 1, 9, 73, 12],
    [3, 3, 16, 63, 15],
    [13, 2, 23, 52, 10],
    [10, 2, 15, 57, 16],
    [10, 3, 15, 62, 10],
    [6, 1, 15, 62, 16],
    [13, 6, 20, 48, 13],
    [9, 2, 13, 63, 13],
    [10, 4, 24, 51, 11],
    [5, 0, 21, 63, 11],
    [6, 3, 16, 64, 11],
    [10, 6, 22, 50, 12],
    [8, 6, 17, 61, 8],
    [9, 3, 23, 57, 8],
    [8, 2, 19, 57, 14],
    [7, 3, 19, 61, 10],
    [7, 2, 16, 58, 17],
    [5, 2, 14, 62, 17],
    [7, 2, 18, 59, 14],
    [9, 4, 21, 55, 11],
    [11, 0, 19, 56, 14],
    [6, 3, 24, 55, 12]
  ],
  "real_prob": [
    [0.18422243635, 0.061220682411, 0.17190706109, 0.4640749554, 0.11857486474],
    [0.041588114907, 0.031057853882, 0.20309889294, 0.59120891523, 0.13304622304]
  ],
  "method": "mcmc",
  "mcmc_stepsize": 3000,
  "mcmc_samples": 100,
  "prob": [
    [0.20676369103, 0.075592976382, 0.15026448954, 0.4232040688, 0.14417477425],
    [0.020836308965, 0.0076070236179, 0.21533551046, 0.6527959312, 0.10342522575]
  ],
  "iterations": 20,
  "logLik": -667.5055168984,
  "time": 0.092773,
  "message": "Converged",
  "status": 0,
  "cond_prob": [
    [
      [0.2023450467, 0.0010179440204, 0.039515900324, 0.0029162836933, 0.13419000763, 0.23345920906, 0.50313377062, 0.72185003747, 0.12081527473, 0.040756525754, 0.20044410827, 0.0064283072197, 0.064969735379, 0.0073938300752, 0.21329573186, 0.277542917, 0.37417660984, 0.66580503354, 0.14711381464, 0.042829912167, 0.20221652665, 0.0011854473705, 0.037182979816, 0.0029783140255, 0.1131024375, 0.24118606845, 0.52078897253, 0.70750815096, 0.12670908351, 0.047142019186, 0.079370405674, 0.0018887829791, 0.077356466817, 0.0079305995476, 0.15768707735, 0.24693876796, 0.51522311572, 0.69433065283, 0.17036293444, 0.048911196685, 0.12470077205, 0.0050429373969, 0.10865086296, 0.0098547837853, 0.19432023743, 0.2139056256, 0.44700636401, 0.73319131569, 0.12532176354, 0.038005337528],
      [0.16103965183, 0.0031948370978, 0.091884290094, 0.0077139435798, 0.17589194139, 0.26861524374, 0.46318280894, 0.68171046687, 0.10800130775, 0.038765508716, 0.19448942365, 0.01296614128, 0.04820383704, 0.0050257473561, 0.13891963757, 0.30250049244, 0.49682491128, 0.61879906245, 0.12156219046, 0.060708556472, 0.21075352852, 0.0012586025934, 0.096538147706, 0.0050272935476, 0.083513546821, 0.24381166123, 0.4531733108, 0.6836101701, 0.15602146615, 0.066292272526, 0.19445443048, 0.0011742979476, 0.049359954336, 0.0086645007027, 0.14503127907, 0.29706919614, 0.54538546991, 0.65240516597, 0.065768866201, 0.040686839241, 0.21961032782, 0.002078053379, 0.10181642122, 0.0023901049093, 0.1474378058, 0.21794466267, 0.38364497224, 0.716004434, 0.14749047292, 0.061582745046]
    ],
    [
      [0.21880265594, 0.0087931704478, 0.065781252513, 0.0094196363946, 0.20874353671, 0.28465947703, 0.34287234393, 0.65404254417, 0.16380021091, 0.043085171954, 0.16979629965, 0.0039783844571, 0.10117637699, 0.012941472869, 0.12354662781, 0.2754356786, 0.48600541556, 0.66931618405, 0.11947527999, 0.038328280021, 0.21014022501, 0.0027601387778, 0.026840604591, 0.0032523128977, 0.14287795302, 0.23640225295, 0.4381184282, 0.72046867579, 0.18202278919, 0.03711661958, 0.22881799867, 0.033546003979, 0.091052115202, 0.006843654395, 0.10308867668, 0.29073396997, 0.40237233125, 0.59288300625, 0.1746688782, 0.075993365402, 0.24446642117, 0.0057018983222, 0.066243707011, 0.0060818291938, 0.17896518647, 0.29390894027, 0.35912746715, 0.62161832956, 0.1511972182, 0.072689002649],
      [0.22151888857, 0.041001981753, 0.049642373629, 0.0077190100255, 0.1518465271, 0.27425293101, 0.42316544732, 0.62679393724, 0.15382676338, 0.050232139975, 0.23892262721, 0.0032321183672, 0.064602922833, 0.0061912315014, 0.14533182383, 0.2440045285, 0.45601636044, 0.67195091867, 0.095126265679, 0.074621202964, 0.2611863595, 0.032373251167, 0.072222994184, 0.0043174709416, 0.11180997872, 0.26842120807, 0.40586669958, 0.59549614638, 0.14891396802, 0.099391923447, 0.13913580389, 0.012458395657, 0.10129379798, 0.0087120676482, 0.20127760208, 0.28267933215, 0.37972676603, 0.64178430504, 0.17856603002, 0.054365899506, 0.24192387995, 0.0037551109007, 0.079923286697, 0.0032952609405, 0.082063739327, 0.30489551115, 0.39319860397, 0.57320397332, 0.20289049006, 0.11485014369]
    ],
    [
      [0.21909984096, 0.041373291157, 0.087171807871, 0.0091181357313, 0.18433801526, 0.30098340045, 0.39181373361, 0.56538767176, 0.11757660231, 0.083137500909, 0.19540558167, 0.0043518517652, 0.027097782594, 0.0026226702016, 0.24938069447, 0.21703347217, 0.47214094653, 0.74062044124, 0.055974994733, 0.03537156462, 0.14305939603, 0.021694153782, 0.059524378876, 0.0093960690041, 0.20744972163, 0.27350381832, 0.36195823721, 0.61480962033, 0.22800826626, 0.080596338564, 0.15511682435, 0.015578911283, 0.07172990184, 0.0065637805075, 0.2664334654, 0.23069199095, 0.37555049829, 0.67804773003, 0.13116931012, 0.069117587226, 0.21157802265, 0.0063179471517, 0.083955752478, 0.0041032442183, 0.18243586687, 0.24098297729, 0.33605290679, 0.68254321749, 0.18597745121, 0.066052613847],
      [0.28975687746, 0.030332361279, 0.069873123162, 0.0051028333412, 0.11399430362, 0.17374196126, 0.38092307474, 0.66543856209, 0.14545262102, 0.12538428203, 0.20750838641, 0.01593905341, 0.13153242406, 0.012659146061, 0.11407813834, 0.17371691972, 0.34969436619, 0.6617796049, 0.197186685, 0.13590527591, 0.12282904207, 0.0061684194347, 0.16411151462, 0.017475578537, 0.1165044671, 0.19185028808, 0.45515126217, 0.68733258306, 0.14140371404, 0.097173130886, 0.16050219749, 0.015104569212, 0.040399784952, 0.00040006790978, 0.0621938567, 0.098780887358, 0.57173601955, 0.77997809909, 0.1651681413, 0.10573637643, 0.11187642898, 0.0069066482378, 0.10514997157, 0.0088038541716, 0.10247536999, 0.17622489564, 0.47337263998, 0.6741769477, 0.20712558948, 0.13388765425]
    ],
    [
      [0.3217824752, 0.039749423434, 0.054754925492, 0.0036447409449, 0.15590942536, 0.26486615277, 0.34375415015, 0.60293922346, 0.1237990238, 0.088800459389, 0.28119112078, 0.022346662523, 0.052384715279, 0.006120836309, 0.10844544058, 0.16780909689, 0.39317399564, 0.6457825733, 0.16480472772, 0.15794083098, 0.32752534564, 0.035826184564, 0.1115882721, 0.0069879232547, 0.087215208331, 0.16770853098, 0.37721151698, 0.6884788029, 0.096459656951, 0.1009985583, 0.19336183093, 0.024549386716, 0.044605174235, 0.00080115621594, 0.11264957533, 0.1599285939, 0.44408651452, 0.6667618126, 0.20529690499, 0.14795905057, 0.3462755278, 0.037310488085, 0.15416619275, 0.01964306025, 0.081156684897, 0.25093284933, 0.29620766351, 0.55876814421, 0.12219393104, 0.13334545812],
