{
  "W": [
    [73, 27],
    [72, 28],
    [76, 24],
    [71, 29],
    [75, 25],
    [79, 21],
    [75, 25],
    [81, 19],
    [77, 23],
    [72, 28],
    [79, 21],
    [79, 21],
    [82, 18],
    [72, 28],
    [69, 31],
    [70, 30],
    [74, 26],
    [77, 23],
    [79, 21],
    [70, 30],
    [67, 33],
    [73, 27],
    [82, 18],
    [81, 19],
    [79, 21],
    [25, 75],
    [32, 68],
    [21, 79],
    [22, 78],
    [21, 79],
    [26, 74],
    [30, 70],
    [24, 76],
    [33, 67],
    [29, 71],
    [24, 76],
    [24, 76],
    [25, 75],
    [15, 85],
    [22, 78],
    [29, 71],
    [26, 74],
    [23, 77],
    [18, 82],
    [25, 75],
    [20, 80],
    [26, 74],
    [20, 80],
    [23, 77],
    [33, 67]
  ],
  "X": [
    [32, 12, 10, 24, 22],
    [42, 14, 15, 14, 15],
    [41, 9, 13, 24, 13],
    [28, 7, 13, 29, 23],
    [34, 13, 15, 17, 21],
    [32, 16, 12, 19, 21],
    [38, 12, 15, 19, 16],
    [39, 8, 16, 13, 24],
    [33, 17, 7, 25, 18],
    [41, 15, 16, 10, 18],
    [34, 9, 23, 17, 17],
    [31, 5, 14, 19, 31],
    [40, 6, 14, 19, 21],
    [37, 11, 10, 23, 19],
    [36, 13, 9, 27, 15],
    [46, 3, 12, 24, 15],
    [30, 16, 13, 19, 22],
    [37, 13, 10, 20, 20],
    [41, 8, 10, 22, 19],
    [32, 9, 10, 25, 24],
    [44, 13, 10, 18, 15],
    [49, 12, 12, 14, 13],
    [48, 8, 8, 16, 20],
    [35, 5, 21, 16, 23],
    [43, 7, 8, 20, 22],
    [31, 15, 18, 30, 6],
    [28, 25, 8, 31, 8],
    [29, 17, 11, 39, 4],
    [26, 25, 5, 36, 8],
    [33, 23, 12, 26, 6],
    [29, 20, 12, 27, 12],
    [25, 23, 10, 30, 12],
    [31, 20, 12, 29, 8],
    [24, 21, 14, 28, 13],
    [25, 18, 13, 34, 10],
    [29, 21, 9, 34, 7],
    [27, 24, 7, 33, 9],
    [29, 22, 12, 26, 11],
    [25, 27, 8, 30, 10],
    [34, 18, 11, 34, 3],
    [27, 24, 12, 28, 9],
    [34, 19, 7, 33, 7],
    [32, 27, 3, 29, 9],
    [34, 28, 3, 29, 6],
    [26, 26, 9, 28, 11],
    [25, 20, 8, 41, 6],
    [23, 33, 6, 23, 15],
    [27, 23, 13, 29, 8],
    [28, 21, 15, 31, 5],
    [30, 26, 10, 23, 11]
  ],
  "real_prob": [
    [0.42978544559, 0.031755508362, 0.13457942498, 0.14811183054, 0.25576779052],
    [0.25384655295, 0.29410017407, 0.084976825813, 0.34659011783, 0.020486329344]
  ],
  "method": "mcmc",
  "mcmc_stepsize": 3000,
  "mcmc_samples": 100,
  "prob": [
    [0.39486687219, 0.067397035659, 0.1597610922, 0.1353925938, 0.24258240615],
    [0.26673312781, 0.26340296434, 0.065838907803, 0.3662074062, 0.03781759385]
  ],
  "iterations": 13,
  "logLik": -795.3215141985,
  "time": 0.075736,
  "message": "Converged",
  "status": 0,
  "cond_prob": [
    [
      [0.35727364666, 0.21922310347, 0.071955206514, 0.24989888609, 0.12320644956, 0.037256636385, 0.17258917493, 0.42225889742, 0.27497552234, 0.07136247663, 0.41138411917, 0.44215512213, 0.083146004011, 0.28619598969, 0.19065933182, 0.045447432454, 0.11378670031, 0.20740562777, 0.20102384468, 0.018795827962, 0.46846901289, 0.22484812586, 0.071085303372, 0.14989653932, 0.15768279392, 0.042337819238, 0.14741381495, 0.53318958598, 0.15534907486, 0.049727929601, 0.32059520368, 0.18061174272, 0.046373516417, 0.12784414946, 0.16787751549, 0.037265393102, 0.15593140142, 0.61823691377, 0.30922236299, 0.036041800949, 0.379964545, 0.22010636499, 0.082119537817, 0.27364138655, 0.18864950502, 0.03405148494, 0.096760972875, 0.38971708137, 0.25250543929, 0.082483682144],
      [0.35384622568, 0.19267372244, 0.11123338856, 0.3434553478, 0.14354023444, 0.03144387997, 0.13910157096, 0.38147504258, 0.25227858036, 0.050952007204, 0.42547911564, 0.24356265309, 0.084835698135, 0.2254929056, 0.18809095747, 0.035727127583, 0.11090210927, 0.42729367218, 0.19069211948, 0.067923641554, 0.38574372, 0.40814519366, 0.048860299574, 0.21275345971, 0.18315550922, 0.061284408077, 0.093335238744, 0.28630766641, 0.28890523246, 0.031509272141, 0.37467508885, 0.1804355721, 0.11708854666, 0.34713834378, 0.079860305737, 0.036989411228, 0.20964210644, 0.38511120887, 0.2187339523, 0.05032546403, 0.4029159224, 0.42821619954, 0.085567983946, 0.315682327, 0.21860201448, 0.0093091056114, 0.06023704871, 0.20224758903, 0.23267703046, 0.04454477882]
    ],
    [
      [0.35928628917, 0.26744681693, 0.065193962922, 0.18331794901, 0.26915366117, 0.082707655581, 0.10599845445, 0.41076771896, 0.20036763228, 0.055759859522, 0.32056911838, 0.27023998323, 0.032218805079, 0.11689116185, 0.16242053571, 0.055656079965, 0.1098820848, 0.4913959667, 0.37490945603, 0.065816808259, 0.42264851772, 0.29682341926, 0.035604280109, 0.17113605728, 0.15597816073, 0.067210601102, 0.14048126873, 0.41558533136, 0.24528777271, 0.049244590996, 0.41747521914, 0.24792086508, 0.0706521446, 0.2111801996, 0.12464432666, 0.036628874297, 0.1512075629, 0.43260912396, 0.2360207467, 0.071660937061, 0.40662730318, 0.25621664777, 0.072611229201, 0.25773629629, 0.11565052535, 0.032906895185, 0.21642298925, 0.38925205618, 0.18868795302, 0.063888104565],
      [0.49428585694, 0.37999966715, 0.025338283736, 0.040877337949, 0.13857561956, 0.076656887691, 0.14928070575, 0.45167835325, 0.19251953402, 0.050787753961, 0.34472192573, 0.17271451907, 0.094114406148, 0.34752053635, 0.16316641801, 0.035603271826, 0.12862262484, 0.36468945239, 0.26937462527, 0.079472220375, 0.4041919316, 0.25553135944, 0.088316139757, 0.26955031473, 0.12134882364, 0.028527851294, 0.14535107555, 0.3829550949, 0.24079202946, 0.063435379649, 0.45094336729, 0.25597495162, 0.055291668652, 0.17295038936, 0.11398460285, 0.047391255949, 0.15263839311, 0.47340794972, 0.2271419681, 0.050275453351, 0.33689598235, 0.28057604119, 0.070071955889, 0.13649876959, 0.11450690162, 0.066150562882, 0.17125741458, 0.43373269932, 0.30726774556, 0.083041927017]
    ],
    [
      [0.48923081968, 0.34004651763, 0.067835633643, 0.25621250139, 0.11932296262, 0.060768530432, 0.11651123086, 0.30890144037, 0.20709935319, 0.034071010182, 0.50102541104, 0.46019055534, 0.063244220813, 0.27345081039, 0.14410065138, 0.054838979605, 0.11826770485, 0.19875768689, 0.17336201192, 0.012761967769, 0.49781212744, 0.39885586388, 0.052398007409, 0.20574241069, 0.088779591309, 0.040004084036, 0.12539967356, 0.31762370932, 0.23561060028, 0.037773932079, 0.35898964859, 0.31167570864, 0.028450594284, 0.1418685191, 0.23569304881, 0.10046647612, 0.10617553192, 0.38946220605, 0.2706911764, 0.056527090089, 0.46311361971, 0.30542971631, 0.046054206014, 0.16008179642, 0.090528520988, 0.04039270676, 0.13576603619, 0.44164205433, 0.26453761709, 0.052453726167],
      [0.38076433856, 0.28641188715, 0.065681771306, 0.17810607623, 0.28046167917, 0.14651277361, 0.14776809611, 0.35074396796, 0.12532411486, 0.038225295046, 0.37540084415, 0.23510548511, 0.082939993978, 0.32861647342, 0.1675093898, 0.038819110682, 0.17103626016, 0.3753947011, 0.20311351191, 0.02206422969, 0.45123666688, 0.2471396202, 0.040877896997, 0.204323597, 0.23642047781, 0.076394556532, 0.15950521261, 0.45127076627, 0.1119597457, 0.020871460003, 0.40485984188, 0.21914209588, 0.072349069015, 0.30010667284, 0.11264639493, 0.032330503994, 0.13975917026, 0.42211920839, 0.27038552391, 0.026301518897, 0.44962064738, 0.29820210639, 0.045319413565, 0.27909230779, 0.17898695407, 0.1043199236, 0.1350806481, 0.29320641, 0.19099233689, 0.02517925222]
    ],
    [
      [0.30252039035, 0.28560094393, 0.046833039054, 0.25381541871, 0.22378669822, 0.083534403329, 0.11365309336, 0.32493269693, 0.31320677902, 0.052116537101, 0.29995038082, 0.22859269393, 0.078274452701, 0.29502523456, 0.20056628195, 0.05690016488, 0.1231815279, 0.37577934519, 0.29802735663, 0.043702561443, 0.38876831581, 0.28512579501, 0.053501511454, 0.24626268059, 0.16499796838, 0.10579011525, 0.1172552929, 0.34455096014, 0.27547691145, 0.018270449015, 0.25586067789, 0.23218802432, 0.09276570901, 0.26774226273, 0.21124868088, 0.10490736613, 0.16107352852, 0.33857572476, 0.2790514037, 0.056586622057, 0.30299290308, 0.22835501142, 0.07347350671, 0.2235108212, 0.21248126422, 0.096310469542, 0.12425610303, 0.42812074665, 0.28679622295, 0.02370295119],
