{
  "W": [
    [65, 35],
    [80, 20],
    [70, 30],
    [70, 30],
    [75, 25],
    [75, 25],
    [80, 20],
    [77, 23],
    [76, 24],
    [74, 26],
    [72, 28],
    [77, 23],
    [75, 25],
    [72, 28],
    [72, 28],
    [75, 25],
    [75, 25],
    [75, 25],
    [75, 25],
    [75, 25],
    [75, 25],
    [78, 22],
    [70, 30],
    [74, 26],
    [76, 24],
    [25, 75],
    [27, 73],
    [28, 72],
    [29, 71],
    [24, 76],
    [31, 69],
    [21, 79],
    [27, 73],
    [31, 69],
    [23, 77],
    [28, 72],
    [21, 79],
    [26, 74],
    [25, 75],
    [23, 77],
    [21, 79],
    [17, 83],
    [24, 76],
    [33, 67],
    [24, 76],
    [17, 83],
    [33, 67],
    [26, 74],
    [25, 75],
    [33, 67]
  ],
  "X": [
    [31, 13, 3, 19, 34],
    [22, 22, 3, 10, 43],
    [21, 29, 5, 15, 30],
    [24, 18, 5, 17, 36],
    [36, 19, 0, 8, 37],
    [28, 22, 4, 14, 32],
    [21, 29, 2, 14, 34],
    [21, 15, 3, 16, 45],
    [27, 18, 8, 10, 37],
    [29, 25, 8, 12, 26],
    [29, 20, 4, 8, 39],
    [30, 18, 2, 16, 34],
    [24, 25, 3, 10, 38],
    [30, 20, 2, 16, 32],
    [25, 19, 6, 16, 34],
    [25, 27, 4, 11, 33],
    [28, 23, 3, 12, 34],
    [27, 20, 4, 10, 39],
    [27, 19, 1, 15, 38],
    [28, 20, 4, 13, 35],
    [27, 26, 1, 12, 34],
    [30, 18, 3, 7, 42],
    [27, 18, 6, 15, 34],
    [32, 19, 1, 15, 33],
    [27, 17, 3, 13, 40],
    [39, 12, 17, 19, 13],
    [45, 9, 4, 24, 18],
    [49, 8, 8, 20, 15],
    [42, 16, 8, 22, 12],
    [42, 13, 12, 21, 12],
    [36, 14, 19, 20, 11],
    [34, 13, 11, 29, 13],
    [42, 18, 5, 20, 15],
    [40, 10, 5, 31, 14],
    [41, 12, 14, 19, 14],
    [34, 18, 11, 25, 12],
    [35, 14, 15, 28, 8],
    [40, 19, 9, 16, 16],
    [42, 18, 6, 19, 15],
    [38, 24, 12, 17, 9],
    [40, 17, 13, 20, 10],
    [53, 7, 11, 22, 7],
    [38, 9, 15, 20, 18],
    [28, 10, 13, 32, 17],
    [48, 12, 11, 19, 10],
    [47, 9, 7, 25, 12],
    [36, 14, 9, 22, 19],
    [44, 13, 7, 26, 10],
    [49, 17, 7, 18, 9],
    [40, 17, 10, 20, 13]
  ],
  "real_prob": [
    [0.17186188511, 0.22442218154, 0.012020200817, 0.11088861398, 0.48080711855],
    [0.49023780583, 0.10429582825, 0.13147506274, 0.25345030899, 0.020540994202]
  ],
  "method": "mcmc",
  "mcmc_stepsize": 3000,
  "mcmc_samples": 100,
  "prob": [
    [0.20745851414, 0.25636067433, 0.014799934686, 0.096647334359, 0.42473354249],
    [0.47174148586, 0.088439325675, 0.12400006531, 0.25455266564, 0.061266457508]
  ],
  "iterations": 8,
  "logLik": -756.6652200792,
  "time": 0.041512,
  "message": "Converged",
  "status": 0,
  "cond_prob": [
    [
      [0.21806883462, 0.48072930713, 0.16642916214, 0.062345841747, 0.0052680988671, 0.075930673533, 0.12258389099, 0.3152013453, 0.48765001338, 0.065792832286, 0.15695660027, 0.47217359892, 0.2516296373, 0.093481450815, 0.0056428534312, 0.12742858628, 0.072820929704, 0.20871628118, 0.5129499793, 0.098200082804, 0.14028324701, 0.37267242364, 0.33571217338, 0.18333826211, 0.013113034418, 0.13606958636, 0.11582329906, 0.22974563553, 0.39506824613, 0.078174092365, 0.16502678029, 0.41493751267, 0.21638099068, 0.095111021748, 0.011049389719, 0.14088475732, 0.12348639341, 0.27853174872, 0.48405644591, 0.070534959542, 0.25752355885, 0.66742932345, 0.22138327725, 0.095850168255, 0, 0, 0.05991907726, 0.14024276822, 0.46117408664, 0.096477740078],
      [0.21695747, 0.46912759001, 0.25674161512, 0.10977515465, 0.0099159744319, 0.1302520767, 0.11472088678, 0.21583733966, 0.40166405367, 0.075007838977, 0.15826182315, 0.4169527074, 0.33042685028, 0.12829259887, 0.0050091336389, 0.079963465444, 0.098041346526, 0.3078346139, 0.4082608464, 0.066956614382, 0.15108172297, 0.40724814483, 0.1824901772, 0.041228537185, 0.0053423930445, 0.11254937981, 0.11033025325, 0.32628567389, 0.55075545353, 0.11268826428, 0.21223237953, 0.45293079814, 0.2101931591, 0.084388329527, 0.046085357533, 0.18739636781, 0.068667368253, 0.19922000053, 0.46282173558, 0.076064503985, 0.24048400867, 0.43093012918, 0.29301180862, 0.12758177548, 0.042776025581, 0.18594515796, 0.092856947932, 0.19725330204, 0.3308712092, 0.058289635344]
    ],
    [
      [0.20334249593, 0.5128335819, 0.23483159629, 0.1104330381, 0.0074119999197, 0.12379771449, 0.050984251679, 0.15461192426, 0.50342965618, 0.098323741253, 0.24990220669, 0.46771869934, 0.20763725692, 0.087475270313, 0.0047496737704, 0.071055439986, 0.11656961339, 0.30539738126, 0.42114124923, 0.068353209097, 0.16321384595, 0.47035846216, 0.28581775433, 0.14254673701, 0.0048485355293, 0.10545439341, 0.063417692102, 0.20974692369, 0.48270217209, 0.071893483722, 0.22052560274, 0.50436273581, 0.2440784852, 0.086655323759, 0.0055169023342, 0.057242251141, 0.11329471295, 0.28009930956, 0.41658429677, 0.071640379735, 0.17788045178, 0.43545026686, 0.22532956193, 0.099152555027, 0.022390398485, 0.1567104039, 0.13156939982, 0.23310725761, 0.44283018799, 0.075579516605],
      [0.17888203688, 0.46335388936, 0.31536082167, 0.13391753499, 0.0064051752378, 0.14078447429, 0.083427549271, 0.18971735219, 0.41592441694, 0.072226749181, 0.2074746521, 0.4975760437, 0.26573349612, 0.12279951164, 0.0078663934343, 0.096400819697, 0.090707927915, 0.20787621626, 0.42821753043, 0.075347408709, 0.19705234532, 0.48884296403, 0.23103551136, 0.10689346591, 0.0075329796012, 0.1374010612, 0.071644489804, 0.18506653059, 0.49273467391, 0.081795978271, 0.18995723593, 0.51012829221, 0.22369701379, 0.088908958632, 0.00013495466603, 0.039595136002, 0.10114936925, 0.29655189226, 0.48506142637, 0.064815720901, 0.20773398978, 0.49679803067, 0.23391609302, 0.098251720942, 0.010730718414, 0.12780784476, 0.10898436247, 0.1930469126, 0.43863483632, 0.084095491031]
    ],
    [
      [0.17435986965, 0.55692039106, 0.30941110297, 0.11176669109, 0.00079063990674, 0.03762808028, 0.081429506489, 0.23571148053, 0.43400888099, 0.057973357034, 0.22013428022, 0.58316027921, 0.20495006079, 0.091540693575, 0.0030090260414, 0.12569527131, 0.051187073737, 0.13670037493, 0.52071955921, 0.062903380974, 0.18839969205, 0.46040071855, 0.21261755287, 0.10389237664, 0.017956194724, 0.15810221231, 0.1241651404, 0.21028133907, 0.45686141996, 0.067323353429, 0.2414118307, 0.54367402031, 0.22777990661, 0.082472573508, 0.00017008608032, 0.03797744731, 0.10331888157, 0.28286164476, 0.42731929504, 0.053014314108, 0.20519938165, 0.4752019581, 0.20159675208, 0.069943618418, 0.0066930973237, 0.10380519181, 0.088722156726, 0.26071317037, 0.49778861222, 0.090336061311],
      [0.27796501994, 0.42734499335, 0.26774443785, 0.07075185405, 0.045537782565, 0.21148740581, 0.11326040652, 0.21557986449, 0.29549235313, 0.074835882291, 0.20482343464, 0.54068174335, 0.20487340291, 0.047512577004, 0.0091021606365, 0.051427967984, 0.084188120445, 0.29762905134, 0.49701288137, 0.062748660317, 0.32644579618, 0.5536044126, 0.17597922078, 0.042674747474, 0.021323895223, 0.10281848519, 0.082933931614, 0.24552569326, 0.39331715621, 0.055376661475, 0.24798181122, 0.49026095035, 0.3590027776, 0.078717175348, 0.029398073666, 0.10066839245, 0.076951860075, 0.27842811349, 0.28666547744, 0.051925368368, 0.25363727067, 0.47253559873, 0.31470643123, 0.071671653297, 0.028261244146, 0.14897013343, 0.11674764339, 0.23944811261, 0.28664741057, 0.067374501927]
    ],
    [
      [0.25351007719, 0.40784329865, 0.31930327084, 0.059443458028, 0.076328666495, 0.24106972955, 0.10196991788, 0.24404250066, 0.2488880676, 0.047601013109, 0.19897845347, 0.37748674022, 0.29664448931, 0.085702097778, 0.029390277132, 0.13142790102, 0.13371480324, 0.33154416623, 0.34127197685, 0.073839094762, 0.21555944288, 0.49561500058, 0.3369427489, 0.12195268191, 0.0058962685896, 0.066312339015, 0.046200862459, 0.25688461251, 0.39540067716, 0.059235365981, 0.20929255423, 0.48568015679, 0.20673440779, 0.052046860268, 0.019974518494, 0.063489709082, 0.23573651931, 0.34336475219, 0.32826200017, 0.055418521663, 0.24266814793, 0.45998224153, 0.28975536358, 0.069293852437, 0.046368227316, 0.1679679321, 0.084909073139, 0.22139079634, 0.33629918804, 0.081365177599],
