{
  "W": [
    [71, 29],
    [71, 29],
    [75, 25],
    [75, 25],
    [82, 18],
    [78, 22],
    [74, 26],
    [81, 19],
    [76, 24],
    [74, 26],
    [81, 19],
    [81, 19],
    [80, 20],
    [75, 25],
    [72, 28],
    [75, 25],
    [78, 22],
    [83, 17],
    [82, 18],
    [77, 23],
    [68, 32],
    [78, 22],
    [84, 16],
    [82, 18],
    [80, 20],
    [22, 78],
    [32, 68],
    [17, 83],
    [21, 79],
    [19, 81],
    [26, 74],
    [29, 71],
    [20, 80],
    [27, 73],
    [29, 71],
    [19, 81],
    [21, 79],
    [24, 76],
    [15, 85],
    [21, 79],
    [28, 72],
    [22, 78],
    [21, 79],
    [16, 84],
    [24, 76],
    [20, 80],
    [25, 75],
    [19, 81],
    [19, 81],
    [31, 69]
  ],
  "X": [
    [73, 27],
    [87, 13],
    [75, 25],
    [71, 29],
    [75, 25],
    [81, 19],
    [78, 22],
    [83, 17],
    [77, 23],
    [69, 31],
    [81, 19],
    [78, 22],
    [79, 21],
    [78, 22],
    [77, 23],
    [74, 26],
    [68, 32],
    [74, 26],
    [76, 24],
    [79, 21],
    [79, 21],
    [73, 27],
    [75, 25],
    [81, 19],
    [80, 20],
    [89, 11],
    [83, 17],
    [84, 16],
    [86, 14],
    [84, 16],
    [85, 15],
    [83, 17],
    [84, 16],
    [82, 18],
    [84, 16],
    [88, 12],
    [89, 11],
    [89, 11],
    [85, 15],
    [80, 20],
    [85, 15],
    [81, 19],
    [87, 13],
    [82, 18],
    [87, 13],
    [86, 14],
    [83, 17],
    [79, 21],
    [83, 17],
    [84, 16]
  ],
  "real_prob": [
    [0.73984627099, 0.26015372901],
    [0.88388129517, 0.11611870483]
  ],
  "method": "exact",
  "prob": [
    [0.7401730103, 0.2598269897],
    [0.8730269897, 0.1269730103]
  ],
  "iterations": 8,
  "logLik": -134.8594340563,
  "time": 0.007573,
  "message": "Converged",
  "status": 0,
  "cond_prob": [
    [
      [0.68524181799, 0.83958037664, 0.31475818201, 0.16041962336, 0.84572349642, 0.92943557773, 0.15427650358, 0.070564422268, 0.71423708709, 0.85728873873, 0.28576291291, 0.14271126127, 0.67001465571, 0.82995603288, 0.32998534429, 0.17004396712, 0.72504472122, 0.8636851589, 0.27495527878, 0.1363148411, 0.78523690687, 0.89779642111, 0.21476309313, 0.10220357889, 0.74625271449, 0.87604996644, 0.25374728551, 0.12395003356, 0.8108829724, 0.91149890715, 0.1891170276, 0.088501092854, 0.73801271675, 0.87129306363, 0.26198728325, 0.12870693637, 0.64624419904, 0.81453574119, 0.35375580096, 0.18546425881, 0.78893732914, 0.89979349156, 0.21106267086, 0.10020650844, 0.75615405846, 0.88165901392, 0.24384594154, 0.11834098608, 0.76573823471, 0.88704706114],
      [0.23426176529, 0.11295293886, 0.74770714328, 0.87687857017, 0.25229285672, 0.12312142983, 0.73196948717, 0.86779274728, 0.26803051283, 0.13220725272, 0.70313725216, 0.85058824351, 0.29686274784, 0.14941175649, 0.64271758085, 0.81218312245, 0.35728241915, 0.18781687755, 0.71579309923, 0.85818663318, 0.28420690077, 0.14181336682, 0.7358505395, 0.87001420896, 0.2641494605, 0.12998579104, 0.76168602203, 0.88479027408, 0.23831397797, 0.11520972592, 0.74880661386, 0.87753594555, 0.25119338614, 0.12246405445, 0.69704202327, 0.84685100842, 0.30295797673, 0.15314899158, 0.72801409969, 0.86542597665, 0.27198590031, 0.13457402335, 0.79014644672, 0.90044396495, 0.20985355328, 0.099556035052, 0.77671742433, 0.89313030267, 0.22328257567, 0.10686969733]
    ],
    [
      [0.81156795353, 0.91212185926, 0.18843204647, 0.087878140739, 0.73969810899, 0.87249500754, 0.26030189101, 0.12750499246, 0.72440945802, 0.86367517125, 0.27559054198, 0.13632482875, 0.76295546119, 0.88579664956, 0.23704453881, 0.11420335044, 0.72860658435, 0.86612931972, 0.27139341565, 0.13387068028, 0.75728513136, 0.88257549439, 0.24271486864, 0.11742450561, 0.7340018683, 0.8692105045, 0.2659981317, 0.1307894955, 0.73067229805, 0.86733192549, 0.26932770195, 0.13266807451, 0.71585343805, 0.85851996127, 0.28414656195, 0.14148003873, 0.74829890286, 0.87745537771, 0.25170109714, 0.12254462229, 0.790568191, 0.90097783174, 0.209431809, 0.099022168259, 0.80994983747, 0.91127915713, 0.19005016253, 0.088720842871, 0.81473701957, 0.91376725698],
      [0.18526298043, 0.086232743022, 0.73552571927, 0.87020134366, 0.26447428073, 0.12979865634, 0.67476585013, 0.83329009047, 0.32523414987, 0.16670990953, 0.76095710536, 0.88462779236, 0.23904289464, 0.11537220764, 0.69113080471, 0.84352720893, 0.30886919529, 0.15647279107, 0.77839975614, 0.89434943191, 0.22160024386, 0.10565056809, 0.69233387679, 0.8443173568, 0.30766612321, 0.1556826432, 0.78373455808, 0.8972417185, 0.21626544192, 0.1027582815, 0.76105142327, 0.88473714418, 0.23894857673, 0.11526285582, 0.72612404684, 0.86462531772, 0.27387595316, 0.13537468228, 0.65620095461, 0.82138496126, 0.34379904539, 0.17861503874, 0.71368711508, 0.8572832693, 0.28631288492, 0.1427167307, 0.75198623461, 0.87954241633, 0.24801376539, 0.12045758367]
    ]
  ],
  "maxiter": 3600,
  "param_threshold": 0.001,
  "ll_threshold": "-Inf",
  "initial_prob": "group_proportional"
}
