{
  "W": [
    [83, 17],
    [73, 27],
    [73, 27],
    [76, 24],
    [84, 16],
    [78, 22],
    [81, 19],
    [75, 25],
    [77, 23],
    [73, 27],
    [75, 25],
    [76, 24],
    [70, 30],
    [81, 19],
    [74, 26],
    [80, 20],
    [81, 19],
    [81, 19],
    [86, 14],
    [80, 20],
    [81, 19],
    [82, 18],
    [83, 17],
    [74, 26],
    [77, 23],
    [16, 84],
    [17, 83],
    [25, 75],
    [21, 79],
    [25, 75],
    [20, 80],
    [22, 78],
    [26, 74],
    [14, 86],
    [26, 74],
    [18, 82],
    [25, 75],
    [16, 84],
    [22, 78],
    [23, 77],
    [18, 82],
    [20, 80],
    [19, 81],
    [27, 73],
    [23, 77],
    [24, 76],
    [25, 75],
    [24, 76],
    [26, 74],
    [24, 76]
  ],
  "X": [
    [68, 32],
    [61, 39],
    [60, 40],
    [66, 34],
    [71, 29],
    [68, 32],
    [72, 28],
    [65, 35],
    [66, 34],
    [60, 40],
    [67, 33],
    [63, 37],
    [61, 39],
    [77, 23],
    [66, 34],
    [70, 30],
    [72, 28],
    [69, 31],
    [78, 22],
    [67, 33],
    [67, 33],
    [68, 32],
    [74, 26],
    [65, 35],
    [66, 34],
    [26, 74],
    [26, 74],
    [32, 68],
    [23, 77],
    [31, 69],
    [22, 78],
    [31, 69],
    [32, 68],
    [25, 75],
    [27, 73],
    [26, 74],
    [28, 72],
    [28, 72],
    [30, 70],
    [28, 72],
    [26, 74],
    [24, 76],
    [26, 74],
    [29, 71],
    [30, 70],
    [27, 73],
    [38, 62],
    [36, 64],
    [27, 73],
    [32, 68]
  ],
  "real_prob": [
    [0.84382324755, 0.15617675245],
    [0.12946707853, 0.87053292147]
  ],
  "method": "exact",
  "prob": [
    [0.82715532394, 0.17284467606],
    [0.13164467606, 0.86835532394]
  ],
  "iterations": 12,
  "logLik": -128.1961687621,
  "time": 0.013682,
  "message": "Converged",
  "status": 0,
  "cond_prob": [
    [
      [0.79722223651, 0.10767966881, 0.20277776349, 0.89232033119, 0.79610749904, 0.10682046555, 0.20389250096, 0.89317953445, 0.78472042006, 0.10057071613, 0.21527957994, 0.89942928387, 0.82798782263, 0.12803856166, 0.17201217737, 0.87196143834, 0.82171220046, 0.12351094761, 0.17828779954, 0.87648905239, 0.83427292905, 0.13303234246, 0.16572707095, 0.86696765754, 0.85359365261, 0.15046916518, 0.14640634739, 0.84953083482, 0.82479550653, 0.12561348042, 0.17520449347, 0.87438651958, 0.82053757515, 0.12254811797, 0.17946242485, 0.87745188203, 0.78472042006, 0.10057071613, 0.21527957994, 0.89942928387, 0.84570376826, 0.14288869522, 0.15429623174, 0.85711130478, 0.79533345279, 0.10644406617, 0.20466654721, 0.89355593383, 0.81933033691, 0.12156254722],
      [0.18066966309, 0.87843745278, 0.90044908965, 0.21387493358, 0.099550910346, 0.78612506642, 0.84265821404, 0.14012662159, 0.15734178596, 0.85987337841, 0.8404407153, 0.1382371388, 0.1595592847, 0.8617628612, 0.85359365261, 0.15046916518, 0.14640634739, 0.84953083482, 0.82272093189, 0.12418971143, 0.17727906811, 0.87581028857, 0.87792967288, 0.17843200946, 0.12207032712, 0.82156799054, 0.80882749208, 0.11469003168, 0.19117250792, 0.88530996832, 0.80134196559, 0.1100684625, 0.19865803441, 0.8899315375, 0.80465916021, 0.11210827015, 0.19534083979, 0.88789172985, 0.85950077913, 0.15655501954, 0.14049922087, 0.84344498046, 0.83223443719, 0.13133275569, 0.16776556281, 0.86866724431, 0.82053757515, 0.12254811797, 0.17946242485, 0.87745188203]
    ],
    [
      [0.85060874403, 0.14750309637, 0.14939125597, 0.85249690363, 0.84344498046, 0.14049922087, 0.15655501954, 0.85950077913, 0.84732760952, 0.14422413016, 0.15267239048, 0.85577586984, 0.76314888182, 0.088276879517, 0.23685111818, 0.91172312048, 0.83668360806, 0.13443879731, 0.16331639194, 0.86556120269, 0.75734918528, 0.08566270368, 0.24265081472, 0.91433729632, 0.85810226684, 0.15540705294, 0.14189773316, 0.84459294706, 0.83993810387, 0.13731904459, 0.16006189613, 0.86268095541, 0.85452440449, 0.15158905043, 0.14547559551, 0.84841094957, 0.77316634343, 0.09321182528, 0.22683365657, 0.90678817472, 0.8357936361, 0.133606275, 0.1642063639, 0.866393725, 0.79883409025, 0.10705530325, 0.20116590975, 0.89294469675, 0.86862025097, 0.16788185696],
      [0.13137974903, 0.83211814304, 0.84843667505, 0.14531273268, 0.15156332495, 0.85468726732, 0.81767417711, 0.11939602502, 0.18232582289, 0.88060397498, 0.8357936361, 0.133606275, 0.1642063639, 0.866393725, 0.79094407387, 0.10226398153, 0.20905592613, 0.89773601847, 0.82763606015, 0.12685080071, 0.17236393985, 0.87314919929, 0.79327286049, 0.10385798311, 0.20672713951, 0.89614201689, 0.84111665877, 0.13836775128, 0.15888334123, 0.86163224872, 0.79440268842, 0.10439915103, 0.20559731158, 0.89560084897, 0.89554085301, 0.208153049, 0.10445914699, 0.791846951, 0.8869309958, 0.19360073817, 0.1130690042, 0.80639926183, 0.77316634343, 0.09321182528, 0.22683365657, 0.90678817472, 0.85428717277, 0.15127773491, 0.14571282723, 0.84872226509]
    ]
  ],
  "maxiter": 3600,
  "param_threshold": 0.001,
  "ll_threshold": "-Inf",
  "initial_prob": "group_proportional"
}
