{
  "W": [
    [57, 20, 23],
    [65, 26, 9],
    [58, 23, 19],
    [63, 14, 23],
    [65, 20, 15],
    [68, 20, 12],
    [73, 11, 16],
    [65, 23, 12],
    [65, 22, 13],
    [63, 18, 19],
    [69, 14, 17],
    [68, 17, 15],
    [71, 15, 14],
    [64, 15, 21],
    [66, 15, 19],
    [67, 21, 12],
    [55, 32, 13],
    [17, 65, 18],
    [16, 65, 19],
    [16, 65, 19],
    [22, 58, 20],
    [19, 64, 17],
    [13, 68, 19],
    [17, 66, 17],
    [17, 75, 8],
    [14, 70, 16],
    [18, 65, 17],
    [20, 69, 11],
    [17, 67, 16],
    [17, 64, 19],
    [22, 64, 14],
    [14, 73, 13],
    [18, 65, 17],
    [21, 30, 49],
    [13, 22, 65],
    [18, 15, 67],
    [13, 14, 73],
    [21, 12, 67],
    [15, 18, 67],
    [17, 13, 70],
    [12, 22, 66],
    [12, 13, 75],
    [16, 16, 68],
    [23, 15, 62],
    [18, 13, 69],
    [10, 13, 77],
    [20, 20, 60],
    [16, 19, 65],
    [18, 10, 72],
    [25, 13, 62]
  ],
  "X": [
    [41, 59],
    [34, 66],
    [36, 64],
    [46, 54],
    [36, 64],
    [42, 58],
    [41, 59],
    [38, 62],
    [43, 57],
    [45, 55],
    [50, 50],
    [37, 63],
    [36, 64],
    [41, 59],
    [28, 72],
    [43, 57],
    [38, 62],
    [21, 79],
    [23, 77],
    [31, 69],
    [27, 73],
    [29, 71],
    [24, 76],
    [22, 78],
    [21, 79],
    [17, 83],
    [27, 73],
    [32, 68],
    [27, 73],
    [24, 76],
    [21, 79],
    [18, 82],
    [28, 72],
    [43, 57],
    [46, 54],
    [56, 44],
    [50, 50],
    [46, 54],
    [39, 61],
    [50, 50],
    [50, 50],
    [55, 45],
    [44, 56],
    [54, 46],
    [54, 46],
    [57, 43],
    [50, 50],
    [46, 54],
    [52, 48],
    [53, 47]
  ],
  "real_prob": [
    [0.4336835608, 0.5663164392],
    [0.097797711559, 0.90220228844],
    [0.5932270904, 0.4067729096]
  ],
  "method": "mcmc",
  "mcmc_stepsize": 3000,
  "mcmc_samples": 100,
  "prob": [
    [0.42793552077, 0.57206447923],
    [0.090143710577, 0.90985628942],
    [0.62926886035, 0.37073113965]
  ],
  "iterations": 18,
  "logLik": -207.8911621401,
  "time": 0.046849,
  "message": "Converged",
  "status": 0,
  "cond_prob": [
    [
      [0.42160597899, 0.078962874706, 0.66909572625, 0.57839402101, 0.92103712529, 0.33090427375, 0.40689081456, 0.085307634497, 0.59267761738, 0.59310918544, 0.9146923655, 0.40732238262, 0.37423733262, 0.079529455297, 0.65605564402, 0.62576266738, 0.9204705447, 0.34394435598, 0.45943133484, 0.098954820165, 0.68132427924, 0.54056866516, 0.90104517983, 0.31867572076, 0.37931283856, 0.089724104819, 0.63667889316, 0.62068716144, 0.91027589518, 0.36332110684, 0.46174928817, 0.12548066779, 0.67428625403, 0.53825071183, 0.87451933221, 0.32571374597, 0.4091874189, 0.095625654148, 0.62983976406, 0.5908125811, 0.90437434585, 0.37016023594, 0.42706152099, 0.11163804172, 0.63944384799, 0.57293847901, 0.88836195828, 0.36055615201, 0.48091871578, 0.12832005112],
      [0.68594171919, 0.51908128422, 0.87167994888, 0.31405828081, 0.47111602515, 0.11616081338, 0.6962524092, 0.52888397485, 0.88383918662, 0.3037475908, 0.51967548164, 0.13959190153, 0.71694736148, 0.48032451836, 0.86040809847, 0.28305263852, 0.37977299493, 0.089863593791, 0.64318368333, 0.62022700507, 0.91013640621, 0.35681631667, 0.36949724041, 0.075714602999, 0.61642692042, 0.63050275959, 0.924285397, 0.38357307958, 0.40203207232, 0.078591230024, 0.67100375815, 0.59796792768, 0.92140876998, 0.32899624185, 0.25038887499, 0.098533119001, 0.52612302451, 0.74961112501, 0.901466881, 0.47387697549, 0.47934854883, 0.1284806493, 0.68212946611, 0.52065145117, 0.8715193507, 0.31787053389, 0.46920362443, 0.10335128708, 0.68358149768, 0.53079637557],
      [0.89664871292, 0.31641850232, 0.34807911119, 0.066340762205, 0.59836142035, 0.65192088881, 0.93365923779, 0.40163857965, 0.38310799717, 0.077882042406, 0.62147048889, 0.61689200283, 0.92211795759, 0.37852951111, 0.56417556689, 0.12295768486, 0.73583902179, 0.43582443311, 0.87704231514, 0.26416097821, 0.41545675386, 0.081321476733, 0.65716528822, 0.58454324614, 0.91867852327, 0.34283471178, 0.52572281168, 0.11613201646, 0.6811069132, 0.47427718832, 0.88386798354, 0.3188930868, 0.44474072888, 0.087930627866, 0.64416251735, 0.55525927112, 0.91206937213, 0.35583748265, 0.39266271298, 0.070008504453, 0.62965721091, 0.60733728702, 0.92999149555, 0.37034278909, 0.49339063069, 0.098333739238, 0.65466610442, 0.50660936931, 0.90166626076, 0.34533389558]
    ],
    [
      [0.29535134662, 0.059742256498, 0.54269519953, 0.70464865338, 0.9402577435, 0.45730480047, 0.5054550796, 0.098923367756, 0.67481115665, 0.4945449204, 0.90107663224, 0.32518884335, 0.6132936083, 0.16445204319, 0.76244880489, 0.3867063917, 0.83554795681, 0.23755119511, 0.52658457655, 0.10745340728, 0.67804274443, 0.47341542345, 0.89254659272, 0.32195725557, 0.3917172362, 0.080696352915, 0.64085475779, 0.6082827638, 0.91930364709, 0.35914524221, 0.3791401244, 0.06991727031, 0.58458656881, 0.6208598756, 0.93008272969, 0.41541343119, 0.3973769315, 0.069842621784, 0.56447781299, 0.6026230685, 0.93015737822, 0.43552218701, 0.52612833925, 0.10724517045, 0.67992669498, 0.47387166075, 0.89275482955, 0.32007330502, 0.44096696487, 0.063307856305],
      [0.6498052663, 0.55903303513, 0.93669214369, 0.3501947337, 0.40739684194, 0.08145092188, 0.59864493498, 0.59260315806, 0.91854907812, 0.40135506502, 0.4882763653, 0.065112748096, 0.6900646896, 0.5117236347, 0.9348872519, 0.3099353104, 0.41340169896, 0.069340481481, 0.59801385168, 0.58659830104, 0.93065951852, 0.40198614832, 0.39104587845, 0.027308959574, 0.55910938862, 0.60895412155, 0.97269104043, 0.44089061138, 0.34098915582, 0.062572007649, 0.48893830634, 0.65901084418, 0.93742799235, 0.51106169366, 0.41832785753, 0.041927556685, 0.60490525979, 0.58167214247, 0.95807244332, 0.39509474021, 0.45093326386, 0.094947801572, 0.64393862423, 0.54906673614, 0.90505219843, 0.35606137577, 0.45509939306, 0.082564798743, 0.64620619866, 0.54490060694],
      [0.91743520126, 0.35379380134, 0.39554350703, 0.04497384611, 0.54340768161, 0.60445649297, 0.95502615389, 0.45659231839, 0.45238881994, 0.085506487366, 0.68245902953, 0.54761118006, 0.91449351263, 0.31754097047, 0.45840862781, 0.051270740852, 0.65336413143, 0.54159137219, 0.94872925915, 0.34663586857, 0.49970371416, 0.11352696787, 0.65619626333, 0.50029628584, 0.88647303213, 0.34380373667, 0.45299869233, 0.066305300083, 0.66023200253, 0.54700130767, 0.93369469992, 0.33976799747, 0.41547133558, 0.054203919635, 0.58957821781, 0.58452866442, 0.94579608036, 0.41042178219, 0.42141265171, 0.036813324927, 0.6117560975, 0.57858734829, 0.96318667507, 0.3882439025, 0.42732020046, 0.085676179635, 0.66456781699, 0.57267979954, 0.91432382036, 0.33543218301]
    ]
  ],
  "maxiter": 3600,
  "param_threshold": 0.001,
  "ll_threshold": "-Inf",
  "initial_prob": "group_proportional"
}
