{
  "W": [
    [38, 18, 19, 25],
    [30, 28, 19, 23],
    [36, 28, 16, 20],
    [32, 24, 22, 22],
    [28, 18, 29, 25],
    [35, 22, 17, 26],
    [27, 20, 25, 28],
    [30, 26, 28, 16],
    [34, 24, 23, 19],
    [30, 27, 19, 24],
    [37, 26, 18, 19],
    [34, 25, 20, 21],
    [28, 35, 15, 22],
    [24, 30, 20, 26],
    [21, 33, 24, 22],
    [25, 32, 21, 22],
    [23, 29, 16, 32],
    [24, 34, 22, 20],
    [28, 27, 21, 24],
    [18, 29, 28, 25],
    [26, 27, 26, 21],
    [31, 30, 21, 18],
    [20, 35, 21, 24],
    [27, 36, 15, 22],
    [23, 33, 19, 25],
    [16, 27, 36, 21],
    [17, 23, 36, 24],
    [25, 17, 36, 22],
    [21, 21, 30, 28],
    [24, 24, 33, 19],
    [19, 24, 29, 28],
    [22, 22, 30, 26],
    [26, 23, 36, 15],
    [13, 31, 31, 25],
    [26, 20, 28, 26],
    [18, 22, 45, 15],
    [25, 19, 39, 17],
    [16, 24, 30, 30],
    [22, 31, 20, 27],
    [23, 19, 23, 35],
    [18, 25, 23, 34],
    [20, 10, 30, 40],
    [19, 24, 22, 35],
    [27, 17, 25, 31],
    [23, 24, 22, 31],
    [23, 29, 25, 23],
    [25, 19, 24, 32],
    [24, 16, 31, 29],
    [26, 23, 21, 30],
    [23, 20, 21, 36]
  ],
  "X": [
    [30, 17, 53],
    [17, 32, 51],
    [19, 32, 49],
    [22, 21, 57],
    [21, 24, 55],
    [34, 28, 38],
    [25, 19, 56],
    [19, 25, 56],
    [24, 21, 55],
    [23, 26, 51],
    [22, 26, 52],
    [21, 23, 56],
    [26, 19, 55],
    [27, 22, 51],
    [20, 22, 58],
    [28, 26, 46],
    [25, 19, 56],
    [21, 25, 54],
    [21, 27, 52],
    [27, 20, 53],
    [22, 24, 54],
    [24, 25, 51],
    [21, 28, 51],
    [18, 23, 59],
    [25, 25, 50],
    [26, 26, 48],
    [24, 24, 52],
    [26, 26, 48],
    [28, 21, 51],
    [19, 28, 53],
    [20, 23, 57],
    [25, 23, 52],
    [19, 22, 59],
    [24, 27, 49],
    [27, 29, 44],
    [18, 37, 45],
    [22, 24, 54],
    [26, 31, 43],
    [18, 25, 57],
    [30, 25, 45],
    [28, 26, 46],
    [33, 24, 43],
    [29, 18, 53],
    [34, 19, 47],
    [28, 26, 46],
    [24, 27, 49],
    [31, 26, 43],
    [25, 26, 49],
    [26, 22, 52],
    [30, 27, 43]
  ],
  "real_prob": [
    [0.23523420954, 0.22108643616, 0.5436793543],
    [0.084711995288, 0.23315635915, 0.68213164556],
    [0.16060032108, 0.406962188, 0.43243749092],
    [0.51552291744, 0.078729101097, 0.40574798146]
  ],
  "method": "exact",
  "prob": [
    [0.17880354486, 0.21864907912, 0.60254737602],
    [0.038319912998, 0.2708209318, 0.6908591552],
    [0.1175419792, 0.3756336162, 0.5068244046],
    [0.64293456294, 0.11969637288, 0.23736906418]
  ],
  "iterations": 112,
  "logLik": -262.2897952884,
  "time": 620.287354,
  "message": "Converged",
  "status": 0,
  "cond_prob": [
    [
      [0.22072052192, 0.049596631253, 0.15445561514, 0.71140896467, 0.15699281582, 0.20354019533, 0.28914238411, 0.075073767391, 0.62228666226, 0.74686317342, 0.55640200075, 0.21351726793, 0.11117813557, 0.022369540281, 0.067626643934, 0.51101750306, 0.29532291026, 0.34183502445, 0.47172505007, 0.20026765463, 0.59349895417, 0.63579543527, 0.460648306, 0.28871484232, 0.14311693834, 0.029563191648, 0.087178024599, 0.581258623, 0.29931052882, 0.35624140817, 0.47912761315, 0.17920098618, 0.55757253284, 0.61419540018, 0.43369436226, 0.23954039082, 0.15983566885, 0.033854429842, 0.10767275567, 0.62290689345, 0.18596410189, 0.22699054429, 0.32941391276, 0.10701225436, 0.65420022927, 0.73915502586, 0.56291333157, 0.27008085219, 0.13315640085, 0.027516064029],
      [0.08755803902, 0.56948593968, 0.2081202253, 0.2474678075, 0.35955172059, 0.13164853037, 0.65872337385, 0.72501612847, 0.55289024039, 0.29886552994, 0.27906403148, 0.065602961061, 0.17829476407, 0.75994164484, 0.2691893896, 0.3659217228, 0.45274335705, 0.10890216894, 0.45174657892, 0.56847531614, 0.36896187888, 0.13115618622, 0.15775893582, 0.033429298901, 0.1079668478, 0.62045541285, 0.16860310459, 0.20571784667, 0.30336864341, 0.098183684196, 0.67363795959, 0.76085285443, 0.58866450879, 0.28136090295, 0.16511630826, 0.035028943808, 0.1089828996, 0.63026481402, 0.20936478474, 0.25625176586, 0.36337969395, 0.1176174447, 0.625518907, 0.70871929034, 0.52763740646, 0.25211774128, 0.20024951187, 0.043995710028, 0.13632145441, 0.68422242654],
      [0.18225822367, 0.23112136926, 0.32641877431, 0.092035564424, 0.61749226446, 0.72488292071, 0.53725977128, 0.22374200903, 0.16568682018, 0.03510388787, 0.10653677266, 0.62739132256, 0.23959057566, 0.29260507227, 0.40505965692, 0.13399217906, 0.59472260416, 0.67229103986, 0.48840357042, 0.23861649838, 0.17861491911, 0.038280610936, 0.11538283602, 0.64837163476, 0.23656370852, 0.29247479253, 0.40191486318, 0.12675424431, 0.58482137237, 0.66924459653, 0.48270230081, 0.22487412093, 0.15505400774, 0.032638934828, 0.10243762824, 0.6125446572, 0.20662889021, 0.25065212793, 0.35893212149, 0.12046057641, 0.63831710205, 0.71670893724, 0.53863025027, 0.26699476638, 0.22287377666, 0.050028058834, 0.15388860119, 0.71364650802, 0.17104585528, 0.22194644684],
      [0.3109622971, 0.080825270749, 0.60608036806, 0.72802549433, 0.53514910171, 0.20552822123, 0.20581215653, 0.045370804118, 0.1380733422, 0.68991989522, 0.19933263979, 0.25370918066, 0.3518921656, 0.098726842813, 0.59485520368, 0.70092001522, 0.5100344922, 0.21135326197, 0.15080888241, 0.031656421638, 0.10111238887, 0.6073479192, 0.18919072249, 0.22895980458, 0.33353781832, 0.11210971078, 0.6600003951, 0.73938377379, 0.56534979282, 0.28054237002, 0.25347501764, 0.058259714872, 0.16692013337, 0.74061322192, 0.22914039344, 0.30472010443, 0.39726202314, 0.098997469833, 0.51738458892, 0.63702018069, 0.43581784349, 0.16038930825, 0.1464221995, 0.030690349076, 0.099001506671, 0.59869516192, 0.1795819322, 0.21665581204, 0.31926072964, 0.10870079175]
    ],
    [
      [0.6739958683, 0.75265383888, 0.58173776369, 0.29260404633, 0.17618623029, 0.037711103283, 0.11563255224, 0.64727184061, 0.21776334958, 0.26907425687, 0.37595564919, 0.11770652972, 0.60605042014, 0.69321463985, 0.50841179857, 0.23502162967, 0.14527228659, 0.030218121195, 0.092618942668, 0.59047870447, 0.2455940373, 0.29425578678, 0.41152501604, 0.14735147399, 0.60913367611, 0.67552609203, 0.49585604129, 0.26216982154, 0.21460410886, 0.047823001812, 0.14828024561, 0.70393648444, 0.16899422431, 0.21752481236, 0.30724708472, 0.081878641272, 0.61640166683, 0.73465218583, 0.54447266967, 0.21418487429, 0.17326819617, 0.037051194856, 0.11481610115, 0.64330600041, 0.20670182669, 0.25496185395, 0.36019964575, 0.11317103144, 0.62002997715, 0.7079869512],
      [0.5249842531, 0.24352296815, 0.21934225969, 0.048858151096, 0.14502460072, 0.70495160009, 0.21796030668, 0.28057894014, 0.37924453514, 0.10342928061, 0.56269743363, 0.67056290877, 0.47573086414, 0.1916191193, 0.15608820745, 0.032733463641, 0.099138699747, 0.61044383037, 0.25177338548, 0.30445776995, 0.42043160607, 0.14497694229, 0.59213840708, 0.66280876641, 0.48042969419, 0.24457922734, 0.12830654957, 0.026370931465, 0.08412515937, 0.56020419265, 0.20984455101, 0.24842545417, 0.36169877991, 0.13479086699, 0.66184889942, 0.72520361436, 0.55417606072, 0.30500494036, 0.19331968869, 0.042007505516, 0.12616715286, 0.67080894295, 0.22764673798, 0.28557505246, 0.39087764484, 0.11653892174, 0.57903357333, 0.67241744203, 0.48295520229, 0.21265213532],
      [0.23440458655, 0.052995170136, 0.15661410553, 0.72288329631, 0.20943141497, 0.27375851705, 0.36816262507, 0.095417280839, 0.55616399848, 0.67324631281, 0.4752232694, 0.18169942285, 0.18005978492, 0.038782604634, 0.12052601378, 0.6545019689, 0.19703139738, 0.2447637134, 0.34674456296, 0.10575402374, 0.62290881769, 0.71645368196, 0.53272942326, 0.23974400737, 0.20647978706, 0.045493068071, 0.13645019776, 0.68874618395, 0.21660519053, 0.27538575458, 0.37639679492, 0.10695580871, 0.57691502241, 0.67912117735, 0.48715300732, 0.20429800733, 0.19585805349, 0.042882045978, 0.13333630475, 0.67808459888, 0.18168879262, 0.22941783499, 0.32530755853, 0.093126216572, 0.62245315388, 0.72770011903, 0.54135613672, 0.22878918455, 0.15037236179, 0.031431011437],
