{
  "W": [
    [43, 26, 31],
    [40, 34, 26],
    [43, 32, 25],
    [45, 30, 25],
    [44, 30, 26],
    [48, 26, 26],
    [44, 32, 24],
    [53, 23, 24],
    [38, 29, 33],
    [32, 28, 40],
    [34, 36, 30],
    [41, 27, 32],
    [41, 27, 32],
    [37, 34, 29],
    [36, 35, 29],
    [42, 32, 26],
    [38, 31, 31],
    [32, 37, 31],
    [33, 32, 35],
    [25, 43, 32],
    [28, 46, 26],
    [38, 30, 32],
    [32, 40, 28],
    [23, 48, 29],
    [25, 41, 34],
    [36, 40, 24],
    [28, 45, 27],
    [25, 44, 31],
    [34, 38, 28],
    [19, 44, 37],
    [18, 48, 34],
    [29, 39, 32],
    [22, 41, 37],
    [28, 31, 41],
    [32, 29, 39],
    [35, 23, 42],
    [25, 36, 39],
    [31, 34, 35],
    [22, 32, 46],
    [28, 28, 44],
    [30, 28, 42],
    [29, 26, 45],
    [40, 23, 37],
    [31, 34, 35],
    [29, 31, 40],
    [32, 29, 39],
    [32, 26, 42],
    [30, 27, 43],
    [37, 29, 34],
    [30, 33, 37]
  ],
  "X": [
    [30, 22, 48],
    [30, 19, 51],
    [29, 15, 56],
    [30, 20, 50],
    [34, 14, 52],
    [30, 19, 51],
    [31, 19, 50],
    [24, 14, 62],
    [34, 15, 51],
    [45, 13, 42],
    [34, 21, 45],
    [31, 20, 49],
    [28, 25, 47],
    [28, 25, 47],
    [37, 18, 45],
    [32, 18, 50],
    [36, 22, 42],
    [43, 16, 41],
    [36, 26, 38],
    [40, 27, 33],
    [40, 25, 35],
    [38, 18, 44],
    [40, 18, 42],
    [47, 21, 32],
    [40, 22, 38],
    [37, 16, 47],
    [41, 20, 39],
    [50, 19, 31],
    [41, 18, 41],
    [50, 18, 32],
    [43, 27, 30],
    [40, 22, 38],
    [41, 22, 37],
    [37, 22, 41],
    [36, 23, 41],
    [32, 27, 41],
    [41, 20, 39],
    [36, 23, 41],
    [34, 25, 41],
    [36, 25, 39],
    [24, 32, 44],
    [34, 25, 41],
    [30, 26, 44],
    [37, 22, 41],
    [32, 28, 40],
    [30, 28, 42],
    [36, 23, 41],
    [35, 25, 40],
    [31, 25, 44],
    [43, 19, 38]
  ],
  "real_prob": [
    [0.033511122775, 0.023887189925, 0.9426016873],
    [0.81497922785, 0.13823485602, 0.046785916124],
    [0.24452049872, 0.48239801792, 0.27308148336]
  ],
  "method": "exact",
  "prob": [
    [0.021299785902, 0.031007817981, 0.94769239612],
    [0.72303651783, 0.14592139367, 0.13104208851],
    [0.33204764807, 0.4664219713, 0.20153038063]
  ],
  "iterations": 98,
  "logLik": -251.2028970722,
  "time": 337.405032,
  "message": "Converged",
  "status": 0,
  "cond_prob": [
    [
      [0.024300921449, 0.72990522114, 0.32185563316, 0.039776227587, 0.16346037364, 0.51740814513, 0.93592285096, 0.10663440522, 0.16073622171, 0.013838061315, 0.6590855622, 0.27067570895, 0.024832590164, 0.16278581216, 0.47969149154, 0.96132934852, 0.17812862564, 0.24963279951, 0.01220997784, 0.66418117713, 0.28884693139, 0.017306993951, 0.12944054834, 0.40454806854, 0.97048302821, 0.20637827453, 0.30660500008, 0.021935676495, 0.71310318337, 0.30479196226, 0.038406156675, 0.17095834863, 0.52571889962, 0.93965816683, 0.11593846799, 0.16948913811, 0.021374178964, 0.76440263412, 0.38951758085, 0.02128741666, 0.10436437644, 0.38201624515, 0.95733840438, 0.13123298944, 0.22846617401, 0.028001064989, 0.75421457881, 0.34793730121, 0.041216535475, 0.1514953628],
      [0.50318180248, 0.93078239954, 0.09429005839, 0.14888089631, 0.020483710104, 0.71075602042, 0.30643850426, 0.034521195843, 0.16425928192, 0.50936543173, 0.94499509405, 0.12498469766, 0.18419606402, 0.014172427231, 0.69010895805, 0.3073481384, 0.019462769627, 0.12929385757, 0.41644643691, 0.96636480314, 0.18059718439, 0.27620542469, 0.016562764822, 0.73441758055, 0.3658334879, 0.016109612163, 0.098158907477, 0.34973413397, 0.96732762302, 0.16742351197, 0.28443237813, 0.030048720978, 0.83600632411, 0.51575659634, 0.016024078761, 0.061393459697, 0.2692053152, 0.95392720026, 0.1026002162, 0.21503808845, 0.016267508102, 0.68562583845, 0.29214581801, 0.02712977699, 0.15754713174, 0.48019636133, 0.95660271491, 0.15682702981, 0.22765782067, 0.020262016894],
      [0.72608522684, 0.33015488071, 0.029151128718, 0.1431974885, 0.4668272354, 0.95058685439, 0.13071728465, 0.20301788389, 0.020170784077, 0.68299610033, 0.27287822325, 0.042242705997, 0.19594714174, 0.5617961321, 0.93758650993, 0.12105675794, 0.16532564465, 0.013574008368, 0.61642704199, 0.22549111251, 0.034486097009, 0.21571661707, 0.56516032519, 0.95193989462, 0.16785634094, 0.20934856231, 0.02094493429, 0.74239625127, 0.35386598521, 0.026120702903, 0.12736717418, 0.4345449517, 0.95293436281, 0.13023657455, 0.2115890631, 0.018847004695, 0.71535735593, 0.31988424665, 0.027957407339, 0.14567299798, 0.46785588293, 0.95319558797, 0.13896964608, 0.21225987042, 0.031223440849, 0.76434822848, 0.35866819887, 0.044747688065, 0.15021222729, 0.50461318734]
    ],
    [
      [0.92402887109, 0.085439544231, 0.13671861379, 0.025502752376, 0.78824411286, 0.41996386285, 0.023141602723, 0.098497419397, 0.37467949017, 0.9513556449, 0.11325846775, 0.20535664698, 0.028894035542, 0.73901656764, 0.32565619036, 0.048814328292, 0.17151548284, 0.54001804902, 0.92229163617, 0.08946794952, 0.13432576062, 0.022833495744, 0.70130512952, 0.28978256366, 0.044463706832, 0.18859278416, 0.55559117532, 0.93270279742, 0.11010208632, 0.15462626102, 0.022773195642, 0.6958161189, 0.28287727126, 0.046233480472, 0.19516426555, 0.56645793582, 0.93099332389, 0.10901961555, 0.15066479291, 0.029541416938, 0.79115328699, 0.41071336083, 0.030774184176, 0.11311027683, 0.41991477176, 0.93968439889, 0.09573643618, 0.1693718674, 0.020301321835, 0.73832083829],
      [0.3506258632, 0.025378924968, 0.12725606166, 0.43205828338, 0.9543197532, 0.13442310005, 0.21731585342, 0.024977901732, 0.75205081785, 0.35610582771, 0.033322293206, 0.13868808728, 0.4681572092, 0.94169980506, 0.10926109487, 0.1757369631, 0.017353394965, 0.7045547618, 0.31410058506, 0.025558680097, 0.14333821921, 0.45541664736, 0.95708792494, 0.15210701899, 0.23048276759, 0.016725288056, 0.71290997934, 0.32839543569, 0.021717199525, 0.12764483491, 0.42134947587, 0.96155751242, 0.15944518576, 0.25025508845, 0.018423575785, 0.70996425949, 0.31613882226, 0.027589535581, 0.14694071219, 0.46722818352, 0.95398688863, 0.14309502832, 0.21663299421, 0.036493945457, 0.8104113028, 0.43321142065, 0.036438829982, 0.11158805424, 0.42513402786, 0.92706722456],
      [0.078000642953, 0.14165455148, 0.026556392132, 0.77210712488, 0.38417899722, 0.030782265945, 0.12315667442, 0.43833747607, 0.94266134192, 0.1047362007, 0.17748352671, 0.023262000912, 0.77893868905, 0.41310053147, 0.020730995314, 0.09596369614, 0.36172185024, 0.95600700377, 0.12509761481, 0.22517761829, 0.018752911083, 0.68694030261, 0.28497979634, 0.035046522137, 0.1777705185, 0.52459346216, 0.94620056678, 0.13528917889, 0.1904267415, 0.022411841589, 0.73380225104, 0.3353677751, 0.032530691341, 0.14684754239, 0.47904861868, 0.94505746707, 0.11935020657, 0.18558360622, 0.016426022547, 0.70374571638, 0.31851494953, 0.022669777554, 0.13422546723, 0.43237893885, 0.9609041999, 0.16202881639, 0.24910611162, 0.018496606279, 0.72610126602, 0.34080379945]
    ],
    [
      [0.023481536284, 0.12696859387, 0.42454855059, 0.95802185744, 0.14693014011, 0.23464764996, 0.023123807804, 0.74491318598, 0.35019373736, 0.031088347802, 0.13769299679, 0.46184810163, 0.94578784439, 0.11739381723, 0.18795816102, 0.027116150307, 0.74159609762, 0.33319582129, 0.043089571952, 0.16157912552, 0.5184653594, 0.92979427774, 0.096824776865, 0.14833881931, 0.018623555552, 0.7371429296, 0.35890424733, 0.020839806937, 0.11380373402, 0.39441206158, 0.96053663751, 0.14905333638, 0.24668369109, 0.019742271659, 0.71462007746, 0.31688305557, 0.030552119731, 0.15228281653, 0.48215052932, 0.94970560861, 0.13309710601, 0.2009664151, 0.012521927252, 0.65518564093, 0.27736037154, 0.019953169524, 0.14404255371, 0.43373192504, 0.96752490322, 0.20077180536],
