{
  "W": [
    [38, 32, 30],
    [46, 28, 26],
    [29, 35, 36],
    [40, 38, 22],
    [41, 26, 33],
    [38, 33, 29],
    [43, 27, 30],
    [44, 22, 34],
    [44, 27, 29],
    [40, 26, 34],
    [42, 28, 30],
    [39, 27, 34],
    [36, 40, 24],
    [45, 24, 31],
    [43, 34, 23],
    [44, 17, 39],
    [44, 29, 27],
    [26, 43, 31],
    [29, 43, 28],
    [23, 42, 35],
    [23, 53, 24],
    [33, 38, 29],
    [34, 39, 27],
    [27, 43, 30],
    [28, 41, 31],
    [26, 43, 31],
    [29, 37, 34],
    [35, 45, 20],
    [31, 40, 29],
    [29, 39, 32],
    [28, 37, 35],
    [35, 36, 29],
    [27, 44, 29],
    [32, 27, 41],
    [26, 27, 47],
    [31, 20, 49],
    [25, 32, 43],
    [38, 28, 34],
    [24, 29, 47],
    [27, 30, 43],
    [30, 30, 40],
    [35, 35, 30],
    [30, 32, 38],
    [19, 45, 36],
    [39, 28, 33],
    [26, 30, 44],
    [31, 23, 46],
    [26, 41, 33],
    [39, 25, 36],
    [30, 29, 41]
  ],
  "X": [
    [43, 40, 17],
    [48, 30, 22],
    [48, 35, 17],
    [61, 32, 7],
    [57, 31, 12],
    [52, 33, 15],
    [59, 31, 10],
    [54, 26, 20],
    [50, 36, 14],
    [59, 26, 15],
    [47, 35, 18],
    [48, 32, 20],
    [62, 27, 11],
    [48, 38, 14],
    [53, 34, 13],
    [44, 42, 14],
    [52, 35, 13],
    [57, 33, 10],
    [49, 40, 11],
    [51, 30, 19],
    [60, 26, 14],
    [62, 29, 9],
    [48, 39, 13],
    [55, 31, 14],
    [48, 39, 13],
    [60, 30, 10],
    [47, 37, 16],
    [59, 26, 15],
    [52, 29, 19],
    [60, 26, 14],
    [58, 33, 9],
    [56, 34, 10],
    [57, 28, 15],
    [41, 42, 17],
    [46, 37, 17],
    [45, 32, 23],
    [53, 27, 20],
    [56, 25, 19],
    [38, 48, 14],
    [44, 36, 20],
    [44, 32, 24],
    [49, 35, 16],
    [56, 29, 15],
    [51, 38, 11],
    [54, 32, 14],
    [50, 28, 22],
    [44, 35, 21],
    [56, 28, 16],
    [43, 39, 18],
    [47, 37, 16]
  ],
  "real_prob": [
    [0.5675324713, 0.29369707986, 0.13877044883],
    [0.71348451512, 0.25146668606, 0.03504879882],
    [0.23172849212, 0.49190904506, 0.27636246282]
  ],
  "method": "exact",
  "prob": [
    [0.55694584976, 0.33074079595, 0.11231335428],
    [0.74452671882, 0.2233253155, 0.032147965674],
    [0.24696592327, 0.4377981946, 0.31523588213]
  ],
  "iterations": 85,
  "logLik": -278.4758834356,
  "time": 181.057833,
  "message": "Converged",
  "status": 0,
  "cond_prob": [
    [
      [0.44596958379, 0.6521807742, 0.17277903472, 0.41537835326, 0.30453942085, 0.48234537031, 0.13865206296, 0.043279804949, 0.34487559498, 0.49982027009, 0.71723722271, 0.18944712846, 0.31353790769, 0.22559665827, 0.35617499287, 0.18664182221, 0.057166119027, 0.45437787867, 0.51963740309, 0.71717474203, 0.21748331498, 0.35551144621, 0.24601277822, 0.44665891173, 0.1248511507, 0.036812479752, 0.33585777329, 0.61516196089, 0.77679465582, 0.31251475651, 0.32763926589, 0.20774927672, 0.49999803858, 0.057198773221, 0.015456067453, 0.18748720491, 0.63197760185, 0.7956271059, 0.31523071427, 0.2900162411, 0.18333696122, 0.43462342798, 0.078006157058, 0.021035932878, 0.25014585775, 0.54660191102, 0.73824737862, 0.23679185817, 0.33651682715, 0.22801238237],
      [0.43751558448, 0.11688126183, 0.033740239013, 0.32569255735, 0.64091665567, 0.79919089452, 0.32874765513, 0.29206069811, 0.18290495179, 0.45009854276, 0.06702264621, 0.017904153696, 0.22115380211, 0.6149151792, 0.79938133519, 0.27521596297, 0.24986868568, 0.16300432019, 0.33587302311, 0.13521613512, 0.037614344621, 0.38891101391, 0.53632445234, 0.7260082535, 0.23446556043, 0.35863970726, 0.24358943386, 0.47044614367, 0.10503584041, 0.030402312635, 0.2950882959, 0.66087023854, 0.82256767978, 0.328777376, 0.24279675189, 0.1517469323, 0.36302087308, 0.096333009565, 0.025685387918, 0.30820175093, 0.50287485978, 0.70650158187, 0.20324038656, 0.35681044631, 0.25138909544, 0.43250221943, 0.14031469391, 0.042109322692, 0.36425739401, 0.53208257454],
      [0.73434188555, 0.21828084363, 0.32146382201, 0.22246985234, 0.39577132142, 0.14645360345, 0.043188262115, 0.38594783495, 0.63053179188, 0.7980384231, 0.30747160701, 0.27956658518, 0.17762332973, 0.40961123935, 0.089901622946, 0.02433824717, 0.28291715363, 0.52645655394, 0.71625343552, 0.2296571813, 0.37269926232, 0.25440565933, 0.48783217328, 0.10084418374, 0.029340905143, 0.28251064543, 0.53463000545, 0.72629930453, 0.23116232224, 0.35414481201, 0.24141336894, 0.45929211043, 0.11122518254, 0.032287326528, 0.30954556733, 0.52151689195, 0.70824720046, 0.23110395759, 0.39085486196, 0.26628889469, 0.51988397087, 0.087628246085, 0.025463904851, 0.24901207153, 0.54802919706, 0.73468815756, 0.24373180593, 0.35160901084, 0.23654147725, 0.46924076603]
    ],
    [
      [0.1003617921, 0.028770365191, 0.28702742805, 0.59111849842, 0.76289189496, 0.28472798574, 0.3342905948, 0.2165156434, 0.48381522159, 0.074590906786, 0.020592461646, 0.23145679267, 0.48558201273, 0.67733968647, 0.20687553975, 0.42164306217, 0.29502100929, 0.53880170706, 0.092774925105, 0.027639304246, 0.25432275319, 0.5355722444, 0.73817581933, 0.21938439906, 0.31556980124, 0.21802545612, 0.38813786898, 0.14885795437, 0.043798724551, 0.39247773195, 0.57697547359, 0.7684502589, 0.25007084941, 0.29005390692, 0.19375827695, 0.37748214427, 0.13297061949, 0.03779146415, 0.37244700632, 0.65172432098, 0.80643036548, 0.3396118455, 0.28420007494, 0.17659074153, 0.44520514996, 0.06407560408, 0.016978892994, 0.21518300454, 0.479035445, 0.67616303948],
      [0.19786801224, 0.41030530268, 0.2904835337, 0.50817636647, 0.11065925232, 0.033353426825, 0.29395562129, 0.56356234985, 0.75124183408, 0.24934725629, 0.32422370652, 0.21679684053, 0.43078985938, 0.11221394364, 0.03196132539, 0.31986288433, 0.48787722316, 0.68283446993, 0.20462014466, 0.40717308444, 0.28579499652, 0.51230834769, 0.1049496924, 0.031370533553, 0.28307150765, 0.6268248521, 0.79023482907, 0.3136276192, 0.3004852078, 0.1901531693, 0.45196123604, 0.072689940102, 0.019612001625, 0.23441114476, 0.49535724507, 0.69480886836, 0.20372681658, 0.38152778125, 0.26831194161, 0.47082801482, 0.12311497368, 0.036879190025, 0.3254451686, 0.56684898022, 0.76404052058, 0.23892311331, 0.28660187832, 0.19380196697, 0.36239228726, 0.14654914146],
      [0.042157512448, 0.39868459944, 0.52916033588, 0.73625060633, 0.21193121843, 0.30933013926, 0.2157895227, 0.37169602672, 0.16150952485, 0.047959870973, 0.41637275485, 0.64012153287, 0.80843974718, 0.30960391896, 0.25935417724, 0.16439418166, 0.37710486798, 0.10052428989, 0.027166071153, 0.31329121307, 0.62806780971, 0.78711206488, 0.32259871222, 0.31333422793, 0.19715895535, 0.48376457914, 0.058597962355, 0.015728979775, 0.19363670864, 0.58630114668, 0.7589162664, 0.28132669917, 0.33937816857, 0.22050030915, 0.48909493001, 0.074320684745, 0.020583424448, 0.22957837082, 0.58151139593, 0.76914030439, 0.25713858333, 0.2956449977, 0.19614752543, 0.39265841183, 0.12284360637, 0.034712170173, 0.35020300484, 0.47054573952, 0.66956686758, 0.19181051002]
    ],
    [
      [0.41414709163, 0.29537997215, 0.50663497121, 0.11530716885, 0.035053160271, 0.30155451877, 0.55380768756, 0.73984014652, 0.2473471525, 0.34526369078, 0.23131360067, 0.46335482599, 0.10092862166, 0.028846252812, 0.28929802151, 0.57026310107, 0.76300628296, 0.24615751444, 0.29635016407, 0.19881494206, 0.38442543005, 0.13338673485, 0.038178774982, 0.36941705551, 0.61652004691, 0.79773896673, 0.280450044, 0.25817572173, 0.16757058688, 0.35310112038, 0.12530423136, 0.034690446392, 0.36644883562, 0.62531429102, 0.80617937934, 0.28426571528, 0.24377838823, 0.15771042247, 0.33295674759, 0.13090732075, 0.036110198191, 0.38277753713, 0.44696697962, 0.6397772018, 0.18551603483, 0.46439859716, 0.33311569717, 0.57859741384, 0.088634423222, 0.02710710103],
