{
  "W": [
    [32, 34, 34],
    [39, 31, 30],
    [41, 32, 27],
    [39, 33, 28],
    [40, 34, 26],
    [40, 36, 24],
    [35, 32, 33],
    [40, 35, 25],
    [48, 29, 23],
    [36, 30, 34],
    [40, 33, 27],
    [48, 26, 26],
    [33, 41, 26],
    [42, 29, 29],
    [38, 23, 39],
    [35, 33, 32],
    [33, 35, 32],
    [30, 44, 26],
    [35, 40, 25],
    [24, 41, 35],
    [25, 42, 33],
    [34, 36, 30],
    [29, 32, 39],
    [26, 40, 34],
    [26, 46, 28],
    [41, 32, 27],
    [28, 41, 31],
    [27, 39, 34],
    [25, 45, 30],
    [23, 48, 29],
    [29, 33, 38],
    [21, 43, 36],
    [36, 37, 27],
    [34, 31, 35],
    [31, 30, 39],
    [33, 27, 40],
    [25, 37, 38],
    [29, 28, 43],
    [28, 26, 46],
    [34, 19, 47],
    [25, 39, 36],
    [30, 25, 45],
    [35, 22, 43],
    [27, 30, 43],
    [39, 25, 36],
    [33, 36, 31],
    [33, 28, 39],
    [35, 35, 30],
    [39, 25, 36],
    [39, 19, 42]
  ],
  "X": [
    [46, 26, 28],
    [44, 25, 31],
    [34, 28, 38],
    [44, 27, 29],
    [38, 27, 35],
    [35, 34, 31],
    [44, 29, 27],
    [39, 23, 38],
    [37, 21, 42],
    [41, 24, 35],
    [46, 25, 29],
    [40, 24, 36],
    [26, 33, 41],
    [37, 21, 42],
    [48, 26, 26],
    [33, 28, 39],
    [29, 35, 36],
    [29, 33, 38],
    [44, 19, 37],
    [44, 30, 26],
    [42, 34, 24],
    [37, 29, 34],
    [37, 37, 26],
    [43, 25, 32],
    [26, 29, 45],
    [38, 19, 43],
    [39, 31, 30],
    [41, 31, 28],
    [44, 23, 33],
    [43, 25, 32],
    [46, 27, 27],
    [44, 23, 33],
    [41, 23, 36],
    [38, 35, 27],
    [43, 29, 28],
    [40, 29, 31],
    [33, 39, 28],
    [40, 25, 35],
    [46, 25, 29],
    [45, 29, 26],
    [33, 34, 33],
    [39, 26, 35],
    [42, 31, 27],
    [50, 23, 27],
    [38, 25, 37],
    [39, 33, 28],
    [41, 28, 31],
    [42, 17, 41],
    [43, 26, 31],
    [35, 28, 37]
  ],
  "real_prob": [
    [0.3800569513, 0.0601036271, 0.5598394216],
    [0.3154064721, 0.33400452462, 0.35058900327],
    [0.52630632119, 0.43051744619, 0.043176232619]
  ],
  "method": "exact",
  "prob": [
    [0.35488027895, 0.15111825104, 0.49400147001],
    [0.30368482587, 0.3279665487, 0.36834862543],
    [0.53311642873, 0.3465580065, 0.12032556477]
  ],
  "iterations": 84,
  "logLik": -288.8825450906,
  "time": 359.138356,
  "message": "Converged",
  "status": 0,
  "cond_prob": [
    [
      [0.42334727393, 0.36235847835, 0.59213820501, 0.14563798421, 0.3169707853, 0.31066405309, 0.43101474186, 0.32067073635, 0.097197741901, 0.4056596203, 0.34801046921, 0.5796983421, 0.14530850038, 0.31707436039, 0.31678877711, 0.44903187932, 0.3349151704, 0.1035128808, 0.30774428353, 0.26126297746, 0.48229885543, 0.16032562863, 0.34614882622, 0.38332914025, 0.53193008784, 0.39258819631, 0.13437200432, 0.41975353839, 0.35153608789, 0.57246146795, 0.16112818048, 0.3432814041, 0.33527552235, 0.41911828113, 0.30518250801, 0.0922630097, 0.35305551181, 0.29984097356, 0.52627640102, 0.15646065127, 0.33796913465, 0.35579320658, 0.49048383693, 0.36218989179, 0.11793039239, 0.34685170238, 0.27388253659, 0.46942335782, 0.21002009962, 0.42191440132],
      [0.43376156533, 0.443128198, 0.3042030621, 0.096815076852, 0.4153375388, 0.34359113284, 0.55964454216, 0.17042187564, 0.35857554895, 0.3503277814, 0.41424058556, 0.29783331821, 0.090027676442, 0.35302881401, 0.31221739149, 0.5580495495, 0.12849872151, 0.2890072551, 0.30979188845, 0.51847246448, 0.39877535341, 0.13215856206, 0.33042105034, 0.29577061462, 0.54619312, 0.12205352108, 0.27794715261, 0.30786798097, 0.54752542858, 0.42628223277, 0.14593889903, 0.35311338461, 0.31185167015, 0.5568343544, 0.12964401338, 0.29107419973, 0.31178204489, 0.51724260201, 0.39707413012, 0.13138360071, 0.43852585908, 0.37271040238, 0.59850082809, 0.14918546025, 0.32257738832, 0.31064917686, 0.41228868067, 0.3047122093, 0.09084999505, 0.36585308345],
      [0.31490032263, 0.5481401387, 0.14598231437, 0.31972334986, 0.33384776206, 0.48816460218, 0.36537632751, 0.11801209924, 0.2350595431, 0.19647441561, 0.3918301553, 0.17724818358, 0.37657066722, 0.4504389456, 0.58769227333, 0.42695491717, 0.15773089909, 0.3118539027, 0.2836640225, 0.54054756669, 0.11306320123, 0.26147988793, 0.29891133787, 0.57508289607, 0.45485608957, 0.16054109544, 0.4351671414, 0.36722277763, 0.59019294209, 0.15468320082, 0.33203140525, 0.32013630893, 0.41014965779, 0.30074581712, 0.089670748983, 0.28213648209, 0.24454103933, 0.4704802759, 0.14809681825, 0.3262539135, 0.37656975674, 0.56976669965, 0.42920504716, 0.15294996737, 0.26038779963, 0.2124791827, 0.40532597555, 0.19276804914, 0.39984703577, 0.45762525395]
    ],
    [
      [0.54684415123, 0.38767378153, 0.1370487705, 0.26834097437, 0.22350795384, 0.42751618461, 0.17713905618, 0.37502340639, 0.43018455513, 0.55451996945, 0.40146863977, 0.14229926026, 0.39489824023, 0.36245546367, 0.62721372182, 0.10060059942, 0.23474987888, 0.2435593546, 0.50450116035, 0.40279465745, 0.12922692358, 0.41441272991, 0.34655281272, 0.56701226173, 0.16290185288, 0.34628425853, 0.33979145518, 0.42268541721, 0.30716292875, 0.093196283093, 0.41416216556, 0.33215205493, 0.53622907739, 0.19340301053, 0.3943773683, 0.3818507657, 0.39243482391, 0.27347057677, 0.081920156907, 0.33739167365, 0.28535212826, 0.50853354928, 0.16078247139, 0.34573196429, 0.36956817527, 0.50182585495, 0.36891590745, 0.12189827545, 0.3473022779, 0.27294619913],
      [0.46651168125, 0.21405453406, 0.42771285974, 0.43860530771, 0.43864318804, 0.29934094113, 0.094883011041, 0.37973055954, 0.33502612168, 0.58017531132, 0.12830273203, 0.28766598762, 0.29874969007, 0.49196670843, 0.3773078907, 0.12107499861, 0.21778892006, 0.19293192103, 0.4093792754, 0.13832198133, 0.31122470753, 0.39597471211, 0.64388909861, 0.49584337144, 0.19464601249, 0.32160955067, 0.29780057416, 0.56608852035, 0.10063471088, 0.23691099497, 0.27010463018, 0.57775573845, 0.46528843086, 0.16380684948, 0.36671676231, 0.30513291263, 0.5232735883, 0.17017332789, 0.35996080954, 0.37021785898, 0.46310990981, 0.33490627783, 0.10650855272, 0.38353550676, 0.31839663842, 0.53609036526, 0.17054936032, 0.3599257793, 0.3634724082, 0.44591513291],
      [0.32167758228, 0.10043722654, 0.39485164622, 0.35397103845, 0.60666707048, 0.11631188001, 0.26496844444, 0.27228743333, 0.48883647378, 0.38106051711, 0.12104549619, 0.39458733959, 0.34825663911, 0.59338525905, 0.12684042397, 0.28447655611, 0.29061363984, 0.47857223644, 0.36726680479, 0.11600110111, 0.41644441919, 0.35534139487, 0.58412752138, 0.14846196729, 0.32205243114, 0.31754928213, 0.43509361352, 0.32260617399, 0.098323196485, 0.37461501645, 0.33949691729, 0.59818658919, 0.11081446252, 0.25510573134, 0.26953749554, 0.51457052103, 0.40539735137, 0.13227591527, 0.36987191668, 0.32804585467, 0.57581164359, 0.12532120094, 0.28260811544, 0.29747912944, 0.50480688238, 0.38934602989, 0.12670922698, 0.36120336899, 0.2853327098, 0.48210775572]
    ],
    [
      [0.20888346857, 0.41964792375, 0.42539646949, 0.42991316244, 0.29501936644, 0.092495774785, 0.38549315397, 0.32401172103, 0.54690668195, 0.16156416289, 0.34524210801, 0.34959609513, 0.45294268314, 0.33074617096, 0.10349722292, 0.34538032963, 0.29273965634, 0.51746196003, 0.1588315059, 0.34221731683, 0.36296731877, 0.49578816447, 0.36504302683, 0.1195707212, 0.30754056257, 0.24193607977, 0.43052239433, 0.21654713096, 0.43299220619, 0.46225289729, 0.47591230648, 0.32507171404, 0.10722470839, 0.31629411326, 0.28338597834, 0.53238751911, 0.12311447822, 0.28022501285, 0.31589255283, 0.56059140852, 0.4363890088, 0.15171992806, 0.38029901677, 0.33499164381, 0.57917053894, 0.12952208293, 0.28993423189, 0.30076286193, 0.49017890029, 0.3750741243],
