{
  "W": [
    [42, 26, 32],
    [34, 35, 31],
    [36, 33, 31],
    [44, 22, 34],
    [32, 33, 35],
    [43, 24, 33],
    [44, 30, 26],
    [34, 36, 30],
    [40, 29, 31],
    [46, 31, 23],
    [36, 34, 30],
    [34, 37, 29],
    [36, 30, 34],
    [36, 32, 32],
    [44, 24, 32],
    [35, 32, 33],
    [45, 29, 26],
    [35, 44, 21],
    [31, 32, 37],
    [32, 46, 22],
    [25, 46, 29],
    [29, 36, 35],
    [22, 46, 32],
    [39, 25, 36],
    [28, 43, 29],
    [34, 31, 35],
    [34, 33, 33],
    [26, 42, 32],
    [26, 46, 28],
    [27, 44, 29],
    [37, 36, 27],
    [31, 47, 22],
    [26, 37, 37],
    [30, 37, 33],
    [27, 28, 45],
    [30, 34, 36],
    [22, 31, 47],
    [36, 33, 31],
    [33, 31, 36],
    [25, 32, 43],
    [26, 27, 47],
    [31, 25, 44],
    [32, 32, 36],
    [33, 26, 41],
    [24, 39, 37],
    [37, 27, 36],
    [37, 28, 35],
    [31, 27, 42],
    [38, 26, 36],
    [32, 33, 35]
  ],
  "X": [
    [23, 53, 24],
    [39, 33, 28],
    [41, 30, 29],
    [37, 38, 25],
    [31, 43, 26],
    [32, 36, 32],
    [33, 45, 22],
    [30, 42, 28],
    [40, 35, 25],
    [31, 45, 24],
    [33, 33, 34],
    [22, 51, 27],
    [29, 49, 22],
    [37, 37, 26],
    [31, 48, 21],
    [27, 38, 35],
    [30, 42, 28],
    [38, 30, 32],
    [41, 31, 28],
    [39, 37, 24],
    [32, 34, 34],
    [27, 36, 37],
    [26, 37, 37],
    [37, 42, 21],
    [30, 38, 32],
    [44, 32, 24],
    [45, 31, 24],
    [36, 36, 28],
    [40, 38, 22],
    [33, 30, 37],
    [27, 45, 28],
    [37, 34, 29],
    [25, 48, 27],
    [36, 36, 28],
    [36, 39, 25],
    [34, 39, 27],
    [26, 45, 29],
    [24, 42, 34],
    [31, 38, 31],
    [33, 38, 29],
    [23, 47, 30],
    [32, 40, 28],
    [30, 39, 31],
    [32, 41, 27],
    [35, 37, 28],
    [43, 34, 23],
    [37, 38, 25],
    [34, 48, 18],
    [32, 43, 25],
    [37, 36, 27]
  ],
  "real_prob": [
    [0.40510513668, 0.54895546726, 0.045939396052],
    [0.3873987727, 0.22942341377, 0.38317781352],
    [0.19396419948, 0.39304531781, 0.41299048271]
  ],
  "method": "exact",
  "prob": [
    [0.37630748841, 0.46984426119, 0.1538482504],
    [0.33270124186, 0.23090554616, 0.43639321198],
    [0.28576377349, 0.47349944247, 0.24073678404]
  ],
  "iterations": 74,
  "logLik": -293.4298050817,
  "time": 318.250002,
  "message": "Converged",
  "status": 0,
  "cond_prob": [
    [
      [0.25356254889, 0.2434324897, 0.1881602567, 0.60645293496, 0.32310698262, 0.59775609949, 0.13998451615, 0.43346052767, 0.21408364381, 0.44378044798, 0.38007831994, 0.34221688939, 0.40049244414, 0.1903928834, 0.41030664452, 0.15572710789, 0.42952879666, 0.24747646609, 0.47045683013, 0.38839830258, 0.36278742356, 0.36194059566, 0.16590379894, 0.37081655455, 0.16760257421, 0.44569789848, 0.26639602189, 0.41591472289, 0.35831921599, 0.3181391012, 0.42659687952, 0.20412405284, 0.43350023938, 0.15748839759, 0.43755673116, 0.24836065942, 0.3483908127, 0.32100886752, 0.26452003901, 0.51083629536, 0.26119922612, 0.51524754533, 0.14077289194, 0.41779190636, 0.22023241566, 0.371730998, 0.29123670011, 0.27351170555, 0.42006607118, 0.18282327522],
      [0.41058788891, 0.20820293082, 0.52594002466, 0.31590040553, 0.35591987829, 0.34108233627, 0.2733482795, 0.52035877489, 0.27672772393, 0.53086085334, 0.12372134682, 0.38218993979, 0.19579086716, 0.3367861072, 0.303997007, 0.2535126701, 0.51201962601, 0.25644291639, 0.51197959085, 0.15119426679, 0.4395600766, 0.23450773904, 0.44731376071, 0.39121672203, 0.34716660105, 0.40676140185, 0.19751356473, 0.41940808222, 0.14592483744, 0.41126971324, 0.23342531673, 0.3353728072, 0.31361783384, 0.25437817478, 0.5278013765, 0.27389352099, 0.53175815349, 0.1368258163, 0.41248864517, 0.21386367173, 0.38783543156, 0.30628804724, 0.28747102859, 0.41020406965, 0.1798557617, 0.40391858649, 0.20196049879, 0.51385619106, 0.30861038492, 0.24112185396],
      [0.23315757542, 0.17844919568, 0.61930491777, 0.3321568511, 0.60875273465, 0.13957322826, 0.43468557347, 0.21279806967, 0.31684702227, 0.31263862594, 0.24159848294, 0.56410555126, 0.30884341069, 0.57137934806, 0.11904742647, 0.37851796337, 0.187022169, 0.41587574967, 0.36819660507, 0.32019317655, 0.43809057222, 0.21529573855, 0.44810236771, 0.14603367811, 0.41650765638, 0.23170445574, 0.33844883867, 0.32624057169, 0.25870241806, 0.53731382856, 0.28748429448, 0.54558026487, 0.12423733277, 0.38627513383, 0.19571731706, 0.32000831639, 0.25419432946, 0.23228758738, 0.46952527786, 0.20706690003, 0.45274165073, 0.21046640574, 0.53873877051, 0.31497076189, 0.33523607381, 0.29031987895, 0.24981154573, 0.49600146424, 0.23844952888, 0.4909576066]
    ],
    [
      [0.16876246195, 0.47123059217, 0.25923084767, 0.4347801216, 0.35965249017, 0.33133267506, 0.39239271409, 0.1800866688, 0.39725912284, 0.17282716431, 0.46026084103, 0.2714082021, 0.47315188939, 0.39847018224, 0.36706069182, 0.36860780143, 0.17236026984, 0.379935933, 0.15824030918, 0.42916954793, 0.25300337518, 0.41848094411, 0.39973419539, 0.32821985456, 0.46662398559, 0.24720687774, 0.4862052766, 0.1148950703, 0.35305892687, 0.18557486884, 0.37424151458, 0.31532821241, 0.28065049534, 0.45098344587, 0.21078049999, 0.44929347771, 0.17477503954, 0.4738912876, 0.27005602695, 0.32653175686, 0.2566579979, 0.23688260362, 0.45896385266, 0.2002513835, 0.44231424191, 0.21450439049, 0.5430906186, 0.32080315447, 0.3107762279, 0.25837447381],
      [0.22742803721, 0.4978457752, 0.22957213172, 0.4839710902, 0.1913779969, 0.51205339447, 0.28860087259, 0.40834642233, 0.38480303688, 0.31817815576, 0.47009233973, 0.2459228808, 0.48662018696, 0.12156123794, 0.36927408233, 0.19520165728, 0.34442117111, 0.29961200885, 0.25768589063, 0.48986616378, 0.23638781628, 0.48686452807, 0.1657126651, 0.46400017487, 0.2554495813, 0.49397312165, 0.43645867477, 0.39070556989, 0.3721455333, 0.18255446501, 0.39108181293, 0.13388134505, 0.38098686022, 0.21821261718, 0.5034438628, 0.44529137051, 0.3996452557, 0.36466682561, 0.1790561395, 0.38462046442, 0.13188931159, 0.37565248999, 0.21573427988, 0.4071459084, 0.36612243701, 0.31365825085, 0.45166573065, 0.22532951147, 0.46227661004, 0.14118836096],
      [0.40854805152, 0.22406513911, 0.42760345714, 0.42162290204, 0.33884487931, 0.47126321166, 0.25771815327, 0.4961471945, 0.1011333312, 0.32065894469, 0.16500792618, 0.3967762778, 0.31229143433, 0.29469715135, 0.40090338783, 0.17508409986, 0.39558303914, 0.20232033438, 0.51262446582, 0.30971980952, 0.29972610011, 0.27430719836, 0.22352130204, 0.54861677964, 0.27856471839, 0.54343886263, 0.15165712024, 0.44712808325, 0.23303983533, 0.4121303972, 0.36688271505, 0.31729409452, 0.44324282301, 0.21884961561, 0.45334275242, 0.14462677979, 0.41426766935, 0.22936315306, 0.28058696569, 0.26856199899, 0.20994445756, 0.58238636096, 0.30920918332, 0.57884364412, 0.13702667336, 0.4222288177, 0.21121189832, 0.40965466651, 0.36053267298, 0.31426215468]
    ],
    [
      [0.44061601826, 0.21520022257, 0.44906397627, 0.14972931523, 0.42426710444, 0.23667386905, 0.41379802235, 0.37290485437, 0.31969149943, 0.44724932444, 0.22376658745, 0.4590845287, 0.13895265321, 0.40332855818, 0.22122397187, 0.38652062104, 0.34618819821, 0.29538840638, 0.46734054652, 0.23230500809, 0.4744837036, 0.14613883244, 0.4215067937, 0.23012789002, 0.30633634749, 0.27557348815, 0.2280387707, 0.53597848545, 0.26759510038, 0.53006436613, 0.15768516706, 0.45683141147, 0.24189686317, 0.28037736304, 0.2309679607, 0.20272491055, 0.51940325764, 0.23749384191, 0.49884470781, 0.20021937932, 0.53153819739, 0.29843038163, 0.3616738817, 0.30201703888, 0.26950649163, 0.45777953246, 0.2122276538, 0.45317272669, 0.18054658584, 0.48575530732],
