{
  "W": [
    [43, 26, 31],
    [39, 34, 27],
    [45, 29, 26],
    [42, 27, 31],
    [36, 34, 30],
    [41, 23, 36],
    [33, 29, 38],
    [35, 42, 23],
    [42, 31, 27],
    [37, 33, 30],
    [45, 29, 26],
    [44, 30, 26],
    [35, 39, 26],
    [40, 28, 32],
    [35, 39, 26],
    [44, 28, 28],
    [39, 26, 35],
    [35, 39, 26],
    [35, 36, 29],
    [26, 41, 33],
    [31, 40, 29],
    [37, 38, 25],
    [25, 37, 38],
    [37, 34, 29],
    [36, 31, 33],
    [25, 46, 29],
    [24, 47, 29],
    [30, 39, 31],
    [27, 37, 36],
    [35, 38, 27],
    [31, 32, 37],
    [29, 38, 33],
    [37, 42, 21],
    [21, 41, 38],
    [33, 28, 39],
    [25, 36, 39],
    [28, 28, 44],
    [24, 33, 43],
    [31, 32, 37],
    [33, 27, 40],
    [24, 35, 41],
    [23, 29, 48],
    [26, 30, 44],
    [34, 22, 44],
    [31, 31, 38],
    [32, 39, 29],
    [31, 32, 37],
    [29, 31, 40],
    [38, 24, 38],
    [29, 27, 44]
  ],
  "X": [
    [17, 25, 58],
    [14, 28, 58],
    [11, 33, 56],
    [16, 23, 61],
    [25, 29, 46],
    [15, 36, 49],
    [14, 37, 49],
    [18, 26, 56],
    [9, 30, 61],
    [21, 24, 55],
    [19, 35, 46],
    [11, 30, 59],
    [15, 23, 62],
    [17, 26, 57],
    [15, 25, 60],
    [14, 28, 58],
    [16, 37, 47],
    [13, 33, 54],
    [15, 30, 55],
    [23, 23, 54],
    [20, 19, 61],
    [16, 31, 53],
    [13, 27, 60],
    [19, 28, 53],
    [19, 29, 52],
    [11, 30, 59],
    [15, 28, 57],
    [18, 32, 50],
    [20, 27, 53],
    [18, 25, 57],
    [15, 30, 55],
    [16, 28, 56],
    [18, 32, 50],
    [20, 30, 50],
    [15, 29, 56],
    [19, 28, 53],
    [17, 38, 45],
    [10, 31, 59],
    [16, 29, 55],
    [18, 27, 55],
    [12, 35, 53],
    [13, 28, 59],
    [16, 32, 52],
    [23, 26, 51],
    [12, 31, 57],
    [16, 25, 59],
    [15, 24, 61],
    [24, 29, 47],
    [23, 28, 49],
    [11, 37, 52]
  ],
  "real_prob": [
    [0.23523420954, 0.22108643616, 0.5436793543],
    [0.084711995288, 0.23315635915, 0.68213164556],
    [0.16060032108, 0.406962188, 0.43243749092]
  ],
  "method": "exact",
  "prob": [
    [0.1580907678, 0.29366434782, 0.54824488438],
    [0.16249284048, 0.21372934344, 0.62377781608],
    [0.16901988295, 0.36505085034, 0.4659292667]
  ],
  "iterations": 52,
  "logLik": -272.9947051204,
  "time": 108.08898,
  "message": "Converged",
  "status": 0,
  "cond_prob": [
    [
      [0.16515675865, 0.16674420537, 0.17944871092, 0.24800302841, 0.17765803138, 0.31344390201, 0.58684021293, 0.65559776325, 0.50710738707, 0.13614330365, 0.13921110874, 0.14656420224, 0.2872453997, 0.20837370203, 0.35973050157, 0.57661129665, 0.65241518922, 0.49370529619, 0.107017733, 0.1112263819, 0.11379372845, 0.33488445304, 0.24691872132, 0.41421371904, 0.55809781396, 0.64185489677, 0.47199255251, 0.15527482902, 0.15537541657, 0.17042970754, 0.22828738238, 0.16208657434, 0.29147072365, 0.6164377886, 0.68253800909, 0.53809956881, 0.24330612341, 0.25274622016, 0.25492026906, 0.29707616037, 0.21892515382, 0.3620600999, 0.45961771622, 0.52832862603, 0.38301963104, 0.1457943163, 0.15331968581, 0.15266889606, 0.35292026469, 0.26330972152],
      [0.42983737647, 0.50128541901, 0.58337059267, 0.41749372748, 0.1355198282, 0.14318121511, 0.14146290609, 0.3667938396, 0.27492636102, 0.44534049535, 0.4976863322, 0.58189242387, 0.41319659856, 0.17545086467, 0.17937272051, 0.18806806414, 0.27617999135, 0.20029045728, 0.34441309117, 0.54836914398, 0.62033682221, 0.46751884469, 0.087435378124, 0.089562718864, 0.094491475333, 0.30465690716, 0.22139816653, 0.38300247174, 0.60790771472, 0.6890391146, 0.52250605293, 0.2043399867, 0.20684995882, 0.22044572837, 0.24402861566, 0.17525886566, 0.30624662179, 0.55163139764, 0.61789117552, 0.47330764984, 0.18511235456, 0.19585015215, 0.19193421664, 0.35669696477, 0.26771276494, 0.43019101547, 0.45819068067, 0.53643708292, 0.37787476789, 0.10703189332],
      [0.10988210677, 0.11515898041, 0.30490371599, 0.22207341739, 0.38161669135, 0.58806439069, 0.66804447584, 0.50322432824, 0.14615620482, 0.1467870775, 0.15999372342, 0.23983416441, 0.17088073347, 0.30544060156, 0.61400963077, 0.68233218903, 0.53456567502, 0.16502963013, 0.16734628158, 0.17853496595, 0.25892682688, 0.18629152737, 0.32583637996, 0.57604354299, 0.64636219106, 0.49562865409, 0.14602541973, 0.14789035078, 0.15851487034, 0.26080908853, 0.18738508211, 0.32937168074, 0.59316549173, 0.66472456711, 0.51211344892, 0.13621825586, 0.13897143341, 0.14697130739, 0.28166494073, 0.20387534034, 0.35350832423, 0.58211680341, 0.65715322626, 0.49952036838, 0.15547338379, 0.16464049509, 0.16159671886, 0.36689890361, 0.27563650513, 0.44355410359]
    ],
    [
      [0.4776277126, 0.55972299978, 0.39484917755, 0.12595651959, 0.13170406292, 0.13288705232, 0.34433347096, 0.25540007228, 0.42260483452, 0.52971000946, 0.61289586479, 0.44450811315, 0.14553938863, 0.15025661563, 0.15506493914, 0.30829387141, 0.22579553188, 0.38210604665, 0.54616673996, 0.62394785249, 0.46282901421, 0.2232483678, 0.22587546825, 0.24044388603, 0.23766202144, 0.17059043934, 0.29777513424, 0.53908961076, 0.60353409241, 0.46178097974, 0.19483542302, 0.19339754104, 0.21462759464, 0.19722796724, 0.13889396405, 0.25276463632, 0.60793660973, 0.66770849491, 0.53260776904, 0.15542403495, 0.16166097234, 0.16424775033, 0.32368795377, 0.23882686121, 0.39792499938, 0.52088801128, 0.59951216645, 0.4378272503, 0.12522246723, 0.12704936445],
      [0.13601610092, 0.27095144587, 0.19504183794, 0.34235962762, 0.6038260869, 0.67790879762, 0.52162427146, 0.18475573461, 0.1898659562, 0.19684811409, 0.28650238136, 0.20887540167, 0.35509131838, 0.52874188403, 0.60125864213, 0.44806056753, 0.18443902761, 0.18992117932, 0.19614055901, 0.29155012264, 0.21299192931, 0.36064987201, 0.52401084975, 0.59708689137, 0.44320956898, 0.10627033987, 0.10961206119, 0.11383057547, 0.31647251431, 0.23154942881, 0.39437632472, 0.57725714582, 0.65883851, 0.49179309982, 0.14516071264, 0.14915558713, 0.15537345867, 0.2967064476, 0.21626092893, 0.36947522751, 0.55813283976, 0.63458348394, 0.47515131382, 0.17423856299, 0.18213300617, 0.18289212483, 0.33067698773, 0.24520162522, 0.4037686124, 0.49508444928],
      [0.57266536861, 0.41333926276, 0.19354043437, 0.19805367192, 0.20684506697, 0.27378383411, 0.19876646439, 0.34037436935, 0.53267573152, 0.60317986369, 0.45278056368, 0.17522897532, 0.17794641714, 0.18907488934, 0.25969071797, 0.18708708666, 0.32598205844, 0.5650803067, 0.63496649619, 0.48494305222, 0.14495378061, 0.14906063111, 0.1550403407, 0.29886401954, 0.21804561774, 0.37183123315, 0.55618219985, 0.63289375116, 0.47312842615, 0.15486806524, 0.15862205022, 0.16609661211, 0.28634548362, 0.20806725776, 0.35725530849, 0.55878645114, 0.63331069202, 0.4766480794, 0.17467346005, 0.18339785609, 0.18258914392, 0.34109373837, 0.2540246833, 0.41478547532, 0.48423280158, 0.56257746061, 0.40262538075, 0.19301287746, 0.20018212629, 0.20366479987]
    ],
    [
      [0.30671947939, 0.22567103021, 0.37648364984, 0.50026764314, 0.57414684349, 0.41985155028, 0.14481530453, 0.14801525647, 0.15581199409, 0.28399623489, 0.20595635771, 0.35541913417, 0.57118846057, 0.64602838582, 0.48876887175, 0.18346535008, 0.18808745092, 0.19595430807, 0.28101595262, 0.2043952877, 0.34913771352, 0.5355186973, 0.60751726138, 0.45490797841, 0.16456870006, 0.17483971862, 0.17037646084, 0.37223495567, 0.28056067506, 0.44822096226, 0.46319634426, 0.54459960631, 0.38140257691, 0.095950489636, 0.098346206034, 0.10352938255, 0.30402073757, 0.22109294122, 0.38156826135, 0.60002877279, 0.68056085275, 0.5149023561, 0.15465805603, 0.15856110667, 0.16572013107, 0.28886272403, 0.21011655094, 0.36004124121, 0.55647921994, 0.63132234239],
