{
  "W": [
    [59, 20, 12, 9],
    [62, 13, 10, 15],
    [63, 11, 16, 10],
    [59, 12, 13, 16],
    [57, 15, 16, 12],
    [59, 18, 12, 11],
    [71, 9, 10, 10],
    [57, 11, 16, 16],
    [64, 15, 10, 11],
    [71, 15, 7, 7],
    [64, 9, 12, 15],
    [54, 17, 13, 16],
    [41, 32, 16, 11],
    [11, 64, 9, 16],
    [16, 66, 6, 12],
    [10, 59, 23, 8],
    [11, 70, 10, 9],
    [13, 65, 15, 7],
    [13, 56, 15, 16],
    [14, 59, 11, 16],
    [16, 61, 10, 13],
    [15, 64, 9, 12],
    [15, 59, 12, 14],
    [12, 63, 17, 8],
    [10, 67, 13, 10],
    [18, 15, 59, 8],
    [16, 10, 54, 20],
    [12, 10, 63, 15],
    [15, 11, 64, 10],
    [11, 8, 71, 10],
    [10, 13, 66, 11],
    [15, 11, 57, 17],
    [17, 16, 57, 10],
    [8, 13, 67, 12],
    [14, 18, 61, 7],
    [10, 11, 68, 11],
    [10, 8, 70, 12],
    [12, 10, 41, 37],
    [7, 13, 13, 67],
    [13, 10, 17, 60],
    [18, 14, 13, 55],
    [14, 11, 11, 64],
    [17, 11, 15, 57],
    [9, 6, 13, 72],
    [17, 11, 10, 62],
    [10, 16, 13, 61],
    [12, 15, 2, 71],
    [9, 13, 11, 67],
    [9, 12, 8, 71],
    [10, 14, 13, 63]
  ],
  "X": [
    [32, 15, 16, 31, 6],
    [22, 23, 8, 34, 13],
    [19, 21, 12, 40, 8],
    [17, 28, 10, 38, 7],
    [28, 32, 6, 30, 4],
    [26, 20, 14, 31, 9],
    [26, 22, 11, 39, 2],
    [19, 22, 13, 32, 14],
    [30, 19, 9, 35, 7],
    [22, 16, 13, 42, 7],
    [11, 22, 16, 42, 9],
    [23, 22, 13, 33, 9],
    [22, 27, 13, 26, 12],
    [32, 36, 8, 12, 12],
    [31, 23, 4, 22, 20],
    [30, 45, 5, 11, 9],
    [33, 29, 8, 12, 18],
    [27, 37, 8, 17, 11],
    [32, 32, 3, 17, 16],
    [24, 34, 6, 22, 14],
    [30, 32, 7, 17, 14],
    [32, 27, 7, 15, 19],
    [31, 31, 8, 17, 13],
    [32, 25, 7, 19, 17],
    [28, 41, 8, 10, 13],
    [15, 56, 12, 10, 7],
    [14, 57, 6, 13, 10],
    [9, 63, 5, 16, 7],
    [14, 58, 18, 9, 1],
    [7, 62, 15, 12, 4],
    [5, 71, 7, 9, 8],
    [12, 55, 12, 13, 8],
    [12, 60, 10, 14, 4],
    [10, 63, 11, 8, 8],
    [11, 58, 8, 10, 13],
    [8, 68, 13, 6, 5],
    [9, 67, 9, 9, 6],
    [10, 52, 9, 17, 12],
    [13, 36, 8, 20, 23],
    [9, 34, 9, 27, 21],
    [13, 40, 8, 21, 18],
    [18, 22, 8, 22, 30],
    [13, 33, 13, 19, 22],
    [12, 31, 16, 16, 25],
    [15, 36, 10, 24, 15],
    [17, 27, 11, 13, 32],
    [18, 25, 13, 20, 24],
    [15, 41, 7, 18, 19],
    [23, 27, 5, 19, 26],
    [18, 33, 11, 17, 21]
  ],
  "real_prob": [
    [0.22710666091, 0.050873810625, 0.1545286814, 0.54649404308, 0.020996803973],
    [0.38679824759, 0.27951049607, 0.06341822903, 0.087084624354, 0.18318840295],
    [0.020435537414, 0.81567899043, 0.13488215752, 0.0050887241305, 0.023914590506],
    [0.14434685167, 0.31113763906, 0.069325668689, 0.19249208628, 0.2826977543]
  ],
  "method": "mvn_pdf",
  "prob": [
    [0.2499382263, 0.067967183838, 0.1411360829, 0.5147221838, 0.026236323165],
    [0.4072381525, 0.2840174087, 0.036075571961, 0.10315921371, 0.16950965313],
    [0.013359814195, 0.8475693914, 0.11147687152, 0.014042092793, 0.01355183009],
    [0.11141187453, 0.28793223105, 0.099674849354, 0.18630489608, 0.31467614898]
  ],
  "iterations": 19,
  "logLik": -89030.141629453,
  "time": 0.002863,
  "message": "Converged",
  "status": 0,
  "cond_prob": [
    [
      [0.31714618792, 0.57595915938, 0.027387416998, 0.18099244356, 0.034852631385, 0.1599776721, 0.70965604415, 0.19046637046, 0.18644931463, 0.052226397787, 0.23042863558, 0.16905726662, 0.44555261135, 0.097084886139, 0.019423193349, 0.20516965243, 0.015999254711, 0.1147518846, 0.013104709925, 0.25431426692, 0.25765352264, 0.33578930168, 0.010814880215, 0.082588507466, 0.08967069556, 0.30085222547, 0.89596795272, 0.27783054101, 0.1051052242, 0.021420872658, 0.062766168415, 0.053534462555, 0.49749838369, 0.078287046269, 0.010528701573, 0.12844434236, 0.050072173907, 0.26365055393, 0.019922297076, 0.4576021466, 0.21304895144, 0.39456492651, 0.01460449292, 0.099686804716, 0.050277009453, 0.23794377521, 0.81989508272, 0.2262104548, 0.13058952929, 0.037628484406],
      [0.12802420508, 0.097118253822, 0.57909323284, 0.12875752665, 0.019937949003, 0.21781366002, 0.026991276974, 0.20110528722, 0.017538270283, 0.35917082664, 0.19856871957, 0.32589176773, 0.0080348001099, 0.085486890694, 0.094000857266, 0.39790518452, 0.90291767972, 0.3918434897, 0.12131052834, 0.031066426496, 0.069734112379, 0.083014385199, 0.56570410199, 0.11167255764, 0.011484454504, 0.19570437639, 0.020415792836, 0.13346406361, 0.0078289532883, 0.24395085802, 0.3349861415, 0.45397586005, 0.012199227199, 0.1454304784, 0.10662162924, 0.37135611843, 0.92873038699, 0.45053719906, 0.08708171481, 0.0184439927, 0.045363128202, 0.060402058352, 0.45599082206, 0.074388327382, 0.0083931090695, 0.15981648135, 0.015319692386, 0.081835701433, 0.005314148541, 0.18381378284],
      [0.27780301836, 0.45148152285, 0.016630678684, 0.12385500916, 0.057148797244, 0.23682873016, 0.80813709594, 0.24486692076, 0.17070730756, 0.042998068734, 0.14563828224, 0.12076645108, 0.46699825463, 0.091308156263, 0.014093144931, 0.16772887756, 0.027342622211, 0.177383522, 0.015500798209, 0.34278274143, 0.2828687971, 0.46032877371, 0.012898525793, 0.14321218246, 0.081277338229, 0.34028527622, 0.89179417169, 0.40079007083, 0.12141448888, 0.030761674322, 0.078949996426, 0.097969386345, 0.50350230233, 0.098716332674, 0.011608350598, 0.20591940448, 0.010937073452, 0.069907943077, 0.004748955496, 0.15210895588, 0.23449565812, 0.34376316757, 0.013744378768, 0.0792630032, 0.058603680262, 0.21964536691, 0.81292382253, 0.19040012103, 0.15423026576, 0.035197271042],
      [0.12924697822, 0.082834667529, 0.49989343607, 0.088252394774, 0.014761891514, 0.13603781224, 0.052776959778, 0.3131417997, 0.029322928965, 0.511464396, 0.32790564143, 0.51433914209, 0.020202694555, 0.15943966603, 0.058489715941, 0.23398651369, 0.85938015322, 0.27446252468, 0.10520602344, 0.025684462018, 0.092657122677, 0.081461181663, 0.48687586827, 0.091894117065, 0.015156215126, 0.19105804684, 0.021522750916, 0.13409576514, 0.012603814425, 0.29357858079, 0.2180471224, 0.39119520195, 0.01291974911, 0.10109601826, 0.059063635545, 0.27185561291, 0.83275648508, 0.26363405874, 0.14778822783, 0.041185135778, 0.12418360468, 0.10854097984, 0.55054889042, 0.11891794275, 0.016395265763, 0.20529324605, 0.024552123801, 0.1768461066, 0.013744895363, 0.32143569711]
    ],
    [
      [0.1432188012, 0.27218447447, 0.0073541580724, 0.06189670529, 0.068376841986, 0.33523610134, 0.83035293744, 0.28472175456, 0.18475048618, 0.054606949855, 0.13441397961, 0.12645328489, 0.5767420648, 0.13193691379, 0.014827476321, 0.20002876457, 0.026911805837, 0.20603556054, 0.013051448548, 0.32689949069, 0.24869331989, 0.43966431143, 0.01544870183, 0.12024112529, 0.055865697332, 0.25169449002, 0.81753398903, 0.25949715255, 0.15548830914, 0.042622957975, 0.13775443808, 0.11942138875, 0.5176974715, 0.10982500579, 0.016164718492, 0.20136227561, 0.022255202135, 0.15619323478, 0.01309815257, 0.29947805781, 0.21767347477, 0.37251328369, 0.012174648019, 0.092930134683, 0.062155157275, 0.27103572083, 0.80869106598, 0.25357112532, 0.18832471457, 0.049798549417],
      [0.14938953925, 0.12704829136, 0.50193945738, 0.10273480727, 0.014001478694, 0.1713664296, 0.029907196007, 0.2039176388, 0.01574326805, 0.35508401904, 0.27790888756, 0.41743786039, 0.011754284112, 0.11934216326, 0.08891844366, 0.3393242239, 0.86177244648, 0.36386630003, 0.18338335618, 0.042301305573, 0.10913920024, 0.12423672993, 0.42872247226, 0.076627236829, 0.0089878295461, 0.14673940533, 0.021066840345, 0.12430937331, 0.0083462396196, 0.24581540146, 0.21178316253, 0.39174557542, 0.016428405885, 0.099453222339, 0.047708479641, 0.2236485593, 0.84861958616, 0.21241364412, 0.080770058604, 0.023204061827, 0.088854540602, 0.059977347871, 0.62908479426, 0.13725024748, 0.023858652749, 0.23344576573, 0.030653504969, 0.22415155597, 0.0222388146, 0.39471001993],
