{
  "W": [
    [78, 22],
    [78, 22],
    [77, 23],
    [72, 28],
    [75, 25],
    [76, 24],
    [67, 33],
    [73, 27],
    [71, 29],
    [70, 30],
    [76, 24],
    [68, 32],
    [72, 28],
    [69, 31],
    [82, 18],
    [81, 19],
    [71, 29],
    [74, 26],
    [78, 22],
    [74, 26],
    [78, 22],
    [76, 24],
    [79, 21],
    [77, 23],
    [79, 21],
    [29, 71],
    [23, 77],
    [33, 67],
    [24, 76],
    [27, 73],
    [23, 77],
    [25, 75],
    [24, 76],
    [25, 75],
    [25, 75],
    [31, 69],
    [25, 75],
    [21, 79],
    [23, 77],
    [23, 77],
    [28, 72],
    [29, 71],
    [23, 77],
    [33, 67],
    [21, 79],
    [23, 77],
    [24, 76],
    [25, 75],
    [20, 80],
    [22, 78]
  ],
  "X": [
    [33, 12, 55],
    [42, 10, 48],
    [29, 6, 65],
    [30, 12, 58],
    [33, 8, 59],
    [29, 9, 62],
    [33, 4, 63],
    [35, 8, 57],
    [30, 9, 61],
    [33, 12, 55],
    [44, 1, 55],
    [35, 3, 62],
    [41, 6, 53],
    [38, 5, 57],
    [36, 4, 60],
    [46, 1, 53],
    [37, 8, 55],
    [39, 9, 52],
    [44, 5, 51],
    [25, 6, 69],
    [38, 6, 56],
    [38, 1, 61],
    [37, 7, 56],
    [45, 6, 49],
    [34, 8, 58],
    [23, 12, 65],
    [25, 15, 60],
    [26, 15, 59],
    [31, 20, 49],
    [22, 19, 59],
    [20, 15, 65],
    [24, 19, 57],
    [32, 14, 54],
    [22, 20, 58],
    [22, 18, 60],
    [22, 16, 62],
    [25, 10, 65],
    [33, 18, 49],
    [31, 15, 54],
    [17, 23, 60],
    [29, 13, 58],
    [25, 11, 64],
    [24, 13, 63],
    [22, 18, 60],
    [21, 12, 67],
    [28, 12, 60],
    [21, 14, 65],
    [25, 11, 64],
    [24, 18, 58],
    [20, 25, 55]
  ],
  "real_prob": [
    [0.41692500483, 0.02054848178, 0.56252651339],
    [0.18238331392, 0.21277520529, 0.60484148079]
  ],
  "method": "mcmc",
  "mcmc_stepsize": 3000,
  "mcmc_samples": 1000,
  "prob": [
    [0.41476105469, 0.028210075047, 0.55702887026],
    [0.19243894531, 0.19658992495, 0.61097112974]
  ],
  "iterations": 11,
  "logLik": -285.8209185783,
  "time": 0.409703,
  "message": "Converged",
  "status": 0,
  "cond_prob": [
    [
      [0.38073884607, 0.15010772759, 0.058667902363, 0.33745016435, 0.56059325157, 0.51244210806, 0.47836487408, 0.21306999189, 0.043945603826, 0.29873831371, 0.47768952209, 0.4881916944, 0.33142660656, 0.15131092587, 0.025813409881, 0.17445075823, 0.64275998356, 0.6742383159, 0.36029321058, 0.14496031565, 0.049772398171, 0.30058526185, 0.58993439125, 0.5544544225, 0.38304820646, 0.17085538063, 0.033717922642, 0.21884623207, 0.5832338709, 0.61029838729, 0.33663119033, 0.14233456394, 0.040606598971, 0.24641243659, 0.6227622107, 0.61125299946, 0.3939526467, 0.20015674761, 0.01262304153, 0.095583521743, 0.59342431177, 0.70425973065, 0.40998647669, 0.1878143408, 0.031317342056, 0.21162348259, 0.55869618125, 0.60056217661, 0.3589920033, 0.15557130228],
      [0.034632770966, 0.22555425039, 0.60637522574, 0.61887444733, 0.40101073439, 0.16430828642, 0.045819014443, 0.2930889663, 0.55317025117, 0.54260274728, 0.4903221735, 0.2806464506, 0.0033153398355, 0.031168090521, 0.50636248667, 0.68818545888, 0.41550105684, 0.21081025422, 0.0095576466849, 0.073440000795, 0.57494129648, 0.71574974498, 0.47585877667, 0.24064885998, 0.022124592245, 0.15739390565, 0.50201663108, 0.60195723437, 0.44836973413, 0.22782220468, 0.016847489447, 0.12379107188, 0.53478277642, 0.64838672345, 0.39565483951, 0.19757239781, 0.018544414856, 0.1377421101, 0.58580074564, 0.66468549209, 0.49997819747, 0.28956663185, 0.0040080084266, 0.035544806181, 0.49601379411, 0.67488856197, 0.43585306094, 0.20877354046, 0.029344095073, 0.2040196293]
    ],
    [
      [0.53480284399, 0.58720683023, 0.45440073126, 0.20670561103, 0.035550919019, 0.24497046125, 0.51004834972, 0.54832392772, 0.49268125318, 0.25322101147, 0.019625579373, 0.15769112768, 0.48769316745, 0.58908786085, 0.2919530426, 0.13059518645, 0.024588246443, 0.16078729859, 0.68345871096, 0.70861751496, 0.42874221188, 0.20718670332, 0.025086488057, 0.18378426962, 0.54617130006, 0.60902902706, 0.42657358992, 0.23251696525, 0.00313069775, 0.031752790458, 0.57029571233, 0.73573024429, 0.41638863898, 0.19549035811, 0.031798864978, 0.21370903175, 0.55181249604, 0.59080061015, 0.50714542763, 0.25868704663, 0.023688758462, 0.18156372167, 0.46916581391, 0.55974923171, 0.38455704419, 0.1723806433, 0.037596672955, 0.23951727793, 0.57784628286, 0.58810207877],
      [0.36923938834, 0.17312757378, 0.023385865955, 0.15946211109, 0.6073747457, 0.66741031514, 0.42731607515, 0.19703545807, 0.028754883909, 0.18621607364, 0.54392904094, 0.61674846829, 0.4057218151, 0.18822656868, 0.027959884339, 0.2101093107, 0.56631830056, 0.60166412062, 0.51663568993, 0.24474662423, 0.037280837466, 0.2513849987, 0.4460834726, 0.50386837707, 0.3772885754, 0.16182477348, 0.041174357517, 0.24504510064, 0.58153706708, 0.59313012587, 0.35923153413, 0.15243733396, 0.030211287338, 0.18578104404, 0.61055717853, 0.661781622, 0.41799048276, 0.18066983908, 0.038787440932, 0.24040418636, 0.54322207631, 0.57892597456, 0.5056034356, 0.26138838876, 0.024994970538, 0.17631737772, 0.46940159387, 0.56229423352, 0.39328026083, 0.16223991306]
    ],
    [
      [0.042864838409, 0.2523783872, 0.56385490076, 0.58538169975, 0.39077450647, 0.16307516451, 0.03743830059, 0.22752056647, 0.57178719294, 0.60940426902, 0.35975875724, 0.15720983371, 0.033351804795, 0.21689991379, 0.60688943797, 0.62589025251, 0.40605081337, 0.19798306221, 0.016782760411, 0.12773907986, 0.57716642622, 0.67427785793, 0.54204116474, 0.2736346271, 0.032248963019, 0.21927559211, 0.42570987224, 0.5070897808, 0.49763767292, 0.25395238341, 0.027952284478, 0.18645581113, 0.4744100426, 0.55959180546, 0.32291245229, 0.12432485191, 0.052145433015, 0.28312539014, 0.6249421147, 0.59254975795, 0.45164218079, 0.22713915192, 0.022330427778, 0.17187150031, 0.52602739144, 0.60098934778, 0.39414336132, 0.19112454256, 0.020345337272, 0.14661951013],
      [0.58551130141, 0.66225594731, 0.4059872295, 0.19041939898, 0.022285607529, 0.16217442892, 0.57172716297, 0.6474061721, 0.3592524965, 0.15141294949, 0.039408702728, 0.24924645985, 0.60133880078, 0.59934059066, 0.36061836387, 0.16996220707, 0.021255162784, 0.14624862761, 0.61812647335, 0.68378916531, 0.45001002514, 0.2292177847, 0.020873782505, 0.1496091299, 0.52911619235, 0.6211730854, 0.36388861976, 0.16140359376, 0.027288547483, 0.17559309027, 0.60882283276, 0.66300331597, 0.40763670945, 0.19745443018, 0.018820763119, 0.14039307896, 0.57354252743, 0.66215249086, 0.42842397052, 0.19289400737, 0.035315431806, 0.21617114205, 0.53626059767, 0.59093485058, 0.39006469794, 0.14639200827, 0.053122951425, 0.30552942396, 0.55681235063, 0.54807856777]
    ]
  ],
  "maxiter": 3600,
  "param_threshold": 0.001,
  "ll_threshold": "-Inf",
  "initial_prob": "group_proportional"
}
