{
  "W": [
    [58, 16, 26],
    [68, 18, 14],
    [68, 14, 18],
    [58, 18, 24],
    [69, 14, 17],
    [64, 14, 22],
    [75, 9, 16],
    [70, 14, 16],
    [68, 16, 16],
    [61, 20, 19],
    [62, 16, 22],
    [65, 20, 15],
    [59, 14, 27],
    [65, 16, 19],
    [73, 15, 12],
    [70, 12, 18],
    [52, 33, 15],
    [12, 69, 19],
    [18, 69, 13],
    [14, 77, 9],
    [10, 74, 16],
    [19, 70, 11],
    [18, 71, 11],
    [14, 63, 23],
    [15, 66, 19],
    [22, 68, 10],
    [17, 63, 20],
    [13, 69, 18],
    [15, 63, 22],
    [9, 71, 20],
    [19, 67, 14],
    [16, 61, 23],
    [16, 74, 10],
    [20, 33, 47],
    [16, 19, 65],
    [19, 14, 67],
    [13, 14, 73],
    [21, 10, 69],
    [17, 14, 69],
    [17, 18, 65],
    [15, 13, 72],
    [15, 16, 69],
    [21, 16, 63],
    [18, 12, 70],
    [18, 24, 58],
    [22, 14, 64],
    [17, 18, 65],
    [21, 19, 60],
    [19, 24, 57],
    [26, 15, 59]
  ],
  "X": [
    [61, 39],
    [59, 41],
    [65, 35],
    [60, 40],
    [69, 31],
    [58, 42],
    [67, 33],
    [63, 37],
    [56, 44],
    [59, 41],
    [58, 42],
    [61, 39],
    [65, 35],
    [64, 36],
    [71, 29],
    [63, 37],
    [49, 51],
    [25, 75],
    [27, 73],
    [21, 79],
    [22, 78],
    [31, 69],
    [24, 76],
    [28, 72],
    [34, 66],
    [30, 70],
    [28, 72],
    [21, 79],
    [29, 71],
    [19, 81],
    [32, 68],
    [35, 65],
    [24, 76],
    [51, 49],
    [52, 48],
    [49, 51],
    [43, 57],
    [57, 43],
    [45, 55],
    [54, 46],
    [53, 47],
    [44, 56],
    [54, 46],
    [46, 54],
    [39, 61],
    [55, 45],
    [50, 50],
    [46, 54],
    [46, 54],
    [56, 44]
  ],
  "real_prob": [
    [0.8154355006, 0.1845644994],
    [0.10626715663, 0.89373284337],
    [0.518178023, 0.481821977]
  ],
  "method": "mult",
  "prob": [
    [0.78230256539, 0.21769743461],
    [0.094956844443, 0.90504315556],
    [0.51385681138, 0.48614318862]
  ],
  "iterations": 20,
  "logLik": -139.1198756745,
  "time": 3.7e-05,
  "message": "Converged",
  "status": 0,
  "cond_prob": [
    [
      [0.78833993368, 0.096860840271, 0.52094312404, 0.21166006632, 0.90313915973, 0.47905687596, 0.76012727036, 0.08357843644, 0.48052308409, 0.23987272964, 0.91642156356, 0.51947691591, 0.79186699902, 0.098640937285, 0.52614500667, 0.20813300098, 0.90135906271, 0.47385499333, 0.78720599799, 0.096286735229, 0.51926948241, 0.21279400201, 0.90371326477, 0.48073051759, 0.81840717693, 0.1147473868, 0.56807814325, 0.18159282307, 0.8852526132, 0.43192185675, 0.74770351217, 0.078575648386, 0.46381428833, 0.25229648783, 0.92142435161, 0.53618571167, 0.77691774994, 0.090907856426, 0.50389464142, 0.22308225006, 0.90909214357, 0.49610535858, 0.77310881422, 0.089245216338, 0.4985828615, 0.22689118578, 0.91075478366, 0.5014171385, 0.73000004825, 0.072177218052],
      [0.44107380768, 0.26999995175, 0.92782278195, 0.55892619232, 0.78040248344, 0.092849694101, 0.50924068219, 0.21959751656, 0.9071503059, 0.49075931781, 0.75861334638, 0.082963527333, 0.47847719577, 0.24138665362, 0.91703647267, 0.52152280423, 0.78690651778, 0.096109248442, 0.51879919871, 0.21309348222, 0.90389075156, 0.48120080129, 0.80845274876, 0.10833522525, 0.55199819957, 0.19154725124, 0.89166477475, 0.44800180043, 0.79631098725, 0.10113442448, 0.53296886647, 0.20368901275, 0.89886557552, 0.46703113353, 0.82808877317, 0.12165559904, 0.58430377168, 0.17191122683, 0.87834440096, 0.41569622832, 0.76657226334, 0.086265163656, 0.4893291161, 0.23342773666, 0.91373483634, 0.5106708839, 0.76586206611, 0.086176827336, 0.48860816355, 0.23413793389],
      [0.91382317266, 0.51139183645, 0.77950001572, 0.09176846462, 0.50715606763, 0.22049998428, 0.90823153538, 0.49284393237, 0.78286472597, 0.093541751457, 0.51221546064, 0.21713527403, 0.90645824854, 0.48778453936, 0.76725902714, 0.08587111751, 0.4893914438, 0.23274097286, 0.91412888249, 0.5106085562, 0.77584134978, 0.089789727153, 0.50158602182, 0.22415865022, 0.91021027285, 0.49841397818, 0.81527726343, 0.11214386556, 0.56243628426, 0.18472273657, 0.88785613444, 0.43756371574, 0.76274723433, 0.084209278937, 0.48349385068, 0.23725276567, 0.91579072106, 0.51650614932, 0.77902042397, 0.091744905646, 0.50670845205, 0.22097957603, 0.90825509435, 0.49329154795, 0.83072057714, 0.12319947635, 0.58839100174, 0.16927942286, 0.87680052365, 0.41160899826]
    ],
    [
      [0.79486065048, 0.099933387808, 0.53030303939, 0.20513934952, 0.90006661219, 0.46969696061, 0.77211788845, 0.088538087866, 0.49684951288, 0.22788211155, 0.91146191213, 0.50315048712, 0.73539128831, 0.073605149905, 0.44722754813, 0.26460871169, 0.92639485009, 0.55277245187, 0.78511891843, 0.094786778013, 0.5156684136, 0.21488108157, 0.90521322199, 0.4843315864, 0.7312838991, 0.072057045869, 0.44185206626, 0.2687161009, 0.92794295413, 0.55814793374, 0.81264027851, 0.11051775091, 0.55824205867, 0.18735972149, 0.88948224909, 0.44175794133, 0.82025765669, 0.1157340448, 0.57085242399, 0.17974234331, 0.8842659552, 0.42914757601, 0.77970703737, 0.091784874247, 0.50735686794, 0.22029296263, 0.90821512575, 0.49264313206, 0.83390981198, 0.12638907415],
      [0.59452446174, 0.16609018802, 0.87361092585, 0.40547553826, 0.81129467544, 0.11027741682, 0.55669509775, 0.18870532456, 0.88972258318, 0.44330490225, 0.77231430078, 0.089083333723, 0.4976914621, 0.22768569922, 0.91091666628, 0.5023085379, 0.73972091382, 0.075732735219, 0.45359742595, 0.26027908618, 0.92426726478, 0.54640257405, 0.81061600581, 0.10984006125, 0.55560096797, 0.18938399419, 0.89015993875, 0.44439903203, 0.74694841024, 0.078428215681, 0.46300374691, 0.25305158976, 0.92157178432, 0.53699625309, 0.81920702133, 0.11554190808, 0.56962273947, 0.18079297867, 0.88445809192, 0.43037726053, 0.80344672202, 0.10542753194, 0.54421383889, 0.19655327798, 0.89457246806, 0.45578616111, 0.74976159707, 0.079513506281, 0.46671762079, 0.25023840293],
      [0.92048649372, 0.53328237921, 0.80750780522, 0.10789705975, 0.55063540166, 0.19249219478, 0.89210294025, 0.44936459834, 0.74614175809, 0.078119399533, 0.4619427987, 0.25385824191, 0.92188060047, 0.5380572013, 0.72990768278, 0.072271648895, 0.44113058533, 0.27009231722, 0.9277283511, 0.55886941467, 0.80684365621, 0.10748479384, 0.54957760189, 0.19315634379, 0.89251520616, 0.45042239811, 0.79423449606, 0.10013869441, 0.52995644341, 0.20576550394, 0.89986130559, 0.47004355659, 0.7620353395, 0.084521771065, 0.48330791306, 0.2379646605, 0.91547822893, 0.51669208694, 0.78078248029, 0.09311275948, 0.50987676169, 0.21921751971, 0.90688724052, 0.49012323831, 0.80902635132, 0.1088390515, 0.55305477688, 0.19097364868, 0.8911609485, 0.44694522312]
    ]
  ],
  "maxiter": 3600,
  "param_threshold": 0.001,
  "ll_threshold": "-Inf",
  "initial_prob": "group_proportional"
}
