{
  "W": [
    [69, 17, 14],
    [74, 11, 15],
    [64, 19, 17],
    [64, 17, 19],
    [70, 15, 15],
    [69, 16, 15],
    [67, 11, 22],
    [72, 8, 20],
    [68, 14, 18],
    [72, 15, 13],
    [69, 16, 15],
    [61, 16, 23],
    [59, 22, 19],
    [65, 15, 20],
    [78, 13, 9],
    [69, 14, 17],
    [44, 35, 21],
    [18, 64, 18],
    [12, 74, 14],
    [23, 67, 10],
    [19, 67, 14],
    [17, 60, 23],
    [19, 69, 12],
    [14, 74, 12],
    [11, 76, 13],
    [15, 63, 22],
    [23, 62, 15],
    [21, 59, 20],
    [20, 65, 15],
    [14, 69, 17],
    [13, 70, 17],
    [11, 68, 21],
    [16, 71, 13],
    [13, 32, 55],
    [18, 14, 68],
    [15, 20, 65],
    [11, 21, 68],
    [14, 13, 73],
    [17, 17, 66],
    [18, 17, 65],
    [13, 16, 71],
    [21, 15, 64],
    [14, 17, 69],
    [14, 19, 67],
    [20, 19, 61],
    [12, 16, 72],
    [13, 24, 63],
    [16, 19, 65],
    [17, 22, 61],
    [21, 14, 65]
  ],
  "X": [
    [29, 71],
    [24, 76],
    [32, 68],
    [35, 65],
    [25, 75],
    [29, 71],
    [22, 78],
    [29, 71],
    [23, 77],
    [23, 77],
    [35, 65],
    [29, 71],
    [27, 73],
    [27, 73],
    [28, 72],
    [30, 70],
    [27, 73],
    [46, 54],
    [49, 51],
    [39, 61],
    [34, 66],
    [46, 54],
    [41, 59],
    [54, 46],
    [49, 51],
    [40, 60],
    [47, 53],
    [43, 57],
    [47, 53],
    [40, 60],
    [47, 53],
    [46, 54],
    [51, 49],
    [24, 76],
    [24, 76],
    [25, 75],
    [27, 73],
    [19, 81],
    [25, 75],
    [26, 74],
    [26, 74],
    [26, 74],
    [18, 82],
    [21, 79],
    [21, 79],
    [20, 80],
    [29, 71],
    [21, 79],
    [24, 76],
    [15, 85]
  ],
  "real_prob": [
    [0.2354676433, 0.7645323567],
    [0.56710366951, 0.43289633049],
    [0.17015711263, 0.82984288737]
  ],
  "method": "mult",
  "prob": [
    [0.24608984385, 0.75391015615],
    [0.5704932142, 0.4295067858],
    [0.1342005052, 0.8657994948]
  ],
  "iterations": 15,
  "logLik": -140.2326988756,
  "time": 2.8e-05,
  "message": "Converged",
  "status": 0,
  "cond_prob": [
    [
      [0.24974364994, 0.57840284632, 0.13686265862, 0.75025635006, 0.42159715368, 0.86313734138, 0.22211397563, 0.5408057393, 0.11970086581, 0.77788602437, 0.4591942607, 0.88029913419, 0.27410802892, 0.60878661535, 0.15245700051, 0.72589197108, 0.39121338465, 0.84754299949, 0.31087173907, 0.65029788872, 0.17686570666, 0.68912826093, 0.34970211128, 0.82313429334, 0.22004604374, 0.53769636765, 0.11845899053, 0.77995395626, 0.46230363235, 0.88154100947, 0.25381152096, 0.58369646911, 0.13942746239, 0.74618847904, 0.41630353089, 0.86057253761, 0.20986170023, 0.52287161515, 0.11227131246, 0.79013829977, 0.47712838485, 0.88772868754, 0.28587537088, 0.62296529781, 0.16008361351, 0.71412462912, 0.37703470219, 0.83991638649, 0.20720632591, 0.51870908353],
      [0.11069729786, 0.79279367409, 0.48129091647, 0.88930270214, 0.20001163661, 0.50754135638, 0.10641441341, 0.79998836339, 0.49245864362, 0.89358558659, 0.3095890057, 0.64892364085, 0.17599680189, 0.6904109943, 0.35107635915, 0.82400319811, 0.26237607895, 0.59460318767, 0.14486793882, 0.73762392105, 0.40539681233, 0.85513206118, 0.22248163676, 0.54105449309, 0.11996503373, 0.77751836324, 0.45894550691, 0.88003496627, 0.24354284963, 0.57036160232, 0.13294925887, 0.75645715037, 0.42963839768, 0.86705074113, 0.24746951342, 0.57549566153, 0.13542050061, 0.75253048658, 0.42450433847, 0.86457949939, 0.27160643469, 0.60591872779, 0.15080986752, 0.72839356531, 0.39408127221, 0.84919013248, 0.19194486951, 0.49434519191, 0.10169165415, 0.80805513049],
      [0.50565480809, 0.89830834585, 0.26522662233, 0.59735795394, 0.14683169846, 0.73477337767, 0.40264204606, 0.85316830154, 0.25948331134, 0.59015342361, 0.143160298, 0.74051668866, 0.40984657639, 0.856839702, 0.20069589325, 0.50784436206, 0.10691906252, 0.79930410675, 0.49215563794, 0.89308093748, 0.1708173427, 0.45847312855, 0.089438689451, 0.8291826573, 0.54152687145, 0.91056131055, 0.28037740098, 0.61562306272, 0.1566544614, 0.71962259902, 0.38437693728, 0.8433455386, 0.21149672301, 0.52432647279, 0.11338973232, 0.78850327699, 0.47567352721, 0.88661026768, 0.29790543716, 0.63551650129, 0.16827252587, 0.70209456284, 0.36448349871, 0.83172747413, 0.25362837754, 0.58270346022, 0.13943661212, 0.74637162246, 0.41729653978, 0.86056338788]
    ],
    [
      [0.22574245587, 0.54512580417, 0.12204325461, 0.77425754413, 0.45487419583, 0.87795674539, 0.27571034498, 0.61007536815, 0.15361294686, 0.72428965502, 0.38992463185, 0.84638705314, 0.2564554748, 0.586405884, 0.1412171621, 0.7435445252, 0.413594116, 0.8587828379, 0.26782215652, 0.60053636918, 0.14850466466, 0.73217784348, 0.39946363082, 0.85149533534, 0.20835831087, 0.51961188508, 0.11150037938, 0.79164168913, 0.48038811492, 0.88849962062, 0.25679125389, 0.58676487974, 0.14144198216, 0.74320874611, 0.41323512026, 0.85855801784, 0.25761436474, 0.58782379555, 0.14196357089, 0.74238563526, 0.41217620445, 0.85803642911, 0.28216282497, 0.61763639568, 0.15783862748, 0.71783717503, 0.38236360432, 0.84216137252, 0.20222026335, 0.51090343991],
      [0.10773815832, 0.79777973665, 0.48909656009, 0.89226184168, 0.27263067933, 0.60784231011, 0.15134866827, 0.72736932067, 0.39215768989, 0.84865133173, 0.25765490066, 0.58904510832, 0.14179207527, 0.74234509934, 0.41095489168, 0.85820792473, 0.27814091161, 0.61408474576, 0.15498903322, 0.72185908839, 0.38591525424, 0.84501096678, 0.22698531876, 0.54853888501, 0.12256470245, 0.77301468124, 0.45146111499, 0.87743529755, 0.26951634479, 0.60389973173, 0.14936722355, 0.73048365521, 0.39610026827, 0.85063277645, 0.27872568333, 0.61490127714, 0.15534701726, 0.72127431667, 0.38509872286, 0.84465298274, 0.29043099795, 0.62856590898, 0.16301438905, 0.70956900205, 0.37143409102, 0.83698561095, 0.28499224185, 0.6222816688, 0.15943842908, 0.71500775815],
      [0.3777183312, 0.84056157092, 0.19851407373, 0.50585250531, 0.10544194776, 0.80148592627, 0.49414749469, 0.89455805224, 0.22201831687, 0.54104911996, 0.11958832004, 0.77798168313, 0.45895088004, 0.88041167996, 0.21565654594, 0.53170470547, 0.11573740125, 0.78434345406, 0.46829529453, 0.88426259875, 0.22669742722, 0.54794697394, 0.12241520406, 0.77330257278, 0.45205302606, 0.87758479594, 0.28140862464, 0.61774264951, 0.1571583632, 0.71859137536, 0.38225735049, 0.8428416368, 0.21986896985, 0.53791630742, 0.1182841309, 0.78013103015, 0.46208369258, 0.8817158691, 0.23649923552, 0.56111619866, 0.12852361, 0.76350076448, 0.43888380134, 0.87147639, 0.17037252363, 0.45918107697, 0.089019811787, 0.82962747637, 0.54081892303, 0.91098018821]
    ]
  ],
  "maxiter": 3600,
  "param_threshold": 0.001,
  "ll_threshold": "-Inf",
  "initial_prob": "group_proportional"
}
