{
  "W": [
    [97, 3, 0],
    [95, 1, 4],
    [98, 1, 1],
    [96, 2, 2],
    [96, 1, 3],
    [97, 2, 1],
    [97, 3, 0],
    [94, 4, 2],
    [96, 2, 2],
    [93, 4, 3],
    [96, 2, 2],
    [95, 1, 4],
    [98, 0, 2],
    [96, 1, 3],
    [98, 1, 1],
    [98, 2, 0],
    [66, 32, 2],
    [2, 97, 1],
    [1, 97, 2],
    [3, 96, 1],
    [3, 96, 1],
    [1, 98, 1],
    [1, 98, 1],
    [2, 97, 1],
    [1, 96, 3],
    [2, 96, 2],
    [0, 97, 3],
    [1, 98, 1],
    [4, 96, 0],
    [4, 93, 3],
    [1, 99, 0],
    [3, 96, 1],
    [3, 96, 1],
    [0, 33, 67],
    [3, 1, 96],
    [1, 1, 98],
    [4, 1, 95],
    [3, 1, 96],
    [1, 1, 98],
    [1, 1, 98],
    [4, 1, 95],
    [1, 3, 96],
    [0, 4, 96],
    [2, 4, 94],
    [2, 0, 98],
    [1, 3, 96],
    [1, 0, 99],
    [1, 1, 98],
    [1, 2, 97],
    [3, 2, 95]
  ],
  "X": [
    [13, 87],
    [14, 86],
    [6, 94],
    [8, 92],
    [5, 95],
    [11, 89],
    [8, 92],
    [12, 88],
    [13, 87],
    [14, 86],
    [7, 93],
    [7, 93],
    [3, 97],
    [11, 89],
    [10, 90],
    [11, 89],
    [20, 80],
    [35, 65],
    [45, 55],
    [33, 67],
    [40, 60],
    [48, 52],
    [50, 50],
    [38, 62],
    [33, 67],
    [46, 54],
    [33, 67],
    [46, 54],
    [38, 62],
    [29, 71],
    [37, 63],
    [37, 63],
    [38, 62],
    [13, 87],
    [2, 98],
    [3, 97],
    [2, 98],
    [1, 99],
    [2, 98],
    [5, 95],
    [2, 98],
    [1, 99],
    [3, 97],
    [2, 98],
    [2, 98],
    [2, 98],
    [1, 99],
    [1, 99],
    [3, 97],
    [1, 99]
  ],
  "real_prob": [
    [0.093434531719, 0.90656546828],
    [0.41205639516, 0.58794360484],
    [0.010389554063, 0.98961044594]
  ],
  "method": "exact",
  "prob": [
    [0.090682182046, 0.90931781795],
    [0.40263084585, 0.59736915415],
    [0.013593747001, 0.986406253]
  ],
  "iterations": 2,
  "logLik": -120.9848216943,
  "time": 0.001088,
  "message": "Converged",
  "status": 0,
  "cond_prob": [
    [
      [0.11903472774, 0.48454380301, 0.014421647944, 0.88096527226, 0.51545619699, 0.98557835206, 0.14078398708, 0.53258972392, 0.023232875827, 0.85921601292, 0.46741027608, 0.97676712417, 0.058048924151, 0.30232894885, 0.0088764843978, 0.94195107585, 0.69767105115, 0.9911235156, 0.075507384591, 0.36391585786, 0.011729681752, 0.92449261541, 0.63608414214, 0.98827031825, 0.049071806121, 0.26677659083, 0.0074433405029, 0.95092819388, 0.73322340917, 0.9925566595, 0.10400639305, 0.44739785809, 0.016584157824, 0.89599360695, 0.55260214191, 0.98341584218, 0.071630336506, 0.35061911963, 0.014421647944, 0.92836966349, 0.64938088037, 0.98557835206, 0.10784077619, 0.45711151738, 0.017260484339, 0.89215922381, 0.54288848262, 0.98273951566, 0.12462582641, 0.49770277347],
      [0.020257558929, 0.87537417359, 0.50229722653, 0.97974244107, 0.12812591634, 0.50539826452, 0.020898907357, 0.87187408366, 0.49460173548, 0.97910109264, 0.065814270167, 0.33077959441, 0.010135437567, 0.93418572983, 0.66922040559, 0.98986456243, 0.069605435318, 0.3444768941, 0.010751687682, 0.93039456468, 0.6555231059, 0.98924831232, 0.030519315791, 0.40173445398, 0.0045535262244, 0.96948068421, 0.59826554602, 0.99544647378, 0.10923309411, 0.46113155335, 0.017497137461, 0.89076690589, 0.53886844665, 0.98250286254, 0.097494732066, 0.43006610144, 0.015450156129, 0.90250526793, 0.56993389856, 0.98454984387, 0.10316119395, 0.44510149634, 0.014421647944, 0.89683880605, 0.55489850366, 0.98557835206, 0.096709673574, 0.42457601094, 0.015364597067, 0.90329032643],
      [0.57542398906, 0.98463540293, 0.076005243544, 0.35913512081, 0.011882794178, 0.92399475646, 0.64086487919, 0.98811720582, 0.11191296981, 0.46239116036, 0.018072237482, 0.88808703019, 0.53760883964, 0.98192776252, 0.070727993999, 0.34142510535, 0.011005904416, 0.929272006, 0.65857489465, 0.98899409558, 0.09372851311, 0.41358257084, 0.014887660472, 0.90627148689, 0.58641742916, 0.98511233953, 0.12263871664, 0.488340409, 0.020001201384, 0.87736128336, 0.511659591, 0.97999879862, 0.13159683894, 0.50864042889, 0.021641129638, 0.86840316106, 0.49135957111, 0.97835887036, 0.085706043373, 0.38984610325, 0.01351589764, 0.91429395663, 0.61015389675, 0.98648410236, 0.071085316733, 0.34266375104, 0.011064861046, 0.92891468327, 0.65733624896, 0.98893513895]
    ],
    [
      [0.11755467776, 0.47632008358, 0.01908131049, 0.88244532224, 0.52367991642, 0.98091868951, 0.090751169608, 0.33986809928, 0.010931456703, 0.90924883039, 0.66013190072, 0.9890685433, 0.1141894075, 0.46803399608, 0.018478976613, 0.8858105925, 0.53196600392, 0.98152102339, 0.086486329789, 0.39222973626, 0.014421647944, 0.91351367021, 0.60777026374, 0.98557835206, 0.061578868068, 0.30887280349, 0.0095046010609, 0.93842113193, 0.69112719651, 0.99049539894, 0.080285752399, 0.37292640654, 0.014421647944, 0.9197142476, 0.62707359346, 0.98557835206, 0.083367064026, 0.38267478669, 0.013119286066, 0.91663293597, 0.61732521331, 0.98688071393, 0.086731467543, 0.39298037189, 0.013689896119, 0.91326853246, 0.60701962811, 0.98631010388, 0.090751169608, 0.36937777695],
      [0.012097512847, 0.90924883039, 0.63062222305, 0.98790248715, 0.08834382062, 0.44506026875, 0.013436544473, 0.91165617938, 0.55493973125, 0.98656345553, 0.14561369683, 0.57416932245, 0.023267520211, 0.85438630317, 0.42583067755, 0.97673247979, 0.085001877568, 0.43340663804, 0.012911430018, 0.91499812243, 0.56659336196, 0.98708856998, 0.042013105716, 0.28265742232, 0.0061594089639, 0.95798689428, 0.71734257768, 0.99384059104, 0.095924280712, 0.47013289926, 0.014632069592, 0.90407571929, 0.52986710074, 0.98536793041, 0.23615984818, 0.69747695864, 0.041493501971, 0.76384015182, 0.30252304136, 0.95850649803, 0.085001877568, 0.43340663804, 0.012911430018, 0.91499812243, 0.56659336196, 0.98708856998, 0.028362538383, 0.19081859941, 0.0041581423268, 0.97163746162],
      [0.80918140059, 0.99584185767, 0.090751169608, 0.42864566708, 0.013389763872, 0.90924883039, 0.57135433292, 0.98661023613, 0.050919982532, 0.29551648936, 0.0076180221009, 0.94908001747, 0.70448351064, 0.9923819779, 0.11651391491, 0.40173445398, 0.018030328267, 0.88348608509, 0.59826554602, 0.98196967173, 0.062046807005, 0.34764555863, 0.0093230887199, 0.93795319299, 0.65235444137, 0.99067691128, 0.064457585499, 0.40173445398, 0.0094499233788, 0.9355424145, 0.59826554602, 0.99055007662, 0.045258472837, 0.30449173066, 0.0066352020051, 0.95474152716, 0.69550826934, 0.99336479799, 0.12061044866, 0.52226038161, 0.018916173073, 0.87938955134, 0.47773961839, 0.98108382693, 0.032912785822, 0.2214319328, 0.0048252397571, 0.96708721418, 0.7785680672, 0.99517476024]
    ]
  ],
  "maxiter": 3600,
  "param_threshold": 0.001,
  "ll_threshold": "-Inf",
  "initial_prob": "group_proportional"
}
