{
  "W": [
    [100, 0, 0],
    [95, 3, 2],
    [97, 1, 2],
    [94, 4, 2],
    [94, 2, 4],
    [97, 2, 1],
    [98, 0, 2],
    [99, 0, 1],
    [95, 4, 1],
    [96, 2, 2],
    [94, 2, 4],
    [97, 1, 2],
    [96, 1, 3],
    [97, 2, 1],
    [96, 1, 3],
    [98, 2, 0],
    [69, 31, 0],
    [1, 98, 1],
    [1, 96, 3],
    [1, 97, 2],
    [0, 98, 2],
    [1, 98, 1],
    [1, 94, 5],
    [1, 99, 0],
    [4, 95, 1],
    [2, 95, 3],
    [1, 97, 2],
    [2, 97, 1],
    [1, 97, 2],
    [2, 95, 3],
    [1, 99, 0],
    [0, 99, 1],
    [1, 97, 2],
    [0, 36, 64],
    [3, 1, 96],
    [1, 1, 98],
    [2, 1, 97],
    [0, 3, 97],
    [2, 1, 97],
    [5, 2, 93],
    [2, 1, 97],
    [2, 0, 98],
    [1, 2, 97],
    [2, 0, 98],
    [2, 1, 97],
    [4, 3, 93],
    [0, 2, 98],
    [2, 1, 97],
    [3, 0, 97],
    [4, 3, 93]
  ],
  "X": [
    [56, 44],
    [61, 39],
    [52, 48],
    [67, 33],
    [61, 39],
    [59, 41],
    [62, 38],
    [58, 42],
    [59, 41],
    [53, 47],
    [65, 35],
    [62, 38],
    [60, 40],
    [56, 44],
    [61, 39],
    [54, 46],
    [54, 46],
    [63, 37],
    [66, 34],
    [65, 35],
    [56, 44],
    [64, 36],
    [61, 39],
    [69, 31],
    [62, 38],
    [60, 40],
    [55, 45],
    [59, 41],
    [68, 32],
    [70, 30],
    [60, 40],
    [66, 34],
    [59, 41],
    [73, 27],
    [87, 13],
    [87, 13],
    [91, 9],
    [90, 10],
    [91, 9],
    [92, 8],
    [87, 13],
    [89, 11],
    [85, 15],
    [84, 16],
    [80, 20],
    [88, 12],
    [90, 10],
    [86, 14],
    [90, 10],
    [82, 18]
  ],
  "real_prob": [
    [0.5768935799, 0.4231064201],
    [0.62319681721, 0.37680318279],
    [0.88267087058, 0.11732912942]
  ],
  "method": "exact",
  "prob": [
    [0.58266247287, 0.41733752713],
    [0.6198333705, 0.3801666295],
    [0.88261670414, 0.11738329586]
  ],
  "iterations": 2,
  "logLik": -140.0902491926,
  "time": 0.001283,
  "message": "Converged",
  "status": 0,
  "cond_prob": [
    [
      [0.56, 0.62008555777, 0.88215191992, 0.44, 0.37991444223, 0.11784808008, 0.60312042754, 0.64000143202, 0.89177754372, 0.39687957246, 0.35999856798, 0.10822245628, 0.51284414742, 0.55188546989, 0.85111611501, 0.48715585258, 0.44811453011, 0.14888388499, 0.66362044871, 0.69769493546, 0.91444903993, 0.33637955129, 0.30230506454, 0.085550960069, 0.59757938173, 0.63466797179, 0.88955054339, 0.40242061827, 0.36533202821, 0.11044945661, 0.58626469614, 0.62373335748, 0.88485775986, 0.41373530386, 0.37626664252, 0.11514224014, 0.61436258355, 0.62008555777, 0.89623340599, 0.38563741645, 0.37991444223, 0.10376659401, 0.57696042089, 0.62008555777, 0.88091833229, 0.42303957911, 0.37991444223, 0.11908166771, 0.58550994132, 0.62300328222],
      [0.88454244531, 0.41449005868, 0.37699671778, 0.11545755469, 0.52255339306, 0.5614815115, 0.85595562165, 0.47744660694, 0.4385184885, 0.14404437835, 0.6386184513, 0.67398658102, 0.90547310394, 0.3613815487, 0.32601341898, 0.094526896063, 0.61399352784, 0.65044893172, 0.8960894341, 0.38600647216, 0.34955106828, 0.1039105659, 0.59074703359, 0.62807131862, 0.88673781876, 0.40925296641, 0.37192868138, 0.11326218124, 0.55607710722, 0.59438977684, 0.87174104646, 0.44392289278, 0.40561022316, 0.12825895354, 0.60093123572, 0.63789557681, 0.89090193137, 0.39906876428, 0.36210442319, 0.10909806863, 0.5392267624, 0.57788864232, 0.88215191992, 0.4607732376, 0.42211135768, 0.11784808008, 0.52795644519, 0.566806622, 0.88215191992, 0.47204355481],
      [0.433193378, 0.11784808008, 0.5904420741, 0.6277848755, 0.88664012684, 0.4095579259, 0.3722151245, 0.11335987316, 0.61667658765, 0.65303905321, 0.89719143471, 0.38332341235, 0.34696094679, 0.10280856529, 0.60871283968, 0.64539357155, 0.89405536008, 0.39128716032, 0.35460642845, 0.10594463992, 0.582874791, 0.55403615801, 0.85222825729, 0.417125209, 0.44596384199, 0.14777174271, 0.60086302341, 0.63783909897, 0.8909052776, 0.39913697659, 0.36216090103, 0.1090947224, 0.5582932357, 0.59657104156, 0.87280577144, 0.4417067643, 0.40342895844, 0.12719422856, 0.65583631583, 0.69034508772, 0.88215191992, 0.34416368417, 0.30965491228, 0.11784808008, 0.58122677443, 0.61886649322, 0.88277604613, 0.41877322557, 0.38113350678, 0.11722395387]
    ],
    [
      [0.55404127254, 0.59241375823, 0.87087014114, 0.44595872746, 0.40758624177, 0.12912985886, 0.50522010096, 0.5443329436, 0.84724218493, 0.49477989904, 0.4556670564, 0.15275781507, 0.54949294786, 0.58796119585, 0.86877810729, 0.45050705214, 0.41203880415, 0.13122189271, 0.64045180856, 0.67574407769, 0.90618632797, 0.35954819144, 0.32425592231, 0.093813672026, 0.6598117166, 0.69411445904, 0.91316765281, 0.3401882834, 0.30588554096, 0.086832347188, 0.56221087985, 0.60038170828, 0.88215191992, 0.43778912015, 0.39961829172, 0.11784808008, 0.582874791, 0.65758568594, 0.89901709237, 0.417125209, 0.34241431406, 0.10098290763, 0.54619576872, 0.584734752, 0.86726664342, 0.45380423128, 0.415265248, 0.13273335658, 0.582874791, 0.53194953522],
      [0.84140338644, 0.417125209, 0.46805046478, 0.15859661356, 0.57540410896, 0.61366463328, 0.88187628167, 0.42459589104, 0.38633536672, 0.11812371833, 0.56156407502, 0.60019913654, 0.87590037539, 0.43843592498, 0.39980086346, 0.12409962461, 0.667001173, 0.70146712476, 0.91716010855, 0.332998827, 0.29853287524, 0.082839891451, 0.582874791, 0.67432588371, 0.90697961184, 0.417125209, 0.32567411629, 0.093020388156, 0.667001173, 0.70146712476, 0.91716010855, 0.332998827, 0.29853287524, 0.082839891451, 0.7204729499, 0.75148503631, 0.93435123847, 0.2795270501, 0.24851496369, 0.065648761528, 0.56851273101, 0.60696745067, 0.87892790812, 0.43148726899, 0.39303254933, 0.12107209188, 0.60884535389, 0.62008555777, 0.89573784992, 0.39115464611],
      [0.37991444223, 0.10426215008, 0.52588990123, 0.56515485228, 0.85921443705, 0.47411009877, 0.43484514772, 0.14078556295, 0.50150251062, 0.62008555777, 0.84690811203, 0.49849748938, 0.37991444223, 0.15309188797, 0.43853170495, 0.47768618279, 0.81077577739, 0.56146829505, 0.52231381721, 0.18922422261, 0.61672883546, 0.65354665702, 0.8986284375, 0.38327116454, 0.34645334298, 0.1013715625, 0.582874791, 0.66843598195, 0.90472579629, 0.417125209, 0.33156401805, 0.095274203713, 0.54705088408, 0.58598350314, 0.86927747143, 0.45294911592, 0.41401649686, 0.13072252857, 0.64121589078, 0.62008555777, 0.90800363224, 0.35878410922, 0.37991444223, 0.091996367756, 0.49476767616, 0.53424458727, 0.84320640359, 0.50523232384, 0.46575541273, 0.15679359641]
    ]
  ],
  "maxiter": 3600,
  "param_threshold": 0.001,
  "ll_threshold": "-Inf",
  "initial_prob": "group_proportional"
}
