{
  "W": [
    [63, 16, 21],
    [59, 23, 18],
    [64, 15, 21],
    [59, 16, 25],
    [70, 11, 19],
    [68, 11, 21],
    [65, 21, 14],
    [75, 17, 8],
    [67, 19, 14],
    [63, 20, 17],
    [71, 14, 15],
    [75, 16, 9],
    [63, 13, 24],
    [62, 24, 14],
    [62, 16, 22],
    [78, 12, 10],
    [57, 32, 11],
    [21, 58, 21],
    [16, 67, 17],
    [14, 67, 19],
    [10, 68, 22],
    [21, 61, 18],
    [16, 70, 14],
    [18, 67, 15],
    [15, 69, 16],
    [20, 62, 18],
    [13, 74, 13],
    [17, 67, 16],
    [13, 70, 17],
    [23, 65, 12],
    [13, 73, 14],
    [27, 53, 20],
    [12, 72, 16],
    [16, 35, 49],
    [10, 19, 71],
    [19, 14, 67],
    [14, 14, 72],
    [19, 22, 59],
    [15, 12, 73],
    [16, 14, 70],
    [17, 16, 67],
    [19, 21, 60],
    [15, 20, 65],
    [13, 12, 75],
    [19, 26, 55],
    [9, 23, 68],
    [24, 10, 66],
    [13, 16, 71],
    [20, 19, 61],
    [19, 15, 66]
  ],
  "X": [
    [24, 51, 25],
    [37, 47, 16],
    [36, 54, 10],
    [37, 47, 16],
    [28, 48, 24],
    [25, 52, 23],
    [33, 46, 21],
    [24, 57, 19],
    [21, 57, 22],
    [36, 47, 17],
    [22, 52, 26],
    [27, 52, 21],
    [35, 40, 25],
    [23, 51, 26],
    [32, 44, 24],
    [22, 52, 26],
    [20, 56, 24],
    [26, 43, 31],
    [22, 47, 31],
    [20, 36, 44],
    [36, 30, 34],
    [26, 44, 30],
    [25, 48, 27],
    [27, 43, 30],
    [16, 48, 36],
    [27, 37, 36],
    [25, 45, 30],
    [30, 42, 28],
    [25, 45, 30],
    [27, 34, 39],
    [22, 46, 32],
    [32, 37, 31],
    [21, 46, 33],
    [36, 32, 32],
    [40, 29, 31],
    [42, 31, 27],
    [53, 29, 18],
    [41, 37, 22],
    [43, 25, 32],
    [50, 25, 25],
    [49, 21, 30],
    [45, 38, 17],
    [51, 28, 21],
    [54, 21, 25],
    [40, 40, 20],
    [43, 31, 26],
    [48, 28, 24],
    [46, 31, 23],
    [37, 38, 25],
    [50, 30, 20]
  ],
  "real_prob": [
    [0.24066673393, 0.58267941774, 0.17665384833],
    [0.173340874, 0.44020357484, 0.38645555116],
    [0.59672791521, 0.19578488976, 0.20748719503]
  ],
  "method": "exact",
  "prob": [
    [0.23359337798, 0.59386531483, 0.17254130719],
    [0.17532509627, 0.44239236858, 0.38228253515],
    [0.58543391562, 0.18640962891, 0.22815645547]
  ],
  "iterations": 14,
  "logLik": -288.5882725395,
  "time": 12.923363,
  "message": "Converged",
  "status": 0,
  "cond_prob": [
    [
      [0.18026128713, 0.13102435151, 0.50224520412, 0.62438655531, 0.44785011637, 0.21419262637, 0.19535215756, 0.42112553212, 0.28356216951, 0.31285690356, 0.25538505473, 0.70375480175, 0.56937475359, 0.45914324664, 0.1581441592, 0.11776834286, 0.28547169863, 0.13810103905, 0.27669310075, 0.24203952127, 0.69814517777, 0.6467448957, 0.55889291736, 0.20118728166, 0.076562003552, 0.19906756137, 0.10066754058, 0.28135365578, 0.22728659998, 0.67054194838, 0.59409376251, 0.47388216151, 0.17465413711, 0.12455258171, 0.2988312385, 0.15480391452, 0.22325317253, 0.16036824928, 0.55832774636, 0.57374641411, 0.40682805937, 0.17698117681, 0.20300041336, 0.43280369135, 0.26469107683, 0.18631474616, 0.13680759456, 0.51551017719, 0.62554467815, 0.4532858499],
      [0.21318178748, 0.18814057569, 0.40990655554, 0.27130803533, 0.29363032033, 0.22338747468, 0.65877801503, 0.54334100908, 0.40833477959, 0.15055743132, 0.16302867059, 0.36827774573, 0.19066455365, 0.21926650309, 0.16976420964, 0.58362758807, 0.62894746897, 0.48113252785, 0.20621085677, 0.15178602795, 0.34910326251, 0.21016155516, 0.1713389412, 0.12961533808, 0.50411425116, 0.66081426118, 0.49360711686, 0.23906494861, 0.16784679762, 0.37677754506, 0.25682080022, 0.30703365021, 0.24565379382, 0.69081200944, 0.56266751362, 0.44470670351, 0.15634191598, 0.13029883617, 0.30963950266, 0.15284607458, 0.18054534415, 0.12782967194, 0.49277767723, 0.60586547565, 0.42347895276, 0.20365639266, 0.2135891802, 0.44869137529, 0.30356593011, 0.2476369284],
      [0.18594420484, 0.60579145472, 0.58044648253, 0.43061181856, 0.17519163485, 0.17191658907, 0.38344397659, 0.21901691044, 0.27953360266, 0.1982129751, 0.61719226485, 0.50862885109, 0.35596243757, 0.13870294553, 0.21183754625, 0.44582458733, 0.24410478962, 0.19662561316, 0.14289737335, 0.52711964455, 0.60827836612, 0.43651174068, 0.20074710889, 0.19509602073, 0.42059088597, 0.27213324655, 0.25499383053, 0.18544556098, 0.6010569787, 0.55079478524, 0.39539666334, 0.16019894099, 0.19421138423, 0.41915777568, 0.23874408031, 0.19563869824, 0.13658218438, 0.5101195325, 0.58108130631, 0.40067729432, 0.18675305761, 0.22327999545, 0.4627405213, 0.30312740989, 0.17634003982, 0.13405333511, 0.51444645515, 0.65905756617, 0.49485680925, 0.23620916658]
    ],
    [
      [0.16460239401, 0.37108985564, 0.24934437826, 0.21784884346, 0.16342021741, 0.56889531799, 0.60827633421, 0.45046787943, 0.19519333213, 0.17387482233, 0.38611190316, 0.23591134989, 0.19079851236, 0.14595730121, 0.53929909535, 0.64822342325, 0.48966130867, 0.22477162043, 0.16097806439, 0.36438139012, 0.23592928422, 0.1850406574, 0.12396091602, 0.47916049596, 0.55971432629, 0.36994525211, 0.17777197582, 0.25524501631, 0.50609383187, 0.34306752821, 0.34740794026, 0.25475206608, 0.69103545928, 0.46417392124, 0.33611274657, 0.11375427368, 0.1884181385, 0.40913518736, 0.19521026703, 0.22866271846, 0.17390739294, 0.58831844126, 0.60685787204, 0.45577096231, 0.19188644369, 0.1644794095, 0.37032164475, 0.21979511505, 0.22989903493, 0.18293273323],
      [0.60830886534, 0.63512761307, 0.49925748083, 0.20642389522, 0.134973352, 0.31780978594, 0.18526723944, 0.25457698114, 0.19527583109, 0.62227557708, 0.58684323536, 0.44464219426, 0.17638631655, 0.1585797835, 0.36008197465, 0.20133810637, 0.13784647032, 0.10134583292, 0.43371502962, 0.67379706887, 0.48899965334, 0.2595042429, 0.18835646081, 0.40965451374, 0.30678072747, 0.25416510653, 0.18131946575, 0.5930494996, 0.53751727398, 0.37859983264, 0.15424804981, 0.20831761949, 0.44008070161, 0.25270245059, 0.24142593842, 0.18774926357, 0.61292440739, 0.60888546739, 0.46778037636, 0.1899031595, 0.14968859419, 0.34447036007, 0.1971724331, 0.28094252424, 0.21952962477, 0.65721826426, 0.57279328078, 0.44214595422, 0.16492095588, 0.14626419499],
      [0.33832442101, 0.17786077986, 0.22302421211, 0.17275120777, 0.5887118058, 0.62447601241, 0.47772457884, 0.20241713646, 0.15249977548, 0.34952421339, 0.20887105774, 0.28830379269, 0.19945752746, 0.61702279027, 0.48172070952, 0.32918433458, 0.12695349444, 0.22997549779, 0.47135813796, 0.25602371529, 0.20584877003, 0.15722934035, 0.56044458174, 0.63232360371, 0.47702926748, 0.21118975896, 0.16182762626, 0.36574139217, 0.2283656593, 0.29055832636, 0.21342739458, 0.64216366378, 0.52195685276, 0.37858117313, 0.14211813998, 0.18748482088, 0.40799143229, 0.21571819624, 0.18792609654, 0.1423235243, 0.53109956827, 0.64435414129, 0.48188117792, 0.22326909341, 0.16771976217, 0.37579529779, 0.24563133832, 0.21930735325, 0.15691767391, 0.55099926043]
    ],
    [
      [0.57339212409, 0.4040926357, 0.17719354623, 0.20730052266, 0.43898969039, 0.27180719334, 0.18363770953, 0.13221708186, 0.50213377957, 0.6125390891, 0.43368534242, 0.20612095215, 0.20382320137, 0.43409757572, 0.29174526828, 0.20276882732, 0.14892476181, 0.53824545695, 0.60779139603, 0.43917872932, 0.19855912336, 0.18943977665, 0.41189650886, 0.26319541969, 0.25851696177, 0.20838282275, 0.6453250419, 0.61427279056, 0.48765769345, 0.188513517, 0.12721024767, 0.3039594838, 0.1661614411, 0.20373591825, 0.16095048424, 0.56928994746, 0.65580109587, 0.51049980084, 0.22557260271, 0.14046298588, 0.32854971491, 0.20513744983, 0.2104155749, 0.14437407632, 0.52207229398, 0.55116494684, 0.37148725225, 0.16814628453, 0.23841947826, 0.48413867143],
