{
  "W": [
    [70, 16, 14],
    [68, 16, 16],
    [69, 17, 14],
    [68, 14, 18],
    [68, 14, 18],
    [64, 22, 14],
    [64, 17, 19],
    [71, 10, 19],
    [63, 21, 16],
    [63, 15, 22],
    [63, 19, 18],
    [60, 23, 17],
    [59, 21, 20],
    [63, 16, 21],
    [77, 11, 12],
    [74, 9, 17],
    [46, 32, 22],
    [14, 71, 15],
    [17, 72, 11],
    [14, 70, 16],
    [23, 61, 16],
    [15, 67, 18],
    [14, 70, 16],
    [19, 68, 13],
    [18, 67, 15],
    [23, 58, 19],
    [13, 64, 23],
    [22, 64, 14],
    [21, 59, 20],
    [22, 67, 11],
    [16, 62, 22],
    [17, 64, 19],
    [19, 71, 10],
    [19, 34, 47],
    [16, 12, 72],
    [15, 21, 64],
    [19, 13, 68],
    [13, 18, 69],
    [11, 23, 66],
    [15, 21, 64],
    [18, 18, 64],
    [17, 25, 58],
    [17, 14, 69],
    [21, 18, 61],
    [14, 15, 71],
    [14, 17, 69],
    [15, 21, 64],
    [13, 23, 64],
    [17, 13, 70],
    [16, 13, 71]
  ],
  "X": [
    [38, 9, 53],
    [37, 16, 47],
    [38, 11, 51],
    [40, 16, 44],
    [32, 18, 50],
    [31, 13, 56],
    [33, 16, 51],
    [31, 11, 58],
    [39, 13, 48],
    [18, 19, 63],
    [30, 13, 57],
    [39, 14, 47],
    [33, 14, 53],
    [32, 15, 53],
    [33, 7, 60],
    [33, 11, 56],
    [36, 13, 51],
    [29, 27, 44],
    [18, 24, 58],
    [22, 24, 54],
    [15, 23, 62],
    [26, 25, 49],
    [14, 26, 60],
    [23, 17, 60],
    [23, 22, 55],
    [31, 27, 42],
    [20, 32, 48],
    [25, 22, 53],
    [26, 15, 59],
    [19, 24, 57],
    [23, 29, 48],
    [33, 23, 44],
    [19, 22, 59],
    [26, 33, 41],
    [24, 45, 31],
    [24, 37, 39],
    [29, 38, 33],
    [24, 39, 37],
    [27, 32, 41],
    [25, 43, 32],
    [31, 36, 33],
    [19, 38, 43],
    [24, 39, 37],
    [28, 31, 41],
    [19, 42, 39],
    [25, 41, 34],
    [25, 40, 35],
    [21, 36, 43],
    [23, 41, 36],
    [30, 34, 36]
  ],
  "real_prob": [
    [0.41692500483, 0.02054848178, 0.56252651339],
    [0.18238331392, 0.21277520529, 0.60484148079],
    [0.23260588422, 0.503217917, 0.26417619877]
  ],
  "method": "exact",
  "prob": [
    [0.39891454504, 0.019505205385, 0.58158024957],
    [0.18554369294, 0.22571804406, 0.588738263],
    [0.23331819765, 0.50853111835, 0.258150684]
  ],
  "iterations": 19,
  "logLik": -274.8692567,
  "time": 16.093947,
  "message": "Converged",
  "status": 0,
  "cond_prob": [
    [
      [0.43169932718, 0.22085379149, 0.30338474523, 0.012648650748, 0.15699261413, 0.40019375868, 0.55565202207, 0.62215359438, 0.29642149609, 0.44686132406, 0.19765623511, 0.21568313762, 0.027143315236, 0.29326832623, 0.59137258401, 0.5259953607, 0.50907543865, 0.19294427836, 0.44104114356, 0.217421242, 0.27657142715, 0.016458799065, 0.19726171372, 0.46506383794, 0.54250005737, 0.58531704428, 0.2583647349, 0.47952446798, 0.21971487605, 0.23979599513, 0.025394425407, 0.28392121981, 0.5721267775, 0.49508110661, 0.49636390414, 0.18807722737, 0.39150140177, 0.16134696427, 0.1732803989, 0.031616747797, 0.31866874085, 0.63270548766, 0.57688185044, 0.51998429487, 0.19401411344, 0.37595696819, 0.17386591704, 0.22240741865, 0.019030552492, 0.21376785177],
      [0.50565370725, 0.60501247932, 0.61236623119, 0.2719388741, 0.4024404606, 0.18239770923, 0.21805523498, 0.022448524934, 0.2472467978, 0.54526836009, 0.57511101446, 0.57035549297, 0.23667640494, 0.34975188554, 0.16740612531, 0.2365028881, 0.014391857834, 0.16690486234, 0.4373226037, 0.63585625663, 0.66568901235, 0.32617450819, 0.46839952028, 0.23280342838, 0.28762238914, 0.017208286197, 0.20746870461, 0.47243969829, 0.51439219352, 0.559727867, 0.23993791257, 0.22538839295, 0.089397054799, 0.11179888282, 0.027224374288, 0.26245419103, 0.60672961611, 0.74738723276, 0.64814875418, 0.28147150107, 0.35948051504, 0.16942151056, 0.22965104731, 0.01637533504, 0.18688505473, 0.46764099181, 0.62414414992, 0.64369343471, 0.30270796088, 0.4767539398],
      [0.23733732121, 0.29035324847, 0.017523705566, 0.2114026508, 0.4756656881, 0.50572235463, 0.55126002799, 0.23398106343, 0.4021195, 0.19506495633, 0.25892927085, 0.015945304639, 0.18701938899, 0.45659099287, 0.58193519536, 0.61791565467, 0.28447973628, 0.38526970985, 0.17999055572, 0.23086473274, 0.018608824363, 0.21063103518, 0.49797845248, 0.59612146578, 0.6093784091, 0.27115681477, 0.36142285499, 0.17971278645, 0.26613329289, 0.011421621165, 0.13810709765, 0.38344642468, 0.62715552384, 0.6821801159, 0.35042028243, 0.37093134007, 0.17543349937, 0.23365760824, 0.016611207384, 0.191051926, 0.47360607762, 0.61245745254, 0.63351457463, 0.29273631413, 0.45441979677, 0.24011140138, 0.33696020475, 0.01110967354, 0.14126098165, 0.36220925474]
    ],
    [
      [0.53447052969, 0.61862761697, 0.30083054051, 0.51535327247, 0.24823205707, 0.27737187557, 0.022669186489, 0.26316561036, 0.53319153692, 0.46197754104, 0.48860233258, 0.18943658751, 0.33243942528, 0.14397085227, 0.18023894607, 0.023265925283, 0.24326442124, 0.55358554009, 0.64429464944, 0.61276472649, 0.26617551384, 0.39466579987, 0.18267860658, 0.23044852133, 0.019944382225, 0.22244436431, 0.50935457168, 0.5853898179, 0.59487702911, 0.26019690698, 0.25976826409, 0.1096433168, 0.14606797509, 0.022120668848, 0.22533121336, 0.54662628758, 0.71811106706, 0.66502546984, 0.30730573733, 0.45340654614, 0.21639952935, 0.26111851897, 0.020189917157, 0.23210310968, 0.50812460524, 0.52640353671, 0.55149736097, 0.23075687579, 0.26951827599, 0.112675191],
      [0.14621754786, 0.023618971812, 0.23830735679, 0.5617387137, 0.7068627522, 0.6490174522, 0.29204373844, 0.37668029328, 0.18354387367, 0.258622386, 0.014077769759, 0.16514025797, 0.42330652558, 0.60924193697, 0.65131586836, 0.31807108842, 0.39406438407, 0.18444740198, 0.23659101027, 0.018835302535, 0.21244348517, 0.49515006984, 0.5871003134, 0.60310911284, 0.26825891989, 0.51352548644, 0.24334142445, 0.26711111547, 0.024132045328, 0.27585496902, 0.54975656603, 0.46234246823, 0.48080360654, 0.18313231851, 0.38638286489, 0.16557161452, 0.19045388815, 0.027333898567, 0.28261980465, 0.58943442701, 0.58628323654, 0.55180858084, 0.22011168484, 0.41594410595, 0.19478118648, 0.24165955247, 0.019976135368, 0.22556935954, 0.50886328653, 0.56407975868],
      [0.57964945398, 0.249477161, 0.39149477221, 0.19998084701, 0.2989869905, 0.010623970688, 0.13035915556, 0.35428532187, 0.5978812571, 0.66965999743, 0.34672768764, 0.33684811023, 0.1440858629, 0.1759626146, 0.024818914126, 0.25648862585, 0.56993145063, 0.63833297565, 0.59942551124, 0.25410593476, 0.41588161318, 0.18629968034, 0.21796881855, 0.024369134075, 0.26321139977, 0.5586812304, 0.55974925275, 0.55048891989, 0.22334995104, 0.53519506519, 0.27638494492, 0.32700249561, 0.017439925699, 0.21668476015, 0.46503666388, 0.44736500911, 0.50693029493, 0.2079608405, 0.33895311024, 0.1499037117, 0.1916727375, 0.021458727314, 0.22907279036, 0.53281160652, 0.63958816245, 0.62102349794, 0.27551565598, 0.42353297539, 0.19691828906, 0.23952450297]
    ],
    [
      [0.021203333625, 0.23694568667, 0.52214858116, 0.55526369099, 0.56613602427, 0.23832691587, 0.41419481469, 0.18289352976, 0.21080778622, 0.025918899695, 0.27503771458, 0.57340062541, 0.55988628562, 0.54206875566, 0.21579158836, 0.38209598939, 0.17680896437, 0.22743081105, 0.019471007253, 0.21611495758, 0.50264876222, 0.59843300336, 0.60707607806, 0.26992042673, 0.45005568084, 0.21445718441, 0.25972056863, 0.020315907406, 0.23223898523, 0.50874839634, 0.52962841176, 0.55330383036, 0.23153103503, 0.38579594214, 0.17855279016, 0.22856090622, 0.019656469891, 0.21814785223, 0.50460586306, 0.59454758796, 0.60329935761, 0.26683323072, 0.40034681998, 0.19752873919, 0.27353066634, 0.014337365369, 0.16933041205, 0.42344984097, 0.58531581465, 0.63314084876],
