{
  "W": [
    [65, 22, 13],
    [70, 12, 18],
    [60, 23, 17],
    [70, 11, 19],
    [72, 13, 15],
    [65, 21, 14],
    [63, 21, 16],
    [70, 16, 14],
    [62, 22, 16],
    [70, 11, 19],
    [56, 19, 25],
    [69, 15, 16],
    [63, 20, 17],
    [70, 14, 16],
    [68, 12, 20],
    [66, 15, 19],
    [54, 34, 12],
    [18, 66, 16],
    [24, 58, 18],
    [13, 72, 15],
    [17, 61, 22],
    [23, 66, 11],
    [13, 69, 18],
    [16, 60, 24],
    [14, 64, 22],
    [20, 67, 13],
    [14, 69, 17],
    [12, 72, 16],
    [16, 72, 12],
    [11, 71, 18],
    [12, 63, 25],
    [18, 65, 17],
    [12, 76, 12],
    [22, 26, 52],
    [19, 17, 64],
    [20, 19, 61],
    [12, 18, 70],
    [16, 20, 64],
    [10, 14, 76],
    [18, 12, 70],
    [21, 14, 65],
    [15, 16, 69],
    [22, 21, 57],
    [17, 17, 66],
    [17, 16, 67],
    [21, 14, 65],
    [17, 17, 66],
    [20, 14, 66],
    [20, 20, 60],
    [14, 20, 66]
  ],
  "X": [
    [48, 15, 37],
    [51, 11, 38],
    [41, 19, 40],
    [53, 15, 32],
    [58, 12, 30],
    [48, 17, 35],
    [34, 17, 49],
    [48, 15, 37],
    [43, 17, 40],
    [52, 14, 34],
    [38, 24, 38],
    [51, 16, 33],
    [48, 18, 34],
    [48, 16, 36],
    [52, 12, 36],
    [48, 18, 34],
    [40, 31, 29],
    [27, 46, 27],
    [28, 47, 25],
    [20, 45, 35],
    [16, 53, 31],
    [27, 47, 26],
    [22, 55, 23],
    [24, 44, 32],
    [28, 41, 31],
    [19, 49, 32],
    [30, 43, 27],
    [21, 55, 24],
    [29, 42, 29],
    [25, 54, 21],
    [25, 52, 23],
    [27, 46, 27],
    [26, 40, 34],
    [40, 25, 35],
    [28, 33, 39],
    [29, 30, 41],
    [35, 20, 45],
    [32, 27, 41],
    [38, 18, 44],
    [33, 21, 46],
    [33, 22, 45],
    [34, 29, 37],
    [32, 31, 37],
    [32, 28, 40],
    [45, 25, 30],
    [42, 18, 40],
    [29, 30, 41],
    [36, 31, 33],
    [39, 30, 31],
    [28, 30, 42]
  ],
  "real_prob": [
    [0.58686250835, 0.01706034451, 0.39607714713],
    [0.17251849602, 0.63482282357, 0.19265868041],
    [0.3260128474, 0.23921874986, 0.43476840274]
  ],
  "method": "exact",
  "prob": [
    [0.60300964431, 0.013372172837, 0.38361818285],
    [0.14384320932, 0.64520115625, 0.21095563442],
    [0.32112622628, 0.23779007227, 0.44108370144]
  ],
  "iterations": 10,
  "logLik": -279.6857761168,
  "time": 9.414336,
  "message": "Converged",
  "status": 0,
  "cond_prob": [
    [
      [0.60771913963, 0.18045598833, 0.34832493701, 0.0083891265465, 0.55601877534, 0.17094567054, 0.38389173383, 0.26352523634, 0.48072939245, 0.61062385976, 0.17042829971, 0.34506612335, 0.0091837107843, 0.58443947743, 0.185770362, 0.38019242946, 0.24513222286, 0.46916351466, 0.5522872544, 0.13051832023, 0.28593196297, 0.011975273113, 0.63141884434, 0.2211088349, 0.43573747248, 0.23806283543, 0.49295920212, 0.64900803123, 0.12344307964, 0.32692441777, 0.016748538844, 0.72971265542, 0.30530331954, 0.33424342992, 0.14684426495, 0.36777226269, 0.6879535746, 0.1866038536, 0.40276616881, 0.010035038574, 0.62408517218, 0.21095799896, 0.30201138683, 0.18931097423, 0.38627583223, 0.6160509661, 0.15443279317, 0.33668561052, 0.011171429608, 0.62953106695],
      [0.21812176212, 0.3727776043, 0.21603613989, 0.44519262737, 0.44988657615, 0.10254276524, 0.21898422701, 0.012036124321, 0.61412661347, 0.20906658031, 0.53807729952, 0.28333062129, 0.57194919268, 0.59378059028, 0.13215419146, 0.3086351155, 0.013108727937, 0.66571945625, 0.24506269603, 0.39311068178, 0.2021263523, 0.44630218847, 0.56372295395, 0.14589544058, 0.30246732264, 0.010373974304, 0.59930519903, 0.1982562009, 0.42590307174, 0.25479936039, 0.49927647646, 0.63349799774, 0.13090558834, 0.32711466772, 0.014820651244, 0.7012384344, 0.27625955971, 0.35168135102, 0.16785597726, 0.39662577257, 0.5424190212, 0.08583063493, 0.23975010996, 0.021320341227, 0.75458102699, 0.33876085514, 0.43626063757, 0.15958833808, 0.4214890349, 0.63472073561],
      [0.13090832022, 0.32754027746, 0.014909807185, 0.70212789857, 0.27745655161, 0.3503694572, 0.16696378121, 0.39500317093, 0.62493272, 0.14644159763, 0.33531804043, 0.012477672411, 0.65712151258, 0.23949861096, 0.36258960759, 0.19643688979, 0.4251833486, 0.59670210716, 0.11196128593, 0.29146215599, 0.016767994069, 0.72053179839, 0.29617470236, 0.38652989877, 0.16750691568, 0.41236314165, 0.6303023649, 0.1690902619, 0.35551780219, 0.0099696045621, 0.60794616367, 0.20133564629, 0.35972803054, 0.22296357443, 0.44314655152, 0.61526187375, 0.11287049188, 0.29998205021, 0.017558500524, 0.7314935311, 0.30888084205, 0.36717962572, 0.15563597703, 0.39113710774, 0.6134986188, 0.10142928822, 0.28520656545, 0.020463866633, 0.75845106668, 0.34230124457]
    ],
    [
      [0.36603751457, 0.1401196451, 0.37249218999, 0.6280334956, 0.1551276285, 0.3410608499, 0.011949082792, 0.63808205071, 0.22946882268, 0.36001742161, 0.20679032079, 0.42947032742, 0.62908498797, 0.12454431032, 0.31546612722, 0.016492592281, 0.71227403925, 0.2940157505, 0.35442241975, 0.16318165043, 0.39051812228, 0.50999330515, 0.13082882775, 0.26336076231, 0.010546905569, 0.58299534944, 0.19248167117, 0.47945978928, 0.2861758228, 0.54415756651, 0.45116333807, 0.068920073565, 0.18754994388, 0.022230985473, 0.74354723042, 0.33025873597, 0.52660567645, 0.18753269602, 0.48219132015, 0.61750529297, 0.13995177991, 0.32368734436, 0.013526286861, 0.66552395524, 0.25130130514, 0.36896842017, 0.19452426486, 0.42501135051, 0.6230242014, 0.1209571369],
      [0.30859127421, 0.016954441084, 0.71602589164, 0.29854476349, 0.36002135752, 0.16301697146, 0.39286396229, 0.56557369914, 0.13242628444, 0.29188515614, 0.012593889241, 0.63796767495, 0.2300182198, 0.42183241162, 0.22960604061, 0.47809662406, 0.62287787244, 0.17937443701, 0.35453390079, 0.0092772891389, 0.57460913865, 0.18614241267, 0.36784483842, 0.24601642435, 0.45932368654, 0.48425156727, 0.095232144856, 0.22572422686, 0.015796466186, 0.67585409906, 0.26168046458, 0.49995196654, 0.22891375609, 0.51259530856, 0.67023970342, 0.2010126346, 0.39686896265, 0.0089327157744, 0.57547512092, 0.18630344916, 0.3208275808, 0.22351224449, 0.41682758819, 0.60713075528, 0.12306994137, 0.30333719736, 0.015869551444, 0.69866034419, 0.28162628758, 0.37699969328],
      [0.17826971444, 0.41503651506, 0.64178246811, 0.19739476532, 0.37658811728, 0.0083711800047, 0.55264346907, 0.17297761222, 0.34984635189, 0.24996176561, 0.4504342705, 0.68313135169, 0.15283229907, 0.36858121653, 0.014232473161, 0.68939469294, 0.27202331091, 0.30263617515, 0.15777300799, 0.35939547257, 0.6590263749, 0.13610871849, 0.34067336945, 0.015788844943, 0.70749448448, 0.28953525353, 0.32518478016, 0.15639679702, 0.36979137702, 0.62770733687, 0.15285030178, 0.33917637182, 0.012213503467, 0.64325820842, 0.23343372883, 0.36007915966, 0.2038914898, 0.42738989935, 0.59308299927, 0.19408828225, 0.34435787979, 0.0071685576272, 0.50206236369, 0.14643647231, 0.3997484431, 0.30384935405, 0.50920564789, 0.66318055599, 0.19636518306, 0.39047178863]
    ],
    [
      [0.0090246106197, 0.5789972815, 0.18745248553, 0.32779483339, 0.22463753544, 0.42207572584, 0.54681673734, 0.09466145284, 0.25001933269, 0.019435096998, 0.73132220253, 0.31559774553, 0.43374816566, 0.17401634463, 0.43438292178, 0.54458180537, 0.10855304278, 0.26304682098, 0.015889075366, 0.68848248324, 0.27214838215, 0.43952911926, 0.20296447398, 0.46480479687, 0.59879959557, 0.19221615894, 0.34792162846, 0.0074204276927, 0.51534930006, 0.15192382095, 0.39377997674, 0.292434541, 0.50015455059, 0.58412383851, 0.14266508042, 0.30938620274, 0.011876818258, 0.62885302707, 0.22238922448, 0.40399934323, 0.22848189252, 0.46822457278, 0.6289070158, 0.21373293495, 0.37787722043, 0.0067980685081, 0.49997354915, 0.14384723193, 0.36429491569, 0.2862935159],
