{
  "W": [
    [65, 22, 13],
    [70, 12, 18],
    [60, 23, 17],
    [70, 11, 19],
    [72, 13, 15],
    [65, 21, 14],
    [63, 21, 16],
    [70, 16, 14],
    [62, 22, 16],
    [70, 11, 19],
    [56, 19, 25],
    [69, 15, 16],
    [63, 20, 17],
    [70, 14, 16],
    [68, 12, 20],
    [66, 15, 19],
    [54, 34, 12],
    [18, 66, 16],
    [24, 58, 18],
    [13, 72, 15],
    [17, 61, 22],
    [23, 66, 11],
    [13, 69, 18],
    [16, 60, 24],
    [14, 64, 22],
    [20, 67, 13],
    [14, 69, 17],
    [12, 72, 16],
    [16, 72, 12],
    [11, 71, 18],
    [12, 63, 25],
    [18, 65, 17],
    [12, 76, 12],
    [22, 26, 52],
    [19, 17, 64],
    [20, 19, 61],
    [12, 18, 70],
    [16, 20, 64],
    [10, 14, 76],
    [18, 12, 70],
    [21, 14, 65],
    [15, 16, 69],
    [22, 21, 57],
    [17, 17, 66],
    [17, 16, 67],
    [21, 14, 65],
    [17, 17, 66],
    [20, 14, 66],
    [20, 20, 60],
    [14, 20, 66]
  ],
  "X": [
    [48, 15, 37],
    [51, 11, 38],
    [41, 19, 40],
    [53, 15, 32],
    [58, 12, 30],
    [48, 17, 35],
    [34, 17, 49],
    [48, 15, 37],
    [43, 17, 40],
    [52, 14, 34],
    [38, 24, 38],
    [51, 16, 33],
    [48, 18, 34],
    [48, 16, 36],
    [52, 12, 36],
    [48, 18, 34],
    [40, 31, 29],
    [27, 46, 27],
    [28, 47, 25],
    [20, 45, 35],
    [16, 53, 31],
    [27, 47, 26],
    [22, 55, 23],
    [24, 44, 32],
    [28, 41, 31],
    [19, 49, 32],
    [30, 43, 27],
    [21, 55, 24],
    [29, 42, 29],
    [25, 54, 21],
    [25, 52, 23],
    [27, 46, 27],
    [26, 40, 34],
    [40, 25, 35],
    [28, 33, 39],
    [29, 30, 41],
    [35, 20, 45],
    [32, 27, 41],
    [38, 18, 44],
    [33, 21, 46],
    [33, 22, 45],
    [34, 29, 37],
    [32, 31, 37],
    [32, 28, 40],
    [45, 25, 30],
    [42, 18, 40],
    [29, 30, 41],
    [36, 31, 33],
    [39, 30, 31],
    [28, 30, 42]
  ],
  "real_prob": [
    [0.58686250835, 0.01706034451, 0.39607714713],
    [0.17251849602, 0.63482282357, 0.19265868041],
    [0.3260128474, 0.23921874986, 0.43476840274]
  ],
  "method": "exact",
  "prob": [
    [0.59576118177, 0.031342219433, 0.3728965988],
    [0.14464864199, 0.63840787434, 0.21694348367],
    [0.32757312352, 0.22660659885, 0.44582027763]
  ],
  "iterations": 20,
  "logLik": -279.7209907993,
  "time": 18.754158,
  "message": "Converged",
  "status": 0,
  "cond_prob": [
    [
      [0.60378601258, 0.18657674921, 0.35763236152, 0.019921232203, 0.53251608412, 0.1530589274, 0.37629275522, 0.28090716667, 0.48930871108, 0.60592299764, 0.18042678793, 0.356681595, 0.021064890559, 0.55148932418, 0.16153254282, 0.3730121118, 0.2680838879, 0.48178586218, 0.54692667321, 0.1367466318, 0.29642512212, 0.028083664213, 0.60658911668, 0.1978488508, 0.42498966257, 0.25666425152, 0.50572602709, 0.63983799741, 0.13981240991, 0.35123177224, 0.035900574366, 0.68926171627, 0.25816215344, 0.32426142823, 0.17092587382, 0.39060607432, 0.68185442853, 0.20114570456, 0.41943913242, 0.022615672495, 0.58837294555, 0.18152155254, 0.29552989897, 0.21048134988, 0.39903931504, 0.61032763404, 0.16347472709, 0.34969532275, 0.025839278869, 0.60114115168],
      [0.1926059063, 0.36383308709, 0.23538412123, 0.45769877095, 0.44601554017, 0.10791979323, 0.22716908196, 0.027927790405, 0.5848474596, 0.18492203455, 0.52605666943, 0.30723274716, 0.58790888348, 0.58760303995, 0.14483409852, 0.32503154478, 0.029025311265, 0.62711915999, 0.20959440369, 0.38337164878, 0.2280467415, 0.46537405153, 0.55908618711, 0.1519182268, 0.31215346311, 0.024464761819, 0.57475933287, 0.17740496526, 0.41644905107, 0.27332244034, 0.51044157163, 0.62554634208, 0.14583789634, 0.34776522078, 0.032280685677, 0.66170768108, 0.23481934267, 0.34217297224, 0.19245442257, 0.41741543656, 0.53235956327, 0.093872264702, 0.2561716571, 0.047769062358, 0.727377149, 0.30019066708, 0.41987137437, 0.1787505863, 0.44363767583, 0.62680779902],
      [0.14544031617, 0.34804107031, 0.032633177457, 0.66385194097, 0.23690822756, 0.34055902352, 0.19070774286, 0.41505070214, 0.61811933537, 0.15575025705, 0.34961627827, 0.028762053847, 0.62934209209, 0.21183228034, 0.35311861078, 0.21490765086, 0.43855144139, 0.58883544714, 0.12682335432, 0.31287448372, 0.035884815829, 0.67819660508, 0.2495819013, 0.37527973703, 0.1949800406, 0.43754361498, 0.62476338393, 0.17923886411, 0.36826117618, 0.022917092177, 0.57677863635, 0.17601470479, 0.3523195239, 0.24398249954, 0.45572411903, 0.60615688573, 0.12610433648, 0.32116213129, 0.03829146756, 0.69539846495, 0.26535716668, 0.35555164671, 0.17849719857, 0.41348070203, 0.60281435448, 0.11130775383, 0.30529676899, 0.045864374488, 0.73181873322, 0.30345723734]
    ],
    [
      [0.35132127103, 0.15687351295, 0.39124599367, 0.62227351032, 0.1546794127, 0.3493897235, 0.030279056929, 0.63537135429, 0.22002922449, 0.34744743275, 0.20994923301, 0.43058105201, 0.61894615833, 0.12563483235, 0.32547066242, 0.040942088553, 0.7065864148, 0.279743212, 0.34011175311, 0.16777875284, 0.39478612558, 0.50826181384, 0.12981891503, 0.26970896922, 0.027037452715, 0.58143737594, 0.18566813645, 0.46470073345, 0.28874370903, 0.54462289433, 0.44181021302, 0.069182404867, 0.19404998554, 0.055321768145, 0.73901757054, 0.31724809721, 0.50286801883, 0.19180002459, 0.48870191726, 0.61092486416, 0.14068104413, 0.33307083742, 0.033862579977, 0.66042960614, 0.23934605956, 0.35521255586, 0.19888934973, 0.42758310302, 0.61269701087, 0.12062536126],
      [0.31732160733, 0.042720638114, 0.71400311346, 0.28768982645, 0.34458235102, 0.16537152528, 0.39498856623, 0.55988181591, 0.13132168142, 0.29844125251, 0.032100544667, 0.63612032426, 0.22163215958, 0.40801763942, 0.23255799432, 0.47992658791, 0.61943304015, 0.1777048913, 0.36158292702, 0.023797387013, 0.57377975042, 0.17931511612, 0.35676957284, 0.24851535827, 0.45910195686, 0.4789019237, 0.095481931708, 0.23266708475, 0.0396519776, 0.67092262715, 0.25039572533, 0.4814460987, 0.23359544115, 0.51693718993, 0.66670305957, 0.19970743712, 0.4050790591, 0.022845831865, 0.57444166445, 0.17904020629, 0.31045110857, 0.22585089843, 0.4158807346, 0.59854082118, 0.12262605142, 0.31177715271, 0.040117555348, 0.6968584644, 0.27154874368, 0.36134162347],
      [0.18051548418, 0.4166741036, 0.63984423688, 0.19645216007, 0.3848280571, 0.021392901474, 0.55092403012, 0.16593195064, 0.33876286165, 0.25262380981, 0.44923999225, 0.67362160093, 0.15198735784, 0.37772555462, 0.036088476063, 0.6884677572, 0.26232311122, 0.29028992301, 0.15954488496, 0.35995133416, 0.64787851624, 0.13499491116, 0.34883113607, 0.040042326668, 0.70673337648, 0.27981157448, 0.31207915709, 0.15827171236, 0.37135728945, 0.62159722122, 0.15237872376, 0.34744899846, 0.030941333852, 0.64056943998, 0.22388484658, 0.34746144493, 0.20705183626, 0.42866615496, 0.59360213011, 0.19280780188, 0.35194845797, 0.018442640612, 0.501152492, 0.14092491003, 0.38795522928, 0.30603970611, 0.507126632, 0.65637259211, 0.19284229343, 0.39511352585]
    ],
    [
      [0.023304882896, 0.57949477236, 0.18116208644, 0.32032252499, 0.22766293422, 0.4237243877, 0.53306799112, 0.092904849914, 0.25456758938, 0.049472986415, 0.7309389543, 0.30678204742, 0.41745902246, 0.17615619578, 0.4386503632, 0.53377922786, 0.10645766731, 0.26724130761, 0.040678970017, 0.68810460365, 0.26413824804, 0.42554180213, 0.20543772904, 0.46862044436, 0.59377475364, 0.18660869133, 0.35022495018, 0.019547207122, 0.5195179912, 0.14877299533, 0.38667803924, 0.29387331747, 0.5010020545, 0.57547077278, 0.13896685809, 0.31270516365, 0.030861066887, 0.6309782442, 0.21697903197, 0.39366816033, 0.23005489771, 0.47031580438, 0.62378575124, 0.2070572699, 0.3797807988, 0.0180009548, 0.50552958725, 0.14134968724, 0.35821329396, 0.28741314285],
