{
  "W": [
    [65, 22, 13],
    [70, 12, 18],
    [60, 23, 17],
    [70, 11, 19],
    [72, 13, 15],
    [65, 21, 14],
    [63, 21, 16],
    [70, 16, 14],
    [62, 22, 16],
    [70, 11, 19],
    [56, 19, 25],
    [69, 15, 16],
    [63, 20, 17],
    [70, 14, 16],
    [68, 12, 20],
    [66, 15, 19],
    [54, 34, 12],
    [18, 66, 16],
    [24, 58, 18],
    [13, 72, 15],
    [17, 61, 22],
    [23, 66, 11],
    [13, 69, 18],
    [16, 60, 24],
    [14, 64, 22],
    [20, 67, 13],
    [14, 69, 17],
    [12, 72, 16],
    [16, 72, 12],
    [11, 71, 18],
    [12, 63, 25],
    [18, 65, 17],
    [12, 76, 12],
    [22, 26, 52],
    [19, 17, 64],
    [20, 19, 61],
    [12, 18, 70],
    [16, 20, 64],
    [10, 14, 76],
    [18, 12, 70],
    [21, 14, 65],
    [15, 16, 69],
    [22, 21, 57],
    [17, 17, 66],
    [17, 16, 67],
    [21, 14, 65],
    [17, 17, 66],
    [20, 14, 66],
    [20, 20, 60],
    [14, 20, 66]
  ],
  "X": [
    [48, 15, 37],
    [51, 11, 38],
    [41, 19, 40],
    [53, 15, 32],
    [58, 12, 30],
    [48, 17, 35],
    [34, 17, 49],
    [48, 15, 37],
    [43, 17, 40],
    [52, 14, 34],
    [38, 24, 38],
    [51, 16, 33],
    [48, 18, 34],
    [48, 16, 36],
    [52, 12, 36],
    [48, 18, 34],
    [40, 31, 29],
    [27, 46, 27],
    [28, 47, 25],
    [20, 45, 35],
    [16, 53, 31],
    [27, 47, 26],
    [22, 55, 23],
    [24, 44, 32],
    [28, 41, 31],
    [19, 49, 32],
    [30, 43, 27],
    [21, 55, 24],
    [29, 42, 29],
    [25, 54, 21],
    [25, 52, 23],
    [27, 46, 27],
    [26, 40, 34],
    [40, 25, 35],
    [28, 33, 39],
    [29, 30, 41],
    [35, 20, 45],
    [32, 27, 41],
    [38, 18, 44],
    [33, 21, 46],
    [33, 22, 45],
    [34, 29, 37],
    [32, 31, 37],
    [32, 28, 40],
    [45, 25, 30],
    [42, 18, 40],
    [29, 30, 41],
    [36, 31, 33],
    [39, 30, 31],
    [28, 30, 42]
  ],
  "real_prob": [
    [0.58686250835, 0.01706034451, 0.39607714713],
    [0.17251849602, 0.63482282357, 0.19265868041],
    [0.3260128474, 0.23921874986, 0.43476840274]
  ],
  "method": "exact",
  "prob": [
    [0.59579018127, 0.031422908487, 0.37278691024],
    [0.14524033023, 0.63822241205, 0.21653725773],
    [0.32695206322, 0.22671143498, 0.4463365018]
  ],
  "iterations": 21,
  "logLik": -279.7225215751,
  "time": 19.838474,
  "message": "Converged",
  "status": 0,
  "cond_prob": [
    [
      [0.60370464216, 0.18742795937, 0.3565987041, 0.019983162241, 0.53225690695, 0.15318788472, 0.3763121956, 0.28031513367, 0.49021341118, 0.60598655954, 0.1813701467, 0.35580550398, 0.021116968361, 0.55108921728, 0.16159675596, 0.3728964721, 0.26754063602, 0.48259774006, 0.54690125769, 0.13744892724, 0.29556465953, 0.02815935969, 0.60634460894, 0.19791249489, 0.42493938262, 0.25620646383, 0.50652284558, 0.63991672389, 0.14061499365, 0.35047707356, 0.035970779115, 0.68874419763, 0.25820312042, 0.324112497, 0.17064080871, 0.39131980602, 0.68187471582, 0.20212817733, 0.41849027702, 0.022675450171, 0.58786620066, 0.18167379861, 0.295449834, 0.21000562201, 0.39983592437, 0.61027938002, 0.16426475031, 0.34873432446, 0.025913357793, 0.60082425592],
      [0.19273731208, 0.36380726219, 0.23491099377, 0.45852836346, 0.44600024219, 0.10851543494, 0.22644753802, 0.027995439149, 0.58467878622, 0.18487705144, 0.52600431866, 0.30680577884, 0.58867541054, 0.58760090938, 0.14559770061, 0.32416950953, 0.029096735133, 0.62675382713, 0.20965480761, 0.38330235548, 0.22764847225, 0.46617568286, 0.55905098257, 0.152677379, 0.3112460464, 0.024533060395, 0.57451105598, 0.177481689, 0.41641595703, 0.27281156503, 0.51127226459, 0.62562746918, 0.14666267608, 0.3469888274, 0.032347026385, 0.66121654179, 0.23485927333, 0.34202550444, 0.19212078213, 0.41815189927, 0.53245263146, 0.094428927978, 0.25554012026, 0.047870387004, 0.72709457187, 0.30017845849, 0.41967698153, 0.17847650015, 0.44428142125, 0.62683210252],
      [0.14622221063, 0.34720323543, 0.032709144164, 0.66341210263, 0.23699296958, 0.34045875332, 0.19036568674, 0.41580379499, 0.61811431448, 0.15653475356, 0.34871194803, 0.02883968902, 0.62898866686, 0.21196036792, 0.3530459965, 0.21447657958, 0.43932768405, 0.58886978097, 0.12753683924, 0.31209997392, 0.03596185361, 0.67778762533, 0.24960271829, 0.37516836542, 0.19467553542, 0.43829730779, 0.62484752699, 0.1801866035, 0.36740644614, 0.022972205053, 0.57633828242, 0.17609153337, 0.35218026796, 0.24347511407, 0.45650202049, 0.60621257064, 0.12681751137, 0.32040566668, 0.038373496621, 0.69498049494, 0.26540219994, 0.35541393273, 0.17820199368, 0.41419213338, 0.60267400306, 0.11184922189, 0.30439419089, 0.045994668807, 0.73154887445, 0.30363551275]
    ],
    [
      [0.35133132814, 0.15660190365, 0.39197029636, 0.62174861669, 0.15516327057, 0.34798431512, 0.030403954655, 0.63526061041, 0.22034553306, 0.34784742866, 0.20957611902, 0.43167015182, 0.61862149303, 0.12612363042, 0.32432853349, 0.041091001955, 0.70642584878, 0.28006204022, 0.34028750501, 0.1674505208, 0.39560942629, 0.50757900907, 0.13021907083, 0.2683799855, 0.027139386897, 0.58139304306, 0.18579259135, 0.46528160404, 0.28838788611, 0.54582742316, 0.44157590012, 0.069512915091, 0.19331463079, 0.055481367639, 0.73896097398, 0.31728169716, 0.50294273224, 0.19152611093, 0.48940367205, 0.61035074594, 0.14111401721, 0.33167342794, 0.034001662061, 0.66032776856, 0.23966627705, 0.355647592, 0.19855821423, 0.428660295, 0.61222080489, 0.12104156344],
      [0.31607009218, 0.042886598248, 0.71388127416, 0.28803701698, 0.34489259686, 0.1650771624, 0.39589289083, 0.55956565457, 0.13184891624, 0.29733393968, 0.032213472359, 0.63601364536, 0.22182357168, 0.40822087307, 0.23213743839, 0.48084248863, 0.6189750653, 0.17828354642, 0.36019100522, 0.023894277003, 0.57366878837, 0.17957625757, 0.3571306577, 0.24804766521, 0.46023273721, 0.47838760189, 0.095840458055, 0.23161055943, 0.039785434053, 0.67086460207, 0.25048946, 0.48182696406, 0.23329493987, 0.51789998057, 0.6661078853, 0.20022698372, 0.40346045466, 0.022950387464, 0.57433350024, 0.17939312111, 0.31094172724, 0.22543951604, 0.41714642423, 0.59796545367, 0.12301676521, 0.31045046631, 0.040277816217, 0.69676000942, 0.27187159544, 0.36175673012],
      [0.18022322537, 0.41767793824, 0.639096171, 0.19690586461, 0.38310325101, 0.021492348906, 0.5508513103, 0.16623567297, 0.33941148009, 0.25224282509, 0.45066107602, 0.67310063123, 0.1524363332, 0.37627296661, 0.036245199072, 0.68832597182, 0.2627866006, 0.2906541697, 0.15923769497, 0.36094043279, 0.6475872117, 0.13551271639, 0.34766609309, 0.040191996353, 0.70655589432, 0.28018698807, 0.31222079195, 0.1579313893, 0.37214691884, 0.62110673462, 0.15287236492, 0.34608088569, 0.031066947908, 0.64045250589, 0.22419894441, 0.34782631747, 0.20667512919, 0.4297201699, 0.59272456934, 0.19322497644, 0.35018391319, 0.018526063131, 0.50110639263, 0.14113345023, 0.38874936753, 0.30566863093, 0.50868263658, 0.65669439434, 0.19390576528, 0.39444564283]
    ],
    [
      [0.023365061664, 0.57911673592, 0.18132564441, 0.319940544, 0.2269774988, 0.42422871275, 0.53361546589, 0.093554197418, 0.25423257488, 0.049568806652, 0.73070992201, 0.30681443749, 0.41681572746, 0.17573588057, 0.43895298763, 0.53429059297, 0.1071784567, 0.26684913874, 0.040763516858, 0.68787770061, 0.26418120248, 0.42494589017, 0.20494384269, 0.46896965878, 0.594380674, 0.18781792199, 0.34981013309, 0.019589949286, 0.51920679837, 0.14884568911, 0.38602937672, 0.29297527964, 0.5013441778, 0.57601207413, 0.13988272053, 0.3122836313, 0.030926607975, 0.63068778492, 0.21705341522, 0.3930613179, 0.22942949456, 0.47066295348, 0.62446813872, 0.20842017127, 0.3794399502, 0.018036461509, 0.50513024131, 0.14141857903, 0.35749539977, 0.28644958743],
