{
  "W": [
    [65, 22, 13],
    [70, 12, 18],
    [60, 23, 17],
    [70, 11, 19],
    [72, 13, 15],
    [65, 21, 14],
    [63, 21, 16],
    [70, 16, 14],
    [62, 22, 16],
    [70, 11, 19],
    [56, 19, 25],
    [69, 15, 16],
    [63, 20, 17],
    [70, 14, 16],
    [68, 12, 20],
    [66, 15, 19],
    [54, 34, 12],
    [18, 66, 16],
    [24, 58, 18],
    [13, 72, 15],
    [17, 61, 22],
    [23, 66, 11],
    [13, 69, 18],
    [16, 60, 24],
    [14, 64, 22],
    [20, 67, 13],
    [14, 69, 17],
    [12, 72, 16],
    [16, 72, 12],
    [11, 71, 18],
    [12, 63, 25],
    [18, 65, 17],
    [12, 76, 12],
    [22, 26, 52],
    [19, 17, 64],
    [20, 19, 61],
    [12, 18, 70],
    [16, 20, 64],
    [10, 14, 76],
    [18, 12, 70],
    [21, 14, 65],
    [15, 16, 69],
    [22, 21, 57],
    [17, 17, 66],
    [17, 16, 67],
    [21, 14, 65],
    [17, 17, 66],
    [20, 14, 66],
    [20, 20, 60],
    [14, 20, 66]
  ],
  "X": [
    [48, 15, 37],
    [51, 11, 38],
    [41, 19, 40],
    [53, 15, 32],
    [58, 12, 30],
    [48, 17, 35],
    [34, 17, 49],
    [48, 15, 37],
    [43, 17, 40],
    [52, 14, 34],
    [38, 24, 38],
    [51, 16, 33],
    [48, 18, 34],
    [48, 16, 36],
    [52, 12, 36],
    [48, 18, 34],
    [40, 31, 29],
    [27, 46, 27],
    [28, 47, 25],
    [20, 45, 35],
    [16, 53, 31],
    [27, 47, 26],
    [22, 55, 23],
    [24, 44, 32],
    [28, 41, 31],
    [19, 49, 32],
    [30, 43, 27],
    [21, 55, 24],
    [29, 42, 29],
    [25, 54, 21],
    [25, 52, 23],
    [27, 46, 27],
    [26, 40, 34],
    [40, 25, 35],
    [28, 33, 39],
    [29, 30, 41],
    [35, 20, 45],
    [32, 27, 41],
    [38, 18, 44],
    [33, 21, 46],
    [33, 22, 45],
    [34, 29, 37],
    [32, 31, 37],
    [32, 28, 40],
    [45, 25, 30],
    [42, 18, 40],
    [29, 30, 41],
    [36, 31, 33],
    [39, 30, 31],
    [28, 30, 42]
  ],
  "real_prob": [
    [0.58686250835, 0.01706034451, 0.39607714713],
    [0.17251849602, 0.63482282357, 0.19265868041],
    [0.3260128474, 0.23921874986, 0.43476840274]
  ],
  "method": "exact",
  "prob": [
    [0.59640758822, 0.027451348132, 0.37614106365],
    [0.14615367419, 0.64020263041, 0.2136436954],
    [0.3254203935, 0.22870397226, 0.44587563425]
  ],
  "iterations": 15,
  "logLik": -279.52096605,
  "time": 14.048214,
  "message": "Converged",
  "status": 0,
  "cond_prob": [
    [
      [0.60377167619, 0.18820720253, 0.35494481477, 0.01740341447, 0.53796605914, 0.15642498142, 0.37882490934, 0.27382673833, 0.48863020381, 0.60649277636, 0.18124494385, 0.3539203516, 0.018544205528, 0.55913065268, 0.16624098782, 0.37496301811, 0.25962440347, 0.47983866057, 0.54732412038, 0.13770422824, 0.29372679576, 0.024579954023, 0.61255731397, 0.2021402669, 0.4280959256, 0.2497384578, 0.50413293734, 0.64141218214, 0.13854332652, 0.34616687675, 0.032032987295, 0.69809814063, 0.26729533381, 0.32655483056, 0.16335853285, 0.38653778944, 0.68268445149, 0.20100603527, 0.41557606894, 0.019999353771, 0.59611076061, 0.18737377604, 0.29731619474, 0.20288320412, 0.39705015502, 0.61082583394, 0.16411067814, 0.34642832522, 0.022700565073, 0.60760088568],
      [0.19748890507, 0.36647360099, 0.22828843618, 0.45608276971, 0.44622439373, 0.1088258716, 0.2251574932, 0.024455004861, 0.59205899536, 0.18913098695, 0.52932060141, 0.29911513303, 0.58571151986, 0.58839129536, 0.14456763484, 0.3213947977, 0.025710347006, 0.63576889221, 0.21628381673, 0.38589835764, 0.21966347295, 0.46232138557, 0.5593126522, 0.15316085433, 0.30956729804, 0.021389898334, 0.58062538704, 0.18125423677, 0.41929744947, 0.26621375863, 0.50917846519, 0.62686958888, 0.14499110037, 0.34338035129, 0.028714799076, 0.67050303071, 0.2428647751, 0.34441561205, 0.18450586892, 0.41375487361, 0.53402750972, 0.093706253292, 0.25256162572, 0.042223868644, 0.73394045196, 0.30762379075, 0.42374862163, 0.17235329475, 0.43981458353, 0.62800577864],
      [0.1446649528, 0.34360168638, 0.028992090059, 0.67227331221, 0.24471538142, 0.3430021313, 0.183061735, 0.4116829322, 0.61892514488, 0.15616718177, 0.34613954337, 0.025294761334, 0.63569245471, 0.21721064363, 0.35578009379, 0.20814036352, 0.436649813, 0.5900600093, 0.12580510186, 0.30840799518, 0.031998316549, 0.68758062539, 0.25837431788, 0.37794167415, 0.18661427275, 0.43321768694, 0.62553072024, 0.17990058991, 0.36525519722, 0.020174290362, 0.58399014175, 0.18101332772, 0.35429498939, 0.23610926835, 0.45373147505, 0.60763824976, 0.12531795148, 0.31663717073, 0.034038846433, 0.7034755935, 0.2737527491, 0.35832290381, 0.17120645503, 0.40961008017, 0.60411850715, 0.11089498593, 0.30059759104, 0.040534914025, 0.73768247272, 0.31082588086]
    ],
    [
      [0.35534657883, 0.15142254136, 0.3885765281, 0.62043666532, 0.15625515209, 0.34495624913, 0.026144677667, 0.63611599261, 0.2216087681, 0.35341865701, 0.20762885529, 0.43343498277, 0.61896465691, 0.12683134859, 0.32159055645, 0.035496591261, 0.70802891711, 0.28235581208, 0.34553875183, 0.1651397343, 0.39605363148, 0.50473156857, 0.13131705814, 0.26557742817, 0.023221670161, 0.58200930051, 0.18622991006, 0.47204676127, 0.28667364135, 0.54819266178, 0.44173074907, 0.070092295892, 0.19158850984, 0.047780843231, 0.74055256371, 0.31881905814, 0.5104884077, 0.1893551404, 0.48959243202, 0.60939266932, 0.14194948336, 0.32866388218, 0.029302249137, 0.66168185234, 0.24136781961, 0.36130508154, 0.19636866431, 0.42996829821, 0.61197128755, 0.12185571292],
      [0.31312939278, 0.036937244852, 0.71461697665, 0.28951357932, 0.35109146759, 0.16352731042, 0.39735702789, 0.55842305582, 0.13308644604, 0.2950018477, 0.027637467456, 0.63685872046, 0.22276155388, 0.41393947672, 0.23005483351, 0.48223659842, 0.61696770954, 0.17975221959, 0.35719590967, 0.020491242713, 0.57413885957, 0.18037434497, 0.36254104774, 0.24610892084, 0.46242974536, 0.47717370795, 0.09662397624, 0.22943995638, 0.034180467431, 0.67231260823, 0.2516496846, 0.48864582462, 0.23106341553, 0.51891035903, 0.66400220676, 0.20153334453, 0.39989225488, 0.019715018019, 0.57474554757, 0.18038511561, 0.31628277522, 0.2237211079, 0.4197226295, 0.59706368488, 0.12384437738, 0.30740253812, 0.034652588994, 0.69742253238, 0.27310916253, 0.36828372613],
      [0.17873309023, 0.41948829935, 0.63635766484, 0.19813224967, 0.37939628222, 0.018452172287, 0.55138208824, 0.16710457415, 0.34519016288, 0.25048566209, 0.45349914362, 0.67258825999, 0.15337974927, 0.37286483009, 0.031213156386, 0.6887370635, 0.26424020952, 0.29619858362, 0.15788318723, 0.36289496039, 0.64781466082, 0.13656646254, 0.3449014772, 0.034596321454, 0.70705137687, 0.281624296, 0.31758901773, 0.15638216059, 0.3734742268, 0.6199361595, 0.1539699197, 0.3431237852, 0.026716806179, 0.64131987058, 0.22548858243, 0.35334703432, 0.20471020972, 0.43138763236, 0.588902837, 0.19444182912, 0.34629891188, 0.015866913033, 0.50144894932, 0.14162307464, 0.39523024997, 0.30410922156, 0.51207801348, 0.65700256261, 0.19623841181, 0.39314894068]
    ],
    [
      [0.020037816042, 0.57977257096, 0.18240540773, 0.32295962135, 0.22398901723, 0.42444565158, 0.53580404893, 0.094727310134, 0.25327123122, 0.042656468412, 0.73203902879, 0.30851349392, 0.42153948266, 0.17323366108, 0.43821527486, 0.53573778403, 0.10858396409, 0.26593686888, 0.035019627082, 0.68924858597, 0.26563744795, 0.42924258889, 0.20216744994, 0.46842568317, 0.59428101062, 0.19074945103, 0.34907339649, 0.0167205521, 0.51942536527, 0.14928138286, 0.38899843728, 0.2898251837, 0.50164522066, 0.57684421497, 0.14190835312, 0.3114425859, 0.026482479143, 0.63139851096, 0.21794234554, 0.39667330588, 0.22669313591, 0.47061506856, 0.62450284382, 0.21171610596, 0.37882823787, 0.015385613064, 0.50502210815, 0.14178729415, 0.36011154311, 0.28326178589],
