{
  "W": [
    [46, 17, 17, 20],
    [44, 16, 20, 20],
    [48, 19, 15, 18],
    [44, 21, 16, 19],
    [45, 17, 20, 18],
    [55, 18, 9, 18],
    [53, 21, 8, 18],
    [46, 20, 15, 19],
    [54, 21, 10, 15],
    [48, 18, 14, 20],
    [45, 18, 20, 17],
    [50, 18, 17, 15],
    [31, 38, 15, 16],
    [17, 54, 9, 20],
    [13, 49, 21, 17],
    [26, 39, 21, 14],
    [23, 45, 15, 17],
    [18, 44, 26, 12],
    [12, 42, 20, 26],
    [20, 51, 13, 16],
    [21, 43, 21, 15],
    [13, 49, 18, 20],
    [21, 47, 21, 11],
    [22, 43, 20, 15],
    [19, 38, 17, 26],
    [19, 15, 49, 17],
    [17, 18, 49, 16],
    [6, 20, 51, 23],
    [13, 16, 53, 18],
    [17, 18, 50, 15],
    [18, 18, 49, 15],
    [12, 17, 56, 15],
    [20, 14, 45, 21],
    [23, 17, 41, 19],
    [20, 20, 45, 15],
    [11, 20, 47, 22],
    [15, 14, 51, 20],
    [21, 25, 28, 26],
    [19, 10, 17, 54],
    [16, 24, 19, 41],
    [15, 17, 21, 47],
    [24, 10, 20, 46],
    [17, 16, 19, 48],
    [20, 16, 9, 55],
    [12, 25, 18, 45],
    [16, 19, 18, 47],
    [9, 24, 21, 46],
    [21, 14, 22, 43],
    [14, 19, 18, 49],
    [21, 18, 16, 45]
  ],
  "X": [
    [10, 64, 26],
    [17, 54, 29],
    [14, 52, 34],
    [16, 50, 34],
    [15, 57, 28],
    [15, 52, 33],
    [16, 56, 28],
    [17, 54, 29],
    [17, 58, 25],
    [10, 60, 30],
    [14, 58, 28],
    [10, 61, 29],
    [9, 48, 43],
    [18, 46, 36],
    [12, 45, 43],
    [10, 59, 31],
    [13, 47, 40],
    [13, 49, 38],
    [14, 41, 45],
    [12, 52, 36],
    [12, 59, 29],
    [15, 41, 44],
    [11, 45, 44],
    [11, 50, 39],
    [14, 36, 50],
    [8, 49, 43],
    [6, 47, 47],
    [9, 41, 50],
    [5, 59, 36],
    [11, 58, 31],
    [9, 46, 45],
    [8, 58, 34],
    [6, 65, 29],
    [7, 52, 41],
    [10, 51, 39],
    [8, 53, 39],
    [3, 56, 41],
    [11, 50, 39],
    [5, 36, 59],
    [11, 41, 48],
    [8, 40, 52],
    [14, 39, 47],
    [7, 35, 58],
    [7, 40, 53],
    [9, 43, 48],
    [6, 45, 49],
    [7, 37, 56],
    [8, 41, 51],
    [12, 30, 58],
    [10, 44, 46]
  ],
  "real_prob": [
    [0.16431632857, 0.76164033955, 0.074043331878],
    [0.18313742523, 0.44125265272, 0.37560992204],
    [0.04034855215, 0.55435447788, 0.40529696997],
    [0.034115455808, 0.17716805452, 0.78871648967]
  ],
  "method": "exact",
  "prob": [
    [0.193058646, 0.73649912585, 0.070442228148],
    [0.18510442638, 0.42015761408, 0.39473795954],
    [0.017804399874, 0.62662416058, 0.35557143955],
    [0.036032527742, 0.17671909949, 0.78724837276]
  ],
  "iterations": 41,
  "logLik": -262.8953525239,
  "time": 83.678849,
  "message": "Converged",
  "status": 0,
  "cond_prob": [
    [
      [0.14003835368, 0.15569528527, 0.013721480802, 0.033907535367, 0.81245244595, 0.5356043316, 0.73221331617, 0.2537143737, 0.047509200365, 0.30870038312, 0.25406520303, 0.71237809093, 0.25520052628, 0.25804461805, 0.026446926441, 0.055676221297, 0.68927974085, 0.4136164592, 0.65843277375, 0.19425862903, 0.055519732871, 0.32833892275, 0.31512029981, 0.75006514968, 0.20375283152, 0.17865181385, 0.017672534131, 0.031132867335, 0.70849471345, 0.36884393027, 0.56479370516, 0.13957297232, 0.087752455031, 0.45250425588, 0.41753376071, 0.82929416035, 0.23637859701, 0.21418774994, 0.021803173242, 0.039607800568, 0.6851379144, 0.36851944517, 0.58137734406, 0.14805189014, 0.078483488583, 0.41729280489, 0.3968194827, 0.81234030929, 0.21984583508, 0.22441727017],
      [0.022040989778, 0.047279112941, 0.72370154456, 0.4383747488, 0.66820265655, 0.20094481301, 0.05645262036, 0.33720798103, 0.30975635367, 0.75177607405, 0.20404998536, 0.1722879276, 0.017163804664, 0.028977437012, 0.70022261344, 0.35101233921, 0.54053358528, 0.12804066041, 0.095727401194, 0.47669973319, 0.44230261006, 0.84298190258, 0.20549087775, 0.20169456373, 0.019659197294, 0.039784670128, 0.72971678614, 0.42490793557, 0.64106624237, 0.18185631936, 0.064792336104, 0.3733975007, 0.33927456033, 0.77835901051, 0.23798320789, 0.23764734965, 0.02393417065, 0.049516467591, 0.70285167918, 0.41644151195, 0.65045889318, 0.18858469059, 0.059165112935, 0.3459111384, 0.32560693617, 0.76189884182, 0.21419283954, 0.21664090495, 0.021220549207, 0.044794811269],
      [0.72734828357, 0.43647169106, 0.66191018884, 0.19587901912, 0.058458876896, 0.34688740399, 0.31686926196, 0.75932616961, 0.14025635262, 0.14147529731, 0.012768495023, 0.027119039614, 0.79504851156, 0.47574195279, 0.66512686578, 0.19812700871, 0.064695135823, 0.3827827499, 0.3221046392, 0.77475395168, 0.20333391347, 0.20694669672, 0.019957344466, 0.042693321394, 0.73840093126, 0.44594193928, 0.66715411585, 0.2001129923, 0.058265155271, 0.347111364, 0.31288853968, 0.75719368631, 0.13980108308, 0.13504572347, 0.012303797192, 0.024663884759, 0.78732288182, 0.45140226941, 0.63661044716, 0.1790824972, 0.072876035104, 0.41355200712, 0.35108575565, 0.79625361804, 0.13642657445, 0.11370214613, 0.010644095116, 0.018152075775, 0.75886927068, 0.37497839932],
      [0.54324613291, 0.12982384008, 0.10470415487, 0.51131945455, 0.44610977198, 0.85202408415, 0.23030991352, 0.2377002934, 0.023632528852, 0.051811143335, 0.71557272482, 0.43751478758, 0.67475390074, 0.20683400211, 0.054117361661, 0.32478491902, 0.30161357041, 0.74135485456, 0.18869965141, 0.17627568031, 0.016966188574, 0.032535660968, 0.73462068877, 0.40655118081, 0.60755445484, 0.16295762558, 0.076679659822, 0.41717313889, 0.37547935658, 0.80450671345, 0.13734372642, 0.14692884005, 0.013033874883, 0.030366212748, 0.80795102179, 0.51224129595, 0.70459941702, 0.22994822387, 0.054705251786, 0.340829864, 0.2823667081, 0.73968556338, 0.18792525638, 0.17505762993, 0.016867256572, 0.032183347535, 0.73493537566, 0.40569005282, 0.60596979236, 0.16181688809]
    ],
    [
      [0.077139367959, 0.41925231725, 0.37716295107, 0.80599976438, 0.20233396546, 0.19172903878, 0.018676285013, 0.036360625416, 0.72503754662, 0.40727782078, 0.61595860312, 0.16784803046, 0.072628487927, 0.40099314044, 0.36536511187, 0.79579134413, 0.23951370487, 0.22656482606, 0.022951350072, 0.04427253252, 0.69026920266, 0.38677727336, 0.60992882461, 0.16436721519, 0.07021709247, 0.38665790058, 0.36711982532, 0.79136025229, 0.15619202343, 0.16024933616, 0.014662981181, 0.032051539497, 0.78287901216, 0.4758693325, 0.67464265287, 0.206420582, 0.060928964411, 0.36388133134, 0.31069436595, 0.76152787851, 0.15934867745, 0.17913253562, 0.016104121625, 0.040852812524, 0.79617738229, 0.53032342108, 0.73975814349, 0.26276312348, 0.044473940261, 0.2905440433],
      [0.24413773489, 0.69638406399, 0.23709236318, 0.21823472291, 0.022159692054, 0.041271169948, 0.68695952709, 0.37458806173, 0.59099482104, 0.15384021721, 0.075948109728, 0.40717721536, 0.3868454869, 0.80488861284, 0.17284641733, 0.14497242784, 0.014005983537, 0.02385413393, 0.72637230021, 0.36116567567, 0.54062086484, 0.12894152523, 0.10078128246, 0.49386189649, 0.44537315162, 0.84720434084, 0.16398998881, 0.15522532848, 0.014540590587, 0.028447954, 0.76024554139, 0.42649278365, 0.61950123116, 0.1696922513, 0.075764469807, 0.41828188787, 0.36595817826, 0.8018597947, 0.25322060081, 0.20790119801, 0.021724179437, 0.035355846525, 0.64743991641, 0.31508056168, 0.51168687148, 0.11641936267, 0.099339482783, 0.47701824031, 0.46658894908, 0.84822479081],
      [0.20540544893, 0.18001977013, 0.017649416827, 0.031304617288, 0.70649250342, 0.3682184641, 0.56463683008, 0.14036239998, 0.088102047648, 0.45176176577, 0.4177137531, 0.82833298273, 0.15922176426, 0.13070612015, 0.012400524431, 0.020805884238, 0.734678109, 0.35881408445, 0.53165452153, 0.125046692, 0.10610012674, 0.5104797954, 0.45594495404, 0.85414742376, 0.28421219719, 0.24647772642, 0.026114995175, 0.044926414543, 0.63118006052, 0.32536163371, 0.54320433615, 0.13053329648, 0.084607742297, 0.42816063987, 0.43068066868, 0.82454028897, 0.1305438842, 0.13656218138, 0.011940616746, 0.026948995316, 0.8100283953, 0.50196964335, 0.68907641946, 0.21761479646, 0.0594277205, 0.36146817527, 0.2989829638, 0.75543620822, 0.24473312217, 0.25898150592],
