{
  "W": [
    [78, 22],
    [76, 24],
    [76, 24],
    [70, 30],
    [75, 25],
    [74, 26],
    [71, 29],
    [77, 23],
    [75, 25],
    [78, 22],
    [78, 22],
    [79, 21],
    [83, 17],
    [73, 27],
    [85, 15],
    [76, 24],
    [79, 21],
    [84, 16],
    [81, 19],
    [79, 21],
    [82, 18],
    [78, 22],
    [79, 21],
    [77, 23],
    [74, 26],
    [27, 73],
    [25, 75],
    [18, 82],
    [21, 79],
    [17, 83],
    [26, 74],
    [16, 84],
    [32, 68],
    [29, 71],
    [19, 81],
    [27, 73],
    [20, 80],
    [17, 83],
    [21, 79],
    [21, 79],
    [18, 82],
    [16, 84],
    [29, 71],
    [37, 63],
    [29, 71],
    [15, 85],
    [22, 78],
    [20, 80],
    [20, 80],
    [21, 79]
  ],
  "X": [
    [7, 63, 30],
    [11, 64, 25],
    [13, 60, 27],
    [15, 58, 27],
    [15, 49, 36],
    [15, 60, 25],
    [10, 57, 33],
    [12, 56, 32],
    [14, 52, 34],
    [14, 65, 21],
    [9, 62, 29],
    [19, 56, 25],
    [7, 65, 28],
    [18, 52, 30],
    [9, 66, 25],
    [21, 52, 27],
    [11, 63, 26],
    [7, 64, 29],
    [12, 60, 28],
    [8, 67, 25],
    [14, 66, 20],
    [14, 62, 24],
    [13, 55, 32],
    [12, 60, 28],
    [13, 59, 28],
    [29, 37, 34],
    [38, 39, 23],
    [31, 36, 33],
    [29, 37, 34],
    [33, 33, 34],
    [32, 39, 29],
    [30, 38, 32],
    [23, 39, 38],
    [23, 43, 34],
    [32, 39, 29],
    [35, 30, 35],
    [35, 31, 34],
    [26, 35, 39],
    [23, 39, 38],
    [33, 36, 31],
    [33, 47, 20],
    [34, 29, 37],
    [21, 52, 27],
    [25, 47, 28],
    [22, 49, 29],
    [38, 33, 29],
    [36, 36, 28],
    [28, 31, 41],
    [32, 36, 32],
    [25, 38, 37]
  ],
  "real_prob": [
    [0.052732807419, 0.67184524526, 0.27542194732],
    [0.37210571498, 0.31371724499, 0.31417704003]
  ],
  "method": "exact",
  "prob": [
    [0.056703991178, 0.68662033919, 0.25667566964],
    [0.36689600882, 0.29017966081, 0.34292433036]
  ],
  "iterations": 11,
  "logLik": -278.1751895293,
  "time": 0.292041,
  "message": "Converged",
  "status": 0,
  "cond_prob": [
    [
      [0.028012310061, 0.21886544615, 0.70725706223, 0.35608859755, 0.26473062771, 0.42504595631, 0.04376620708, 0.31974034425, 0.73310297505, 0.34517391235, 0.22313081787, 0.33508574341, 0.055428306332, 0.36614369662, 0.69589896856, 0.2963199329, 0.24867272511, 0.33753637048, 0.055954762653, 0.36943888714, 0.70044489134, 0.2989619202, 0.243600346, 0.33159919266, 0.069850687907, 0.39044793628, 0.58313917631, 0.21058247108, 0.34701013579, 0.39896959264, 0.062079786921, 0.40023445261, 0.70744612694, 0.29419179254, 0.23047408614, 0.30557375485, 0.035798093771, 0.25718397732, 0.67470194467, 0.31366075616, 0.28949996156, 0.42915526652, 0.053639382291, 0.34216380711, 0.647692039, 0.26642230423, 0.29866857871, 0.39141388866, 0.062737489261, 0.37178753222],
      [0.61489899332, 0.23530302004, 0.32236351742, 0.39290944775, 0.062302932548, 0.41547142097, 0.7434040598, 0.31884015162, 0.19429300765, 0.26568842741, 0.037608564381, 0.27575145356, 0.70143269352, 0.33128408661, 0.2609587421, 0.39296445983, 0.1015186469, 0.52285842355, 0.6513921443, 0.21619145715, 0.24708920879, 0.2609501193, 0.032863840698, 0.25131183659, 0.71163128723, 0.34909430351, 0.25550487207, 0.3995938599, 0.081118212369, 0.44734705545, 0.629403907, 0.22420425145, 0.28947788063, 0.32844869311, 0.0469849666, 0.33375185593, 0.7187911103, 0.32685037495, 0.2342239231, 0.33939776912, 0.10842629166, 0.5316500764, 0.62203732194, 0.19688181387, 0.2695363864, 0.27146810973, 0.04883828706, 0.34008453916, 0.71260848757, 0.31923473725]
    ],
    [
      [0.23855322537, 0.34068072359, 0.034381760284, 0.25699575851, 0.69818040208, 0.3345528891, 0.26743783764, 0.40845135239, 0.059419863612, 0.37826268671, 0.67585524021, 0.27661713385, 0.26472489618, 0.34512017945, 0.032545254084, 0.25852023464, 0.74667222837, 0.38156637898, 0.22078251754, 0.35991338638, 0.071337364704, 0.45279644968, 0.7388294035, 0.30088827296, 0.1898332318, 0.24631527735, 0.063827585313, 0.41006583389, 0.71185535012, 0.2943310314, 0.22431706457, 0.29560313471, 0.063428688678, 0.38043493307, 0.63134749989, 0.24397845278, 0.30522381143, 0.37558661415, 0.05195390201, 0.34780650197, 0.6902773874, 0.29776700741, 0.25776871059, 0.35442649063, 0.052477701542, 0.35064038792, 0.69238966037, 0.29858327434, 0.25513263809, 0.35077633775],
      [0.060946444221, 0.37471843844, 0.65727996341, 0.26374576696, 0.28177359236, 0.3615357946, 0.081082303852, 0.47963923205, 0.7232735168, 0.27890882773, 0.19564417935, 0.24145194022, 0.056828411019, 0.36557425124, 0.68592244649, 0.28845604833, 0.25724914249, 0.34596970043, 0.054457278812, 0.35261262209, 0.67971001845, 0.28767202041, 0.26583270274, 0.3597153575, 0.06314531159, 0.38465698437, 0.65969514327, 0.26247207909, 0.27715954514, 0.35287093654, 0.065873830132, 0.4092875732, 0.6963501466, 0.28236346201, 0.23777602327, 0.3083489648, 0.051151190417, 0.34739977325, 0.71242678178, 0.31668061299, 0.2364220278, 0.33591961375, 0.048894704792, 0.31522602127, 0.6433035899, 0.27079831063, 0.30780170531, 0.41397566809, 0.043794673088, 0.30605569691]
    ],
    [
      [0.69984635027, 0.3197810682, 0.25635897665, 0.37416323489, 0.057619112601, 0.38154613408, 0.72124014132, 0.31230169525, 0.22114074608, 0.30615217067, 0.086592833307, 0.4474245685, 0.5819405386, 0.19572062271, 0.33146662809, 0.35685480879, 0.074352524289, 0.41891186893, 0.62765818709, 0.23058545323, 0.29798928862, 0.35050267784, 0.045750552706, 0.30388241692, 0.65948294167, 0.28661192761, 0.29476650563, 0.40950565547, 0.040071035748, 0.28048744619, 0.68182684179, 0.31242577623, 0.27810212246, 0.40708677757, 0.065016413601, 0.40043867487, 0.6822020722, 0.2743513479, 0.2527815142, 0.32520997724, 0.052502361943, 0.39091411567, 0.81029226364, 0.39530169823, 0.13720537442, 0.2137841861, 0.068584247806, 0.39169823851, 0.61309113209, 0.22845883198],
      [0.3183246201, 0.3798429295, 0.034999147952, 0.28147922126, 0.78303700379, 0.41256235057, 0.18196384826, 0.30595842817, 0.053810777009, 0.36522224207, 0.72419770955, 0.32070928169, 0.22199151344, 0.31406847623, 0.038395006346, 0.29417668755, 0.75836696669, 0.38038532346, 0.20323802696, 0.32543798899, 0.072926629337, 0.43418941835, 0.68695953614, 0.26700714068, 0.24011383452, 0.29880344097, 0.074247587803, 0.44059683421, 0.68972851533, 0.26699964952, 0.23602389687, 0.29240351627, 0.055951695513, 0.33601207612, 0.60342041297, 0.23664489676, 0.34062789151, 0.42734302712, 0.061351629606, 0.3846620926, 0.68225218297, 0.27943695426, 0.25639618742, 0.33590095314, 0.044840475601, 0.30453607611, 0.67732559588, 0.30096408211, 0.27783392852, 0.39449984179]
    ]
  ],
  "maxiter": 3600,
  "param_threshold": 0.001,
  "ll_threshold": "-Inf",
  "initial_prob": "group_proportional"
}
