{
  "W": [
    [34, 42, 24],
    [44, 20, 36],
    [43, 30, 27],
    [40, 26, 34],
    [39, 31, 30],
    [40, 25, 35],
    [55, 23, 22],
    [46, 23, 31],
    [43, 27, 30],
    [35, 32, 33],
    [35, 28, 37],
    [28, 37, 35],
    [33, 37, 30],
    [44, 31, 25],
    [41, 40, 19],
    [40, 35, 25],
    [36, 34, 30],
    [36, 37, 27],
    [31, 41, 28],
    [27, 50, 23],
    [30, 39, 31],
    [28, 42, 30],
    [34, 41, 25],
    [22, 42, 36],
    [30, 39, 31],
    [24, 43, 33],
    [29, 37, 34],
    [32, 41, 27],
    [29, 33, 38],
    [24, 43, 33],
    [25, 45, 30],
    [34, 36, 30],
    [28, 41, 31],
    [28, 37, 35],
    [26, 30, 44],
    [34, 31, 35],
    [31, 28, 41],
    [33, 26, 41],
    [33, 21, 46],
    [32, 32, 36],
    [33, 32, 35],
    [26, 30, 44],
    [27, 36, 37],
    [31, 27, 42],
    [40, 25, 35],
    [31, 31, 38],
    [36, 29, 35],
    [30, 23, 47],
    [32, 29, 39],
    [25, 29, 46]
  ],
  "X": [
    [73, 27],
    [71, 29],
    [67, 33],
    [78, 22],
    [66, 34],
    [71, 29],
    [70, 30],
    [73, 27],
    [73, 27],
    [66, 34],
    [69, 31],
    [71, 29],
    [69, 31],
    [65, 35],
    [78, 22],
    [85, 15],
    [66, 34],
    [74, 26],
    [71, 29],
    [73, 27],
    [73, 27],
    [69, 31],
    [78, 22],
    [68, 32],
    [75, 25],
    [64, 36],
    [76, 24],
    [73, 27],
    [71, 29],
    [73, 27],
    [75, 25],
    [73, 27],
    [70, 30],
    [65, 35],
    [64, 36],
    [78, 22],
    [70, 30],
    [62, 38],
    [68, 32],
    [71, 29],
    [74, 26],
    [65, 35],
    [73, 27],
    [55, 45],
    [67, 33],
    [68, 32],
    [65, 35],
    [61, 39],
    [74, 26],
    [62, 38]
  ],
  "real_prob": [
    [0.83808038129, 0.16191961871],
    [0.74670155493, 0.25329844507],
    [0.51083487105, 0.48916512895]
  ],
  "method": "exact",
  "prob": [
    [0.79267614076, 0.20732385924],
    [0.83985804254, 0.16014195746],
    [0.47272840122, 0.52727159878]
  ],
  "iterations": 82,
  "logLik": -147.2258116847,
  "time": 1.00174,
  "message": "Converged",
  "status": 0,
  "cond_prob": [
    [
      [0.78786528367, 0.83604219567, 0.46245033904, 0.21213471633, 0.16395780433, 0.53754966096, 0.8131779878, 0.85660555792, 0.50244603829, 0.1868220122, 0.14339444208, 0.49755396171, 0.7454516314, 0.80083883245, 0.40445981024, 0.2545483686, 0.19916116755, 0.59554018976, 0.86294308281, 0.89625709409, 0.59351741886, 0.13705691719, 0.10374290591, 0.40648258114, 0.74513017613, 0.80056577234, 0.40407947294, 0.25486982387, 0.19943422766, 0.59592052706, 0.80869359949, 0.85298227181, 0.49507712071, 0.19130640051, 0.14701772819, 0.50492287929, 0.76180472082, 0.81451162425, 0.42577149987, 0.23819527918, 0.18548837575, 0.57422850013, 0.81594340199, 0.85884782955, 0.50687430416, 0.18405659801, 0.14115217045, 0.49312569584, 0.81175026083, 0.85546542349],
      [0.499905745, 0.18824973917, 0.14453457651, 0.500094255, 0.75440183997, 0.8083299516, 0.41604173181, 0.24559816003, 0.1916700484, 0.58395826819, 0.79570590806, 0.84242293439, 0.47466083932, 0.20429409194, 0.15757706561, 0.52533916068, 0.80405670424, 0.84922815269, 0.48757058948, 0.19594329576, 0.15077184731, 0.51242941052, 0.77087448142, 0.8220352098, 0.43819464502, 0.22912551858, 0.1779647902, 0.56180535498, 0.71819581162, 0.77776578418, 0.37154579918, 0.28180418838, 0.22223421582, 0.62845420082, 0.82136413199, 0.86324626541, 0.51548526168, 0.17863586801, 0.13675373459, 0.48451473832, 0.89788772919, 0.9234627822, 0.67053173822, 0.10211227081, 0.076537217801, 0.32946826178, 0.74351154444, 0.79920758243, 0.40201755325, 0.25648845556],
      [0.20079241757, 0.59798244675, 0.80838962288, 0.85275673161, 0.4942953521, 0.19161037712, 0.14724326839, 0.5057046479, 0.78169426591, 0.8309677857, 0.45349280511, 0.21830573409, 0.1690322143, 0.54650719489, 0.78089336149, 0.83032394271, 0.45216009147, 0.21910663851, 0.16967605729, 0.54783990853, 0.80986817619, 0.85394753267, 0.49677422388, 0.19013182381, 0.14605246733, 0.50322577612, 0.76843178993, 0.82001559383, 0.43477516471, 0.23156821007, 0.17998440617, 0.56522483529, 0.83751537584, 0.87616218051, 0.54407311282, 0.16248462416, 0.12383781949, 0.45592688718, 0.77774350055, 0.82770226088, 0.44794855641, 0.22225649945, 0.17229773912, 0.55205144359, 0.82748016052, 0.86813071904, 0.52640313361, 0.17251983948, 0.13186928096, 0.47359686639]
    ],
    [
      [0.72886361399, 0.78684236443, 0.38403186648, 0.27113638601, 0.21315763557, 0.61596813352, 0.8439882082, 0.88129131573, 0.55636950824, 0.1560117918, 0.11870868427, 0.44363049176, 0.79748105123, 0.84389527699, 0.47707037052, 0.20251894877, 0.15610472301, 0.52292962948, 0.81367252876, 0.85700787747, 0.50321675551, 0.18632747124, 0.14299212253, 0.49678324449, 0.81385329728, 0.85716762163, 0.50331251924, 0.18614670272, 0.14283237837, 0.49668748076, 0.82267323371, 0.86427859486, 0.51802107961, 0.17732676629, 0.13572140514, 0.48197892039, 0.80824870404, 0.85263641563, 0.49415443666, 0.19175129596, 0.14736358437, 0.50584556334, 0.78153486162, 0.83083157575, 0.453320299, 0.21846513838, 0.16916842425, 0.546679701, 0.74872089861, 0.80357669462],
      [0.40867077537, 0.25127910139, 0.19642330538, 0.59132922463, 0.77091512023, 0.82204380633, 0.43852028827, 0.22908487977, 0.17795619367, 0.56147971173, 0.86373509743, 0.89687917073, 0.5951357827, 0.13626490257, 0.10312082927, 0.4048642173, 0.81485781689, 0.85795758078, 0.50528281499, 0.18514218311, 0.14204241922, 0.49471718501, 0.74534591011, 0.8007302921, 0.40450237492, 0.25465408989, 0.1992697079, 0.59549762508, 0.81360832473, 0.85693808134, 0.50337446904, 0.18639167527, 0.14306191866, 0.49662553096, 0.80873242874, 0.85301554755, 0.49511290997, 0.19126757126, 0.14698445245, 0.50488709003, 0.83149885956, 0.87133691554, 0.53365018106, 0.16850114044, 0.12866308446, 0.46634981894, 0.7797523567, 0.82933797513, 0.45105226072, 0.2202476433],
      [0.17066202487, 0.54894773928, 0.82682865228, 0.86759638398, 0.52546369095, 0.17317134772, 0.13240361602, 0.47453630905, 0.67934250145, 0.7442187745, 0.32967798914, 0.32065749855, 0.2557812255, 0.67032201086, 0.7733546142, 0.82407106092, 0.44182968311, 0.2266453858, 0.17592893908, 0.55817031689, 0.78850835189, 0.8365385668, 0.4637775137, 0.21149164811, 0.1634614332, 0.5362224863, 0.75286393754, 0.80703983531, 0.41407837213, 0.24713606246, 0.19296016469, 0.58592162787, 0.75631279658, 0.80990181997, 0.41878455837, 0.24368720342, 0.19009818003, 0.58121544163, 0.84186498799, 0.87959301111, 0.55261854005, 0.15813501201, 0.12040698889, 0.44738145995, 0.75942316198, 0.81249979479, 0.42286797612, 0.24057683802, 0.18750020521, 0.57713202388]
    ]
  ],
  "maxiter": 3600,
  "param_threshold": 0.001,
  "ll_threshold": "-Inf",
  "initial_prob": "group_proportional"
}
