{
  "W": [
    [40, 31, 29],
    [36, 37, 27],
    [45, 33, 22],
    [41, 37, 22],
    [41, 37, 22],
    [39, 29, 32],
    [49, 27, 24],
    [39, 31, 30],
    [39, 30, 31],
    [38, 28, 34],
    [38, 31, 31],
    [43, 28, 29],
    [33, 28, 39],
    [39, 33, 28],
    [37, 38, 25],
    [46, 27, 27],
    [36, 36, 28],
    [30, 41, 29],
    [36, 31, 33],
    [26, 42, 32],
    [32, 48, 20],
    [33, 38, 29],
    [26, 32, 42],
    [33, 36, 31],
    [34, 38, 28],
    [32, 44, 24],
    [35, 34, 31],
    [26, 32, 42],
    [25, 40, 35],
    [27, 47, 26],
    [30, 39, 31],
    [35, 35, 30],
    [28, 44, 28],
    [37, 24, 39],
    [33, 31, 36],
    [30, 30, 40],
    [32, 30, 38],
    [36, 21, 43],
    [19, 31, 50],
    [27, 25, 48],
    [33, 25, 42],
    [29, 25, 46],
    [25, 43, 32],
    [20, 36, 44],
    [29, 31, 40],
    [26, 29, 45],
    [31, 34, 35],
    [29, 30, 41],
    [29, 31, 40],
    [35, 29, 36]
  ],
  "X": [
    [28, 72],
    [22, 78],
    [23, 77],
    [23, 77],
    [21, 79],
    [31, 69],
    [26, 74],
    [29, 71],
    [30, 70],
    [26, 74],
    [28, 72],
    [23, 77],
    [30, 70],
    [24, 76],
    [21, 79],
    [28, 72],
    [24, 76],
    [21, 79],
    [28, 72],
    [27, 73],
    [17, 83],
    [30, 70],
    [31, 69],
    [28, 72],
    [23, 77],
    [20, 80],
    [27, 73],
    [34, 66],
    [28, 72],
    [24, 76],
    [26, 74],
    [21, 79],
    [26, 74],
    [38, 62],
    [29, 71],
    [29, 71],
    [33, 67],
    [43, 57],
    [39, 61],
    [39, 61],
    [40, 60],
    [34, 66],
    [28, 72],
    [42, 58],
    [28, 72],
    [43, 57],
    [29, 71],
    [40, 60],
    [34, 66],
    [30, 70]
  ],
  "real_prob": [
    [0.12645001448, 0.87354998552],
    [0.032314223419, 0.96768577658],
    [0.71905706051, 0.28094293949]
  ],
  "method": "exact",
  "prob": [
    [0.091869689058, 0.90813031094],
    [0.025297775189, 0.97470222481],
    [0.75070938601, 0.24929061399]
  ],
  "iterations": 88,
  "logLik": -125.9988032464,
  "time": 1.03059,
  "message": "Converged",
  "status": 0,
  "cond_prob": [
    [
      [0.10526715106, 0.029697874384, 0.7885751673, 0.89473284894, 0.97030212562, 0.2114248327, 0.068058418006, 0.01868564315, 0.69846400575, 0.93194158199, 0.98131435685, 0.30153599425, 0.10436122857, 0.029404176637, 0.78788213115, 0.89563877143, 0.97059582336, 0.21211786885, 0.10758640161, 0.030378592165, 0.79386134654, 0.89241359839, 0.96962140784, 0.20613865346, 0.086728462617, 0.024117463768, 0.75235394879, 0.91327153738, 0.97588253623, 0.24764605121, 0.11326873113, 0.032154725384, 0.80156351405, 0.88673126887, 0.96784527462, 0.19843648595, 0.11683710084, 0.033245452904, 0.8073897846, 0.88316289916, 0.9667545471, 0.1926102154, 0.10844888127, 0.030669653376, 0.79399114586, 0.89155111873, 0.96933034662, 0.20600885414, 0.11087133189, 0.03141465206],
      [0.79785737079, 0.88912866811, 0.96858534794, 0.20214262921, 0.063392764368, 0.017360360172, 0.67955837851, 0.93660723563, 0.98263963983, 0.32044162149, 0.092682908495, 0.025911558697, 0.76370294057, 0.9073170915, 0.9740884413, 0.23629705943, 0.063686051857, 0.017437793671, 0.68183591543, 0.93631394814, 0.98256220633, 0.31816408457, 0.068732824249, 0.018900229862, 0.69750282984, 0.93126717575, 0.98109977014, 0.30249717016, 0.076840368255, 0.02123247614, 0.72509121162, 0.92315963175, 0.97876752386, 0.27490878838, 0.070314399704, 0.019331317492, 0.70655108585, 0.9296856003, 0.98066868251, 0.29344891415, 0.11613080867, 0.033032285321, 0.80615226287, 0.88386919133, 0.96696771468, 0.19384773713, 0.078117921361, 0.021603250122, 0.72892992238, 0.92188207864],
      [0.97839674988, 0.27107007762, 0.054793949708, 0.014906710434, 0.64637953038, 0.94520605029, 0.98509328957, 0.35362046962, 0.081908120705, 0.022725389674, 0.73778244166, 0.9180918793, 0.97727461033, 0.26221755834, 0.084189763345, 0.023387060534, 0.74465030033, 0.91581023666, 0.97661293947, 0.25534969967, 0.067060084541, 0.018377723688, 0.69859732788, 0.93293991546, 0.98162227631, 0.30140267212, 0.13412059588, 0.038649444008, 0.83121867116, 0.86587940412, 0.96135055599, 0.16878132884, 0.065033922318, 0.017838240324, 0.68424510308, 0.93496607768, 0.98216175968, 0.31575489692, 0.095621407059, 0.026785004065, 0.77033011034, 0.90437859294, 0.97321499593, 0.22966988966, 0.071164191607, 0.019582484129, 0.70843868173, 0.92883580839, 0.98041751587, 0.29156131827]
    ],
    [
      [0.069671233438, 0.019140429862, 0.70534756734, 0.93032876656, 0.98085957014, 0.29465243266, 0.085740363758, 0.023848346905, 0.74800785399, 0.91425963624, 0.97615165309, 0.25199214601, 0.083367477814, 0.023167776848, 0.74026373137, 0.91663252219, 0.97683222315, 0.25973626863, 0.075996647959, 0.020995113102, 0.72172226506, 0.92400335204, 0.9790048869, 0.27827773494, 0.096510172554, 0.027025506942, 0.7740010198, 0.90348982745, 0.97297449306, 0.2259989802, 0.079930712433, 0.022136996264, 0.73350760557, 0.92006928757, 0.97786300374, 0.26649239443, 0.050460958945, 0.013688829683, 0.62515857993, 0.94953904106, 0.98631117032, 0.37484142007, 0.10124937768, 0.028459690316, 0.78259968039, 0.89875062232, 0.97154030968, 0.21740031961, 0.13137808016, 0.037828883393],
      [0.82643891878, 0.86862191984, 0.96217111661, 0.17356108122, 0.075231603536, 0.020778097106, 0.71870100203, 0.92476839646, 0.97922190289, 0.28129899797, 0.060490748306, 0.016537341587, 0.66722893258, 0.93950925169, 0.98346265841, 0.33277106742, 0.094908352307, 0.026590220659, 0.76750595017, 0.90509164769, 0.97340977934, 0.23249404983, 0.15290352275, 0.044772996297, 0.85012186649, 0.84709647725, 0.9552270037, 0.14987813351, 0.081711089303, 0.022690730169, 0.73488153336, 0.9182889107, 0.97730926983, 0.26511846664, 0.087864101746, 0.024508197973, 0.75031175632, 0.91213589825, 0.97549180203, 0.24968824368, 0.13147249409, 0.037860471189, 0.82654514084, 0.86852750591, 0.96213952881, 0.17345485916, 0.066202418078, 0.018179128106, 0.68751416681, 0.93379758192],
      [0.98182087189, 0.31248583319, 0.093644164749, 0.026188521864, 0.76664967003, 0.90635583525, 0.97381147814, 0.23335032997, 0.151270147, 0.044190000425, 0.84963084193, 0.848729853, 0.95580999958, 0.15036915807, 0.055835942642, 0.015214482718, 0.64772771748, 0.94416405736, 0.98478551728, 0.35227228252, 0.14610083932, 0.042535629911, 0.84372988689, 0.85389916068, 0.95746437009, 0.15627011311, 0.080934907275, 0.022441276698, 0.73508612762, 0.91906509272, 0.9775587233, 0.26491387238, 0.14476507629, 0.042097287635, 0.84241205265, 0.85523492371, 0.95790271237, 0.15758794735, 0.092731206366, 0.025941743458, 0.7626650242, 0.90726879363, 0.97405825654, 0.2373349758, 0.08144605004, 0.022595644541, 0.73594762658, 0.91855394996, 0.97740435546, 0.26405237342]
    ]
  ],
  "maxiter": 3600,
  "param_threshold": 0.001,
  "ll_threshold": "-Inf",
  "initial_prob": "group_proportional"
}
