{
  "W": [
    [36, 23, 41],
    [43, 29, 28],
    [37, 30, 33],
    [45, 24, 31],
    [39, 36, 25],
    [40, 31, 29],
    [40, 38, 22],
    [54, 15, 31],
    [39, 33, 28],
    [33, 29, 38],
    [41, 26, 33],
    [30, 37, 33],
    [37, 39, 24],
    [48, 29, 23],
    [42, 31, 27],
    [37, 36, 27],
    [35, 34, 31],
    [28, 33, 39],
    [35, 33, 32],
    [32, 39, 29],
    [24, 42, 34],
    [29, 35, 36],
    [34, 40, 26],
    [33, 29, 38],
    [29, 38, 33],
    [33, 43, 24],
    [30, 45, 25],
    [29, 37, 34],
    [27, 40, 33],
    [30, 45, 25],
    [27, 39, 34],
    [21, 44, 35],
    [31, 46, 23],
    [28, 35, 37],
    [26, 37, 37],
    [29, 28, 43],
    [32, 29, 39],
    [33, 30, 37],
    [31, 27, 42],
    [36, 24, 40],
    [29, 37, 34],
    [37, 23, 40],
    [27, 38, 35],
    [29, 34, 37],
    [26, 31, 43],
    [33, 26, 41],
    [34, 22, 44],
    [27, 37, 36],
    [33, 27, 40],
    [29, 34, 37]
  ],
  "X": [
    [67, 33],
    [61, 39],
    [68, 32],
    [71, 29],
    [75, 25],
    [70, 30],
    [74, 26],
    [65, 35],
    [78, 22],
    [71, 29],
    [68, 32],
    [69, 31],
    [78, 22],
    [73, 27],
    [73, 27],
    [72, 28],
    [69, 31],
    [72, 28],
    [74, 26],
    [72, 28],
    [67, 33],
    [72, 28],
    [70, 30],
    [67, 33],
    [68, 32],
    [68, 32],
    [79, 21],
    [73, 27],
    [76, 24],
    [68, 32],
    [66, 34],
    [72, 28],
    [80, 20],
    [73, 27],
    [65, 35],
    [70, 30],
    [61, 39],
    [68, 32],
    [67, 33],
    [70, 30],
    [67, 33],
    [62, 38],
    [68, 32],
    [70, 30],
    [66, 34],
    [67, 33],
    [60, 40],
    [76, 24],
    [62, 38],
    [73, 27]
  ],
  "real_prob": [
    [0.81096895724, 0.18903104276],
    [0.86991164119, 0.13008835881],
    [0.44133806543, 0.55866193457]
  ],
  "method": "exact",
  "prob": [
    [0.72406338082, 0.27593661918],
    [0.89873071451, 0.10126928549],
    [0.47167001386, 0.52832998614]
  ],
  "iterations": 95,
  "logLik": -138.2459299602,
  "time": 1.175485,
  "message": "Converged",
  "status": 0,
  "cond_prob": [
    [
      [0.73424833938, 0.90350751094, 0.48259480563, 0.26575166062, 0.096492489058, 0.51740519437, 0.61799290485, 0.84606087967, 0.35323355646, 0.38200709515, 0.15393912033, 0.64676644354, 0.71030128507, 0.89267644644, 0.45268360786, 0.28969871493, 0.10732355356, 0.54731639214, 0.74798248396, 0.90957979038, 0.50035075009, 0.25201751604, 0.090420209618, 0.49964924991, 0.7545890084, 0.91250883525, 0.50882842413, 0.2454109916, 0.087491164753, 0.49117157587, 0.71910596858, 0.89674527324, 0.46333302711, 0.28089403142, 0.10325472676, 0.53666697289, 0.73055864463, 0.90198492122, 0.47737396401, 0.26944135537, 0.098015078777, 0.52262603599, 0.70226608345, 0.88884641637, 0.443385008, 0.29773391655, 0.11115358363, 0.556614992, 0.79992586135, 0.9312610198],
      [0.5739742055, 0.20007413865, 0.068738980199, 0.4260257945, 0.75757606766, 0.91372076593, 0.51321283041, 0.24242393234, 0.086279234073, 0.48678716959, 0.71811733797, 0.89625741066, 0.46225746868, 0.28188266203, 0.10374258934, 0.53774253132, 0.70715171306, 0.89125210461, 0.44876123447, 0.29284828694, 0.10874789539, 0.55123876553, 0.7808483903, 0.9235695465, 0.54539155189, 0.2191516097, 0.076430453501, 0.45460844811, 0.73933169748, 0.90583372147, 0.48882176514, 0.26066830252, 0.09416627853, 0.51117823486, 0.74669255992, 0.90906057694, 0.49844572586, 0.25330744008, 0.090939423065, 0.50155427414, 0.72604696688, 0.89993046741, 0.47180612587, 0.27395303312, 0.10006953259, 0.52819387413, 0.70754356668, 0.89142143163, 0.44927891905, 0.29245643332],
      [0.10857856837, 0.55072108095, 0.76408703649, 0.91650422084, 0.52207496643, 0.23591296351, 0.083495779162, 0.47792503357, 0.7673913768, 0.91791863449, 0.5265620898, 0.2326086232, 0.082081365508, 0.4734379102, 0.72590503665, 0.89987811074, 0.471579052, 0.27409496335, 0.10012188926, 0.528420948, 0.6751596072, 0.87593531973, 0.41196723525, 0.3248403928, 0.12406468027, 0.58803276475, 0.75303276041, 0.91180102163, 0.50691706086, 0.24696723959, 0.088198978366, 0.49308293914, 0.69083390826, 0.88356667376, 0.42957616033, 0.30916609174, 0.11643332624, 0.57042383967, 0.71537345347, 0.89500264057, 0.45888419629, 0.28462654653, 0.10499735943, 0.54111580371, 0.69332957572, 0.88473354233, 0.43253235441, 0.30667042428, 0.11526645767, 0.56746764559]
    ],
    [
      [0.6523742322, 0.86446880546, 0.38747882094, 0.3476257678, 0.13553119454, 0.61252117906, 0.7853474891, 0.92543691593, 0.5517965644, 0.2146525109, 0.074563084069, 0.4482034356, 0.75515146071, 0.91272746165, 0.50969681054, 0.24484853929, 0.08727253835, 0.49030318946, 0.78054642578, 0.92341896809, 0.54510569032, 0.21945357422, 0.076581031914, 0.45489430968, 0.65036770117, 0.8634495634, 0.38534954449, 0.34963229883, 0.1365504366, 0.61465045551, 0.6703872724, 0.87354707744, 0.40680022426, 0.3296127276, 0.12645292256, 0.59319977574, 0.73364524496, 0.90335873504, 0.48130472898, 0.26635475504, 0.096641264961, 0.51869527102, 0.79005958324, 0.92736534916, 0.5586672547, 0.20994041676, 0.072634650836, 0.4413327453, 0.7663535533, 0.91747511932],
      [0.52514787383, 0.2336464467, 0.082524880683, 0.47485212617, 0.67269531715, 0.87467505075, 0.40937688855, 0.32730468285, 0.12532494925, 0.59062311145, 0.76133438839, 0.91530682321, 0.51843515551, 0.23866561161, 0.084693176791, 0.48156484449, 0.65162879565, 0.8639650492, 0.38699723365, 0.34837120435, 0.1360349508, 0.61300276635, 0.72150106464, 0.89781267674, 0.4663806639, 0.27849893536, 0.10218732326, 0.5336193361, 0.72986465956, 0.90156411103, 0.47695153704, 0.27013534044, 0.098435888966, 0.52304846296, 0.76020472624, 0.91481875539, 0.51692449314, 0.23979527376, 0.085181244606, 0.48307550686, 0.68692762461, 0.88164806011, 0.42523884301, 0.31307237539, 0.11835193989, 0.57476115699, 0.67927082676, 0.87782369431, 0.41692586102, 0.32072917324],
      [0.12217630569, 0.58307413898, 0.69941169261, 0.88761980116, 0.43960948158, 0.30058830739, 0.11238019884, 0.56039051842, 0.73576922528, 0.90424379383, 0.48428117505, 0.26423077472, 0.095756206171, 0.51571882495, 0.7145440875, 0.89462024128, 0.45787502896, 0.2854559125, 0.10537975872, 0.54212497104, 0.72901923143, 0.90118244614, 0.47589321373, 0.27098076857, 0.098817553862, 0.52410678627, 0.67121167624, 0.87383230679, 0.40805664224, 0.32878832376, 0.12616769321, 0.59194335776, 0.79244777682, 0.92824912247, 0.56274145818, 0.20755222318, 0.071750877533, 0.43725854182, 0.67051662981, 0.87352172359, 0.40719661699, 0.32948337019, 0.12647827641, 0.59280338301, 0.76793826749, 0.91813808372, 0.52738095666, 0.23206173251, 0.081861916284, 0.47261904334]
    ]
  ],
  "maxiter": 3600,
  "param_threshold": 0.001,
  "ll_threshold": "-Inf",
  "initial_prob": "group_proportional"
}
