{
  "W": [
    [100, 0],
    [100, 0],
    [100, 0],
    [100, 0],
    [100, 0],
    [100, 0],
    [100, 0],
    [100, 0],
    [100, 0],
    [100, 0],
    [100, 0],
    [100, 0],
    [100, 0],
    [100, 0],
    [100, 0],
    [100, 0],
    [100, 0],
    [100, 0],
    [100, 0],
    [100, 0],
    [100, 0],
    [100, 0],
    [100, 0],
    [100, 0],
    [100, 0],
    [0, 100],
    [0, 100],
    [0, 100],
    [0, 100],
    [0, 100],
    [0, 100],
    [0, 100],
    [0, 100],
    [0, 100],
    [0, 100],
    [0, 100],
    [0, 100],
    [0, 100],
    [0, 100],
    [0, 100],
    [0, 100],
    [0, 100],
    [0, 100],
    [0, 100],
    [0, 100],
    [0, 100],
    [0, 100],
    [0, 100],
    [0, 100],
    [0, 100]
  ],
  "X": [
    [59, 41],
    [50, 50],
    [54, 46],
    [54, 46],
    [53, 47],
    [44, 56],
    [61, 39],
    [39, 61],
    [52, 48],
    [55, 45],
    [51, 49],
    [43, 57],
    [51, 49],
    [49, 51],
    [58, 42],
    [52, 48],
    [50, 50],
    [46, 54],
    [54, 46],
    [44, 56],
    [55, 45],
    [47, 53],
    [44, 56],
    [55, 45],
    [49, 51],
    [5, 95],
    [13, 87],
    [12, 88],
    [7, 93],
    [6, 94],
    [5, 95],
    [13, 87],
    [5, 95],
    [10, 90],
    [5, 95],
    [8, 92],
    [6, 94],
    [6, 94],
    [13, 87],
    [10, 90],
    [7, 93],
    [6, 94],
    [6, 94],
    [9, 91],
    [8, 92],
    [8, 92],
    [7, 93],
    [6, 94],
    [5, 95],
    [6, 94]
  ],
  "real_prob": [
    [0.51559495699, 0.48440504301],
    [0.081011732978, 0.91898826702]
  ],
  "method": "exact",
  "prob": [
    [0.5076, 0.4924],
    [0.0768, 0.9232]
  ],
  "iterations": 1,
  "logLik": -135.8767296981,
  "time": 0.000103,
  "message": "Converged",
  "status": 0,
  "cond_prob": [
    [
      [0.59, 0.0768, 0.41, 0.9232, 0.5, 0.0768, 0.5, 0.9232, 0.54, 0.0768, 0.46, 0.9232, 0.54, 0.0768, 0.46, 0.9232, 0.53, 0.0768, 0.47, 0.9232, 0.44, 0.0768, 0.56, 0.9232, 0.61, 0.0768, 0.39, 0.9232, 0.39, 0.0768, 0.61, 0.9232, 0.52, 0.0768, 0.48, 0.9232, 0.55, 0.0768, 0.45, 0.9232, 0.51, 0.0768, 0.49, 0.9232, 0.43, 0.0768, 0.57, 0.9232, 0.51, 0.0768],
      [0.49, 0.9232, 0.49, 0.0768, 0.51, 0.9232, 0.58, 0.0768, 0.42, 0.9232, 0.52, 0.0768, 0.48, 0.9232, 0.5, 0.0768, 0.5, 0.9232, 0.46, 0.0768, 0.54, 0.9232, 0.54, 0.0768, 0.46, 0.9232, 0.44, 0.0768, 0.56, 0.9232, 0.55, 0.0768, 0.45, 0.9232, 0.47, 0.0768, 0.53, 0.9232, 0.44, 0.0768, 0.56, 0.9232, 0.55, 0.0768, 0.45, 0.9232, 0.49, 0.0768, 0.51, 0.9232]
    ],
    [
      [0.5076, 0.05, 0.4924, 0.95, 0.5076, 0.13, 0.4924, 0.87, 0.5076, 0.12, 0.4924, 0.88, 0.5076, 0.07, 0.4924, 0.93, 0.5076, 0.06, 0.4924, 0.94, 0.5076, 0.05, 0.4924, 0.95, 0.5076, 0.13, 0.4924, 0.87, 0.5076, 0.05, 0.4924, 0.95, 0.5076, 0.1, 0.4924, 0.9, 0.5076, 0.05, 0.4924, 0.95, 0.5076, 0.08, 0.4924, 0.92, 0.5076, 0.06, 0.4924, 0.94, 0.5076, 0.06],
      [0.4924, 0.94, 0.5076, 0.13, 0.4924, 0.87, 0.5076, 0.1, 0.4924, 0.9, 0.5076, 0.07, 0.4924, 0.93, 0.5076, 0.06, 0.4924, 0.94, 0.5076, 0.06, 0.4924, 0.94, 0.5076, 0.09, 0.4924, 0.91, 0.5076, 0.08, 0.4924, 0.92, 0.5076, 0.08, 0.4924, 0.92, 0.5076, 0.07, 0.4924, 0.93, 0.5076, 0.06, 0.4924, 0.94, 0.5076, 0.05, 0.4924, 0.95, 0.5076, 0.06, 0.4924, 0.94]
    ]
  ],
  "maxiter": 3600,
  "param_threshold": 0.001,
  "ll_threshold": "-Inf",
  "initial_prob": "group_proportional"
}
