{
  "W": [
    [25, 22, 21, 32],
    [22, 21, 29, 28],
    [24, 23, 30, 23],
    [31, 17, 24, 28],
    [29, 24, 22, 25],
    [21, 28, 22, 29],
    [32, 28, 23, 17],
    [27, 33, 25, 15],
    [27, 27, 29, 17],
    [24, 25, 24, 27],
    [27, 22, 24, 27],
    [26, 23, 28, 23],
    [28, 27, 22, 23],
    [25, 19, 33, 23],
    [30, 21, 22, 27],
    [28, 22, 18, 32],
    [25, 26, 21, 28],
    [23, 32, 31, 14],
    [21, 28, 28, 23],
    [18, 26, 34, 22],
    [24, 31, 25, 20],
    [22, 25, 23, 30],
    [30, 23, 22, 25],
    [27, 26, 21, 26],
    [23, 27, 24, 26],
    [27, 21, 23, 29],
    [23, 24, 29, 24],
    [19, 30, 26, 25],
    [24, 21, 25, 30],
    [31, 20, 23, 26],
    [24, 30, 24, 22],
    [17, 29, 27, 27],
    [33, 27, 25, 15],
    [27, 20, 23, 30],
    [23, 24, 28, 25],
    [24, 29, 23, 24],
    [30, 17, 25, 28],
    [29, 24, 28, 19],
    [15, 32, 22, 31],
    [21, 29, 26, 24],
    [24, 29, 18, 29],
    [25, 30, 23, 22],
    [26, 24, 24, 26],
    [29, 29, 21, 21],
    [26, 18, 28, 28],
    [19, 32, 25, 24],
    [24, 20, 25, 31],
    [24, 23, 27, 26],
    [25, 26, 23, 26],
    [22, 16, 34, 28]
  ],
  "X": [
    [64, 36],
    [69, 31],
    [72, 28],
    [64, 36],
    [70, 30],
    [63, 37],
    [67, 33],
    [64, 36],
    [69, 31],
    [70, 30],
    [66, 34],
    [54, 46],
    [68, 32],
    [77, 23],
    [65, 35],
    [61, 39],
    [70, 30],
    [69, 31],
    [68, 32],
    [71, 29],
    [59, 41],
    [65, 35],
    [63, 37],
    [68, 32],
    [62, 38],
    [64, 36],
    [73, 27],
    [62, 38],
    [69, 31],
    [72, 28],
    [68, 32],
    [64, 36],
    [67, 33],
    [68, 32],
    [68, 32],
    [70, 30],
    [69, 31],
    [70, 30],
    [56, 44],
    [67, 33],
    [63, 37],
    [68, 32],
    [62, 38],
    [65, 35],
    [68, 32],
    [69, 31],
    [72, 28],
    [74, 26],
    [62, 38],
    [63, 37]
  ],
  "real_prob": [
    [0.86017443364, 0.13982556636],
    [0.51940555797, 0.48059444203],
    [0.91186490863, 0.088135091372],
    [0.39266872144, 0.60733127856]
  ],
  "method": "exact",
  "prob": [
    [0.73684787418, 0.26315212582],
    [0.52355584242, 0.47644415758],
    [0.83882409389, 0.16117590611],
    [0.56557218951, 0.43442781049]
  ],
  "iterations": 111,
  "logLik": -141.8523367855,
  "time": 3.22327,
  "message": "Converged",
  "status": 0,
  "cond_prob": [
    [
      [0.72194096993, 0.50364383739, 0.82836224297, 0.54611575709, 0.27805903007, 0.49635616261, 0.17163775703, 0.45388424291, 0.75277176976, 0.54327101828, 0.84983937757, 0.58517813328, 0.24722823024, 0.45672898172, 0.15016062243, 0.41482186672, 0.77612014727, 0.57520285906, 0.86564273579, 0.61626820146, 0.22387985273, 0.42479714094, 0.13435726421, 0.38373179854, 0.70140367555, 0.47856455041, 0.81370131979, 0.52114489378, 0.29859632445, 0.52143544959, 0.18629868021, 0.47885510622, 0.76921652497, 0.56566313157, 0.86099207951, 0.60699919475, 0.23078347503, 0.43433686843, 0.13900792049, 0.39300080525, 0.71890892571, 0.49989159496, 0.82621155975, 0.54238943402, 0.28109107429, 0.50010840504, 0.17378844025, 0.45761056598, 0.73589104045, 0.52121208904],
      [0.83817332448, 0.56350363231, 0.26410895955, 0.47878791096, 0.16182667552, 0.43649636769, 0.71219933132, 0.49158103539, 0.82145538747, 0.53413727997, 0.28780066868, 0.50841896461, 0.17854461253, 0.46586272003, 0.74718295068, 0.53583432772, 0.84600971694, 0.57789715835, 0.25281704932, 0.46416567228, 0.15399028306, 0.42210284165, 0.77230881595, 0.5699681368, 0.86306847304, 0.61117561645, 0.22769118405, 0.4300318632, 0.13693152696, 0.38882438355, 0.72958651911, 0.5131914321, 0.83376112674, 0.55558094207, 0.27041348089, 0.4868085679, 0.16623887326, 0.44441905793, 0.5984566307, 0.36807058401, 0.73498783055, 0.40847151801, 0.4015433693, 0.63192941599, 0.26501216945, 0.59152848199, 0.75365057908, 0.5445094187, 0.85042535267, 0.5863770314],
      [0.24634942092, 0.4554905813, 0.14957464733, 0.4136229686, 0.81286372361, 0.62908264298, 0.88976621971, 0.66798049751, 0.18713627639, 0.37091735702, 0.11023378029, 0.33201950249, 0.72001337577, 0.50120678863, 0.82700958193, 0.54370538381, 0.27998662423, 0.49879321137, 0.17299041807, 0.45629461619, 0.69669803519, 0.4730713592, 0.81026589083, 0.51562809617, 0.30330196481, 0.5269286408, 0.18973410917, 0.48437190383, 0.77789113934, 0.57783964377, 0.86679599143, 0.6187919628, 0.22210886066, 0.42216035623, 0.13320400857, 0.3812080372, 0.75053589014, 0.54026693792, 0.84831404341, 0.58224265482, 0.24946410986, 0.45973306208, 0.15168595659, 0.41775734518, 0.75020559601, 0.53988779508, 0.84807323828, 0.58185971956, 0.24979440399, 0.46011220492],
      [0.15192676172, 0.41814028044, 0.76755000901, 0.56325970311, 0.85989125426, 0.60468385964, 0.23244999099, 0.43674029689, 0.14010874574, 0.39531614036, 0.667454411, 0.43955702595, 0.78871016611, 0.48185360894, 0.332545589, 0.56044297405, 0.21128983389, 0.51814639106, 0.73212993251, 0.51646696857, 0.8355305348, 0.55880883233, 0.26787006749, 0.48353303143, 0.1644694652, 0.44119116767, 0.70159571235, 0.47882228491, 0.81383109008, 0.52139728379, 0.29840428765, 0.52117771509, 0.18616890992, 0.47860271621, 0.75717351825, 0.54925571812, 0.85282614111, 0.59101220665, 0.24282648175, 0.45074428188, 0.14717385889, 0.40898779335, 0.7001108084, 0.47706572672, 0.81275404537, 0.51963768063, 0.2998891916, 0.52293427328, 0.18724595463, 0.48036231937]
    ],
    [
      [0.71280412973, 0.49234256054, 0.82188056233, 0.53489109629, 0.28719587027, 0.50765743946, 0.17811943767, 0.46510890371, 0.78934374265, 0.59411195881, 0.87441757945, 0.63451237931, 0.21065625735, 0.40588804119, 0.12558242055, 0.36548762069, 0.70266158905, 0.48010031443, 0.81459846231, 0.52267441421, 0.29733841095, 0.51989968557, 0.18540153769, 0.47732558579, 0.75941450029, 0.55223932972, 0.85436151631, 0.5939329387, 0.24058549971, 0.44776067028, 0.14563848369, 0.4060670613, 0.7806740366, 0.58169196934, 0.86866912882, 0.62253367368, 0.2193259634, 0.41830803066, 0.13133087118, 0.37746632632, 0.7560868271, 0.54777483448, 0.85208941617, 0.58956932395, 0.2439131729, 0.45222516552, 0.14791058383, 0.41043067605, 0.72205185099, 0.5037523677],
      [0.82844860381, 0.54622916915, 0.27794814901, 0.4962476323, 0.17155139619, 0.45377083085, 0.72853635157, 0.51181291447, 0.83303766187, 0.55422734405, 0.27146364843, 0.48818708553, 0.16696233813, 0.44577265595, 0.75006006576, 0.53972042947, 0.84796734962, 0.58169068646, 0.24993993424, 0.46027957053, 0.15203265038, 0.41830931354, 0.74546215613, 0.53361681756, 0.8448129482, 0.57571216952, 0.25453784387, 0.46638318244, 0.1551870518, 0.42428783048, 0.77600352677, 0.57516013861, 0.86553923019, 0.61620287681, 0.22399647323, 0.42483986139, 0.13446076981, 0.38379712319, 0.74853323449, 0.53764696124, 0.84693120643, 0.57966873084, 0.25146676551, 0.46235303876, 0.15306879357, 0.42033126916, 0.75485094379, 0.54601199972, 0.8512702623, 0.58786669959],
      [0.24514905621, 0.45398800028, 0.1487297377, 0.41213330041, 0.66382050326, 0.43559471845, 0.78596080302, 0.4778233482, 0.33617949674, 0.56440528155, 0.21403919698, 0.5221766518, 0.746261137, 0.53471257482, 0.84535235059, 0.57677876408, 0.253738863, 0.46528742518, 0.15464764941, 0.42322123592, 0.72485966992, 0.50733594202, 0.83041034737, 0.54976687416, 0.27514033008, 0.49266405798, 0.16958965263, 0.45023312584, 0.75695730566, 0.54895278546, 0.85268143436, 0.59071867293, 0.24304269434, 0.45104721454, 0.14731856564, 0.40928132707, 0.69358682961, 0.46935518355, 0.80802103833, 0.5119120425, 0.30641317039, 0.53064481645, 0.19197896167, 0.4880879575, 0.72754210264, 0.51063961716, 0.83231720695, 0.55305089428, 0.27245789736, 0.48936038284],
