{
  "W": [
    [33, 34, 33],
    [40, 28, 32],
    [27, 32, 41],
    [38, 38, 24],
    [40, 28, 32],
    [34, 36, 30],
    [40, 34, 26],
    [40, 28, 32],
    [46, 25, 29],
    [35, 28, 37],
    [41, 30, 29],
    [36, 23, 41],
    [32, 41, 27],
    [41, 27, 32],
    [38, 35, 27],
    [42, 21, 37],
    [42, 28, 30],
    [28, 39, 33],
    [31, 36, 33],
    [24, 46, 30],
    [24, 45, 31],
    [35, 37, 28],
    [35, 37, 28],
    [28, 38, 34],
    [28, 37, 35],
    [29, 42, 29],
    [30, 33, 37],
    [39, 37, 24],
    [35, 35, 30],
    [30, 38, 32],
    [30, 39, 31],
    [35, 31, 34],
    [28, 44, 28],
    [34, 29, 37],
    [26, 30, 44],
    [32, 22, 46],
    [26, 37, 37],
    [39, 30, 31],
    [24, 32, 44],
    [28, 33, 39],
    [32, 30, 38],
    [37, 36, 27],
    [32, 32, 36],
    [23, 43, 34],
    [42, 26, 32],
    [29, 30, 41],
    [32, 27, 41],
    [28, 42, 30],
    [39, 26, 35],
    [30, 32, 38]
  ],
  "X": [
    [50, 50],
    [56, 44],
    [52, 48],
    [41, 59],
    [53, 47],
    [59, 41],
    [48, 52],
    [49, 51],
    [52, 48],
    [57, 43],
    [52, 48],
    [55, 45],
    [39, 61],
    [44, 56],
    [45, 55],
    [52, 48],
    [53, 47],
    [42, 58],
    [49, 51],
    [40, 60],
    [51, 49],
    [48, 52],
    [42, 58],
    [46, 54],
    [45, 55],
    [43, 57],
    [56, 44],
    [45, 55],
    [45, 55],
    [41, 59],
    [42, 58],
    [55, 45],
    [47, 53],
    [55, 45],
    [53, 47],
    [57, 43],
    [49, 51],
    [51, 49],
    [49, 51],
    [59, 41],
    [52, 48],
    [44, 56],
    [55, 45],
    [41, 59],
    [48, 52],
    [48, 52],
    [49, 51],
    [44, 56],
    [52, 48],
    [46, 54]
  ],
  "real_prob": [
    [0.49589011729, 0.50410988271],
    [0.22292173526, 0.77707826474],
    [0.77634846045, 0.22365153955]
  ],
  "method": "exact",
  "prob": [
    [0.5589037812, 0.4410962188],
    [0.1643949433, 0.8356050567],
    [0.74445439751, 0.25554560249]
  ],
  "iterations": 114,
  "logLik": -141.1897374863,
  "time": 2.184087,
  "message": "Converged",
  "status": 0,
  "cond_prob": [
    [
      [0.57750723678, 0.17301332134, 0.75938812911, 0.42249276322, 0.82698667866, 0.24061187089, 0.6239798623, 0.20243446672, 0.79289501375, 0.3760201377, 0.79756553328, 0.20710498625, 0.57404673265, 0.1709658664, 0.75682513399, 0.42595326735, 0.8290341336, 0.24317486601, 0.50259283533, 0.13415900428, 0.70014292061, 0.49740716467, 0.86584099572, 0.29985707939, 0.58689369454, 0.17867324067, 0.76629379624, 0.41310630546, 0.82132675933, 0.23370620376, 0.70522715971, 0.26743649419, 0.84648542596, 0.29477284029, 0.73256350581, 0.15351457404, 0.56829960867, 0.16779400193, 0.7524238303, 0.43170039133, 0.83220599807, 0.2475761697, 0.53690254439, 0.15095434271, 0.72803676964, 0.46309745561, 0.84904565729, 0.27196323036, 0.56637709609, 0.16682548221],
      [0.75089712154, 0.43362290391, 0.83317451779, 0.24910287846, 0.62593369068, 0.20370620336, 0.79428505762, 0.37406630932, 0.79629379664, 0.20571494238, 0.59130167748, 0.18134141924, 0.76953064296, 0.40869832252, 0.81865858076, 0.23046935704, 0.56620674769, 0.16666365446, 0.75081202513, 0.43379325231, 0.83333634554, 0.24918797487, 0.48232937246, 0.12501023072, 0.68296446748, 0.51767062754, 0.87498976928, 0.31703553252, 0.46986459063, 0.11986981225, 0.67184583917, 0.53013540937, 0.88013018775, 0.32815416083, 0.53248555021, 0.14862888735, 0.72457548277, 0.46751444979, 0.85137111265, 0.27542451723, 0.5289135767, 0.14699200827, 0.72158912446, 0.4710864233, 0.85300799173, 0.27841087554, 0.59132107904, 0.18137380995, 0.76953493339, 0.40867892096],
      [0.81862619005, 0.23046506661, 0.49703357509, 0.13155528593, 0.69552738625, 0.50296642491, 0.86844471407, 0.30447261375, 0.57502044442, 0.17153671628, 0.75754680112, 0.42497955558, 0.82846328372, 0.24245319888, 0.51345159354, 0.13907821581, 0.70931879425, 0.48654840646, 0.86092178419, 0.29068120575, 0.65412920557, 0.22401715577, 0.81355248569, 0.34587079443, 0.77598284423, 0.18644751431, 0.57909385417, 0.17393942955, 0.76056986467, 0.42090614583, 0.82606057045, 0.23943013533, 0.50049205214, 0.13318971686, 0.69838423754, 0.49950794786, 0.86681028314, 0.30161576246, 0.54333841109, 0.15409923858, 0.73325745364, 0.45666158891, 0.84590076142, 0.26674254636, 0.52218448233, 0.14342634694, 0.71634456166, 0.47781551767, 0.85657365306, 0.28365543834]
    ],
    [
      [0.53664478277, 0.15060719994, 0.7279930656, 0.46335521723, 0.84939280006, 0.2720069344, 0.64005629835, 0.21359967318, 0.80404113067, 0.35994370165, 0.78640032682, 0.19595886933, 0.54991277927, 0.15766178898, 0.73832980901, 0.45008722073, 0.84233821102, 0.26167019099, 0.5249644576, 0.14485591213, 0.71854290198, 0.4750355424, 0.85514408787, 0.28145709802, 0.48131513742, 0.1246003996, 0.68205408415, 0.51868486258, 0.8753996004, 0.31794591585, 0.50240297134, 0.13402120493, 0.70003496347, 0.49759702866, 0.86597879507, 0.29996503653, 0.62307915824, 0.2017495602, 0.79229391457, 0.37692084176, 0.7982504398, 0.20770608543, 0.60350882725, 0.18873273884, 0.77848258315, 0.39649117275, 0.81126726116, 0.22151741685, 0.60606074439, 0.19049770654],
      [0.78025678922, 0.39393925561, 0.80950229346, 0.21974321078, 0.56939829124, 0.16831937679, 0.75331961645, 0.43060170876, 0.83168062321, 0.24668038355, 0.57475045381, 0.17149139501, 0.75728640843, 0.42524954619, 0.82850860499, 0.24271359157, 0.57067871756, 0.1689897135, 0.75431713362, 0.42932128244, 0.8310102865, 0.24568286638, 0.57430029729, 0.17123998806, 0.75693834723, 0.42569970271, 0.82876001194, 0.24306165277, 0.52694394991, 0.14579955841, 0.72017634848, 0.47305605009, 0.85420044159, 0.27982365152, 0.67369224812, 0.23954412882, 0.82645284107, 0.32630775188, 0.76045587118, 0.17354715893, 0.57072574888, 0.16912870534, 0.75428723357, 0.42927425112, 0.83087129466, 0.24571276643, 0.52445343124, 0.14460529023, 0.71812713318, 0.47554656876],
      [0.85539470977, 0.28187286682, 0.62413834243, 0.20242947763, 0.79305082662, 0.37586165757, 0.79757052237, 0.20694917338, 0.50074006228, 0.13317062674, 0.69872475347, 0.49925993772, 0.86682937326, 0.30127524653, 0.51495695929, 0.14012091204, 0.7102707499, 0.48504304071, 0.85987908796, 0.2897292501, 0.51159313272, 0.13841449499, 0.70759425125, 0.48840686728, 0.86158550501, 0.29240574875, 0.51008038799, 0.13774650795, 0.70629931389, 0.48991961201, 0.86225349205, 0.29370068611, 0.54765461447, 0.15632635553, 0.73666546209, 0.45234538553, 0.84367364447, 0.26333453791, 0.55755408446, 0.16187806806, 0.74418745533, 0.44244591554, 0.83812193194, 0.25581254467, 0.50290142166, 0.13433354014, 0.70037589647, 0.49709857834, 0.86566645986, 0.29962410353]
    ]
  ],
  "maxiter": 3600,
  "param_threshold": 0.001,
  "ll_threshold": "-Inf",
  "initial_prob": "group_proportional"
}
