{
  "W": [
    [35, 34, 31],
    [26, 38, 36],
    [39, 29, 32],
    [37, 32, 31],
    [31, 33, 36],
    [30, 25, 45],
    [42, 20, 38],
    [43, 30, 27],
    [41, 28, 31],
    [35, 34, 31],
    [36, 30, 34],
    [41, 28, 31],
    [45, 26, 29],
    [35, 23, 42],
    [28, 38, 34],
    [47, 31, 22],
    [39, 30, 31],
    [34, 39, 27],
    [34, 39, 27],
    [37, 30, 33],
    [33, 37, 30],
    [28, 41, 31],
    [34, 36, 30],
    [38, 37, 25],
    [30, 37, 33],
    [34, 35, 31],
    [33, 39, 28],
    [24, 38, 38],
    [26, 40, 34],
    [32, 42, 26],
    [32, 33, 35],
    [28, 35, 37],
    [33, 36, 31],
    [36, 31, 33],
    [36, 29, 35],
    [28, 29, 43],
    [26, 35, 39],
    [40, 31, 29],
    [26, 28, 46],
    [34, 31, 35],
    [27, 32, 41],
    [32, 31, 37],
    [26, 32, 42],
    [30, 31, 39],
    [30, 40, 30],
    [31, 38, 31],
    [27, 43, 30],
    [32, 40, 28],
    [32, 28, 40],
    [34, 35, 31]
  ],
  "X": [
    [33, 67],
    [15, 85],
    [38, 62],
    [32, 68],
    [21, 79],
    [25, 75],
    [33, 67],
    [32, 68],
    [35, 65],
    [29, 71],
    [29, 71],
    [33, 67],
    [33, 67],
    [31, 69],
    [22, 78],
    [36, 64],
    [28, 72],
    [30, 70],
    [28, 72],
    [29, 71],
    [28, 72],
    [26, 74],
    [28, 72],
    [31, 69],
    [25, 75],
    [25, 75],
    [27, 73],
    [21, 79],
    [20, 80],
    [23, 77],
    [27, 73],
    [23, 77],
    [26, 74],
    [30, 70],
    [33, 67],
    [20, 80],
    [24, 76],
    [35, 65],
    [25, 75],
    [28, 72],
    [26, 74],
    [26, 74],
    [24, 76],
    [29, 71],
    [25, 75],
    [23, 77],
    [25, 75],
    [26, 74],
    [27, 73],
    [29, 71]
  ],
  "real_prob": [
    [0.72791378307, 0.27208621693],
    [0.05281556462, 0.94718443538],
    [0.05163540839, 0.94836459161]
  ],
  "method": "exact",
  "prob": [
    [0.76147081412, 0.23852918588],
    [0.019905404999, 0.980094595],
    [0.044685379789, 0.95531462021]
  ],
  "iterations": 128,
  "logLik": -118.8771726678,
  "time": 1.439285,
  "message": "Converged",
  "status": 0,
  "cond_prob": [
    [
      [0.84926642999, 0.032107831724, 0.070451892635, 0.15073357001, 0.96789216828, 0.92954810737, 0.54380956818, 0.0072222396726, 0.016291836661, 0.45619043182, 0.99277776033, 0.98370816334, 0.87449927807, 0.039484295661, 0.08592136191, 0.12550072193, 0.96051570434, 0.91407863809, 0.80103776248, 0.023462250083, 0.051961638249, 0.19896223752, 0.97653774992, 0.94803836175, 0.63834197149, 0.010637133905, 0.023899262919, 0.36165802851, 0.98936286609, 0.97610073708, 0.75711157019, 0.018255368818, 0.040672637197, 0.24288842981, 0.98174463118, 0.9593273628, 0.74262302471, 0.017283834549, 0.038530428189, 0.25737697529, 0.98271616545, 0.96146957181, 0.71272019183, 0.01497609582, 0.033472180627, 0.28727980817, 0.98502390418, 0.96652781937, 0.79875484952, 0.023289572883],
      [0.051578810607, 0.20124515048, 0.97671042712, 0.94842118939, 0.77058269824, 0.019715591111, 0.04384759561, 0.22941730176, 0.98028440889, 0.95615240439, 0.75266544973, 0.018004520307, 0.040114947075, 0.24733455027, 0.98199547969, 0.95988505293, 0.76027439071, 0.01885480943, 0.041961784417, 0.23972560929, 0.98114519057, 0.95803821558, 0.70418725175, 0.014436427497, 0.032283674355, 0.29581274825, 0.9855635725, 0.96771632564, 0.80576329321, 0.02413349528, 0.053409865386, 0.19423670679, 0.97586650472, 0.94659013461, 0.72325365733, 0.015340399399, 0.03429301228, 0.27674634267, 0.9846596006, 0.96570698772, 0.73717754408, 0.016895530734, 0.037676998895, 0.26282245592, 0.98310446927, 0.9623230011, 0.684502268, 0.013117724198, 0.029383220065, 0.315497732],
      [0.9868822758, 0.97061677994, 0.8106379836, 0.024697000735, 0.054634278852, 0.1893620164, 0.97530299927, 0.94536572115, 0.76724162412, 0.019315766305, 0.042980366451, 0.23275837588, 0.98068423369, 0.95701963355, 0.73705621199, 0.01668356633, 0.037224641413, 0.26294378801, 0.98331643367, 0.96277535859, 0.78264025397, 0.020966200844, 0.046570739597, 0.21735974603, 0.97903379916, 0.9534292604, 0.82434065337, 0.026662890835, 0.05888010263, 0.17565934663, 0.97333710917, 0.94111989737, 0.76560706217, 0.019163860513, 0.042648696924, 0.23439293783, 0.98083613949, 0.95735130308, 0.76817308147, 0.019539219242, 0.043458871682, 0.23182691853, 0.98046078076, 0.95654112832, 0.7639022812, 0.018853351568, 0.041980532004, 0.2360977188, 0.98114664843, 0.958019468]
    ],
    [
      [0.69366629835, 0.013554762844, 0.030352553441, 0.30633370165, 0.98644523716, 0.96964744656, 0.76089109615, 0.018653738893, 0.041539214646, 0.23910890385, 0.98134626111, 0.95846078535, 0.77449304959, 0.019679745512, 0.043798328432, 0.22550695041, 0.98032025449, 0.95620167157, 0.7062479327, 0.014102565121, 0.0315720925, 0.2937520673, 0.98589743488, 0.9684279075, 0.67909215785, 0.012654551532, 0.028367684022, 0.32090784215, 0.98734544847, 0.97163231598, 0.77438561381, 0.020028653478, 0.044534708379, 0.22561438619, 0.97997134652, 0.95546529162, 0.74854580314, 0.01736349909, 0.038729595782, 0.25145419686, 0.98263650091, 0.96127040422, 0.73548784748, 0.016434508619, 0.03668576525, 0.26451215252, 0.98356549138, 0.96331423475, 0.77476184547, 0.020207092238],
      [0.044913748603, 0.22523815453, 0.97979290776, 0.9550862514, 0.83241542545, 0.028591180527, 0.062968584248, 0.16758457455, 0.97140881947, 0.93703141575, 0.66193061851, 0.011679923189, 0.026214532776, 0.33806938149, 0.98832007681, 0.97378546722, 0.80976027991, 0.024278564061, 0.053755973852, 0.19023972009, 0.97572143594, 0.94624402615, 0.81432365729, 0.025528436735, 0.05640248861, 0.18567634271, 0.97447156326, 0.94359751139, 0.82642476553, 0.027121870723, 0.059859645998, 0.17357523447, 0.97287812928, 0.940140354, 0.76292898439, 0.018918432553, 0.042112660619, 0.23707101561, 0.98108156745, 0.95788733938, 0.83379182232, 0.028504622604, 0.062816411565, 0.16620817768, 0.9714953774, 0.93718358844, 0.74994243558, 0.017639612439, 0.039324704751, 0.25005756442],
      [0.98236038756, 0.96067529525, 0.80767609893, 0.023999861054, 0.053152997001, 0.19232390107, 0.97600013895, 0.946847003, 0.8455745924, 0.031133739393, 0.06840041812, 0.1544254076, 0.96886626061, 0.93159958188, 0.76565640045, 0.019012080482, 0.042327492242, 0.23434359955, 0.98098791952, 0.95767250776, 0.69496262191, 0.013555051112, 0.030356992859, 0.30503737809, 0.98644494889, 0.96964300714, 0.8207598427, 0.025977662327, 0.057414825569, 0.1792401573, 0.97402233767, 0.94258517443, 0.75477255419, 0.018040339501, 0.040202310205, 0.24522744581, 0.9819596605, 0.95979768979, 0.77155535448, 0.019751268691, 0.043929828333, 0.22844464552, 0.98024873131, 0.95607017167, 0.78715199704, 0.021547334558, 0.047828238427, 0.21284800296, 0.97845266544, 0.95217176157]
    ]
  ],
  "maxiter": 3600,
  "param_threshold": 0.001,
  "ll_threshold": "-Inf",
  "initial_prob": "group_proportional"
}
