{
  "W": [
    [38, 29, 33],
    [37, 31, 32],
    [32, 40, 28],
    [36, 37, 27],
    [41, 35, 24],
    [42, 22, 36],
    [41, 32, 27],
    [41, 32, 27],
    [35, 35, 30],
    [40, 29, 31],
    [42, 34, 24],
    [37, 35, 28],
    [33, 32, 35],
    [37, 32, 31],
    [40, 24, 36],
    [33, 36, 31],
    [31, 34, 35],
    [31, 34, 35],
    [31, 30, 39],
    [29, 38, 33],
    [29, 43, 28],
    [28, 42, 30],
    [27, 43, 30],
    [35, 29, 36],
    [29, 35, 36],
    [35, 26, 39],
    [32, 33, 35],
    [29, 39, 32],
    [32, 32, 36],
    [26, 36, 38],
    [33, 41, 26],
    [32, 32, 36],
    [37, 40, 23],
    [38, 41, 21],
    [29, 34, 37],
    [36, 25, 39],
    [30, 27, 43],
    [27, 33, 40],
    [35, 26, 39],
    [27, 31, 42],
    [25, 41, 34],
    [32, 32, 36],
    [34, 38, 28],
    [43, 31, 26],
    [38, 27, 35],
    [26, 32, 42],
    [30, 31, 39],
    [27, 39, 34],
    [27, 26, 47],
    [32, 31, 37]
  ],
  "X": [
    [41, 59],
    [49, 51],
    [40, 60],
    [45, 55],
    [48, 52],
    [54, 46],
    [46, 54],
    [47, 53],
    [47, 53],
    [55, 45],
    [54, 46],
    [42, 58],
    [49, 51],
    [46, 54],
    [51, 49],
    [43, 57],
    [48, 52],
    [44, 56],
    [47, 53],
    [51, 49],
    [53, 47],
    [44, 56],
    [44, 56],
    [53, 47],
    [49, 51],
    [56, 44],
    [51, 49],
    [51, 49],
    [46, 54],
    [49, 51],
    [45, 55],
    [46, 54],
    [33, 67],
    [35, 65],
    [53, 47],
    [58, 42],
    [61, 39],
    [54, 46],
    [47, 53],
    [54, 46],
    [39, 61],
    [57, 43],
    [50, 50],
    [41, 59],
    [54, 46],
    [55, 45],
    [57, 43],
    [47, 53],
    [55, 45],
    [50, 50]
  ],
  "real_prob": [
    [0.37880001398, 0.62119998602],
    [0.2299644419, 0.7700355581],
    [0.85630237325, 0.14369762675]
  ],
  "method": "exact",
  "prob": [
    [0.42380842887, 0.57619157113],
    [0.20678489053, 0.79321510947],
    [0.83001256697, 0.16998743303]
  ],
  "iterations": 116,
  "logLik": -145.4485582532,
  "time": 2.209401,
  "message": "Converged",
  "status": 0,
  "cond_prob": [
    [
      [0.31524732373, 0.13968077928, 0.75666239695, 0.68475267627, 0.86031922072, 0.24333760305, 0.42801389785, 0.20847195356, 0.83440172561, 0.57198610215, 0.79152804644, 0.16559827439, 0.35605648595, 0.16301470347, 0.78877158253, 0.64394351405, 0.83698529653, 0.21122841747, 0.41945313568, 0.20276639545, 0.82953075867, 0.58054686432, 0.79723360455, 0.17046924133, 0.46812934295, 0.23650344392, 0.8553781834, 0.53187065705, 0.76349655608, 0.1446218166, 0.44627888995, 0.22096948415, 0.84430438807, 0.55372111005, 0.77903051585, 0.15569561193, 0.41838603764, 0.20210281674, 0.82884749337, 0.58161396236, 0.79789718326, 0.17115250663, 0.43126115478, 0.21070703961, 0.83613582914, 0.56873884522, 0.78929296039, 0.16386417086, 0.42391078571, 0.20571323185],
      [0.83210531284, 0.57608921429, 0.79428676815, 0.16789468716, 0.50619247023, 0.26497264695, 0.87316433642, 0.49380752977, 0.73502735305, 0.12683566358, 0.54112422413, 0.29317169379, 0.88770604157, 0.45887577587, 0.70682830621, 0.11229395843, 0.36939574761, 0.17105630651, 0.7980495218, 0.63060425239, 0.82894369349, 0.2019504782, 0.41454228841, 0.19949255757, 0.82675264687, 0.58545771159, 0.80050744243, 0.17324735313, 0.39686604856, 0.1881194693, 0.81600429632, 0.60313395144, 0.8118805307, 0.18399570368, 0.4128452657, 0.19844148224, 0.82565538329, 0.5871547343, 0.80155851776, 0.17434461671, 0.36822948261, 0.17032312371, 0.79731595549, 0.63177051739, 0.82967687629, 0.20268404451, 0.40682501731, 0.19445078498, 0.82220279355, 0.59317498269],
      [0.80554921502, 0.17779720645, 0.35361358945, 0.16158259598, 0.78697629896, 0.64638641055, 0.83841740402, 0.21302370104, 0.3601038999, 0.1654447405, 0.79162658688, 0.6398961001, 0.8345552595, 0.20837341312, 0.47101316688, 0.23843265995, 0.8569750631, 0.52898683312, 0.76156734005, 0.1430249369, 0.53913054828, 0.29137808746, 0.88699844069, 0.46086945172, 0.70862191254, 0.11300155931, 0.40376262106, 0.1924511982, 0.8203898762, 0.59623737894, 0.8075488018, 0.1796101238, 0.40666197528, 0.19431228157, 0.82215661867, 0.59333802472, 0.80568771843, 0.17784338133, 0.45405986367, 0.22634533018, 0.84844139434, 0.54594013633, 0.77365466982, 0.15155860566, 0.41772072323, 0.20154317269, 0.82866911062, 0.58227927677, 0.79845682731, 0.17133088938]
    ],
    [
      [0.46954810255, 0.23738096819, 0.8562541343, 0.53045189745, 0.76261903181, 0.1437458657, 0.44458123903, 0.21970962377, 0.84351379334, 0.55541876097, 0.78029037623, 0.15648620666, 0.47948941595, 0.24464913922, 0.86104657837, 0.52051058405, 0.75535086078, 0.13895342163, 0.36905409211, 0.17082476059, 0.79788546426, 0.63094590789, 0.82917523941, 0.20211453574, 0.40927984835, 0.19599169236, 0.82376376363, 0.59072015165, 0.80400830764, 0.17623623637, 0.43645467615, 0.21416974745, 0.8390783093, 0.56354532385, 0.78583025255, 0.1609216907, 0.36905409211, 0.17082476059, 0.79788546426, 0.63094590789, 0.82917523941, 0.20211453574, 0.29430838297, 0.12820385721, 0.73836676268, 0.70569161703, 0.87179614279, 0.26163323732, 0.33317542485, 0.14971797677],
      [0.77147127659, 0.66682457515, 0.85028202323, 0.22852872341, 0.46440233552, 0.2336319842, 0.85375256235, 0.53559766448, 0.7663680158, 0.14624743765, 0.4937769144, 0.25533199105, 0.86771105912, 0.5062230856, 0.74466800895, 0.13228894088, 0.52213198044, 0.27730490579, 0.88020484024, 0.47786801956, 0.72269509421, 0.11979515976, 0.45874732222, 0.22955957671, 0.85095890672, 0.54125267778, 0.77044042329, 0.14904109328, 0.35024041866, 0.15964121957, 0.78438240098, 0.64975958134, 0.84035878043, 0.21561759902, 0.44112524069, 0.21725025139, 0.84178239782, 0.55887475931, 0.78274974861, 0.15821760218, 0.31078216823, 0.13713059137, 0.75317916317, 0.68921783177, 0.86286940863, 0.24682083683, 0.51842270544, 0.27446320895, 0.87854585388, 0.48157729456],
      [0.72553679105, 0.12145414612, 0.48334494675, 0.24758284862, 0.86279012725, 0.51665505325, 0.75241715138, 0.13720987275, 0.35769485832, 0.16406832396, 0.78973088652, 0.64230514168, 0.83593167604, 0.21026911348, 0.46660194973, 0.23530698734, 0.85473820721, 0.53339805027, 0.76469301266, 0.14526179279, 0.45854563765, 0.22939411183, 0.85088575816, 0.54145436235, 0.77060588817, 0.14911424184, 0.49981942986, 0.25988477786, 0.87048689719, 0.50018057014, 0.74011522214, 0.12951310281, 0.41339209343, 0.19868539101, 0.82616715376, 0.58660790657, 0.80131460899, 0.17383284624, 0.41117514836, 0.19722373957, 0.82490327161, 0.58882485164, 0.80277626043, 0.17509672839, 0.41400272668, 0.19912738062, 0.82645848505, 0.58599727332, 0.80087261938, 0.17354151495]
    ]
  ],
  "maxiter": 3600,
  "param_threshold": 0.001,
  "ll_threshold": "-Inf",
  "initial_prob": "group_proportional"
}
