{
  "W": [
    [34, 37, 29],
    [36, 31, 33],
    [37, 39, 24],
    [38, 34, 28],
    [43, 33, 24],
    [33, 35, 32],
    [37, 29, 34],
    [34, 35, 31],
    [34, 39, 27],
    [36, 35, 29],
    [32, 33, 35],
    [36, 28, 36],
    [41, 38, 21],
    [36, 37, 27],
    [39, 27, 34],
    [37, 30, 33],
    [39, 30, 31],
    [26, 38, 36],
    [37, 34, 29],
    [30, 33, 37],
    [36, 29, 35],
    [34, 38, 28],
    [28, 34, 38],
    [30, 38, 32],
    [22, 42, 36],
    [29, 39, 32],
    [31, 36, 33],
    [30, 47, 23],
    [26, 42, 32],
    [29, 40, 31],
    [33, 38, 29],
    [34, 28, 38],
    [27, 36, 37],
    [27, 32, 41],
    [33, 25, 42],
    [26, 32, 42],
    [37, 27, 36],
    [36, 37, 27],
    [31, 26, 43],
    [32, 32, 36],
    [28, 26, 46],
    [34, 31, 35],
    [33, 33, 34],
    [36, 36, 28],
    [28, 29, 43],
    [38, 22, 40],
    [36, 35, 29],
    [41, 29, 30],
    [29, 30, 41],
    [38, 23, 39]
  ],
  "X": [
    [36, 64],
    [35, 65],
    [38, 62],
    [34, 66],
    [43, 57],
    [40, 60],
    [34, 66],
    [40, 60],
    [40, 60],
    [46, 54],
    [37, 63],
    [37, 63],
    [39, 61],
    [38, 62],
    [39, 61],
    [35, 65],
    [36, 64],
    [36, 64],
    [40, 60],
    [37, 63],
    [36, 64],
    [41, 59],
    [46, 54],
    [35, 65],
    [41, 59],
    [36, 64],
    [40, 60],
    [47, 53],
    [48, 52],
    [34, 66],
    [45, 55],
    [32, 68],
    [35, 65],
    [32, 68],
    [32, 68],
    [30, 70],
    [34, 66],
    [46, 54],
    [35, 65],
    [37, 63],
    [27, 73],
    [35, 65],
    [35, 65],
    [43, 57],
    [33, 67],
    [37, 63],
    [39, 61],
    [36, 64],
    [32, 68],
    [27, 73]
  ],
  "real_prob": [
    [0.28764265586, 0.71235734414],
    [0.73682476122, 0.26317523878],
    [0.088109881805, 0.9118901182]
  ],
  "method": "exact",
  "prob": [
    [0.34647203443, 0.65352796557],
    [0.69447641506, 0.30552358494],
    [0.078474750729, 0.92152524927]
  ],
  "iterations": 131,
  "logLik": -134.5142839123,
  "time": 2.1492,
  "message": "Converged",
  "status": 0,
  "cond_prob": [
    [
      [0.29829829524, 0.64899562995, 0.063621367369, 0.70170170476, 0.35100437005, 0.93637863263, 0.32448168047, 0.67641840958, 0.071202691093, 0.67551831953, 0.32358159042, 0.92879730891, 0.29983588757, 0.65045813124, 0.064091876727, 0.70016411243, 0.34954186876, 0.93590812327, 0.2841678634, 0.63324280084, 0.059691641513, 0.7158321366, 0.36675719916, 0.94030835849, 0.38681069161, 0.73253230212, 0.09139892878, 0.61318930839, 0.26746769788, 0.90860107122, 0.36863504605, 0.71745183041, 0.085132169253, 0.63136495395, 0.28254816959, 0.91486783075, 0.32390665328, 0.6758875654, 0.071021012711, 0.67609334672, 0.3241124346, 0.92897898729, 0.36485845845, 0.71411585414, 0.083895403807, 0.63514154155, 0.28588414586, 0.91610459619, 0.33283276663, 0.68439988188],
      [0.073781131161, 0.66716723337, 0.31560011812, 0.92621886884, 0.43822997865, 0.77207154774, 0.11038677924, 0.56177002135, 0.22792845226, 0.88961322076, 0.3486800788, 0.69969882686, 0.078633605487, 0.6513199212, 0.30030117314, 0.92136639451, 0.37660311813, 0.72437641222, 0.087770783478, 0.62339688187, 0.27562358778, 0.91222921652, 0.30721994185, 0.65824478661, 0.06622288061, 0.69278005815, 0.34175521339, 0.93377711939, 0.31681619775, 0.66843832644, 0.068977733432, 0.68318380225, 0.33156167356, 0.93102226657, 0.4008921104, 0.74414186474, 0.096275804306, 0.5991078896, 0.25585813526, 0.90372419569, 0.32907742995, 0.68095930923, 0.072586539848, 0.67092257005, 0.31904069077, 0.92741346015, 0.33537845887, 0.68699697418, 0.074526802541, 0.66462154113],
      [0.31300302582, 0.92547319746, 0.31505833564, 0.66701315505, 0.06838842726, 0.68494166436, 0.33298684495, 0.93161157274, 0.36210558642, 0.71160722079, 0.08301544123, 0.63789441358, 0.28839277921, 0.91698455877, 0.35616483444, 0.70660692167, 0.081000717612, 0.64383516556, 0.29339307833, 0.91899928239, 0.35417184174, 0.70469790068, 0.08038784508, 0.64582815826, 0.29530209932, 0.91961215492, 0.35333872137, 0.70371931297, 0.080183913592, 0.64666127863, 0.29628068703, 0.91981608641, 0.48741828943, 0.80509132336, 0.13103112899, 0.51258171057, 0.19490867664, 0.86896887101, 0.29024964553, 0.64024626786, 0.061348514228, 0.70975035447, 0.35975373214, 0.93865148577, 0.36418067834, 0.71376966954, 0.083602748776, 0.63581932166, 0.28623033046, 0.91639725122]
    ],
    [
      [0.29828234941, 0.64909429871, 0.063597944296, 0.70171765059, 0.35090570129, 0.9364020557, 0.36772686391, 0.71670790549, 0.084817655195, 0.63227313609, 0.28329209451, 0.9151823448, 0.37210481481, 0.72022312736, 0.086363850861, 0.62789518519, 0.27977687264, 0.91363614914, 0.44762555807, 0.77886546993, 0.11404330479, 0.55237444193, 0.22113453007, 0.88595669521, 0.26729106393, 0.61347830327, 0.055142806945, 0.73270893607, 0.38652169673, 0.94485719305, 0.41048780732, 0.75158141028, 0.099786509246, 0.58951219268, 0.24841858972, 0.90021349075, 0.31520396438, 0.66727238275, 0.068406276154, 0.68479603562, 0.33272761725, 0.93159372385, 0.31437930175, 0.66636440387, 0.06817946793, 0.68562069825, 0.33363559613, 0.93182053207, 0.30590721017, 0.65773038689],
      [0.065686169388, 0.69409278983, 0.34226961311, 0.93431383061, 0.34428223024, 0.69589147479, 0.077176179343, 0.65571776976, 0.30410852521, 0.92282382066, 0.28178172987, 0.63119467261, 0.058939178563, 0.71821827013, 0.36880532739, 0.94106082144, 0.34019062932, 0.69178486882, 0.075965423804, 0.65980937068, 0.30821513118, 0.9240345762, 0.42022032451, 0.75889290287, 0.10344558931, 0.57977967549, 0.24110709713, 0.89655441069, 0.38720515756, 0.73346413372, 0.091315642763, 0.61279484244, 0.26653586628, 0.90868435724, 0.35721966673, 0.70750729269, 0.081353813848, 0.64278033327, 0.29249270731, 0.91864618615, 0.28152822599, 0.63120296462, 0.058824621568, 0.71847177401, 0.36879703538, 0.94117537843, 0.33120040257, 0.68312175202, 0.073211771427, 0.66879959743],
      [0.31687824798, 0.92678822857, 0.31856077109, 0.6705080639, 0.069433189568, 0.68143922891, 0.3294919361, 0.93056681043, 0.38867564341, 0.73421781845, 0.091994120467, 0.61132435659, 0.26578218155, 0.90800587953, 0.34223106761, 0.69403955345, 0.07652053621, 0.65776893239, 0.30596044655, 0.92347946379, 0.42306633272, 0.76121566967, 0.1044183656, 0.57693366728, 0.23878433033, 0.8955816344, 0.34461060998, 0.69568926994, 0.077410123888, 0.65538939002, 0.30431073006, 0.92258987611, 0.33655311047, 0.68808245644, 0.074897707796, 0.66344688953, 0.31191754356, 0.9251022922, 0.31566442023, 0.66788878383, 0.068513860941, 0.68433557977, 0.33211121617, 0.93148613906, 0.2748343689, 0.62307323965, 0.057066909479, 0.7251656311, 0.37692676035, 0.94293309052]
    ]
  ],
  "maxiter": 3600,
  "param_threshold": 0.001,
  "ll_threshold": "-Inf",
  "initial_prob": "group_proportional"
}
