{
  "W": [
    [38, 37, 25],
    [39, 33, 28],
    [31, 29, 40],
    [39, 25, 36],
    [40, 28, 32],
    [34, 36, 30],
    [26, 31, 43],
    [39, 31, 30],
    [35, 30, 35],
    [35, 28, 37],
    [29, 37, 34],
    [37, 28, 35],
    [40, 30, 30],
    [32, 39, 29],
    [40, 28, 32],
    [42, 31, 27],
    [41, 26, 33],
    [28, 35, 37],
    [29, 44, 27],
    [39, 37, 24],
    [31, 36, 33],
    [33, 34, 33],
    [37, 34, 29],
    [30, 34, 36],
    [33, 32, 35],
    [31, 47, 22],
    [28, 35, 37],
    [36, 36, 28],
    [34, 33, 33],
    [32, 35, 33],
    [33, 38, 29],
    [28, 39, 33],
    [32, 39, 29],
    [36, 28, 36],
    [38, 27, 35],
    [31, 36, 33],
    [38, 27, 35],
    [33, 33, 34],
    [31, 32, 37],
    [33, 34, 33],
    [41, 26, 33],
    [27, 33, 40],
    [24, 34, 42],
    [28, 39, 33],
    [37, 28, 35],
    [25, 38, 37],
    [23, 40, 37],
    [35, 32, 33],
    [31, 36, 33],
    [25, 29, 46]
  ],
  "X": [
    [18, 82],
    [32, 68],
    [19, 81],
    [18, 82],
    [20, 80],
    [13, 87],
    [27, 73],
    [21, 79],
    [19, 81],
    [19, 81],
    [22, 78],
    [29, 71],
    [26, 74],
    [22, 78],
    [20, 80],
    [25, 75],
    [18, 82],
    [28, 72],
    [17, 83],
    [29, 71],
    [25, 75],
    [23, 77],
    [32, 68],
    [21, 79],
    [26, 74],
    [20, 80],
    [18, 82],
    [19, 81],
    [23, 77],
    [20, 80],
    [23, 77],
    [22, 78],
    [25, 75],
    [21, 79],
    [11, 89],
    [20, 80],
    [24, 76],
    [30, 70],
    [17, 83],
    [22, 78],
    [20, 80],
    [22, 78],
    [14, 86],
    [17, 83],
    [23, 77],
    [22, 78],
    [24, 76],
    [21, 79],
    [21, 79],
    [21, 79]
  ],
  "real_prob": [
    [0.14791928791, 0.85208071209],
    [0.38238379893, 0.61761620107],
    [0.12114663431, 0.87885336569]
  ],
  "method": "exact",
  "prob": [
    [0.2197507049, 0.7802492951],
    [0.21841723055, 0.78158276945],
    [0.21523052317, 0.78476947683]
  ],
  "iterations": 1,
  "logLik": -144.9689695231,
  "time": 0.00837,
  "message": "Converged",
  "status": 0,
  "cond_prob": [
    [
      [0.18095225151, 0.18016984544, 0.17830120646, 0.81904774849, 0.81983015456, 0.82169879354, 0.32147552784, 0.32032316151, 0.3175639316, 0.67852447216, 0.67967683849, 0.6824360684, 0.1913442126, 0.19052731473, 0.18857593205, 0.8086557874, 0.80947268527, 0.81142406795, 0.18115097497, 0.18036789201, 0.17849762988, 0.81884902503, 0.81963210799, 0.82150237012, 0.20115768807, 0.2003092807, 0.1982822693, 0.79884231193, 0.7996907193, 0.8017177307, 0.130825694, 0.13022555969, 0.12879354184, 0.869174306, 0.86977444031, 0.87120645816, 0.27184912451, 0.27080363498, 0.26830255996, 0.72815087549, 0.72919636502, 0.73169744004, 0.21116700933, 0.21028750111, 0.20818580339, 0.78883299067, 0.78971249889, 0.79181419661, 0.1912133246, 0.19039685832],
      [0.18844651113, 0.8087866754, 0.80960314168, 0.81155348887, 0.19125253036, 0.19043593479, 0.18848527738, 0.80874746964, 0.80956406521, 0.81151472262, 0.22138585928, 0.22047568083, 0.21830029089, 0.77861414072, 0.77952431917, 0.78169970911, 0.29160133758, 0.29051020186, 0.28789899593, 0.70839866242, 0.70948979814, 0.71210100407, 0.26134325781, 0.26032373778, 0.2578852518, 0.73865674219, 0.73967626222, 0.7421147482, 0.22124922418, 0.22033945263, 0.21816504048, 0.77875077582, 0.77966054737, 0.78183495952, 0.20115768807, 0.2003092807, 0.1982822693, 0.79884231193, 0.7996907193, 0.8017177307, 0.25121757604, 0.25022417745, 0.2478486039, 0.74878242396, 0.74977582255, 0.7521513961, 0.18107886624, 0.18029602885, 0.17842635557, 0.81892113376],
      [0.81970397115, 0.82157364443, 0.28171574253, 0.28064693824, 0.27808963164, 0.71828425747, 0.71935306176, 0.72191036836, 0.17101384248, 0.170265471, 0.16847843867, 0.82898615752, 0.829734529, 0.83152156133, 0.29129145972, 0.29020101553, 0.28759147902, 0.70870854028, 0.70979898447, 0.71240852098, 0.25147038194, 0.25047631127, 0.24809911982, 0.74852961806, 0.74952368873, 0.75190088018, 0.23136998429, 0.23043090913, 0.22818604873, 0.76863001571, 0.76956909087, 0.77181395127, 0.32152629671, 0.32037383334, 0.31761436855, 0.67847370329, 0.67962616666, 0.68238563145, 0.21137326242, 0.21049311795, 0.20838989214, 0.78862673758, 0.78950688205, 0.79161010786, 0.26153729751, 0.26051728247, 0.25807760409, 0.73846270249, 0.73948271753, 0.74192239591]
    ],
    [
      [0.20103085025, 0.20018284789, 0.19815680869, 0.79896914975, 0.79981715211, 0.80184319131, 0.18125639356, 0.1804729517, 0.17860182894, 0.81874360644, 0.8195270483, 0.82139817106, 0.19106800678, 0.1902520199, 0.18830282284, 0.80893199322, 0.8097479801, 0.81169717716, 0.23136055419, 0.23042150611, 0.22817671079, 0.76863944581, 0.76957849389, 0.77182328921, 0.2012462469, 0.20039755686, 0.19836986695, 0.7987537531, 0.79960244314, 0.80163013305, 0.23127983593, 0.23034101964, 0.22809678165, 0.76872016407, 0.76965898036, 0.77190321835, 0.22137314991, 0.2204630093, 0.2182877103, 0.77862685009, 0.7795369907, 0.7817122897, 0.25136496747, 0.25037117697, 0.24799465997, 0.74863503253, 0.74962882303, 0.75200534003, 0.21132020757, 0.21044022671],
      [0.20833739387, 0.78867979243, 0.78955977329, 0.79166260613, 0.11075615887, 0.11023640999, 0.10899665409, 0.88924384113, 0.88976359001, 0.89100334591, 0.20125477413, 0.20040605688, 0.19837830164, 0.79874522587, 0.79959394312, 0.80162169836, 0.24140885928, 0.24044178571, 0.23812957523, 0.75859114072, 0.75955821429, 0.76187042477, 0.30165115747, 0.30053837136, 0.29787486908, 0.69834884253, 0.69946162864, 0.70212513092, 0.17117849007, 0.17042954035, 0.16864112207, 0.82882150993, 0.82957045965, 0.83135887793, 0.22132744378, 0.22041743926, 0.21824246729, 0.77867255622, 0.77958256074, 0.78175753271, 0.20116952635, 0.20032108118, 0.19829397906, 0.79883047365, 0.79967891882, 0.80170602094, 0.2215353387, 0.22062471533, 0.21844825623, 0.7784646613],
      [0.77937528467, 0.78155174377, 0.14112750066, 0.14048773837, 0.13896087809, 0.85887249934, 0.85951226163, 0.86103912191, 0.1711291601, 0.1703803836, 0.1685923805, 0.8288708399, 0.8296196164, 0.8314076195, 0.23137734962, 0.23043825331, 0.22819334204, 0.76862265038, 0.76956174669, 0.77180665796, 0.22148802661, 0.22057754403, 0.21840142329, 0.77851197339, 0.77942245597, 0.78159857671, 0.24160104613, 0.24063344153, 0.23831995345, 0.75839895387, 0.75936655847, 0.76168004655, 0.21126567976, 0.2103858671, 0.20828343822, 0.78873432024, 0.7896141329, 0.79171656178, 0.21130103394, 0.21042111223, 0.20831842144, 0.78869896606, 0.78957888777, 0.79168157856, 0.21162905466, 0.21074812172, 0.20864300225, 0.78837094534, 0.78925187828, 0.79135699775]
    ]
  ],
  "maxiter": 3600,
  "param_threshold": 0.001,
  "ll_threshold": "-Inf",
  "initial_prob": "group_proportional"
}
