{
  "W": [
    [66, 11, 12, 11],
    [63, 9, 13, 15],
    [62, 12, 12, 14],
    [55, 13, 22, 10],
    [64, 10, 16, 10],
    [63, 10, 19, 8],
    [58, 13, 16, 13],
    [63, 10, 11, 16],
    [58, 12, 10, 20],
    [61, 20, 7, 12],
    [65, 9, 11, 15],
    [63, 15, 13, 9],
    [40, 41, 9, 10],
    [14, 57, 17, 12],
    [15, 69, 10, 6],
    [5, 64, 12, 19],
    [13, 63, 10, 14],
    [16, 67, 9, 8],
    [12, 65, 12, 11],
    [17, 53, 12, 18],
    [8, 69, 11, 12],
    [9, 64, 13, 14],
    [12, 64, 13, 11],
    [11, 69, 9, 11],
    [11, 64, 15, 10],
    [14, 14, 62, 10],
    [10, 16, 63, 11],
    [12, 7, 65, 16],
    [11, 13, 69, 7],
    [11, 9, 71, 9],
    [13, 14, 58, 15],
    [10, 8, 72, 10],
    [26, 8, 47, 19],
    [21, 9, 56, 14],
    [10, 12, 66, 12],
    [16, 15, 57, 12],
    [12, 10, 68, 10],
    [9, 11, 37, 43],
    [13, 14, 10, 63],
    [12, 9, 13, 66],
    [11, 9, 8, 72],
    [11, 8, 22, 59],
    [13, 17, 10, 60],
    [18, 20, 9, 53],
    [18, 15, 12, 55],
    [12, 6, 13, 69],
    [8, 17, 15, 60],
    [13, 10, 12, 65],
    [10, 13, 7, 70],
    [12, 13, 14, 61]
  ],
  "X": [
    [57, 43],
    [58, 42],
    [52, 48],
    [52, 48],
    [51, 49],
    [50, 50],
    [60, 40],
    [51, 49],
    [66, 34],
    [60, 40],
    [60, 40],
    [58, 42],
    [57, 43],
    [54, 46],
    [55, 45],
    [63, 37],
    [60, 40],
    [55, 45],
    [60, 40],
    [55, 45],
    [65, 35],
    [64, 36],
    [60, 40],
    [55, 45],
    [59, 41],
    [26, 74],
    [30, 70],
    [19, 81],
    [23, 77],
    [24, 76],
    [32, 68],
    [25, 75],
    [40, 60],
    [36, 64],
    [26, 74],
    [37, 63],
    [21, 79],
    [53, 47],
    [76, 24],
    [77, 23],
    [80, 20],
    [73, 27],
    [75, 25],
    [68, 32],
    [79, 21],
    [82, 18],
    [73, 27],
    [77, 23],
    [79, 21],
    [76, 24]
  ],
  "real_prob": [
    [0.57313160176, 0.42686839824],
    [0.62895265868, 0.37104734132],
    [0.023254968264, 0.97674503174],
    [0.97978284877, 0.020217151229]
  ],
  "method": "mcmc",
  "mcmc_stepsize": 3000,
  "mcmc_samples": 100,
  "prob": [
    [0.5776536057, 0.4223463943],
    [0.59010690275, 0.40989309725],
    [0.074216899107, 0.92578310089],
    [0.95322259245, 0.046777407553]
  ],
  "iterations": 15,
  "logLik": -279.3356687039,
  "time": 0.061569,
  "message": "Converged",
  "status": 0,
  "cond_prob": [
    [
      [0.57993991492, 0.64139313064, 0.091324927599, 0.9611583679, 0.42006008508, 0.35860686936, 0.9086750724, 0.038841632103, 0.58621481059, 0.58688191687, 0.084491936559, 0.97920896706, 0.41378518941, 0.41311808313, 0.91550806344, 0.020791032944, 0.4934581865, 0.57959046107, 0.097127209859, 0.94892717043, 0.5065418135, 0.42040953893, 0.90287279014, 0.051072829569, 0.59716619994, 0.61132069787, 0.071152917835, 0.96433257389, 0.40283380006, 0.38867930213, 0.92884708216, 0.035667426112, 0.54661021566, 0.54312774578, 0.065161060902, 0.95430917657, 0.45338978434, 0.45687225422, 0.9348389391, 0.045690823429, 0.55874818412, 0.5937606648, 0.061594415252, 0.96137048286, 0.44125181588, 0.4062393352, 0.93840558475, 0.03862951714, 0.64134472762, 0.68843677529],
      [0.072130425485, 0.97678776245, 0.35865527238, 0.31156322471, 0.92786957451, 0.023212237554, 0.47833612699, 0.46851004058, 0.1031740792, 0.94030054515, 0.52166387301, 0.53148995942, 0.8968259208, 0.05969945485, 0.64639067995, 0.66726536918, 0.10681905241, 0.97169828043, 0.35360932005, 0.33273463082, 0.89318094759, 0.02830171957, 0.57659603221, 0.60877678578, 0.15451510471, 0.96420838224, 0.42340396779, 0.39122321422, 0.84548489529, 0.035791617762, 0.59809877629, 0.60064263697, 0.10201817529, 0.97303972533, 0.40190122371, 0.39935736303, 0.89798182471, 0.026960274673, 0.60571466179, 0.64852433984, 0.11346982713, 0.95966705077, 0.39428533821, 0.35147566016, 0.88653017287, 0.04033294923, 0.59734459404, 0.55170975398, 0.11259382375, 0.94727719115],
      [0.40265540596, 0.44829024602, 0.88740617625, 0.052722808849, 0.5374739738, 0.59948342175, 0.074547894068, 0.91979126064, 0.4625260262, 0.40051657825, 0.92545210593, 0.080208739357, 0.49896831205, 0.58273039233, 0.17328341168, 0.92904068857, 0.50103168795, 0.41726960767, 0.82671658832, 0.070959311432, 0.652081655, 0.62137474726, 0.16646779631, 0.94599970235, 0.347918345, 0.37862525274, 0.83353220369, 0.05400029765, 0.5362636555, 0.6185357486, 0.11683231031, 0.92089265814, 0.4637363445, 0.3814642514, 0.88316768969, 0.079107341859, 0.50498682182, 0.56669025351, 0.12829486978, 0.9746637547, 0.49501317818, 0.43330974649, 0.87170513022, 0.025336245304, 0.56367439212, 0.64297493446, 0.065458437481, 0.96882139135, 0.43632560788, 0.35702506554],
      [0.93454156252, 0.031178608646, 0.39605217909, 0.56741318299, 0.092488261701, 0.94913083982, 0.60394782091, 0.43258681701, 0.9075117383, 0.050869160182, 0.6276317945, 0.69015957136, 0.10316284686, 0.93526199208, 0.3723682055, 0.30984042864, 0.89683715314, 0.064738007921, 0.69540675566, 0.66488508924, 0.14745975196, 0.94797976514, 0.30459324434, 0.33511491076, 0.85254024804, 0.052020234856, 0.5659179394, 0.65315491839, 0.057322523146, 0.96926155903, 0.4340820606, 0.34684508161, 0.94267747685, 0.030738440972, 0.45514461388, 0.56082546102, 0.079750519914, 0.96169979615, 0.54485538612, 0.43917453898, 0.92024948009, 0.038300203854, 0.6152159254, 0.64513818808, 0.090036660755, 0.9593230872, 0.3847840746, 0.35486181192, 0.90996333924, 0.040676912801]
    ],
    [
      [0.47950246875, 0.46911987331, 0.050689916132, 0.95765124111, 0.52049753125, 0.53088012669, 0.94931008387, 0.042348758893, 0.60357843372, 0.58598855167, 0.06387132134, 0.96040959924, 0.39642156628, 0.41401144833, 0.93612867866, 0.039590400758, 0.21918205648, 0.29055802702, 0.028533482844, 0.78007704676, 0.78081794352, 0.70944197298, 0.97146651716, 0.21992295324, 0.52537480873, 0.53810757729, 0.05156837032, 0.95246586387, 0.47462519127, 0.46189242271, 0.94843162968, 0.047534136131, 0.5910894172, 0.46654770061, 0.06766673362, 0.94386100203, 0.4089105828, 0.53345229939, 0.93233326638, 0.056138997967, 0.60396474684, 0.48343772889, 0.050527879092, 0.96331420662, 0.39603525316, 0.51656227111, 0.94947212091, 0.03668579338, 0.64864322235, 0.5021695853],
      [0.068729437363, 0.9547691604, 0.35135677765, 0.4978304147, 0.93127056264, 0.045230839603, 0.60056407805, 0.50127260165, 0.0426996704, 0.96675098152, 0.39943592195, 0.49872739835, 0.9573003296, 0.033249018484, 0.69488239801, 0.47955673377, 0.068981269175, 0.944893426, 0.30511760199, 0.52044326623, 0.93101873082, 0.055106573996, 0.54215504953, 0.4670356787, 0.053420516937, 0.95402227021, 0.45784495047, 0.5329643213, 0.94657948306, 0.04597772979, 0.70097358334, 0.64464545839, 0.080970315227, 0.95828606857, 0.29902641666, 0.35535454161, 0.91902968477, 0.041713931434, 0.45418281441, 0.31127708882, 0.046070483618, 0.93042424529, 0.54581718559, 0.68872291118, 0.95392951638, 0.069575754709, 0.59272697138, 0.38775350079, 0.054228032266, 0.96264491988],
      [0.40727302862, 0.61224649921, 0.94577196773, 0.037355080116, 0.63551342082, 0.5294305084, 0.096666085007, 0.94221646923, 0.36448657918, 0.4705694916, 0.90333391499, 0.057783530767, 0.63832576488, 0.52509877597, 0.13050180038, 0.95329815807, 0.36167423512, 0.47490122403, 0.86949819962, 0.046701841929, 0.62215921491, 0.43938194666, 0.10503135384, 0.94946611507, 0.37784078509, 0.56061805334, 0.89496864616, 0.050533884926, 0.69359329092, 0.62954915865, 0.12369794454, 0.97648687713, 0.30640670908, 0.37045084135, 0.87630205546, 0.023513122869, 0.59835977579, 0.54397424425, 0.12131407222, 0.946010334, 0.40164022421, 0.45602575575, 0.87868592778, 0.053989665997, 0.47462269038, 0.4879262483, 0.12047963966, 0.9172443368, 0.52537730962, 0.5120737517],
