{
  "W": [
    [52, 15, 14, 19],
    [74, 13, 8, 5],
    [56, 14, 16, 14],
    [70, 10, 12, 8],
    [65, 11, 11, 13],
    [69, 14, 7, 10],
    [58, 14, 12, 16],
    [67, 11, 16, 6],
    [57, 17, 11, 15],
    [61, 12, 13, 14],
    [66, 11, 13, 10],
    [61, 12, 15, 12],
    [32, 33, 22, 13],
    [14, 63, 12, 11],
    [13, 58, 14, 15],
    [16, 51, 15, 18],
    [13, 60, 9, 18],
    [16, 54, 17, 13],
    [16, 58, 11, 15],
    [11, 64, 11, 14],
    [10, 62, 14, 14],
    [7, 66, 12, 15],
    [9, 61, 13, 17],
    [9, 68, 10, 13],
    [14, 61, 11, 14],
    [8, 15, 63, 14],
    [9, 17, 68, 6],
    [16, 13, 53, 18],
    [11, 14, 64, 11],
    [15, 9, 64, 12],
    [13, 10, 66, 11],
    [14, 14, 58, 14],
    [13, 14, 63, 10],
    [12, 12, 66, 10],
    [12, 12, 64, 12],
    [17, 16, 57, 10],
    [15, 11, 59, 15],
    [10, 14, 42, 34],
    [13, 13, 12, 62],
    [11, 14, 14, 61],
    [14, 16, 13, 57],
    [9, 15, 12, 64],
    [10, 12, 14, 64],
    [14, 12, 8, 66],
    [18, 16, 15, 51],
    [17, 10, 13, 60],
    [9, 19, 13, 59],
    [13, 14, 6, 67],
    [15, 12, 12, 61],
    [6, 13, 12, 69]
  ],
  "X": [
    [18, 82],
    [15, 85],
    [23, 77],
    [15, 85],
    [18, 82],
    [18, 82],
    [21, 79],
    [12, 88],
    [20, 80],
    [15, 85],
    [20, 80],
    [19, 81],
    [31, 69],
    [53, 47],
    [52, 48],
    [47, 53],
    [53, 47],
    [47, 53],
    [47, 53],
    [55, 45],
    [53, 47],
    [49, 51],
    [52, 48],
    [59, 41],
    [54, 46],
    [23, 77],
    [31, 69],
    [29, 71],
    [34, 66],
    [26, 74],
    [23, 77],
    [30, 70],
    [30, 70],
    [25, 75],
    [32, 68],
    [30, 70],
    [30, 70],
    [28, 72],
    [19, 81],
    [23, 77],
    [25, 75],
    [30, 70],
    [26, 74],
    [18, 82],
    [27, 73],
    [20, 80],
    [26, 74],
    [25, 75],
    [20, 80],
    [22, 78]
  ],
  "real_prob": [
    [0.039632709699, 0.9603672903],
    [0.76762540367, 0.23237459633],
    [0.29707514092, 0.70292485908],
    [0.14268657453, 0.85731342547]
  ],
  "method": "mcmc",
  "mcmc_stepsize": 3000,
  "mcmc_samples": 100,
  "prob": [
    [0.13244486922, 0.86755513078],
    [0.67207902247, 0.32792097753],
    [0.22253911175, 0.77746088825],
    [0.18733699657, 0.81266300343]
  ],
  "iterations": 10,
  "logLik": -297.6239095248,
  "time": 0.058734,
  "message": "Converged",
  "status": 0,
  "cond_prob": [
    [
      [0.087918695991, 0.55291771596, 0.15404018733, 0.15673154981, 0.91208130401, 0.44708228404, 0.84595981267, 0.84326845019, 0.086137629005, 0.50396216405, 0.18190978124, 0.12380581422, 0.91386237099, 0.49603783595, 0.81809021876, 0.87619418578, 0.12783105606, 0.65254037886, 0.2346566704, 0.21081348789, 0.87216894394, 0.34745962114, 0.7653433296, 0.78918651211, 0.095422995233, 0.50747429788, 0.15742069481, 0.16957487714, 0.90457700477, 0.49252570212, 0.84257930519, 0.83042512286, 0.11275016968, 0.57330959781, 0.18196625288, 0.18178497025, 0.88724983032, 0.42669040219, 0.81803374712, 0.81821502975, 0.10831428368, 0.54967614223, 0.18530087937, 0.15337422792, 0.89168571632, 0.45032385777, 0.81469912063, 0.84662577208, 0.12395533955, 0.62970020445],
      [0.17305466588, 0.18238321582, 0.87604466045, 0.37029979555, 0.82694533412, 0.81761678418, 0.066676347016, 0.44501285221, 0.11688116986, 0.12790744297, 0.93332365298, 0.55498714779, 0.88311883014, 0.87209255703, 0.10434153267, 0.57720003358, 0.15370028604, 0.16996192802, 0.89565846733, 0.42279996642, 0.84629971396, 0.83003807198, 0.082486434791, 0.50919078506, 0.15532719581, 0.13134175083, 0.91751356521, 0.49080921494, 0.84467280419, 0.86865824917, 0.12840092749, 0.62700821309, 0.20067265693, 0.20197039014, 0.87159907251, 0.37299178691, 0.79932734307, 0.79802960986, 0.11285932853, 0.57118898006, 0.1925475099, 0.19775837922, 0.88714067147, 0.42881101994, 0.8074524901, 0.80224162078, 0.10424337651, 0.63466285605, 0.13412707379, 0.28996477529],
      [0.89575662349, 0.36533714395, 0.86587292621, 0.71003522471, 0.24266174514, 0.6918330137, 0.20214568736, 0.32650067788, 0.75733825486, 0.3081669863, 0.79785431264, 0.67349932212, 0.24927143152, 0.72211860022, 0.21841088706, 0.25458934393, 0.75072856848, 0.27788139978, 0.78158911294, 0.74541065607, 0.19478475933, 0.71829035156, 0.21047889271, 0.22741402948, 0.80521524067, 0.28170964844, 0.78952110729, 0.77258597052, 0.22424269591, 0.72593156701, 0.24680605359, 0.23931646945, 0.77575730409, 0.27406843299, 0.75319394641, 0.76068353055, 0.19869226875, 0.68225075283, 0.19654920413, 0.27984973671, 0.80130773125, 0.31774924717, 0.80345079587, 0.72015026329, 0.21271227195, 0.67423726469, 0.1256948621, 0.20721325424, 0.78728772805, 0.32576273531],
      [0.8743051379, 0.79278674576, 0.26198409415, 0.7178002294, 0.22426370869, 0.26514710623, 0.73801590585, 0.2821997706, 0.77573629131, 0.73485289377, 0.27170961071, 0.70860061952, 0.22257525065, 0.23097228384, 0.72829038929, 0.29139938048, 0.77742474935, 0.76902771616, 0.28908557418, 0.64009797475, 0.18809317949, 0.16485443289, 0.71091442582, 0.35990202525, 0.81190682051, 0.83514556711, 0.30178249699, 0.70350907494, 0.19950019067, 0.22214126336, 0.69821750301, 0.29649092506, 0.80049980933, 0.77785873664, 0.29494970155, 0.73901567552, 0.25033714407, 0.27607810078, 0.70505029845, 0.26098432448, 0.74966285593, 0.72392189922, 0.24959755177, 0.72490727723, 0.2331474016, 0.26583349619, 0.75040244823, 0.27509272277, 0.7668525984, 0.73416650381]
    ],
    [
      [0.11469246944, 0.62938931288, 0.17151702201, 0.13114629748, 0.88530753056, 0.37061068712, 0.82848297799, 0.86885370252, 0.22829084751, 0.7755397596, 0.21766060785, 0.16004752091, 0.77170915249, 0.2244602404, 0.78233939215, 0.83995247909, 0.1982948981, 0.72802224808, 0.24198145192, 0.19655419187, 0.8017051019, 0.27197775192, 0.75801854808, 0.80344580813, 0.20766043854, 0.77579760806, 0.28730006868, 0.22430584254, 0.79233956146, 0.22420239194, 0.71269993132, 0.77569415746, 0.14298422938, 0.70478584392, 0.2486256537, 0.13334351062, 0.85701577062, 0.29521415608, 0.7513743463, 0.86665648938, 0.136432468, 0.66182450124, 0.20432874637, 0.10203960396, 0.863567532, 0.33817549876, 0.79567125363, 0.89796039604, 0.17638887166, 0.77722982998],
      [0.24372047237, 0.17953934138, 0.82361112834, 0.22277017002, 0.75627952763, 0.82046065862, 0.15374697517, 0.70228553898, 0.25713234666, 0.19699539374, 0.84625302483, 0.29771446102, 0.74286765334, 0.80300460626, 0.12952174307, 0.65857971531, 0.21492132743, 0.13579748892, 0.87047825693, 0.34142028469, 0.78507867257, 0.86420251108, 0.20898278191, 0.73730289625, 0.28078889044, 0.2228402395, 0.79101721809, 0.26269710375, 0.71921110956, 0.7771597605, 0.15672389427, 0.74301131665, 0.23639671329, 0.19729000736, 0.84327610573, 0.25698868335, 0.76360328671, 0.80270999264, 0.17459821419, 0.75945245826, 0.275996717, 0.18288289622, 0.82540178581, 0.24054754174, 0.724003283, 0.81711710378, 0.12709631643, 0.71118885093, 0.23392988286, 0.20433346596],
      [0.87290368357, 0.28881114907, 0.76607011714, 0.79566653404, 0.11688853919, 0.50352103821, 0.19757680925, 0.13812506101, 0.88311146081, 0.49647896179, 0.80242319075, 0.86187493899, 0.13819723234, 0.60413538751, 0.18520433241, 0.17096843222, 0.86180276766, 0.39586461249, 0.81479566759, 0.82903156778, 0.14124217, 0.6448790058, 0.1850524496, 0.18068181899, 0.85875783, 0.3551209942, 0.8149475504, 0.81931818101, 0.20364414292, 0.65512732817, 0.21819593966, 0.24565533618, 0.79635585708, 0.34487267183, 0.78180406034, 0.75434466382, 0.20166418898, 0.59835246953, 0.24196868047, 0.20961823358, 0.79833581102, 0.40164753047, 0.75803131953, 0.79038176642, 0.12755444685, 0.52659582056, 0.21297036078, 0.12411098502, 0.87244555315, 0.47340417944],
