{
  "W": [
    [59, 14, 13, 14],
    [58, 14, 15, 13],
    [59, 17, 10, 14],
    [61, 10, 15, 14],
    [60, 15, 13, 12],
    [64, 15, 10, 11],
    [54, 21, 17, 8],
    [74, 7, 13, 6],
    [65, 12, 14, 9],
    [55, 17, 15, 13],
    [68, 11, 7, 14],
    [67, 12, 11, 10],
    [42, 40, 11, 7],
    [10, 62, 14, 14],
    [10, 59, 11, 20],
    [15, 55, 19, 11],
    [12, 62, 13, 13],
    [13, 64, 10, 13],
    [13, 66, 10, 11],
    [9, 61, 13, 17],
    [8, 59, 15, 18],
    [18, 55, 15, 12],
    [20, 62, 11, 7],
    [17, 64, 11, 8],
    [17, 62, 12, 9],
    [15, 10, 60, 15],
    [20, 12, 52, 16],
    [13, 8, 69, 10],
    [14, 8, 65, 13],
    [9, 12, 67, 12],
    [12, 14, 62, 12],
    [10, 20, 62, 8],
    [8, 16, 60, 16],
    [11, 22, 56, 11],
    [16, 13, 62, 9],
    [8, 16, 62, 14],
    [13, 11, 66, 10],
    [10, 15, 48, 27],
    [9, 6, 13, 72],
    [7, 15, 13, 65],
    [14, 15, 12, 59],
    [11, 15, 11, 63],
    [11, 12, 8, 69],
    [7, 11, 12, 70],
    [15, 10, 10, 65],
    [11, 9, 14, 66],
    [18, 8, 12, 62],
    [10, 10, 19, 61],
    [11, 12, 11, 66],
    [19, 14, 6, 61]
  ],
  "X": [
    [86, 14],
    [86, 14],
    [80, 20],
    [84, 16],
    [83, 17],
    [83, 17],
    [78, 22],
    [79, 21],
    [84, 16],
    [76, 24],
    [85, 15],
    [82, 18],
    [66, 34],
    [60, 40],
    [60, 40],
    [63, 37],
    [66, 34],
    [64, 36],
    [60, 40],
    [55, 45],
    [60, 40],
    [54, 46],
    [55, 45],
    [56, 44],
    [65, 35],
    [69, 31],
    [67, 33],
    [79, 21],
    [84, 16],
    [75, 25],
    [72, 28],
    [70, 30],
    [69, 31],
    [72, 28],
    [73, 27],
    [73, 27],
    [80, 20],
    [79, 21],
    [79, 21],
    [82, 18],
    [73, 27],
    [79, 21],
    [76, 24],
    [77, 23],
    [81, 19],
    [76, 24],
    [80, 20],
    [83, 17],
    [70, 30],
    [76, 24]
  ],
  "real_prob": [
    [0.9311967701, 0.068803229899],
    [0.47606504394, 0.52393495606],
    [0.74704534725, 0.25295465275],
    [0.77583228252, 0.22416771748]
  ],
  "method": "mcmc",
  "mcmc_stepsize": 3000,
  "mcmc_samples": 100,
  "prob": [
    [0.86038030964, 0.13961969036],
    [0.50431536422, 0.49568463578],
    [0.73402346854, 0.26597653146],
    [0.8324808576, 0.1675191424]
  ],
  "iterations": 12,
  "logLik": -286.4126719931,
  "time": 0.047774,
  "message": "Converged",
  "status": 0,
  "cond_prob": [
    [
      [0.91667070347, 0.61751294436, 0.82060748827, 0.90023928047, 0.083329296529, 0.38248705564, 0.17939251173, 0.099760719526, 0.91950626691, 0.61030268585, 0.82581152518, 0.9028635415, 0.080493733089, 0.38969731415, 0.17418847482, 0.097136458495, 0.86838889012, 0.55742317062, 0.72940638803, 0.85677126442, 0.13161110988, 0.44257682938, 0.27059361197, 0.14322873558, 0.88998762129, 0.58239238821, 0.79114194108, 0.8585501502, 0.11001237871, 0.41760761179, 0.20885805892, 0.1414498498, 0.90202793246, 0.5607819489, 0.77003907473, 0.8713405706, 0.097972067538, 0.4392180511, 0.22996092527, 0.1286594294, 0.89248536916, 0.58307329914, 0.76295400591, 0.86411789343, 0.10751463084, 0.41692670086, 0.23704599409, 0.13588210657, 0.87641746306, 0.50589122242],
      [0.76149237883, 0.88804636051, 0.12358253694, 0.49410877758, 0.23850762117, 0.11195363949, 0.83553301755, 0.50322168482, 0.6713783422, 0.82001440984, 0.16446698245, 0.49677831518, 0.3286216578, 0.17998559016, 0.89525642203, 0.57569686855, 0.79636331701, 0.86120930078, 0.10474357797, 0.42430313145, 0.20363668299, 0.13879069922, 0.83447271577, 0.46004242021, 0.73318060902, 0.86812079644, 0.16552728423, 0.53995757979, 0.26681939098, 0.13187920356, 0.89602957653, 0.58625744717, 0.78660909, 0.86534951766, 0.10397042347, 0.41374255283, 0.21339091, 0.13465048234, 0.87432080717, 0.54884793919, 0.75079417993, 0.85755946698, 0.12567919283, 0.45115206081, 0.24920582007, 0.14244053302, 0.83667233581, 0.42835684278, 0.7548331142, 0.77461770411],
      [0.16332766419, 0.57164315722, 0.2451668858, 0.22538229589, 0.77581657168, 0.49571353394, 0.69611367422, 0.84014312428, 0.22418342832, 0.50428646606, 0.30388632578, 0.15985687572, 0.79150379833, 0.48189061272, 0.68230139294, 0.80740502719, 0.20849620167, 0.51810938728, 0.31769860706, 0.19259497281, 0.81768061318, 0.50885311877, 0.69271574459, 0.87147910206, 0.18231938682, 0.49114688123, 0.30728425541, 0.12852089794, 0.80062017282, 0.57626055452, 0.71575991031, 0.87380959321, 0.19937982718, 0.42373944548, 0.28424008969, 0.12619040679, 0.81581399815, 0.55789264745, 0.70951320747, 0.81493511637, 0.18418600185, 0.44210735255, 0.29048679253, 0.18506488363, 0.79012483521, 0.51520019801, 0.67833547213, 0.81289175927, 0.20987516479, 0.48479980199],
      [0.32166452787, 0.18710824073, 0.76808190397, 0.43709913022, 0.65392935465, 0.7601843712, 0.23191809603, 0.56290086978, 0.34607064535, 0.2398156288, 0.75064853564, 0.48603159806, 0.71179439171, 0.81344619742, 0.24935146436, 0.51396840194, 0.28820560829, 0.18655380258, 0.83626767206, 0.3564592552, 0.61014342925, 0.84914761901, 0.16373232794, 0.6435407448, 0.38985657075, 0.15085238099, 0.81379986567, 0.41713632734, 0.67680235058, 0.77381779071, 0.18620013433, 0.58286367266, 0.32319764942, 0.22618220929, 0.80161860185, 0.44369696814, 0.67104860724, 0.82429289101, 0.19838139815, 0.55630303186, 0.32895139276, 0.17570710899, 0.8229100788, 0.56375870267, 0.70186536421, 0.84834496939, 0.1770899212, 0.43624129733, 0.29813463579, 0.15165503061]
    ],
    [
      [0.81312681251, 0.39995858457, 0.68070610075, 0.79740972811, 0.18687318749, 0.60004141543, 0.31929389925, 0.20259027189, 0.83004577875, 0.44372655795, 0.63729306457, 0.74594539824, 0.16995422125, 0.55627344205, 0.36270693543, 0.25405460176, 0.88554167767, 0.58806749744, 0.77974451819, 0.89810464558, 0.11445832233, 0.41193250256, 0.22025548181, 0.10189535442, 0.92354146189, 0.69434708158, 0.82208666676, 0.9292315032, 0.076458538109, 0.30565291842, 0.17791333324, 0.070768496803, 0.8866204121, 0.53033017251, 0.74786720422, 0.8791126282, 0.1133795879, 0.46966982749, 0.25213279578, 0.1208873718, 0.81699534843, 0.50526951128, 0.72203311575, 0.86301912368, 0.18300465157, 0.49473048872, 0.27796688425, 0.13698087632, 0.86343456001, 0.50235758438],
      [0.71907365278, 0.84199202998, 0.13656543999, 0.49764241562, 0.28092634722, 0.15800797002, 0.797456691, 0.452691758, 0.70350049854, 0.82295302698, 0.202543309, 0.547308242, 0.29649950146, 0.17704697302, 0.84868879582, 0.53445693632, 0.743420941, 0.8431634501, 0.15131120418, 0.46554306368, 0.256579059, 0.1568365499, 0.84056939367, 0.50337415563, 0.73141591445, 0.85102655358, 0.15943060633, 0.49662584437, 0.26858408555, 0.14897344642, 0.84415929508, 0.53917275904, 0.73252412994, 0.87167610274, 0.15584070492, 0.46082724096, 0.26747587006, 0.12832389726, 0.87805489382, 0.58532492859, 0.8081704345, 0.8807463489, 0.12194510618, 0.41467507141, 0.1918295655, 0.1192536511, 0.8897160758, 0.59657140094, 0.78504006469, 0.86934611566],
      [0.1102839242, 0.40342859906, 0.21495993531, 0.13065388434, 0.81145396466, 0.54184630269, 0.69876097925, 0.82447144127, 0.18854603534, 0.45815369731, 0.30123902075, 0.17552855873, 0.87918039234, 0.56578450403, 0.84388147204, 0.86751554703, 0.12081960766, 0.43421549597, 0.15611852796, 0.13248445297, 0.81615813575, 0.51152928103, 0.60799984647, 0.78991269028, 0.18384186425, 0.48847071897, 0.39200015353, 0.21008730972, 0.84824216664, 0.51763429727, 0.74496031349, 0.8525437819, 0.15175783336, 0.48236570273, 0.25503968651, 0.1474562181, 0.77047223594, 0.48062742218, 0.74022724332, 0.80920954191, 0.22952776406, 0.51937257782, 0.25977275668, 0.19079045809, 0.80083987299, 0.48347112866, 0.70678843713, 0.82277824612, 0.19916012701, 0.51652887134],
