{
  "W": [
    [86, 14],
    [88, 12],
    [84, 16],
    [84, 16],
    [85, 15],
    [86, 14],
    [82, 18],
    [77, 23],
    [84, 16],
    [85, 15],
    [89, 11],
    [93, 7],
    [81, 19],
    [82, 18],
    [84, 16],
    [82, 18],
    [89, 11],
    [83, 17],
    [85, 15],
    [91, 9],
    [82, 18],
    [85, 15],
    [89, 11],
    [84, 16],
    [84, 16],
    [16, 84],
    [16, 84],
    [11, 89],
    [11, 89],
    [20, 80],
    [16, 84],
    [9, 91],
    [18, 82],
    [17, 83],
    [13, 87],
    [17, 83],
    [17, 83],
    [15, 85],
    [7, 93],
    [13, 87],
    [16, 84],
    [16, 84],
    [8, 92],
    [18, 82],
    [17, 83],
    [16, 84],
    [17, 83],
    [15, 85],
    [21, 79],
    [16, 84]
  ],
  "X": [
    [61, 30, 9],
    [54, 35, 11],
    [53, 36, 11],
    [62, 27, 11],
    [59, 22, 19],
    [53, 34, 13],
    [57, 33, 10],
    [57, 31, 12],
    [58, 26, 16],
    [53, 33, 14],
    [53, 29, 18],
    [61, 26, 13],
    [61, 27, 12],
    [54, 39, 7],
    [58, 29, 13],
    [51, 33, 16],
    [56, 34, 10],
    [62, 29, 9],
    [58, 31, 11],
    [61, 29, 10],
    [61, 28, 11],
    [61, 28, 11],
    [62, 33, 5],
    [62, 29, 9],
    [46, 41, 13],
    [58, 31, 11],
    [53, 41, 6],
    [54, 38, 8],
    [69, 27, 4],
    [55, 35, 10],
    [72, 22, 6],
    [54, 42, 4],
    [45, 41, 14],
    [53, 37, 10],
    [58, 36, 6],
    [59, 31, 10],
    [61, 34, 5],
    [50, 41, 9],
    [58, 34, 8],
    [60, 32, 8],
    [52, 37, 11],
    [59, 37, 4],
    [56, 40, 4],
    [61, 34, 5],
    [61, 29, 10],
    [51, 39, 10],
    [56, 36, 8],
    [58, 35, 7],
    [58, 34, 8],
    [57, 37, 6]
  ],
  "real_prob": [
    [0.5882524817, 0.29657212233, 0.11517539597],
    [0.56655804481, 0.36669123838, 0.06675071681]
  ],
  "method": "exact",
  "prob": [
    [0.57391026489, 0.29944407327, 0.12664566183],
    [0.57088973511, 0.36135592673, 0.067754338168]
  ],
  "iterations": 4,
  "logLik": -269.4094318981,
  "time": 0.044177,
  "message": "Converged",
  "status": 0,
  "cond_prob": [
    [
      [0.61149119742, 0.60083978729, 0.2922062221, 0.34787606425, 0.096302580483, 0.05128414846, 0.54121399631, 0.53109736037, 0.34223890261, 0.40691471419, 0.11654710108, 0.061987925444, 0.53162550401, 0.52146610395, 0.34946251352, 0.41532180403, 0.11891198247, 0.063212092026, 0.6200893056, 0.61953114559, 0.26120059277, 0.31619688796, 0.11871010163, 0.064271966451, 0.58554052153, 0.61527037802, 0.21133734389, 0.26908838463, 0.20312213459, 0.11564123735, 0.5304649802, 0.52714369305, 0.3305566271, 0.39800929069, 0.1389783927, 0.074847016254, 0.57176963173, 0.56193834432, 0.31904418563, 0.37990982103, 0.10918618264, 0.058151834649, 0.5701445645, 0.56951602318, 0.29569885237, 0.35787775511, 0.13415658312, 0.072606221714, 0.57753970957, 0.59291652477],
      [0.25023278234, 0.31127789269, 0.17222750809, 0.095805582537, 0.52990654579, 0.53052957384, 0.31977929689, 0.38791731761, 0.15031415731, 0.081553108553, 0.52839364439, 0.54299687723, 0.28238314999, 0.35162724099, 0.18922320562, 0.10537588179, 0.60968669829, 0.61416243703, 0.25604619593, 0.31252911125, 0.13426710578, 0.073308451723, 0.60938134847, 0.61263740916, 0.25925600889, 0.31580333053, 0.13136264264, 0.071559260308, 0.5442279226, 0.5207394637, 0.37913060035, 0.43951615398, 0.076641477053, 0.039744382315, 0.57954150069, 0.58240712136, 0.28024108608, 0.3412342981, 0.14021741323, 0.076358580537, 0.50882365669, 0.51535889731, 0.31703328565, 0.3890705876, 0.17414305766, 0.095570515094, 0.56134230725, 0.54913951405, 0.3332087721, 0.39494720755]
    ],
    [
      [0.10544892065, 0.055913278401, 0.62152395801, 0.61255949913, 0.28073473144, 0.33523631122, 0.097741310552, 0.052204189656, 0.58082370921, 0.57533231447, 0.30096310746, 0.36120905775, 0.11821318333, 0.063458627776, 0.61067933683, 0.60313114987, 0.28495611281, 0.34099930377, 0.10436455036, 0.055869546353, 0.61023825411, 0.60891462015, 0.26984812633, 0.32624742448, 0.11991361955, 0.064837955366, 0.61030555215, 0.60826853784, 0.27154416391, 0.32791640449, 0.11815028394, 0.063815057669, 0.62291535709, 0.59641211086, 0.32429140518, 0.37618772171, 0.052793237733, 0.027400167435, 0.62146720981, 0.61229714852, 0.28128075765, 0.33577602233, 0.097252032543, 0.051926829151, 0.46143727431, 0.45245430987, 0.39802563804, 0.47286540027, 0.14053708765, 0.074680289859],
      [0.56711845186, 0.58245362822, 0.25726007393, 0.3200457002, 0.17562147421, 0.097500671578, 0.5431098537, 0.52750288501, 0.3570432132, 0.42008700701, 0.099846933106, 0.05241010798, 0.54260064381, 0.53967857211, 0.3214146514, 0.38724088578, 0.13598470478, 0.073080542105, 0.70055639879, 0.68869527655, 0.23080092202, 0.27484482986, 0.068642679181, 0.036459893584, 0.5458654177, 0.55103364558, 0.29704985305, 0.36323753674, 0.15708472926, 0.085728817686, 0.71671962226, 0.72062483386, 0.18595877347, 0.22648404315, 0.097321604275, 0.052891122995, 0.56188097589, 0.53783594744, 0.3667531794, 0.42526616907, 0.071365844709, 0.03689788349, 0.43923666219, 0.45236268391, 0.34082579321, 0.42518458198, 0.21993754459, 0.12245273411, 0.52657916639, 0.53070065267]
    ],
    [
      [0.31269083713, 0.38173802131, 0.16072999648, 0.087561326023, 0.58941909016, 0.57859254975, 0.30914029195, 0.36759972649, 0.1014406179, 0.053807723762, 0.5809557595, 0.5918524348, 0.25957684926, 0.32032763328, 0.15946739123, 0.087819931916, 0.62241519994, 0.60745712772, 0.29532372769, 0.3491505618, 0.082261072372, 0.043392310478, 0.50240278782, 0.49957597862, 0.34927790052, 0.42071566461, 0.14831931166, 0.079708356765, 0.57772406255, 0.58017130712, 0.2830339964, 0.34428776371, 0.13924194104, 0.075540929169, 0.59783152813, 0.60032402453, 0.26930588249, 0.32757498308, 0.13286258937, 0.072100992393, 0.51305872731, 0.52132214718, 0.3099098109, 0.38144575031, 0.1770314618, 0.097232102515, 0.60862525694, 0.58645233201, 0.3244198451, 0.37868193427],
      [0.06695489796, 0.034865733722, 0.58077632095, 0.5581933634, 0.34748539015, 0.40456648781, 0.071738288902, 0.037240148791, 0.62246397679, 0.6072640051, 0.29589005306, 0.34968267128, 0.081645970147, 0.043053323626, 0.59886277948, 0.61228111746, 0.24208708454, 0.29981348871, 0.15905013598, 0.087905393835, 0.50791501099, 0.51039714076, 0.32981145222, 0.40146448529, 0.16227353678, 0.088138373946, 0.56249751101, 0.5594884616, 0.30768078777, 0.37071598323, 0.12982170122, 0.069795555172, 0.58495630659, 0.57912535766, 0.29930314664, 0.35894650353, 0.11574054677, 0.061928138805, 0.58180737872, 0.57951955755, 0.29229276345, 0.35268167047, 0.12589985782, 0.067798771971, 0.58051576438, 0.56799699726, 0.32017782988, 0.37948993717, 0.099306405741, 0.052513065573]
    ]
  ],
  "maxiter": 3600,
  "param_threshold": 0.001,
  "ll_threshold": "-Inf",
  "initial_prob": "group_proportional"
}
