{
  "W": [
    [91, 9],
    [86, 14],
    [84, 16],
    [84, 16],
    [82, 18],
    [86, 14],
    [88, 12],
    [78, 22],
    [86, 14],
    [88, 12],
    [88, 12],
    [91, 9],
    [84, 16],
    [80, 20],
    [83, 17],
    [84, 16],
    [86, 14],
    [84, 16],
    [79, 21],
    [86, 14],
    [85, 15],
    [91, 9],
    [80, 20],
    [77, 23],
    [87, 13],
    [15, 85],
    [13, 87],
    [13, 87],
    [14, 86],
    [18, 82],
    [16, 84],
    [11, 89],
    [16, 84],
    [16, 84],
    [12, 88],
    [19, 81],
    [18, 82],
    [20, 80],
    [13, 87],
    [23, 77],
    [20, 80],
    [16, 84],
    [8, 92],
    [18, 82],
    [12, 88],
    [14, 86],
    [14, 86],
    [11, 89],
    [14, 86],
    [18, 82]
  ],
  "X": [
    [62, 7, 31],
    [57, 9, 34],
    [72, 9, 19],
    [68, 10, 22],
    [70, 8, 22],
    [64, 8, 28],
    [63, 6, 31],
    [61, 14, 25],
    [64, 9, 27],
    [71, 6, 23],
    [64, 6, 30],
    [59, 5, 36],
    [61, 12, 27],
    [60, 16, 24],
    [66, 11, 23],
    [71, 7, 22],
    [65, 7, 28],
    [65, 6, 29],
    [72, 12, 16],
    [58, 15, 27],
    [58, 10, 32],
    [66, 3, 31],
    [67, 5, 28],
    [60, 20, 20],
    [75, 10, 15],
    [55, 38, 7],
    [56, 37, 7],
    [60, 34, 6],
    [61, 34, 5],
    [64, 31, 5],
    [60, 34, 6],
    [51, 40, 9],
    [51, 41, 8],
    [56, 41, 3],
    [52, 44, 4],
    [53, 40, 7],
    [54, 36, 10],
    [60, 30, 10],
    [58, 35, 7],
    [60, 33, 7],
    [47, 41, 12],
    [55, 37, 8],
    [60, 35, 5],
    [51, 40, 9],
    [52, 38, 10],
    [52, 38, 10],
    [54, 37, 9],
    [60, 37, 3],
    [61, 32, 7],
    [56, 37, 7]
  ],
  "real_prob": [
    [0.67397767786, 0.034921098393, 0.29110122374],
    [0.54442454694, 0.43289730069, 0.022678152376]
  ],
  "method": "exact",
  "prob": [
    [0.66651545284, 0.032920233049, 0.30056431412],
    [0.54068454716, 0.42747976695, 0.031835685884]
  ],
  "iterations": 8,
  "logLik": -262.0268747992,
  "time": 0.080307,
  "message": "Converged",
  "status": 0,
  "cond_prob": [
    [
      [0.630316252, 0.51569122982, 0.032624560114, 0.44790722551, 0.33705918789, 0.036401544665, 0.5805978854, 0.50489870394, 0.031291098392, 0.45064039559, 0.3881110162, 0.044460900462, 0.74682019454, 0.57919397865, 0.031313161323, 0.39810590305, 0.22186664413, 0.022700118293, 0.70760186456, 0.53509021103, 0.035376950086, 0.43927101205, 0.25702118535, 0.025638776916, 0.71497143329, 0.63179680389, 0.023421735844, 0.3377454256, 0.26160683086, 0.03045777051, 0.6523601616, 0.564073293, 0.027989054224, 0.39949580977, 0.31965078417, 0.036430897233, 0.63238998938, 0.61247341122, 0.021362065046, 0.34334485633, 0.34624794558, 0.04418173245, 0.64722083765, 0.47803521197, 0.040825520224, 0.49161861012, 0.31195364213, 0.030346177917, 0.65821382235, 0.52811509128],
      [0.033149073245, 0.4392271215, 0.30863710441, 0.032657787218, 0.71997211705, 0.6368711416, 0.022757633454, 0.33311068801, 0.25727024949, 0.030018170393, 0.64331269914, 0.61570687294, 0.021541970447, 0.34202555006, 0.33514533041, 0.042267577002, 0.58914655695, 0.59862925746, 0.020418619793, 0.3491006221, 0.39043482325, 0.052270120437, 0.63985373677, 0.45326788195, 0.044339062584, 0.51721992143, 0.31580720064, 0.029512196614, 0.64942781792, 0.40228872833, 0.056578771025, 0.5736849159, 0.29399341106, 0.024026355765, 0.69036231181, 0.51176047764, 0.037969349208, 0.46167905975, 0.27166833898, 0.026560462612, 0.72191633612, 0.64743923536, 0.021945702232, 0.32228506328, 0.25613796165, 0.030275701359, 0.6572818202, 0.60526881877, 0.023443215189, 0.35599167812]
    ],
    [
      [0.31927496461, 0.038739503104, 0.64656692208, 0.66802365909, 0.016911527099, 0.28621448273, 0.33652155082, 0.04576185818, 0.76541106643, 0.54916789295, 0.037026194152, 0.43213955533, 0.19756273942, 0.018692551719, 0.61915356162, 0.33948526431, 0.070555203537, 0.63801803541, 0.31029123484, 0.02249670028, 0.59593657624, 0.48969273464, 0.034651511968, 0.47030809885, 0.36941191179, 0.039999166513, 0.6527335135, 0.73347225243, 0.011522392117, 0.21682914637, 0.33574409439, 0.049698601197, 0.65154862967, 0.7438054813, 0.011109959217, 0.20556016313, 0.33734141111, 0.050634355568, 0.6729279634, 0.35584986167, 0.072637137133, 0.62638871482, 0.25443489947, 0.017761423513, 0.78562556548, 0.51158275408, 0.044149832636, 0.47376650467, 0.17022460188, 0.014650741257],
      [0.66797561367, 0.52918077406, 0.035327042718, 0.44082463952, 0.29669734361, 0.029994586422, 0.65344708541, 0.54603664241, 0.031986729613, 0.42050773006, 0.31456618498, 0.033455627532, 0.70091785707, 0.58492032021, 0.02944228919, 0.38640517518, 0.26963985374, 0.028674504614, 0.74751903052, 0.58761318108, 0.031541037958, 0.39021424963, 0.22093993153, 0.022172569286, 0.7792860538, 0.60942501258, 0.030158769606, 0.37142856277, 0.19055517659, 0.019146424651, 0.72390754047, 0.57639856372, 0.031801868471, 0.39870440601, 0.24429059106, 0.024897030274, 0.5485292319, 0.5052379601, 0.030791056175, 0.44563256609, 0.42067971193, 0.049129473806, 0.63093503941, 0.4869647544, 0.03948855694, 0.4805736082, 0.32957640365, 0.032461637399, 0.81920183366, 0.51062822216]
    ],
    [
      [0.048644811611, 0.47882955969, 0.13215335472, 0.010542218148, 0.74535171776, 0.48927022031, 0.047654726244, 0.49350162824, 0.206993556, 0.017228151455, 0.69168946876, 0.49207284066, 0.04305936688, 0.48372681518, 0.26525116436, 0.024200344163, 0.6010418202, 0.52660057605, 0.031318862083, 0.43214951808, 0.36763931772, 0.041249905867, 0.63635417685, 0.59091145579, 0.025229690608, 0.36869257735, 0.33841613254, 0.040395966864, 0.66000561182, 0.56804513846, 0.029401037176, 0.39790559215, 0.310593351, 0.034049269391, 0.7360020665, 0.55937600611, 0.034865231914, 0.41815713852, 0.22913270158, 0.022466855371, 0.54153797281, 0.4521155068, 0.03817308622, 0.50295672844, 0.42028894097, 0.044927764758, 0.64474353636, 0.53195361212, 0.033409526155, 0.43411247121],
      [0.32184693748, 0.03393391667, 0.69281981308, 0.59192871191, 0.028172691254, 0.37798498337, 0.27900749566, 0.030086304725, 0.6184607095, 0.48619155157, 0.038653513395, 0.47931996047, 0.34288577711, 0.034488487952, 0.53422089242, 0.5180607874, 0.028097281282, 0.42798673437, 0.4376818263, 0.053952478232, 0.55567931418, 0.51419173955, 0.030030779467, 0.43697173358, 0.41428990636, 0.048836526872, 0.59226908039, 0.53149107994, 0.030136170193, 0.42532666997, 0.37759474942, 0.043182250095, 0.80590059187, 0.57455161224, 0.036635471578, 0.41120235745, 0.15746393655, 0.014246030314, 0.67813212992, 0.59890872304, 0.026489626649, 0.36778075845, 0.29537824343, 0.033310518512, 0.69430963055, 0.53051739817, 0.036781230838, 0.44314558347, 0.26890913861, 0.026337018354]
    ]
  ],
  "maxiter": 3600,
  "param_threshold": 0.001,
  "ll_threshold": "-Inf",
  "initial_prob": "group_proportional"
}
