{
  "W": [
    [94, 6],
    [93, 7],
    [93, 7],
    [96, 4],
    [97, 3],
    [98, 2],
    [95, 5],
    [99, 1],
    [95, 5],
    [91, 9],
    [96, 4],
    [93, 7],
    [96, 4],
    [97, 3],
    [96, 4],
    [94, 6],
    [94, 6],
    [93, 7],
    [96, 4],
    [94, 6],
    [91, 9],
    [99, 1],
    [95, 5],
    [91, 9],
    [96, 4],
    [6, 94],
    [5, 95],
    [7, 93],
    [5, 95],
    [7, 93],
    [5, 95],
    [2, 98],
    [4, 96],
    [5, 95],
    [6, 94],
    [4, 96],
    [3, 97],
    [6, 94],
    [4, 96],
    [8, 92],
    [4, 96],
    [3, 97],
    [3, 97],
    [5, 95],
    [4, 96],
    [8, 92],
    [5, 95],
    [5, 95],
    [4, 96],
    [10, 90]
  ],
  "X": [
    [16, 84],
    [19, 81],
    [14, 86],
    [11, 89],
    [19, 81],
    [13, 87],
    [15, 85],
    [13, 87],
    [9, 91],
    [15, 85],
    [10, 90],
    [15, 85],
    [18, 82],
    [15, 85],
    [9, 91],
    [12, 88],
    [10, 90],
    [15, 85],
    [13, 87],
    [12, 88],
    [19, 81],
    [17, 83],
    [13, 87],
    [14, 86],
    [8, 92],
    [53, 47],
    [53, 47],
    [52, 48],
    [60, 40],
    [61, 39],
    [65, 35],
    [68, 32],
    [61, 39],
    [59, 41],
    [68, 32],
    [64, 36],
    [58, 42],
    [62, 38],
    [53, 47],
    [62, 38],
    [56, 44],
    [62, 38],
    [61, 39],
    [61, 39],
    [64, 36],
    [59, 41],
    [57, 43],
    [62, 38],
    [63, 37],
    [53, 47]
  ],
  "real_prob": [
    [0.11470596214, 0.88529403786],
    [0.60747867426, 0.39252132574]
  ],
  "method": "exact",
  "prob": [
    [0.1115521009, 0.8884478991],
    [0.6248478991, 0.3751521009]
  ],
  "iterations": 3,
  "logLik": -136.0772226426,
  "time": 0.001042,
  "message": "Converged",
  "status": 0,
  "cond_prob": [
    [
      [0.12753274002, 0.66865373973, 0.87246725998, 0.33134626027, 0.15089209305, 0.70957647806, 0.84910790695, 0.29042352194, 0.10410300241, 0.61691725369, 0.89589699759, 0.38308274631, 0.090387529297, 0.58069929688, 0.9096124707, 0.41930070312, 0.17294516209, 0.74143975914, 0.82705483791, 0.25856024086, 0.11933748904, 0.65246303728, 0.88066251096, 0.34753696272, 0.12315626302, 0.66003100261, 0.87684373698, 0.33996899739, 0.1246123445, 0.66337789412, 0.8753876555, 0.33662210588, 0.068110882743, 0.50589322788, 0.93188911726, 0.49410677212, 0.1039020228, 0.61610176945, 0.8960979772, 0.38389823055, 0.081150128944, 0.55239690534, 0.91884987106, 0.44760309466, 0.11322854788, 0.63853500674, 0.88677145212, 0.36146499326, 0.15750672639, 0.71983856675],
      [0.84249327361, 0.28016143325, 0.13359637491, 0.68038387792, 0.86640362509, 0.31961612208, 0.072039899714, 0.52104240685, 0.92796010029, 0.47895759315, 0.090586661048, 0.58080897692, 0.90941333895, 0.41919102308, 0.072957466984, 0.52366635058, 0.92704253302, 0.47633364942, 0.11322854788, 0.63853500674, 0.88677145212, 0.36146499326, 0.10918142621, 0.62964577086, 0.89081857379, 0.37035422914, 0.090586661048, 0.58080897692, 0.90941333895, 0.41919102308, 0.14034973554, 0.69201934063, 0.85965026446, 0.30798065937, 0.16434524093, 0.72982114816, 0.83565475907, 0.27017885184, 0.10432641476, 0.61779811955, 0.89567358524, 0.38220188045, 0.095179475475, 0.59318530353, 0.90482052453, 0.40681469647, 0.063075792125, 0.486180989, 0.93692420787, 0.513819011]
    ],
    [
      [0.085903729661, 0.55834657045, 0.91409627034, 0.44165342955, 0.084384607886, 0.55345344169, 0.91561539211, 0.44654655831, 0.084162053901, 0.5528050067, 0.9158379461, 0.4471949933, 0.11029828946, 0.62577377424, 0.88970171054, 0.37422622576, 0.1194545718, 0.64692277417, 0.8805454282, 0.35307722583, 0.13425210863, 0.67714462586, 0.86574789137, 0.32285537414, 0.14181074787, 0.69098345413, 0.85818925213, 0.30901654587, 0.11238947771, 0.63073377176, 0.88761052229, 0.36926622824, 0.1061206199, 0.61546733579, 0.8938793801, 0.38453266421, 0.15517445228, 0.71349950305, 0.84482554772, 0.28650049695, 0.12631214018, 0.66140366083, 0.87368785982, 0.33859633917, 0.098329247608, 0.59489703358, 0.90167075239, 0.40510296642, 0.12171589417, 0.65180536846],
      [0.87828410583, 0.34819463154, 0.082913477668, 0.5486286051, 0.91708652233, 0.4513713949, 0.12697116386, 0.66287207271, 0.87302883614, 0.33712792729, 0.09286780638, 0.5794638414, 0.90713219362, 0.4205361586, 0.11450054975, 0.63563400362, 0.88549945025, 0.36436599638, 0.11019399254, 0.62545791776, 0.88980600746, 0.37454208224, 0.11466242641, 0.63607039861, 0.88533757359, 0.36392960139, 0.12631214018, 0.66140366083, 0.87368785982, 0.33859633917, 0.11266264521, 0.63150759607, 0.88733735479, 0.36849240393, 0.0982795071, 0.59482739436, 0.9017204929, 0.40517260564, 0.11922556924, 0.64635654899, 0.88077443076, 0.35364345101, 0.12145782613, 0.65118925724, 0.87854217387, 0.34881074276, 0.09250366918, 0.57861070342, 0.90749633082, 0.42138929658]
    ]
  ],
  "maxiter": 3600,
  "param_threshold": 0.001,
  "ll_threshold": "-Inf",
  "initial_prob": "group_proportional"
}
