{
  "W": [
    [69, 9, 14, 8],
    [73, 9, 7, 11],
    [68, 11, 11, 10],
    [65, 19, 7, 9],
    [68, 10, 12, 10],
    [66, 9, 14, 11],
    [60, 13, 14, 13],
    [57, 12, 16, 15],
    [70, 11, 12, 7],
    [66, 15, 9, 10],
    [72, 7, 12, 9],
    [73, 8, 9, 10],
    [36, 39, 13, 12],
    [10, 75, 10, 5],
    [15, 67, 6, 12],
    [12, 68, 9, 11],
    [14, 62, 11, 13],
    [8, 63, 13, 16],
    [11, 59, 14, 16],
    [9, 69, 9, 13],
    [10, 68, 15, 7],
    [8, 72, 12, 8],
    [16, 63, 11, 10],
    [10, 66, 6, 18],
    [9, 67, 11, 13],
    [13, 11, 69, 7],
    [13, 10, 65, 12],
    [7, 10, 77, 6],
    [9, 11, 69, 11],
    [12, 13, 68, 7],
    [11, 12, 66, 11],
    [4, 9, 75, 12],
    [13, 17, 63, 7],
    [12, 12, 68, 8],
    [11, 11, 65, 13],
    [15, 8, 62, 15],
    [11, 17, 64, 8],
    [10, 17, 33, 40],
    [6, 9, 11, 74],
    [10, 11, 10, 69],
    [11, 12, 14, 63],
    [11, 11, 14, 64],
    [8, 13, 13, 66],
    [13, 12, 15, 60],
    [12, 9, 11, 68],
    [11, 6, 10, 73],
    [14, 9, 6, 71],
    [12, 9, 10, 69],
    [15, 10, 9, 66],
    [11, 10, 6, 73]
  ],
  "X": [
    [27, 30, 43],
    [21, 29, 50],
    [26, 33, 41],
    [30, 25, 45],
    [28, 29, 43],
    [34, 29, 37],
    [27, 38, 35],
    [39, 21, 40],
    [32, 19, 49],
    [32, 29, 39],
    [33, 31, 36],
    [29, 22, 49],
    [43, 27, 30],
    [47, 36, 17],
    [50, 33, 17],
    [46, 39, 15],
    [36, 44, 20],
    [45, 35, 20],
    [35, 48, 17],
    [43, 44, 13],
    [39, 35, 26],
    [55, 25, 20],
    [38, 35, 27],
    [32, 42, 26],
    [47, 37, 16],
    [64, 9, 27],
    [55, 19, 26],
    [73, 12, 15],
    [67, 12, 21],
    [63, 13, 24],
    [62, 18, 20],
    [67, 13, 20],
    [64, 15, 21],
    [70, 13, 17],
    [65, 16, 19],
    [58, 23, 19],
    [69, 16, 15],
    [52, 37, 11],
    [21, 66, 13],
    [24, 63, 13],
    [29, 56, 15],
    [26, 56, 18],
    [23, 61, 16],
    [27, 60, 13],
    [23, 61, 16],
    [29, 60, 11],
    [26, 65, 9],
    [29, 55, 16],
    [26, 64, 10],
    [27, 63, 10]
  ],
  "real_prob": [
    [0.21257625837, 0.22724258995, 0.56018115168],
    [0.43052524655, 0.40789085994, 0.16158389351],
    [0.81043893126, 0.0059266050472, 0.18363446369],
    [0.14703331072, 0.79940655173, 0.053560137555]
  ],
  "method": "exact",
  "prob": [
    [0.20732522571, 0.22875480564, 0.56391996865],
    [0.46236314093, 0.37330876328, 0.16432809579],
    [0.81771172778, 0.013230562179, 0.16905771004],
    [0.15499990558, 0.7935058689, 0.051494225522]
  ],
  "iterations": 17,
  "logLik": -273.7921898017,
  "time": 19.245268,
  "message": "Converged",
  "status": 0,
  "cond_prob": [
    [
      [0.16839887478, 0.38321790897, 0.78979595395, 0.10929663798, 0.27345145163, 0.4540830985, 0.019446642777, 0.84660611905, 0.55814967359, 0.16269899253, 0.19075740327, 0.044097242969, 0.15037193954, 0.38386540529, 0.75402908545, 0.11725965159, 0.22093076561, 0.41105560061, 0.016790881371, 0.82318341234, 0.62869729485, 0.2050789941, 0.22918003318, 0.05955693607, 0.17432757872, 0.38712423082, 0.79906429605, 0.10976508518, 0.28311800876, 0.45859117678, 0.019701304966, 0.8486758105, 0.54255441252, 0.1542845924, 0.18123439898, 0.041559104325, 0.20569333424, 0.49202259788, 0.81233733245, 0.17723806531, 0.18433508282, 0.32149119105, 0.011158990531, 0.75908600587, 0.60997158294, 0.18648621107, 0.17650367702, 0.063675928822, 0.18730672368, 0.42789534431],
      [0.805364489, 0.13198154788, 0.24351533726, 0.40570721228, 0.015936161954, 0.81926510001, 0.56917793906, 0.16639744341, 0.17869934905, 0.048753352115, 0.24035412318, 0.49138670293, 0.854094024, 0.15971192795, 0.25204547718, 0.3757050498, 0.013689694046, 0.79927248556, 0.50760039963, 0.13290824727, 0.13221628196, 0.04101558649, 0.16658305655, 0.35368632528, 0.79975809377, 0.093113928145, 0.32842096404, 0.50900098816, 0.023885528863, 0.8725639929, 0.50499597942, 0.13731268656, 0.17635637737, 0.034322078952, 0.25577616195, 0.58792299441, 0.84614649434, 0.25515592843, 0.14012478094, 0.23484770152, 0.0071362351984, 0.67203568699, 0.6040990571, 0.17722930407, 0.14671727046, 0.072808384588, 0.21416699635, 0.52553003657, 0.81486800057, 0.20700912089],
      [0.15454327606, 0.27645564278, 0.0090029909397, 0.71898895912, 0.63128972759, 0.19801432064, 0.17612900849, 0.074001919989, 0.23275629974, 0.49269073669, 0.84525490704, 0.16404290033, 0.23530964326, 0.36316577879, 0.013088384632, 0.79042814013, 0.531934057, 0.14414348452, 0.14165670833, 0.045528959546, 0.24864353684, 0.48075896197, 0.8660060748, 0.14891996848, 0.28659426354, 0.40396582084, 0.015249749023, 0.817161699, 0.46476219962, 0.1152752172, 0.11874417617, 0.033918332516, 0.21337444274, 0.51493189967, 0.816525843, 0.19554778956, 0.16718377436, 0.29397822182, 0.0097879143738, 0.73556674679, 0.6194417829, 0.19108987851, 0.17368624262, 0.068885463645, 0.23961176379, 0.53805415177, 0.8410459318, 0.20468895594, 0.1805387107, 0.29602442444],
      [0.0097798890312, 0.73570960867, 0.57984952551, 0.16592142379, 0.14917417917, 0.059601435383, 0.22744912449, 0.47355642131, 0.8451667354, 0.15142196051, 0.25619957106, 0.39004068138, 0.014728833341, 0.80753297047, 0.51635130445, 0.1364028973, 0.14010443126, 0.041045069015, 0.28689250101, 0.56576000855, 0.8784713983, 0.20998862683, 0.21504723054, 0.30977595988, 0.010207477983, 0.74650478018, 0.49806026846, 0.12446403157, 0.11132112372, 0.043506592985, 0.25274250336, 0.49172866053, 0.86748722982, 0.15655963414, 0.275790355, 0.39211817183, 0.014633564489, 0.80861617955, 0.47146714164, 0.11615316764, 0.11787920569, 0.034824186305, 0.16892768064, 0.37944119177, 0.79198997768, 0.10752067899, 0.28236900809, 0.46393227819, 0.020375604826, 0.85068469122]
    ],
    [
      [0.54870331127, 0.15662653004, 0.18763441749, 0.041794629784, 0.19915227797, 0.47934821173, 0.80712995119, 0.16969719201, 0.18969415498, 0.33393023642, 0.011899416433, 0.76813434076, 0.61115356705, 0.18672155186, 0.18097063238, 0.062168467226, 0.16263310626, 0.34953799448, 0.79358116763, 0.092384863111, 0.32457449786, 0.5105831082, 0.024311768873, 0.87280702349, 0.51279239588, 0.13987889732, 0.1821070635, 0.0348081134, 0.2376272426, 0.45424210235, 0.86373808928, 0.13423130392, 0.31288817292, 0.43715575142, 0.01755430244, 0.83555929796, 0.44948458448, 0.10860214623, 0.11870760828, 0.03020939812, 0.14142827428, 0.37852218387, 0.73396680781, 0.11952951958, 0.20278491655, 0.3975093325, 0.016257687907, 0.81395012937, 0.65578680917, 0.22396848363],
      [0.24977550428, 0.066520351054, 0.2462099901, 0.56980077337, 0.84095482359, 0.23915081419, 0.14925268761, 0.25257005947, 0.0079160992416, 0.69074262828, 0.60453732229, 0.17762916716, 0.15112907717, 0.070106557529, 0.15723346892, 0.40967382436, 0.75747760622, 0.1342559894, 0.19724605106, 0.37597496304, 0.014674194715, 0.79962243696, 0.64552048001, 0.2143512126, 0.22784819906, 0.066121573646, 0.13034517951, 0.36806432274, 0.71156113491, 0.11860756081, 0.18717256749, 0.38647847704, 0.015771517941, 0.80700365182, 0.682482253, 0.24545720022, 0.27266734715, 0.074388787369, 0.23852393803, 0.49747317916, 0.85100502298, 0.16627125391, 0.23912972707, 0.36459840282, 0.01319952975, 0.79034958771, 0.5223463349, 0.13792841802, 0.13579544727, 0.04337915838],
      [0.19185894447, 0.53082909112, 0.78337176195, 0.23058030639, 0.10842754578, 0.22222106932, 0.0067778405819, 0.66833416316, 0.69971350974, 0.24694983956, 0.20985039746, 0.10108553045, 0.14266857851, 0.3557033868, 0.74431415894, 0.10065452337, 0.2407096654, 0.44729872698, 0.019019055159, 0.84679570789, 0.61662175609, 0.19699788622, 0.2366667859, 0.052549768733, 0.23543929391, 0.47133646638, 0.85443390431, 0.14119160781, 0.27090809743, 0.40302774503, 0.014720371467, 0.82331621079, 0.49365260866, 0.12563578859, 0.13084572422, 0.035492181394, 0.22137354463, 0.55154238149, 0.81779255408, 0.22845324275, 0.13244497662, 0.24383096296, 0.0074914588363, 0.69172217802, 0.64618147875, 0.20462665555, 0.17471598708, 0.079824579234, 0.18479655191, 0.45801013854],
