{
  "W": [
    [52, 20, 28],
    [47, 25, 28],
    [44, 24, 32],
    [58, 19, 23],
    [51, 25, 24],
    [49, 29, 22],
    [46, 30, 24],
    [40, 34, 26],
    [43, 30, 27],
    [43, 25, 32],
    [52, 22, 26],
    [45, 28, 27],
    [45, 31, 24],
    [46, 21, 33],
    [50, 20, 30],
    [57, 23, 20],
    [38, 38, 24],
    [25, 44, 31],
    [24, 46, 30],
    [19, 53, 28],
    [27, 47, 26],
    [24, 52, 24],
    [31, 46, 23],
    [28, 49, 23],
    [24, 55, 21],
    [29, 46, 25],
    [25, 44, 31],
    [22, 47, 31],
    [27, 43, 30],
    [33, 50, 17],
    [26, 47, 27],
    [21, 53, 26],
    [36, 38, 26],
    [28, 35, 37],
    [23, 28, 49],
    [26, 32, 42],
    [30, 21, 49],
    [32, 25, 43],
    [19, 30, 51],
    [23, 31, 46],
    [25, 28, 47],
    [26, 31, 43],
    [28, 26, 46],
    [29, 33, 38],
    [28, 17, 55],
    [21, 35, 44],
    [24, 25, 51],
    [26, 25, 49],
    [28, 24, 48],
    [24, 17, 59]
  ],
  "X": [
    [39, 61],
    [32, 68],
    [35, 65],
    [34, 66],
    [33, 67],
    [35, 65],
    [41, 59],
    [39, 61],
    [36, 64],
    [32, 68],
    [26, 74],
    [28, 72],
    [36, 64],
    [23, 77],
    [38, 62],
    [26, 74],
    [43, 57],
    [35, 65],
    [42, 58],
    [30, 70],
    [28, 72],
    [39, 61],
    [32, 68],
    [36, 64],
    [38, 62],
    [39, 61],
    [34, 66],
    [33, 67],
    [34, 66],
    [38, 62],
    [34, 66],
    [34, 66],
    [32, 68],
    [28, 72],
    [36, 64],
    [36, 64],
    [33, 67],
    [36, 64],
    [39, 61],
    [33, 67],
    [37, 63],
    [31, 69],
    [34, 66],
    [32, 68],
    [37, 63],
    [34, 66],
    [35, 65],
    [31, 69],
    [33, 67],
    [43, 57]
  ],
  "real_prob": [
    [0.26325752414, 0.73674247586],
    [0.37967951943, 0.62032048057],
    [0.39745725968, 0.60254274032]
  ],
  "method": "exact",
  "prob": [
    [0.31035710502, 0.68964289498],
    [0.36559805327, 0.63440194673],
    [0.35725255169, 0.64274744831]
  ],
  "iterations": 18,
  "logLik": -143.327730652,
  "time": 0.247889,
  "message": "Converged",
  "status": 0,
  "cond_prob": [
    [
      [0.36466468996, 0.42249250442, 0.41384235835, 0.63533531004, 0.57750749558, 0.58615764165, 0.29428005202, 0.34704168417, 0.33902840896, 0.70571994798, 0.65295831583, 0.66097159104, 0.32182548281, 0.37688726266, 0.36857451415, 0.67817451719, 0.62311273734, 0.63142548585, 0.31887245179, 0.37371298906, 0.36542830452, 0.68112754821, 0.62628701094, 0.63457169548, 0.30561217558, 0.3593725756, 0.35122769399, 0.69438782442, 0.6406274244, 0.64877230601, 0.32367907668, 0.3788824032, 0.37055161591, 0.67632092332, 0.6211175968, 0.62944838409, 0.38045299434, 0.43905232202, 0.43031635832, 0.61954700566, 0.56094767798, 0.56968364168, 0.35777040796, 0.41521548837, 0.40660988757, 0.64222959204, 0.58478451163, 0.59339011243, 0.33051648752, 0.38621782116],
      [0.37782431118, 0.66948351248, 0.61378217884, 0.62217568882, 0.29257345897, 0.34517706256, 0.33718483439, 0.70742654103, 0.65482293744, 0.66281516561, 0.23935734674, 0.28626885716, 0.279057812, 0.76064265326, 0.71373114284, 0.720942188, 0.25519312868, 0.3039639823, 0.29649324833, 0.74480687132, 0.6960360177, 0.70350675167, 0.33134764985, 0.38710872657, 0.37870771804, 0.66865235015, 0.61289127343, 0.62129228196, 0.20900967417, 0.2519405999, 0.24529704213, 0.79099032583, 0.7480594001, 0.75470295787, 0.35395982228, 0.4111882923, 0.40260810134, 0.64604017772, 0.5888117077, 0.59739189866, 0.24118013941, 0.28831592783, 0.28107328569, 0.75881986059, 0.71168407217, 0.71892671431, 0.39540121911, 0.45461175557, 0.44581279009, 0.60459878089],
      [0.54538824443, 0.55418720991, 0.31184464331, 0.36611212574, 0.35790162531, 0.68815535669, 0.63388787426, 0.64209837469, 0.37816514113, 0.43665462709, 0.42793079222, 0.62183485887, 0.56334537291, 0.57206920778, 0.26201312992, 0.31152841986, 0.30395515282, 0.73798687008, 0.68847158014, 0.69604484718, 0.24700280385, 0.29481775492, 0.28748037749, 0.75299719615, 0.70518224508, 0.71251962251, 0.34879937833, 0.4057080936, 0.39716641887, 0.65120062167, 0.5942919064, 0.60283358113, 0.28595577796, 0.33793127392, 0.33002314273, 0.71404422204, 0.66206872608, 0.66997685727, 0.32225010191, 0.37733692403, 0.36902121169, 0.67774989809, 0.62266307597, 0.63097878831, 0.33900495226, 0.39528485213, 0.38681972754, 0.66099504774, 0.60471514787, 0.61318027246]
    ],
    [
      [0.35161268132, 0.40869427485, 0.40013182395, 0.64838731868, 0.59130572515, 0.59986817605, 0.30240770624, 0.35588166923, 0.34777464186, 0.69759229376, 0.64411833077, 0.65222535814, 0.29152573897, 0.34402233675, 0.33604464243, 0.70847426103, 0.65597766325, 0.66395535757, 0.30333989647, 0.3568952713, 0.34877753764, 0.69666010353, 0.6431047287, 0.65122246236, 0.34353658746, 0.40011681818, 0.39161480615, 0.65646341254, 0.59988318182, 0.60838519385, 0.3026059172, 0.35609726599, 0.34798795004, 0.6973940828, 0.64390273401, 0.65201204996, 0.30002244648, 0.35328595052, 0.34520666332, 0.69997755352, 0.64671404948, 0.65479333668, 0.28863605444, 0.34086893173, 0.33292625517, 0.71136394556, 0.65913106827, 0.66707374483, 0.24819363391, 0.29614990242],
      [0.28879274773, 0.75180636609, 0.70385009758, 0.71120725227, 0.32168852227, 0.37673197823, 0.36842180811, 0.67831147773, 0.62326802177, 0.63157819189, 0.32270460894, 0.37782601407, 0.36950589803, 0.67729539106, 0.62217398593, 0.63049410197, 0.29685002584, 0.3498372099, 0.34179424116, 0.70314997416, 0.6501627901, 0.65820575884, 0.32594228442, 0.38130804665, 0.37295687749, 0.67405771558, 0.61869195335, 0.62704312251, 0.34828442817, 0.40516075826, 0.39662300229, 0.65171557183, 0.59483924174, 0.60337699771, 0.29314076849, 0.34578777892, 0.33779002561, 0.70685923151, 0.65421222108, 0.66220997439, 0.33209569984, 0.38790287128, 0.37949632145, 0.66790430016, 0.61209712872, 0.62050367855, 0.27563397529, 0.32658981766, 0.3188193557, 0.72436602471],
      [0.67341018234, 0.6811806443, 0.30507527696, 0.35878075038, 0.35064332033, 0.69492472304, 0.64121924962, 0.64935667967, 0.28609377463, 0.33808249184, 0.33017258697, 0.71390622537, 0.66191750816, 0.66982741303, 0.33433929291, 0.39030483674, 0.38187850135, 0.66566070709, 0.60969516326, 0.61812149865, 0.30138831884, 0.3547725907, 0.34667737795, 0.69861168116, 0.6452274093, 0.65332262205, 0.31288496054, 0.36723762446, 0.35901608501, 0.68711503946, 0.63276237554, 0.64098391499, 0.27607012982, 0.32707063356, 0.31929409767, 0.72392987018, 0.67292936644, 0.68070590233, 0.29577408945, 0.34866339774, 0.34063341561, 0.70422591055, 0.65133660226, 0.65936658439, 0.39032984121, 0.44934275399, 0.44056367785, 0.60967015879, 0.55065724601, 0.55943632215]
    ]
  ],
  "maxiter": 3600,
  "param_threshold": 0.001,
  "ll_threshold": "-Inf",
  "initial_prob": "group_proportional"
}
