{
  "W": [
    [32, 40, 28],
    [38, 36, 26],
    [25, 29, 46],
    [38, 26, 36],
    [33, 29, 38],
    [32, 37, 31],
    [23, 32, 45],
    [34, 34, 32],
    [33, 33, 34],
    [34, 31, 35],
    [27, 35, 38],
    [34, 28, 38],
    [32, 30, 38],
    [26, 41, 33],
    [38, 29, 33],
    [41, 32, 27],
    [37, 28, 35],
    [30, 33, 37],
    [31, 41, 28],
    [40, 35, 25],
    [34, 29, 37],
    [34, 33, 33],
    [40, 28, 32],
    [30, 34, 36],
    [35, 29, 36],
    [32, 46, 22],
    [31, 33, 36],
    [40, 26, 34],
    [35, 36, 29],
    [34, 35, 31],
    [33, 34, 33],
    [31, 34, 35],
    [34, 31, 35],
    [40, 26, 34],
    [40, 28, 32],
    [32, 38, 30],
    [40, 25, 35],
    [36, 33, 31],
    [32, 33, 35],
    [35, 37, 28],
    [41, 28, 31],
    [32, 33, 35],
    [25, 38, 37],
    [29, 44, 27],
    [39, 28, 33],
    [25, 45, 30],
    [26, 39, 35],
    [36, 34, 30],
    [33, 37, 30],
    [25, 34, 41]
  ],
  "X": [
    [59, 41],
    [60, 40],
    [67, 33],
    [70, 30],
    [66, 34],
    [59, 41],
    [64, 36],
    [59, 41],
    [68, 32],
    [63, 37],
    [65, 35],
    [67, 33],
    [65, 35],
    [53, 47],
    [68, 32],
    [66, 34],
    [68, 32],
    [64, 36],
    [56, 44],
    [61, 39],
    [68, 32],
    [63, 37],
    [69, 31],
    [65, 35],
    [68, 32],
    [49, 51],
    [61, 39],
    [67, 33],
    [60, 40],
    [62, 38],
    [55, 45],
    [63, 37],
    [66, 34],
    [68, 32],
    [64, 36],
    [61, 39],
    [73, 27],
    [68, 32],
    [66, 34],
    [58, 42],
    [65, 35],
    [65, 35],
    [59, 41],
    [48, 52],
    [63, 37],
    [52, 48],
    [56, 44],
    [64, 36],
    [57, 43],
    [59, 41]
  ],
  "real_prob": [
    [0.89170462202, 0.10829537798],
    [0.098459660487, 0.90154033951],
    [0.90324528029, 0.096754719705]
  ],
  "method": "exact",
  "prob": [
    [0.90859021571, 0.091409784287],
    [0.046681666632, 0.95331833337],
    [0.92290622577, 0.077093774231]
  ],
  "iterations": 131,
  "logLik": -118.9714128395,
  "time": 2.122181,
  "message": "Converged",
  "status": 0,
  "cond_prob": [
    [
      [0.93788279652, 0.061240244499, 0.9477907404, 0.062117203478, 0.9387597555, 0.052209259596, 0.90805704235, 0.042010486885, 0.92236364857, 0.091942957646, 0.95798951312, 0.077636351434, 0.91633147858, 0.046112341503, 0.92944467678, 0.083668521416, 0.9538876585, 0.070555323221, 0.92249719316, 0.049835266262, 0.93470527047, 0.077502806837, 0.95016473374, 0.065294729527, 0.90500335976, 0.040851955094, 0.9197416429, 0.09499664024, 0.95914804491, 0.080258357101, 0.90535066491, 0.040739164417, 0.9200461174, 0.094649335088, 0.95926083558, 0.0799538826, 0.9115259799, 0.043586288279, 0.92533647194, 0.088474020096, 0.95641371172, 0.074663528061, 0.86923078861, 0.029483840918, 0.88886570612, 0.13076921139, 0.97051615908, 0.11113429388, 0.96275975403, 0.099676430213],
      [0.96881193882, 0.037240245971, 0.90032356979, 0.031188061175, 0.88874573645, 0.034878314422, 0.90575477753, 0.11125426355, 0.96512168558, 0.094245222467, 0.95277013122, 0.079439229348, 0.96039035342, 0.047229868784, 0.92056077065, 0.039609646579, 0.90671919913, 0.04162403122, 0.92121248304, 0.093280800871, 0.95837596878, 0.078787516962, 0.90325414534, 0.040089779634, 0.91824142, 0.096745854658, 0.95991022037, 0.081758579999, 0.86717443082, 0.028760215442, 0.88709987774, 0.13282556918, 0.97123978456, 0.11290012226, 0.93016707176, 0.054923113396, 0.94123881772, 0.069832928241, 0.9450768866, 0.058761182283, 0.93781141297, 0.061280471251, 0.94773174031, 0.062188587032, 0.93871952875, 0.052268259694, 0.91960898808, 0.048072369543, 0.93224117411, 0.080391011923],
      [0.95192763046, 0.067758825887, 0.92377755131, 0.050366197823, 0.93579970088, 0.076222448687, 0.94963380218, 0.064200299123, 0.91225272932, 0.04373809368, 0.92596084108, 0.087747270679, 0.95626190632, 0.074039158923, 0.90994972633, 0.042926153823, 0.92398382253, 0.090050273674, 0.95707384618, 0.076016177475, 0.92967471351, 0.05450672162, 0.94082067064, 0.070325286491, 0.94549327838, 0.059179329359, 0.91192222495, 0.043861588503, 0.92567308882, 0.08807777505, 0.9561384115, 0.074326911179, 0.93169097791, 0.056116217512, 0.94253458729, 0.068309022089, 0.94388378249, 0.057465412712, 0.94477672311, 0.06840781387, 0.95363423986, 0.055223276885, 0.93159218613, 0.046365760139, 0.92979859574, 0.054610940243, 0.94092588561, 0.070201404263, 0.94538905976, 0.059074114385]
    ],
    [
      [0.87390107256, 0.030224955108, 0.89294626105, 0.12609892744, 0.96977504489, 0.10705373895, 0.88449269075, 0.033503229935, 0.90208666664, 0.11550730925, 0.96649677007, 0.097913333361, 0.88542926587, 0.034031915174, 0.90288234031, 0.11457073413, 0.96596808483, 0.097117659687, 0.90750533548, 0.041734796907, 0.92189174378, 0.092494664522, 0.95826520309, 0.078108256221, 0.92156964753, 0.049006273028, 0.93391652993, 0.078430352467, 0.95099372697, 0.066083470068, 0.80978459078, 0.019596159927, 0.83669209293, 0.19021540922, 0.98040384007, 0.16330790707, 0.92253213575, 0.04957877763, 0.93473786721, 0.077467864251, 0.95042122237, 0.06526213279, 0.92703497038, 0.05260408862, 0.938573836, 0.072965029625, 0.94739591138, 0.061426164, 0.89824811685, 0.038320748259],
      [0.91393340798, 0.10175188315, 0.96167925174, 0.086066592019, 0.868651487, 0.029529125736, 0.88834765624, 0.131348513, 0.97047087426, 0.11165234376, 0.94027840824, 0.063589855432, 0.94982254767, 0.059721591762, 0.93641014457, 0.050177452334, 0.94602526264, 0.069787752527, 0.95469416232, 0.05397473736, 0.93021224747, 0.045305837679, 0.96287131118, 0.10001679266, 0.96890576258, 0.037128688823, 0.89998320734, 0.031094237424, 0.94608420489, 0.06998103916, 0.95474089004, 0.053915795114, 0.93001896084, 0.045259109961, 0.8922397369, 0.035835434634, 0.90877493311, 0.1077602631, 0.96416456537, 0.091225066888, 0.88222374623, 0.033046434585, 0.90011374956, 0.11777625377, 0.96695356541, 0.099886250439, 0.93564230729, 0.059188802629, 0.94589187657, 0.064357692713],
      [0.94081119737, 0.054108123427, 0.91581059501, 0.045569064287, 0.9290029914, 0.084189404988, 0.95443093571, 0.070997008601, 0.82809361419, 0.021737056756, 0.85292054411, 0.17190638581, 0.97826294324, 0.14707945589, 0.85482393911, 0.026566534596, 0.87630313351, 0.14517606089, 0.9734334654, 0.12369686649, 0.90459559486, 0.040064063661, 0.91940757546, 0.095404405141, 0.95993593634, 0.08059242454, 0.88643793139, 0.033855669968, 0.90377836157, 0.11356206861, 0.96614433003, 0.096221638428, 0.93482510791, 0.058540597664, 0.94519719315, 0.065174892087, 0.94145940234, 0.054802806848, 0.87746477143, 0.031439335053, 0.89601357153, 0.12253522857, 0.96856066495, 0.10398642847, 0.86667053389, 0.028846480693, 0.88664527584, 0.13332946611, 0.97115351931, 0.11335472416]
    ]
  ],
  "maxiter": 3600,
  "param_threshold": 0.001,
  "ll_threshold": "-Inf",
  "initial_prob": "group_proportional"
}
